{"authorDailyContributionsMap":{"NightRaven49":[{"date":"2021-01-18","commitResults":[{"hash":"a8e49048fa947dc90a513c874fe792925b3ebb79","messageTitle":"backported Level-1","messageBody":"","tags":["Level-1"],"fileTypesAndContributionMap":{"java":{"insertions":36,"deletions":0}}},{"hash":"16bbac1661756917498f1cd40c9ac0ff771d2ed9","messageTitle":"Level-2","messageBody":"","tags":["Level-2"],"fileTypesAndContributionMap":{"java":{"insertions":7,"deletions":8}}},{"hash":"4a210c3399ece12611cb59dae51aab5fc169e83d","messageTitle":"Level 3","messageBody":"","tags":["Level-3_withAClass","Level-3"],"fileTypesAndContributionMap":{"java":{"insertions":13,"deletions":4}}},{"hash":"6a3e01b75ab23d3154a5fdabbde99910ff0ff4df","messageTitle":"add A-Class","messageBody":"","fileTypesAndContributionMap":{"java":{"insertions":44,"deletions":18}}}]},{"date":"2021-01-19","commitResults":[{"hash":"2036d4ee754e9494e900b47222702340a0feac09","messageTitle":"rework A-Class","messageBody":"","tags":["Level-4"],"fileTypesAndContributionMap":{"java":{"insertions":33,"deletions":42}}},{"hash":"a8a4f6be9cfb3e4442a309a830f5e954eeaebb29","messageTitle":"Level 4 complete","messageBody":"","fileTypesAndContributionMap":{"java":{"insertions":66,"deletions":17}}},{"hash":"cc7d529ef019a8eaf736df55e56500f2d8cc0e92","messageTitle":"Include error handling","messageBody":"","fileTypesAndContributionMap":{"java":{"insertions":77,"deletions":38}}},{"hash":"3ad21c0b361c919f1c049d23e3cf8667dcd2a409","messageTitle":"Implement delete function","messageBody":"","tags":["Level-6"],"fileTypesAndContributionMap":{"java":{"insertions":34,"deletions":22}}},{"hash":"4e630ddb6c6c11901b9b6e90f4ed6d9d6217071c","messageTitle":"Switch to LinkedList","messageBody":"","tags":["Level-5"],"fileTypesAndContributionMap":{"java":{"insertions":4,"deletions":4}}},{"hash":"ca1d56ece2597045605e0efee977f342030ea27c","messageTitle":"Include auto text ui testing","messageBody":"","tags":["A-TextUiTesting"],"fileTypesAndContributionMap":{"txt":{"insertions":28,"deletions":0}}}]}]},"authorFileTypeContributionMap":{"NightRaven49":{"java":161,"md":0,"fxml":0,"sh":0,"bat":0,"gradle":0,"txt":28}},"authorContributionVariance":{"NightRaven49":13655.556},"authorDisplayNameMap":{"NightRaven49":"NG C..RREN"}}
