{"authorDailyContributionsMap":{"NightRaven49":[{"date":"2021-01-18","commitResults":[{"hash":"a8e49048fa947dc90a513c874fe792925b3ebb79","messageTitle":"backported Level-1","messageBody":"","tags":["Level-1"],"fileTypesAndContributionMap":{"java":{"insertions":36,"deletions":0}}},{"hash":"16bbac1661756917498f1cd40c9ac0ff771d2ed9","messageTitle":"Level-2","messageBody":"","tags":["Level-2"],"fileTypesAndContributionMap":{"java":{"insertions":7,"deletions":8}}},{"hash":"4a210c3399ece12611cb59dae51aab5fc169e83d","messageTitle":"Level 3","messageBody":"","tags":["Level-3_withAClass","Level-3"],"fileTypesAndContributionMap":{"java":{"insertions":13,"deletions":4}}},{"hash":"6a3e01b75ab23d3154a5fdabbde99910ff0ff4df","messageTitle":"add A-Class","messageBody":"","fileTypesAndContributionMap":{"java":{"insertions":44,"deletions":18}}}]},{"date":"2021-01-19","commitResults":[{"hash":"2036d4ee754e9494e900b47222702340a0feac09","messageTitle":"rework A-Class","messageBody":"","tags":["Level-4"],"fileTypesAndContributionMap":{"java":{"insertions":33,"deletions":42}}},{"hash":"a8a4f6be9cfb3e4442a309a830f5e954eeaebb29","messageTitle":"Level 4 complete","messageBody":"","fileTypesAndContributionMap":{"java":{"insertions":66,"deletions":17}}},{"hash":"cc7d529ef019a8eaf736df55e56500f2d8cc0e92","messageTitle":"Include error handling","messageBody":"","fileTypesAndContributionMap":{"java":{"insertions":77,"deletions":38}}},{"hash":"3ad21c0b361c919f1c049d23e3cf8667dcd2a409","messageTitle":"Implement delete function","messageBody":"","tags":["Level-6"],"fileTypesAndContributionMap":{"java":{"insertions":34,"deletions":22}}},{"hash":"4e630ddb6c6c11901b9b6e90f4ed6d9d6217071c","messageTitle":"Switch to LinkedList","messageBody":"","tags":["Level-5"],"fileTypesAndContributionMap":{"java":{"insertions":4,"deletions":4}}},{"hash":"ca1d56ece2597045605e0efee977f342030ea27c","messageTitle":"Include auto text ui testing","messageBody":"","tags":["A-TextUiTesting"],"fileTypesAndContributionMap":{"txt":{"insertions":28,"deletions":0}}}]},{"date":"2021-01-26","commitResults":[{"hash":"dd1d1e88cf5720b3f1f93c15f295ac9176844c14","messageTitle":"Add save feature","messageBody":"","fileTypesAndContributionMap":{"java":{"insertions":21,"deletions":0}}},{"hash":"b9842dc8e9828f8e1564c4b5f01e500843274221","messageTitle":"Include import and export mechanism","messageBody":"","fileTypesAndContributionMap":{"java":{"insertions":54,"deletions":0}}}]},{"date":"2021-01-27","commitResults":[{"hash":"1410e2fba6ef1e1dc2f61774a662873f3bbbfdf4","messageTitle":"Minor modification to I\u0026E","messageBody":"","fileTypesAndContributionMap":{"java":{"insertions":2,"deletions":2}}},{"hash":"8c730ec5dd9304b71a04878ef99040404acde12b","messageTitle":"Add date and time support for deadlines and events","messageBody":"","fileTypesAndContributionMap":{"java":{"insertions":19,"deletions":7}}},{"hash":"e0b36798f3b9719a48055f32c953e2d25648fda1","messageTitle":"Modify to meet OOP paradigm","messageBody":"","tags":["A-MoreOOP"],"fileTypesAndContributionMap":{"java":{"insertions":231,"deletions":128}}},{"hash":"d38e628d97a76fb09911890cf35d9ae6265e133f","messageTitle":"Include JUnit tests","messageBody":"","tags":["A-Jar","A-JUnit"],"fileTypesAndContributionMap":{"java":{"insertions":44,"deletions":0}}},{"hash":"9931bf49d5847e1a4762f6edd5961c644edd5fe2","messageTitle":"Add documentation","messageBody":"","fileTypesAndContributionMap":{"java":{"insertions":147,"deletions":12}}},{"hash":"a7d08a7df1b7c6b14fc3211edfd065e27ea8ee0d","messageTitle":"Correct styling errors","messageBody":"","fileTypesAndContributionMap":{"java":{"insertions":40,"deletions":44}}},{"hash":"c1eda628e45a4ef36fcfc98b5b7c3d8ec3eabd24","messageTitle":"Add find function","messageBody":"","fileTypesAndContributionMap":{"java":{"insertions":31,"deletions":0}}},{"hash":"220290b938676f6fdef8956a0ee975443370a493","messageTitle":"Minor tweaks","messageBody":"","fileTypesAndContributionMap":{"java":{"insertions":1,"deletions":0}}}]},{"date":"2021-01-31","commitResults":[{"hash":"880c94a16bfae625fc3e7f5833cd2a8958573ca9","messageTitle":"Add gradle support","messageBody":"","fileTypesAndContributionMap":{"gradle":{"insertions":1,"deletions":1}}}]},{"date":"2021-02-02","commitResults":[{"hash":"df35bcab6a70e8f12d8e7f6f0da8730333fe2bf6","messageTitle":"Initial JavaFX testing","messageBody":"","fileTypesAndContributionMap":{"gradle":{"insertions":21,"deletions":0},"java":{"insertions":22,"deletions":1}}},{"hash":"0cf741995a78babfcf2d3d300697797e624b5ca6","messageTitle":"Integrate JavaFX tutorial elements into Duke","messageBody":"","fileTypesAndContributionMap":{"java":{"insertions":126,"deletions":5}}}]},{"date":"2021-02-03","commitResults":[{"hash":"57818f96ed9b1acadf97756b6ebecf9cfa4da1ae","messageTitle":"Implement UI for Duke","messageBody":"","fileTypesAndContributionMap":{"gradle":{"insertions":1,"deletions":1},"java":{"insertions":177,"deletions":167}}}]},{"date":"2021-02-09","commitResults":[{"hash":"d87813d1478b612a57fa2cedd60d596d65366769","messageTitle":"Tweak some files","messageBody":"","fileTypesAndContributionMap":{"gradle":{"insertions":15,"deletions":0},"java":{"insertions":12,"deletions":13}}}]},{"date":"2021-02-10","commitResults":[{"hash":"aede07afa0387d852ca5a6ea7bdfa959d65851be","messageTitle":"Fix checkstyle errors","messageBody":"","fileTypesAndContributionMap":{"java":{"insertions":19,"deletions":15}}},{"hash":"72d34ae9e6e93af4e0ecb497d9afc96350f0443e","messageTitle":"Add assertions","messageBody":"","fileTypesAndContributionMap":{"gradle":{"insertions":1,"deletions":0},"java":{"insertions":4,"deletions":1}}},{"hash":"a0643fc94ce623ddc71bf773f11fefd3807eee1e","messageTitle":"Clean up code","messageBody":"","fileTypesAndContributionMap":{"java":{"insertions":117,"deletions":84}}},{"hash":"25e89a7a79ab0bf58c1a562248c4bdd2c9fe349d","messageTitle":"Add lambdas","messageBody":"","fileTypesAndContributionMap":{"java":{"insertions":1,"deletions":0}}}]},{"date":"2021-02-11","commitResults":[{"hash":"40178f62ed6db46a76edd01fe752b2f4fb7de9fc","messageTitle":"Initial implementation of snooze","messageBody":"","fileTypesAndContributionMap":{"java":{"insertions":22,"deletions":0}}},{"hash":"63df7e90642ed7a149efafd1867cfb9ed6ca13e8","messageTitle":"Implement snooze for Duke","messageBody":"","fileTypesAndContributionMap":{"java":{"insertions":28,"deletions":10}}}]},{"date":"2021-02-16","commitResults":[{"hash":"43df91e2b1ba971a8cadbd5e261ef274441c8624","messageTitle":"Add readme","messageBody":"","tags":["A-UserGuide","A-Release"],"fileTypesAndContributionMap":{"md":{"insertions":166,"deletions":11}}}]}]},"authorFileTypeContributionMap":{"NightRaven49":{"java":797,"md":158,"fxml":0,"sh":0,"bat":0,"gradle":38,"txt":28}},"authorContributionVariance":{"NightRaven49":20458.965},"authorDisplayNameMap":{"NightRaven49":"CS2103T-T12-4 NG C..RREN"}}
