[{"path":"data/tasks.txt","fileType":"txt","lines":[{"lineNumber":1,"author":{"gitId":"yuheem"},"content":"T|0|borrow books"}],"authorContributionMap":{"yuheem":1}},{"path":"src/main/java/duke/Duke.java","fileType":"java","lines":[{"lineNumber":1,"author":{"gitId":"yuheem"},"content":"package duke;"},{"lineNumber":2,"author":{"gitId":"yuheem"},"content":""},{"lineNumber":3,"author":{"gitId":"yuheem"},"content":"import duke.command.Command;"},{"lineNumber":4,"author":{"gitId":"yuheem"},"content":"import duke.task.TaskList;"},{"lineNumber":5,"author":{"gitId":"yuheem"},"content":""},{"lineNumber":6,"author":{"gitId":"-"},"content":"public class Duke {"},{"lineNumber":7,"author":{"gitId":"yuheem"},"content":"    private final Storage storage;"},{"lineNumber":8,"author":{"gitId":"yuheem"},"content":"    private TaskList tasks;"},{"lineNumber":9,"author":{"gitId":"yuheem"},"content":"    private final Ui ui;"},{"lineNumber":10,"author":{"gitId":"yuheem"},"content":""},{"lineNumber":11,"author":{"gitId":"yuheem"},"content":"    public Duke(String pathname) {"},{"lineNumber":12,"author":{"gitId":"yuheem"},"content":"        ui \u003d new Ui();"},{"lineNumber":13,"author":{"gitId":"yuheem"},"content":"        storage \u003d new Storage(pathname);"},{"lineNumber":14,"author":{"gitId":"yuheem"},"content":"        try {"},{"lineNumber":15,"author":{"gitId":"yuheem"},"content":"            tasks \u003d new TaskList(storage.loadTasksFromFile());"},{"lineNumber":16,"author":{"gitId":"yuheem"},"content":"        } catch (DukeException e) {"},{"lineNumber":17,"author":{"gitId":"yuheem"},"content":"            ui.showLoadingError();"},{"lineNumber":18,"author":{"gitId":"yuheem"},"content":"            tasks \u003d new TaskList();"},{"lineNumber":19,"author":{"gitId":"yuheem"},"content":"        }"},{"lineNumber":20,"author":{"gitId":"yuheem"},"content":""},{"lineNumber":21,"author":{"gitId":"yuheem"},"content":"    }"},{"lineNumber":22,"author":{"gitId":"yuheem"},"content":""},{"lineNumber":23,"author":{"gitId":"yuheem"},"content":"    public void run() {"},{"lineNumber":24,"author":{"gitId":"yuheem"},"content":"        ui.showWelcome();"},{"lineNumber":25,"author":{"gitId":"yuheem"},"content":"        boolean isExit \u003d false;"},{"lineNumber":26,"author":{"gitId":"yuheem"},"content":"        while (!isExit) {"},{"lineNumber":27,"author":{"gitId":"yuheem"},"content":"            try {"},{"lineNumber":28,"author":{"gitId":"yuheem"},"content":"                String fullCommand \u003d ui.readCommand();"},{"lineNumber":29,"author":{"gitId":"yuheem"},"content":"                ui.showLine();"},{"lineNumber":30,"author":{"gitId":"yuheem"},"content":"                Command command \u003d Parser.parseCommand(fullCommand);"},{"lineNumber":31,"author":{"gitId":"yuheem"},"content":"                command.execute(tasks, ui, storage);"},{"lineNumber":32,"author":{"gitId":"yuheem"},"content":"                isExit \u003d command.isExit();"},{"lineNumber":33,"author":{"gitId":"yuheem"},"content":"            } catch (DukeException e) {"},{"lineNumber":34,"author":{"gitId":"yuheem"},"content":"                ui.showError(e.getMessage());"},{"lineNumber":35,"author":{"gitId":"yuheem"},"content":"            } finally {"},{"lineNumber":36,"author":{"gitId":"yuheem"},"content":"                ui.showLine();"},{"lineNumber":37,"author":{"gitId":"yuheem"},"content":"            }"},{"lineNumber":38,"author":{"gitId":"yuheem"},"content":"        }"},{"lineNumber":39,"author":{"gitId":"yuheem"},"content":"    }"},{"lineNumber":40,"author":{"gitId":"yuheem"},"content":""},{"lineNumber":41,"author":{"gitId":"yuheem"},"content":"    public static void main(String[] args) {"},{"lineNumber":42,"author":{"gitId":"yuheem"},"content":"        new Duke(\"data/tasks.txt\").run();"},{"lineNumber":43,"author":{"gitId":"-"},"content":"    }"},{"lineNumber":44,"author":{"gitId":"-"},"content":"}"}],"authorContributionMap":{"yuheem":41,"-":3}},{"path":"src/main/java/duke/DukeException.java","fileType":"java","lines":[{"lineNumber":1,"author":{"gitId":"yuheem"},"content":"package duke;"},{"lineNumber":2,"author":{"gitId":"yuheem"},"content":""},{"lineNumber":3,"author":{"gitId":"yuheem"},"content":"public class DukeException extends Exception {"},{"lineNumber":4,"author":{"gitId":"yuheem"},"content":"    public DukeException(String message) {"},{"lineNumber":5,"author":{"gitId":"yuheem"},"content":"        super(message);"},{"lineNumber":6,"author":{"gitId":"yuheem"},"content":"    }"},{"lineNumber":7,"author":{"gitId":"yuheem"},"content":"}"}],"authorContributionMap":{"yuheem":7}},{"path":"src/main/java/duke/Parser.java","fileType":"java","lines":[{"lineNumber":1,"author":{"gitId":"yuheem"},"content":"package duke;"},{"lineNumber":2,"author":{"gitId":"yuheem"},"content":""},{"lineNumber":3,"author":{"gitId":"yuheem"},"content":"import duke.command.ByeCommand;"},{"lineNumber":4,"author":{"gitId":"yuheem"},"content":"import duke.command.Command;"},{"lineNumber":5,"author":{"gitId":"yuheem"},"content":"import duke.command.CommandType;"},{"lineNumber":6,"author":{"gitId":"yuheem"},"content":"import duke.command.DeadlineCommand;"},{"lineNumber":7,"author":{"gitId":"yuheem"},"content":"import duke.command.DeleteCommand;"},{"lineNumber":8,"author":{"gitId":"yuheem"},"content":"import duke.command.DoneCommand;"},{"lineNumber":9,"author":{"gitId":"yuheem"},"content":"import duke.command.EventCommand;"},{"lineNumber":10,"author":{"gitId":"yuheem"},"content":"import duke.command.ListCommand;"},{"lineNumber":11,"author":{"gitId":"yuheem"},"content":"import duke.command.TodoCommand;"},{"lineNumber":12,"author":{"gitId":"yuheem"},"content":""},{"lineNumber":13,"author":{"gitId":"yuheem"},"content":"public class Parser {"},{"lineNumber":14,"author":{"gitId":"yuheem"},"content":"    public static Command parseCommand(String userInput) throws DukeException {"},{"lineNumber":15,"author":{"gitId":"yuheem"},"content":"        userInput \u003d userInput.trim();"},{"lineNumber":16,"author":{"gitId":"yuheem"},"content":"        checkValidInput(userInput);"},{"lineNumber":17,"author":{"gitId":"yuheem"},"content":"        String[] userInputArr \u003d userInput.split(\" \", 2);"},{"lineNumber":18,"author":{"gitId":"yuheem"},"content":"        CommandType commandType \u003d CommandType.valueOfLabel(userInputArr[0]);"},{"lineNumber":19,"author":{"gitId":"yuheem"},"content":""},{"lineNumber":20,"author":{"gitId":"yuheem"},"content":"        switch (commandType) {"},{"lineNumber":21,"author":{"gitId":"yuheem"},"content":"        case TODO:"},{"lineNumber":22,"author":{"gitId":"yuheem"},"content":"            return new TodoCommand(userInputArr[1]);"},{"lineNumber":23,"author":{"gitId":"yuheem"},"content":"        case DEADLINE:"},{"lineNumber":24,"author":{"gitId":"yuheem"},"content":"            return new DeadlineCommand(userInputArr[1]);"},{"lineNumber":25,"author":{"gitId":"yuheem"},"content":"        case EVENT:"},{"lineNumber":26,"author":{"gitId":"yuheem"},"content":"            return new EventCommand(userInputArr[1]);"},{"lineNumber":27,"author":{"gitId":"yuheem"},"content":"        case BYE:"},{"lineNumber":28,"author":{"gitId":"yuheem"},"content":"            return new ByeCommand();"},{"lineNumber":29,"author":{"gitId":"yuheem"},"content":"        case LIST:"},{"lineNumber":30,"author":{"gitId":"yuheem"},"content":"            return new ListCommand();"},{"lineNumber":31,"author":{"gitId":"yuheem"},"content":"        case DONE:"},{"lineNumber":32,"author":{"gitId":"yuheem"},"content":"            return new DoneCommand(userInputArr[1]);"},{"lineNumber":33,"author":{"gitId":"yuheem"},"content":"        case DELETE:"},{"lineNumber":34,"author":{"gitId":"yuheem"},"content":"            return new DeleteCommand(userInputArr[1]);"},{"lineNumber":35,"author":{"gitId":"yuheem"},"content":"        default:"},{"lineNumber":36,"author":{"gitId":"yuheem"},"content":"            throw new DukeException(\"☹ OOPS!!! I\u0027m sorry, but I don\u0027t know what that means :-(\");"},{"lineNumber":37,"author":{"gitId":"yuheem"},"content":"        }"},{"lineNumber":38,"author":{"gitId":"yuheem"},"content":""},{"lineNumber":39,"author":{"gitId":"yuheem"},"content":"    }"},{"lineNumber":40,"author":{"gitId":"yuheem"},"content":""},{"lineNumber":41,"author":{"gitId":"yuheem"},"content":"    private static void checkValidInput(String userInput) throws DukeException {"},{"lineNumber":42,"author":{"gitId":"yuheem"},"content":""},{"lineNumber":43,"author":{"gitId":"yuheem"},"content":"    }"},{"lineNumber":44,"author":{"gitId":"yuheem"},"content":"}"}],"authorContributionMap":{"yuheem":44}},{"path":"src/main/java/duke/Storage.java","fileType":"java","lines":[{"lineNumber":1,"author":{"gitId":"yuheem"},"content":"package duke;"},{"lineNumber":2,"author":{"gitId":"yuheem"},"content":""},{"lineNumber":3,"author":{"gitId":"yuheem"},"content":"import duke.task.Deadline;"},{"lineNumber":4,"author":{"gitId":"yuheem"},"content":"import duke.task.Event;"},{"lineNumber":5,"author":{"gitId":"yuheem"},"content":"import duke.task.Task;"},{"lineNumber":6,"author":{"gitId":"yuheem"},"content":"import duke.task.TaskList;"},{"lineNumber":7,"author":{"gitId":"yuheem"},"content":"import duke.task.Todo;"},{"lineNumber":8,"author":{"gitId":"yuheem"},"content":""},{"lineNumber":9,"author":{"gitId":"yuheem"},"content":"import java.io.BufferedReader;"},{"lineNumber":10,"author":{"gitId":"yuheem"},"content":"import java.io.BufferedWriter;"},{"lineNumber":11,"author":{"gitId":"yuheem"},"content":"import java.io.File;"},{"lineNumber":12,"author":{"gitId":"yuheem"},"content":"import java.io.IOException;"},{"lineNumber":13,"author":{"gitId":"yuheem"},"content":"import java.nio.file.Files;"},{"lineNumber":14,"author":{"gitId":"yuheem"},"content":"import java.util.ArrayList;"},{"lineNumber":15,"author":{"gitId":"yuheem"},"content":"import java.util.List;"},{"lineNumber":16,"author":{"gitId":"yuheem"},"content":""},{"lineNumber":17,"author":{"gitId":"yuheem"},"content":"public class Storage {"},{"lineNumber":18,"author":{"gitId":"yuheem"},"content":"    private File file;"},{"lineNumber":19,"author":{"gitId":"yuheem"},"content":""},{"lineNumber":20,"author":{"gitId":"yuheem"},"content":"    public Storage(String pathname) {"},{"lineNumber":21,"author":{"gitId":"yuheem"},"content":"        this.file \u003d new File(pathname);"},{"lineNumber":22,"author":{"gitId":"yuheem"},"content":"    }"},{"lineNumber":23,"author":{"gitId":"yuheem"},"content":""},{"lineNumber":24,"author":{"gitId":"yuheem"},"content":"    public List\u003cTask\u003e loadTasksFromFile() throws DukeException {"},{"lineNumber":25,"author":{"gitId":"yuheem"},"content":"        List\u003cTask\u003e taskList \u003d new ArrayList\u003c\u003e();"},{"lineNumber":26,"author":{"gitId":"yuheem"},"content":"        try {"},{"lineNumber":27,"author":{"gitId":"yuheem"},"content":"            if (!this.file.exists()) {"},{"lineNumber":28,"author":{"gitId":"yuheem"},"content":"                file.getParentFile().mkdir();"},{"lineNumber":29,"author":{"gitId":"yuheem"},"content":"                file.createNewFile();"},{"lineNumber":30,"author":{"gitId":"yuheem"},"content":"                return taskList;"},{"lineNumber":31,"author":{"gitId":"yuheem"},"content":"            }"},{"lineNumber":32,"author":{"gitId":"yuheem"},"content":"        } catch (IOException e) {"},{"lineNumber":33,"author":{"gitId":"yuheem"},"content":"            throw new DukeException(e.getMessage());"},{"lineNumber":34,"author":{"gitId":"yuheem"},"content":"        }"},{"lineNumber":35,"author":{"gitId":"yuheem"},"content":""},{"lineNumber":36,"author":{"gitId":"yuheem"},"content":"        try (BufferedReader reader \u003d Files.newBufferedReader(file.toPath())) {"},{"lineNumber":37,"author":{"gitId":"yuheem"},"content":"            String line;"},{"lineNumber":38,"author":{"gitId":"yuheem"},"content":"            while ((line \u003d reader.readLine()) !\u003d null) {"},{"lineNumber":39,"author":{"gitId":"yuheem"},"content":"                String[] taskData \u003d line.split(\"\\\\|\");"},{"lineNumber":40,"author":{"gitId":"yuheem"},"content":"                Task task \u003d null;"},{"lineNumber":41,"author":{"gitId":"yuheem"},"content":""},{"lineNumber":42,"author":{"gitId":"yuheem"},"content":"                switch(taskData[0]) {"},{"lineNumber":43,"author":{"gitId":"yuheem"},"content":"                case(\"T\"):"},{"lineNumber":44,"author":{"gitId":"yuheem"},"content":"                    task \u003d new Todo(taskData[2]);"},{"lineNumber":45,"author":{"gitId":"yuheem"},"content":"                    break;"},{"lineNumber":46,"author":{"gitId":"yuheem"},"content":"                case(\"D\"):"},{"lineNumber":47,"author":{"gitId":"yuheem"},"content":"                    task \u003d new Deadline(taskData[2], taskData[3]);"},{"lineNumber":48,"author":{"gitId":"yuheem"},"content":"                    break;"},{"lineNumber":49,"author":{"gitId":"yuheem"},"content":"                case(\"E\"):"},{"lineNumber":50,"author":{"gitId":"yuheem"},"content":"                    task \u003d new Event(taskData[2], taskData[3]);"},{"lineNumber":51,"author":{"gitId":"yuheem"},"content":"                    break;"},{"lineNumber":52,"author":{"gitId":"yuheem"},"content":"                }"},{"lineNumber":53,"author":{"gitId":"yuheem"},"content":""},{"lineNumber":54,"author":{"gitId":"yuheem"},"content":"                if (task !\u003d null \u0026\u0026 taskData[1].equals(\"1\")) {"},{"lineNumber":55,"author":{"gitId":"yuheem"},"content":"                    task.setDone(true);"},{"lineNumber":56,"author":{"gitId":"yuheem"},"content":"                }"},{"lineNumber":57,"author":{"gitId":"yuheem"},"content":""},{"lineNumber":58,"author":{"gitId":"yuheem"},"content":"                taskList.add(task);"},{"lineNumber":59,"author":{"gitId":"yuheem"},"content":"            }"},{"lineNumber":60,"author":{"gitId":"yuheem"},"content":""},{"lineNumber":61,"author":{"gitId":"yuheem"},"content":"        } catch (IOException e) {"},{"lineNumber":62,"author":{"gitId":"yuheem"},"content":"            throw new DukeException(e.getMessage());"},{"lineNumber":63,"author":{"gitId":"yuheem"},"content":"        }"},{"lineNumber":64,"author":{"gitId":"yuheem"},"content":"        return taskList;"},{"lineNumber":65,"author":{"gitId":"yuheem"},"content":"    }"},{"lineNumber":66,"author":{"gitId":"yuheem"},"content":""},{"lineNumber":67,"author":{"gitId":"yuheem"},"content":"    public void saveTasksToFile(TaskList tasks) throws DukeException {"},{"lineNumber":68,"author":{"gitId":"yuheem"},"content":"        StringBuilder taskString \u003d new StringBuilder();"},{"lineNumber":69,"author":{"gitId":"yuheem"},"content":"        tasks.forEach(task -\u003e taskString.append(task.toSaveFormat()));"},{"lineNumber":70,"author":{"gitId":"yuheem"},"content":""},{"lineNumber":71,"author":{"gitId":"yuheem"},"content":"        try {"},{"lineNumber":72,"author":{"gitId":"yuheem"},"content":"            if (!file.exists()) {"},{"lineNumber":73,"author":{"gitId":"yuheem"},"content":"                file.getParentFile().mkdir();"},{"lineNumber":74,"author":{"gitId":"yuheem"},"content":"                file.createNewFile();"},{"lineNumber":75,"author":{"gitId":"yuheem"},"content":"            }"},{"lineNumber":76,"author":{"gitId":"yuheem"},"content":"        } catch (IOException e) {"},{"lineNumber":77,"author":{"gitId":"yuheem"},"content":"            throw new DukeException(e.getMessage());"},{"lineNumber":78,"author":{"gitId":"yuheem"},"content":"        }"},{"lineNumber":79,"author":{"gitId":"yuheem"},"content":""},{"lineNumber":80,"author":{"gitId":"yuheem"},"content":"        try (BufferedWriter writer \u003d Files.newBufferedWriter(file.toPath())) {"},{"lineNumber":81,"author":{"gitId":"yuheem"},"content":"            writer.write(taskString.toString());"},{"lineNumber":82,"author":{"gitId":"yuheem"},"content":"        } catch (IOException e) {"},{"lineNumber":83,"author":{"gitId":"yuheem"},"content":"            throw new DukeException(e.getMessage());"},{"lineNumber":84,"author":{"gitId":"yuheem"},"content":"        }"},{"lineNumber":85,"author":{"gitId":"yuheem"},"content":"    }"},{"lineNumber":86,"author":{"gitId":"yuheem"},"content":"}"}],"authorContributionMap":{"yuheem":86}},{"path":"src/main/java/duke/Ui.java","fileType":"java","lines":[{"lineNumber":1,"author":{"gitId":"yuheem"},"content":"package duke;"},{"lineNumber":2,"author":{"gitId":"yuheem"},"content":""},{"lineNumber":3,"author":{"gitId":"yuheem"},"content":"import java.util.Scanner;"},{"lineNumber":4,"author":{"gitId":"yuheem"},"content":""},{"lineNumber":5,"author":{"gitId":"yuheem"},"content":"public class Ui {"},{"lineNumber":6,"author":{"gitId":"yuheem"},"content":"    private Scanner scanner;"},{"lineNumber":7,"author":{"gitId":"yuheem"},"content":"    private static final String DIVIDER_LINE \u003d \"____________________________________________________________\";"},{"lineNumber":8,"author":{"gitId":"yuheem"},"content":"    private static final String LOGO \u003d \"                            _       \\n\" +"},{"lineNumber":9,"author":{"gitId":"yuheem"},"content":"            \"                           (_)      \\n\" +"},{"lineNumber":10,"author":{"gitId":"yuheem"},"content":"            \" _ __ ___   __ _ _ ____   ___ _ __  \\n\" +"},{"lineNumber":11,"author":{"gitId":"yuheem"},"content":"            \"| \u0027_ ` _ \\\\ / _` | \u0027__\\\\ \\\\ / / | \u0027_ \\\\ \\n\" +"},{"lineNumber":12,"author":{"gitId":"yuheem"},"content":"            \"| | | | | | (_| | |   \\\\ V /| | | | |\\n\" +"},{"lineNumber":13,"author":{"gitId":"yuheem"},"content":"            \"|_| |_| |_|\\\\__,_|_|    \\\\_/ |_|_| |_|\";"},{"lineNumber":14,"author":{"gitId":"yuheem"},"content":"    private static final String WELCOME_MESSAGE \u003d \"Hello! I\u0027m Marvin what can I do for you today?\";"},{"lineNumber":15,"author":{"gitId":"yuheem"},"content":"    private static final String LOADING_ERROR_MESSAGE \u003d \"Sorry was unable to load tasks from storage!\";"},{"lineNumber":16,"author":{"gitId":"yuheem"},"content":""},{"lineNumber":17,"author":{"gitId":"yuheem"},"content":"    public Ui() {"},{"lineNumber":18,"author":{"gitId":"yuheem"},"content":"        scanner \u003d new Scanner(System.in);"},{"lineNumber":19,"author":{"gitId":"yuheem"},"content":"    }"},{"lineNumber":20,"author":{"gitId":"yuheem"},"content":""},{"lineNumber":21,"author":{"gitId":"yuheem"},"content":"    public void showLine() {"},{"lineNumber":22,"author":{"gitId":"yuheem"},"content":"        System.out.println(DIVIDER_LINE);"},{"lineNumber":23,"author":{"gitId":"yuheem"},"content":"    }"},{"lineNumber":24,"author":{"gitId":"yuheem"},"content":""},{"lineNumber":25,"author":{"gitId":"yuheem"},"content":"    public void showWelcome() {"},{"lineNumber":26,"author":{"gitId":"yuheem"},"content":"        showLine();"},{"lineNumber":27,"author":{"gitId":"yuheem"},"content":"        System.out.println(LOGO);"},{"lineNumber":28,"author":{"gitId":"yuheem"},"content":"        System.out.println(WELCOME_MESSAGE);"},{"lineNumber":29,"author":{"gitId":"yuheem"},"content":"        showLine();"},{"lineNumber":30,"author":{"gitId":"yuheem"},"content":"    }"},{"lineNumber":31,"author":{"gitId":"yuheem"},"content":""},{"lineNumber":32,"author":{"gitId":"yuheem"},"content":"    public String readCommand() {"},{"lineNumber":33,"author":{"gitId":"yuheem"},"content":"        System.out.print(\"\u003e\u003e\u003e \");"},{"lineNumber":34,"author":{"gitId":"yuheem"},"content":"        return scanner.nextLine();"},{"lineNumber":35,"author":{"gitId":"yuheem"},"content":"    }"},{"lineNumber":36,"author":{"gitId":"yuheem"},"content":""},{"lineNumber":37,"author":{"gitId":"yuheem"},"content":"    public void showLoadingError() {"},{"lineNumber":38,"author":{"gitId":"yuheem"},"content":"        System.out.println(LOADING_ERROR_MESSAGE);"},{"lineNumber":39,"author":{"gitId":"yuheem"},"content":"    }"},{"lineNumber":40,"author":{"gitId":"yuheem"},"content":""},{"lineNumber":41,"author":{"gitId":"yuheem"},"content":"    public void showError(String message) {"},{"lineNumber":42,"author":{"gitId":"yuheem"},"content":"        System.out.println(message);"},{"lineNumber":43,"author":{"gitId":"yuheem"},"content":"    }"},{"lineNumber":44,"author":{"gitId":"yuheem"},"content":""},{"lineNumber":45,"author":{"gitId":"yuheem"},"content":"    public void show(String message) {"},{"lineNumber":46,"author":{"gitId":"yuheem"},"content":"        System.out.print(message);"},{"lineNumber":47,"author":{"gitId":"yuheem"},"content":"    }"},{"lineNumber":48,"author":{"gitId":"yuheem"},"content":""},{"lineNumber":49,"author":{"gitId":"yuheem"},"content":"    public void showNewLine(String message) {"},{"lineNumber":50,"author":{"gitId":"yuheem"},"content":"        System.out.println(message);"},{"lineNumber":51,"author":{"gitId":"yuheem"},"content":"    }"},{"lineNumber":52,"author":{"gitId":"yuheem"},"content":"}"}],"authorContributionMap":{"yuheem":52}},{"path":"src/main/java/duke/command/AddTaskCommand.java","fileType":"java","lines":[{"lineNumber":1,"author":{"gitId":"yuheem"},"content":"package duke.command;"},{"lineNumber":2,"author":{"gitId":"yuheem"},"content":""},{"lineNumber":3,"author":{"gitId":"yuheem"},"content":"import duke.DukeException;"},{"lineNumber":4,"author":{"gitId":"yuheem"},"content":"import duke.Storage;"},{"lineNumber":5,"author":{"gitId":"yuheem"},"content":"import duke.Ui;"},{"lineNumber":6,"author":{"gitId":"yuheem"},"content":"import duke.task.TaskList;"},{"lineNumber":7,"author":{"gitId":"yuheem"},"content":""},{"lineNumber":8,"author":{"gitId":"yuheem"},"content":"public class AddTaskCommand extends Command {"},{"lineNumber":9,"author":{"gitId":"yuheem"},"content":"    public AddTaskCommand(String arguments) {"},{"lineNumber":10,"author":{"gitId":"yuheem"},"content":"        super(arguments);"},{"lineNumber":11,"author":{"gitId":"yuheem"},"content":"    }"},{"lineNumber":12,"author":{"gitId":"yuheem"},"content":""},{"lineNumber":13,"author":{"gitId":"yuheem"},"content":"    @Override"},{"lineNumber":14,"author":{"gitId":"yuheem"},"content":"    public void execute(TaskList tasks, Ui ui, Storage storage) throws DukeException {"},{"lineNumber":15,"author":{"gitId":"yuheem"},"content":"        ui.showNewLine(\"Got it I\u0027ve added this task: \");"},{"lineNumber":16,"author":{"gitId":"yuheem"},"content":"        ui.showNewLine(tasks.get(tasks.size() - 1).toString());"},{"lineNumber":17,"author":{"gitId":"yuheem"},"content":"        ui.showNewLine(String.format(\"Now you have %d tasks in the list\", tasks.size()));"},{"lineNumber":18,"author":{"gitId":"yuheem"},"content":"        storage.saveTasksToFile(tasks);"},{"lineNumber":19,"author":{"gitId":"yuheem"},"content":"    }"},{"lineNumber":20,"author":{"gitId":"yuheem"},"content":"}"}],"authorContributionMap":{"yuheem":20}},{"path":"src/main/java/duke/command/ByeCommand.java","fileType":"java","lines":[{"lineNumber":1,"author":{"gitId":"yuheem"},"content":"package duke.command;"},{"lineNumber":2,"author":{"gitId":"yuheem"},"content":""},{"lineNumber":3,"author":{"gitId":"yuheem"},"content":"import duke.DukeException;"},{"lineNumber":4,"author":{"gitId":"yuheem"},"content":"import duke.Storage;"},{"lineNumber":5,"author":{"gitId":"yuheem"},"content":"import duke.Ui;"},{"lineNumber":6,"author":{"gitId":"yuheem"},"content":"import duke.task.TaskList;"},{"lineNumber":7,"author":{"gitId":"yuheem"},"content":""},{"lineNumber":8,"author":{"gitId":"yuheem"},"content":"public class ByeCommand extends Command {"},{"lineNumber":9,"author":{"gitId":"yuheem"},"content":"    public ByeCommand() {"},{"lineNumber":10,"author":{"gitId":"yuheem"},"content":"        super(null);"},{"lineNumber":11,"author":{"gitId":"yuheem"},"content":"        this.isExit \u003d true;"},{"lineNumber":12,"author":{"gitId":"yuheem"},"content":"    }"},{"lineNumber":13,"author":{"gitId":"yuheem"},"content":""},{"lineNumber":14,"author":{"gitId":"yuheem"},"content":"    @Override"},{"lineNumber":15,"author":{"gitId":"yuheem"},"content":"    public void execute(TaskList tasks, Ui ui, Storage storage) throws DukeException {"},{"lineNumber":16,"author":{"gitId":"yuheem"},"content":"        storage.saveTasksToFile(tasks);"},{"lineNumber":17,"author":{"gitId":"yuheem"},"content":"        ui.showNewLine(\"Bye bye!\");"},{"lineNumber":18,"author":{"gitId":"yuheem"},"content":"    }"},{"lineNumber":19,"author":{"gitId":"yuheem"},"content":"}"}],"authorContributionMap":{"yuheem":19}},{"path":"src/main/java/duke/command/Command.java","fileType":"java","lines":[{"lineNumber":1,"author":{"gitId":"yuheem"},"content":"package duke.command;"},{"lineNumber":2,"author":{"gitId":"yuheem"},"content":""},{"lineNumber":3,"author":{"gitId":"yuheem"},"content":"import duke.DukeException;"},{"lineNumber":4,"author":{"gitId":"yuheem"},"content":"import duke.Storage;"},{"lineNumber":5,"author":{"gitId":"yuheem"},"content":"import duke.Ui;"},{"lineNumber":6,"author":{"gitId":"yuheem"},"content":"import duke.task.TaskList;"},{"lineNumber":7,"author":{"gitId":"yuheem"},"content":""},{"lineNumber":8,"author":{"gitId":"yuheem"},"content":"public abstract class Command {"},{"lineNumber":9,"author":{"gitId":"yuheem"},"content":"    protected String arguments;"},{"lineNumber":10,"author":{"gitId":"yuheem"},"content":"    protected boolean isExit;"},{"lineNumber":11,"author":{"gitId":"yuheem"},"content":""},{"lineNumber":12,"author":{"gitId":"yuheem"},"content":"    public Command(String arguments) {"},{"lineNumber":13,"author":{"gitId":"yuheem"},"content":"        this.arguments \u003d arguments;"},{"lineNumber":14,"author":{"gitId":"yuheem"},"content":"        this.isExit \u003d false;"},{"lineNumber":15,"author":{"gitId":"yuheem"},"content":"    }"},{"lineNumber":16,"author":{"gitId":"yuheem"},"content":""},{"lineNumber":17,"author":{"gitId":"yuheem"},"content":"    public boolean isExit() {"},{"lineNumber":18,"author":{"gitId":"yuheem"},"content":"        return this.isExit;"},{"lineNumber":19,"author":{"gitId":"yuheem"},"content":"    }"},{"lineNumber":20,"author":{"gitId":"yuheem"},"content":""},{"lineNumber":21,"author":{"gitId":"yuheem"},"content":"    public abstract void execute(TaskList tasks, Ui ui, Storage storage) throws DukeException;"},{"lineNumber":22,"author":{"gitId":"yuheem"},"content":"}"}],"authorContributionMap":{"yuheem":22}},{"path":"src/main/java/duke/command/CommandType.java","fileType":"java","lines":[{"lineNumber":1,"author":{"gitId":"yuheem"},"content":"package duke.command;"},{"lineNumber":2,"author":{"gitId":"yuheem"},"content":""},{"lineNumber":3,"author":{"gitId":"yuheem"},"content":"import java.util.HashMap;"},{"lineNumber":4,"author":{"gitId":"yuheem"},"content":"import java.util.Map;"},{"lineNumber":5,"author":{"gitId":"yuheem"},"content":""},{"lineNumber":6,"author":{"gitId":"yuheem"},"content":"public enum CommandType {"},{"lineNumber":7,"author":{"gitId":"yuheem"},"content":"    TODO(\"todo\"),"},{"lineNumber":8,"author":{"gitId":"yuheem"},"content":"    DEADLINE(\"deadline\"),"},{"lineNumber":9,"author":{"gitId":"yuheem"},"content":"    EVENT(\"event\"),"},{"lineNumber":10,"author":{"gitId":"yuheem"},"content":"    BYE(\"bye\"),"},{"lineNumber":11,"author":{"gitId":"yuheem"},"content":"    LIST(\"list\"),"},{"lineNumber":12,"author":{"gitId":"yuheem"},"content":"    DONE(\"done\"),"},{"lineNumber":13,"author":{"gitId":"yuheem"},"content":"    DELETE(\"delete\");"},{"lineNumber":14,"author":{"gitId":"yuheem"},"content":""},{"lineNumber":15,"author":{"gitId":"yuheem"},"content":"    private final String label;"},{"lineNumber":16,"author":{"gitId":"yuheem"},"content":"    private static final Map\u003cString, CommandType\u003e BY_LABEL \u003d new HashMap\u003c\u003e();"},{"lineNumber":17,"author":{"gitId":"yuheem"},"content":""},{"lineNumber":18,"author":{"gitId":"yuheem"},"content":"    static {"},{"lineNumber":19,"author":{"gitId":"yuheem"},"content":"        for (CommandType command : values()) {"},{"lineNumber":20,"author":{"gitId":"yuheem"},"content":"            BY_LABEL.put(command.label, command);"},{"lineNumber":21,"author":{"gitId":"yuheem"},"content":"        }"},{"lineNumber":22,"author":{"gitId":"yuheem"},"content":"    }"},{"lineNumber":23,"author":{"gitId":"yuheem"},"content":""},{"lineNumber":24,"author":{"gitId":"yuheem"},"content":"    private CommandType(String label) {"},{"lineNumber":25,"author":{"gitId":"yuheem"},"content":"        this.label \u003d label;"},{"lineNumber":26,"author":{"gitId":"yuheem"},"content":"    }"},{"lineNumber":27,"author":{"gitId":"yuheem"},"content":""},{"lineNumber":28,"author":{"gitId":"yuheem"},"content":"    public String getLabel() {"},{"lineNumber":29,"author":{"gitId":"yuheem"},"content":"        return label;"},{"lineNumber":30,"author":{"gitId":"yuheem"},"content":"    }"},{"lineNumber":31,"author":{"gitId":"yuheem"},"content":""},{"lineNumber":32,"author":{"gitId":"yuheem"},"content":"    public static CommandType valueOfLabel(String label) {"},{"lineNumber":33,"author":{"gitId":"yuheem"},"content":"        return BY_LABEL.get(label);"},{"lineNumber":34,"author":{"gitId":"yuheem"},"content":"    }"},{"lineNumber":35,"author":{"gitId":"yuheem"},"content":"}"}],"authorContributionMap":{"yuheem":35}},{"path":"src/main/java/duke/command/DeadlineCommand.java","fileType":"java","lines":[{"lineNumber":1,"author":{"gitId":"yuheem"},"content":"package duke.command;"},{"lineNumber":2,"author":{"gitId":"yuheem"},"content":""},{"lineNumber":3,"author":{"gitId":"yuheem"},"content":"import duke.DukeException;"},{"lineNumber":4,"author":{"gitId":"yuheem"},"content":"import duke.Storage;"},{"lineNumber":5,"author":{"gitId":"yuheem"},"content":"import duke.Ui;"},{"lineNumber":6,"author":{"gitId":"yuheem"},"content":"import duke.task.Deadline;"},{"lineNumber":7,"author":{"gitId":"yuheem"},"content":"import duke.task.TaskList;"},{"lineNumber":8,"author":{"gitId":"yuheem"},"content":""},{"lineNumber":9,"author":{"gitId":"yuheem"},"content":"public class DeadlineCommand extends AddTaskCommand {"},{"lineNumber":10,"author":{"gitId":"yuheem"},"content":"    public DeadlineCommand(String arguments) {"},{"lineNumber":11,"author":{"gitId":"yuheem"},"content":"        super(arguments);"},{"lineNumber":12,"author":{"gitId":"yuheem"},"content":"    }"},{"lineNumber":13,"author":{"gitId":"yuheem"},"content":""},{"lineNumber":14,"author":{"gitId":"yuheem"},"content":"    @Override"},{"lineNumber":15,"author":{"gitId":"yuheem"},"content":"    public void execute(TaskList tasks, Ui ui, Storage storage) throws DukeException {"},{"lineNumber":16,"author":{"gitId":"yuheem"},"content":"        String[] argumentsArr \u003d this.arguments.split(\" /by \", 2);"},{"lineNumber":17,"author":{"gitId":"yuheem"},"content":"        tasks.add(new Deadline(argumentsArr[0], argumentsArr[1]));"},{"lineNumber":18,"author":{"gitId":"yuheem"},"content":"        super.execute(tasks, ui, storage);"},{"lineNumber":19,"author":{"gitId":"yuheem"},"content":"    }"},{"lineNumber":20,"author":{"gitId":"yuheem"},"content":"}"}],"authorContributionMap":{"yuheem":20}},{"path":"src/main/java/duke/command/DeleteCommand.java","fileType":"java","lines":[{"lineNumber":1,"author":{"gitId":"yuheem"},"content":"package duke.command;"},{"lineNumber":2,"author":{"gitId":"yuheem"},"content":""},{"lineNumber":3,"author":{"gitId":"yuheem"},"content":"import duke.Storage;"},{"lineNumber":4,"author":{"gitId":"yuheem"},"content":"import duke.Ui;"},{"lineNumber":5,"author":{"gitId":"yuheem"},"content":"import duke.task.Task;"},{"lineNumber":6,"author":{"gitId":"yuheem"},"content":"import duke.task.TaskList;"},{"lineNumber":7,"author":{"gitId":"yuheem"},"content":""},{"lineNumber":8,"author":{"gitId":"yuheem"},"content":"public class DeleteCommand extends Command {"},{"lineNumber":9,"author":{"gitId":"yuheem"},"content":"    public DeleteCommand(String arguments) {"},{"lineNumber":10,"author":{"gitId":"yuheem"},"content":"        super(arguments);"},{"lineNumber":11,"author":{"gitId":"yuheem"},"content":"    }"},{"lineNumber":12,"author":{"gitId":"yuheem"},"content":""},{"lineNumber":13,"author":{"gitId":"yuheem"},"content":"    @Override"},{"lineNumber":14,"author":{"gitId":"yuheem"},"content":"    public void execute(TaskList tasks, Ui ui, Storage storage) {"},{"lineNumber":15,"author":{"gitId":"yuheem"},"content":"        int index \u003d Integer.parseInt(this.arguments);"},{"lineNumber":16,"author":{"gitId":"yuheem"},"content":"        Task deletedTask \u003d tasks.get(index);"},{"lineNumber":17,"author":{"gitId":"yuheem"},"content":"        tasks.remove(index);"},{"lineNumber":18,"author":{"gitId":"yuheem"},"content":"        ui.showNewLine(\"Noted I\u0027ve removed this task:\");"},{"lineNumber":19,"author":{"gitId":"yuheem"},"content":"        ui.showNewLine(deletedTask.toString());"},{"lineNumber":20,"author":{"gitId":"yuheem"},"content":"        ui.showNewLine(String.format(\"You now have %d tasks in the list\", tasks.size()));"},{"lineNumber":21,"author":{"gitId":"yuheem"},"content":"    }"},{"lineNumber":22,"author":{"gitId":"yuheem"},"content":"}"}],"authorContributionMap":{"yuheem":22}},{"path":"src/main/java/duke/command/DoneCommand.java","fileType":"java","lines":[{"lineNumber":1,"author":{"gitId":"yuheem"},"content":"package duke.command;"},{"lineNumber":2,"author":{"gitId":"yuheem"},"content":""},{"lineNumber":3,"author":{"gitId":"yuheem"},"content":"import duke.DukeException;"},{"lineNumber":4,"author":{"gitId":"yuheem"},"content":"import duke.Storage;"},{"lineNumber":5,"author":{"gitId":"yuheem"},"content":"import duke.Ui;"},{"lineNumber":6,"author":{"gitId":"yuheem"},"content":"import duke.task.Task;"},{"lineNumber":7,"author":{"gitId":"yuheem"},"content":"import duke.task.TaskList;"},{"lineNumber":8,"author":{"gitId":"yuheem"},"content":""},{"lineNumber":9,"author":{"gitId":"yuheem"},"content":"public class DoneCommand extends Command {"},{"lineNumber":10,"author":{"gitId":"yuheem"},"content":"    public DoneCommand(String arguments) {"},{"lineNumber":11,"author":{"gitId":"yuheem"},"content":"        super(arguments);"},{"lineNumber":12,"author":{"gitId":"yuheem"},"content":"    }"},{"lineNumber":13,"author":{"gitId":"yuheem"},"content":""},{"lineNumber":14,"author":{"gitId":"yuheem"},"content":"    @Override"},{"lineNumber":15,"author":{"gitId":"yuheem"},"content":"    public void execute(TaskList tasks, Ui ui, Storage storage) throws DukeException {"},{"lineNumber":16,"author":{"gitId":"yuheem"},"content":"        int index \u003d Integer.parseInt(this.arguments) - 1;"},{"lineNumber":17,"author":{"gitId":"yuheem"},"content":"        Task doneTask \u003d tasks.get(index);"},{"lineNumber":18,"author":{"gitId":"yuheem"},"content":"        doneTask.setDone(true);"},{"lineNumber":19,"author":{"gitId":"yuheem"},"content":"        ui.showNewLine(\"Nice! I\u0027ve marked this task as done:\");"},{"lineNumber":20,"author":{"gitId":"yuheem"},"content":"        ui.showNewLine(doneTask.toString());"},{"lineNumber":21,"author":{"gitId":"yuheem"},"content":"        storage.saveTasksToFile(tasks);"},{"lineNumber":22,"author":{"gitId":"yuheem"},"content":"    }"},{"lineNumber":23,"author":{"gitId":"yuheem"},"content":"}"}],"authorContributionMap":{"yuheem":23}},{"path":"src/main/java/duke/command/EventCommand.java","fileType":"java","lines":[{"lineNumber":1,"author":{"gitId":"yuheem"},"content":"package duke.command;"},{"lineNumber":2,"author":{"gitId":"yuheem"},"content":""},{"lineNumber":3,"author":{"gitId":"yuheem"},"content":"import duke.DukeException;"},{"lineNumber":4,"author":{"gitId":"yuheem"},"content":"import duke.Storage;"},{"lineNumber":5,"author":{"gitId":"yuheem"},"content":"import duke.Ui;"},{"lineNumber":6,"author":{"gitId":"yuheem"},"content":"import duke.task.Event;"},{"lineNumber":7,"author":{"gitId":"yuheem"},"content":"import duke.task.TaskList;"},{"lineNumber":8,"author":{"gitId":"yuheem"},"content":""},{"lineNumber":9,"author":{"gitId":"yuheem"},"content":"public class EventCommand extends AddTaskCommand {"},{"lineNumber":10,"author":{"gitId":"yuheem"},"content":"    public EventCommand(String arguments) {"},{"lineNumber":11,"author":{"gitId":"yuheem"},"content":"        super(arguments);"},{"lineNumber":12,"author":{"gitId":"yuheem"},"content":"    }"},{"lineNumber":13,"author":{"gitId":"yuheem"},"content":""},{"lineNumber":14,"author":{"gitId":"yuheem"},"content":"    @Override"},{"lineNumber":15,"author":{"gitId":"yuheem"},"content":"    public void execute(TaskList tasks, Ui ui, Storage storage) throws DukeException {"},{"lineNumber":16,"author":{"gitId":"yuheem"},"content":"        String[] argumentsArr \u003d this.arguments.split(\" /at \", 2);"},{"lineNumber":17,"author":{"gitId":"yuheem"},"content":"        tasks.add(new Event(argumentsArr[0], argumentsArr[1]));"},{"lineNumber":18,"author":{"gitId":"yuheem"},"content":"        super.execute(tasks, ui, storage);"},{"lineNumber":19,"author":{"gitId":"yuheem"},"content":"    }"},{"lineNumber":20,"author":{"gitId":"yuheem"},"content":"}"}],"authorContributionMap":{"yuheem":20}},{"path":"src/main/java/duke/command/ListCommand.java","fileType":"java","lines":[{"lineNumber":1,"author":{"gitId":"yuheem"},"content":"package duke.command;"},{"lineNumber":2,"author":{"gitId":"yuheem"},"content":""},{"lineNumber":3,"author":{"gitId":"yuheem"},"content":"import duke.DukeException;"},{"lineNumber":4,"author":{"gitId":"yuheem"},"content":"import duke.Storage;"},{"lineNumber":5,"author":{"gitId":"yuheem"},"content":"import duke.Ui;"},{"lineNumber":6,"author":{"gitId":"yuheem"},"content":"import duke.task.TaskList;"},{"lineNumber":7,"author":{"gitId":"yuheem"},"content":""},{"lineNumber":8,"author":{"gitId":"yuheem"},"content":"public class ListCommand extends Command {"},{"lineNumber":9,"author":{"gitId":"yuheem"},"content":"    public ListCommand() {"},{"lineNumber":10,"author":{"gitId":"yuheem"},"content":"        super(null);"},{"lineNumber":11,"author":{"gitId":"yuheem"},"content":"    }"},{"lineNumber":12,"author":{"gitId":"yuheem"},"content":""},{"lineNumber":13,"author":{"gitId":"yuheem"},"content":"    @Override"},{"lineNumber":14,"author":{"gitId":"yuheem"},"content":"    public void execute(TaskList tasks, Ui ui, Storage storage) throws DukeException {"},{"lineNumber":15,"author":{"gitId":"yuheem"},"content":"        int numberOfTasks \u003d tasks.size();"},{"lineNumber":16,"author":{"gitId":"yuheem"},"content":"        if (numberOfTasks \u003d\u003d 0) {"},{"lineNumber":17,"author":{"gitId":"yuheem"},"content":"            ui.showNewLine(\"You currently have no tasks added!\");"},{"lineNumber":18,"author":{"gitId":"yuheem"},"content":"        } else {"},{"lineNumber":19,"author":{"gitId":"yuheem"},"content":"            for (int i \u003d 0; i \u003c numberOfTasks; i++) {"},{"lineNumber":20,"author":{"gitId":"yuheem"},"content":"                String message \u003d String.format(\"%d.%s\", i, tasks.get(i));"},{"lineNumber":21,"author":{"gitId":"yuheem"},"content":"                ui.showNewLine(message);"},{"lineNumber":22,"author":{"gitId":"yuheem"},"content":"            }"},{"lineNumber":23,"author":{"gitId":"yuheem"},"content":"        }"},{"lineNumber":24,"author":{"gitId":"yuheem"},"content":"    }"},{"lineNumber":25,"author":{"gitId":"yuheem"},"content":"}"}],"authorContributionMap":{"yuheem":25}},{"path":"src/main/java/duke/command/TodoCommand.java","fileType":"java","lines":[{"lineNumber":1,"author":{"gitId":"yuheem"},"content":"package duke.command;"},{"lineNumber":2,"author":{"gitId":"yuheem"},"content":""},{"lineNumber":3,"author":{"gitId":"yuheem"},"content":"import duke.DukeException;"},{"lineNumber":4,"author":{"gitId":"yuheem"},"content":"import duke.Storage;"},{"lineNumber":5,"author":{"gitId":"yuheem"},"content":"import duke.Ui;"},{"lineNumber":6,"author":{"gitId":"yuheem"},"content":"import duke.task.TaskList;"},{"lineNumber":7,"author":{"gitId":"yuheem"},"content":"import duke.task.Todo;"},{"lineNumber":8,"author":{"gitId":"yuheem"},"content":""},{"lineNumber":9,"author":{"gitId":"yuheem"},"content":"public class TodoCommand extends AddTaskCommand {"},{"lineNumber":10,"author":{"gitId":"yuheem"},"content":"    public TodoCommand(String arguments) {"},{"lineNumber":11,"author":{"gitId":"yuheem"},"content":"        super(arguments);"},{"lineNumber":12,"author":{"gitId":"yuheem"},"content":"    }"},{"lineNumber":13,"author":{"gitId":"yuheem"},"content":""},{"lineNumber":14,"author":{"gitId":"yuheem"},"content":"    @Override"},{"lineNumber":15,"author":{"gitId":"yuheem"},"content":"    public void execute(TaskList tasks, Ui ui, Storage storage) throws DukeException {"},{"lineNumber":16,"author":{"gitId":"yuheem"},"content":"        tasks.add(new Todo(arguments));"},{"lineNumber":17,"author":{"gitId":"yuheem"},"content":"        super.execute(tasks, ui, storage);"},{"lineNumber":18,"author":{"gitId":"yuheem"},"content":"    }"},{"lineNumber":19,"author":{"gitId":"yuheem"},"content":"}"}],"authorContributionMap":{"yuheem":19}},{"path":"src/main/java/duke/task/Deadline.java","fileType":"java","lines":[{"lineNumber":1,"author":{"gitId":"yuheem"},"content":"package duke.task;"},{"lineNumber":2,"author":{"gitId":"yuheem"},"content":""},{"lineNumber":3,"author":{"gitId":"yuheem"},"content":"import java.time.LocalDateTime;"},{"lineNumber":4,"author":{"gitId":"yuheem"},"content":"import java.time.format.DateTimeFormatter;"},{"lineNumber":5,"author":{"gitId":"yuheem"},"content":""},{"lineNumber":6,"author":{"gitId":"yuheem"},"content":"public class Deadline extends Task {"},{"lineNumber":7,"author":{"gitId":"yuheem"},"content":"    protected LocalDateTime time;"},{"lineNumber":8,"author":{"gitId":"yuheem"},"content":""},{"lineNumber":9,"author":{"gitId":"yuheem"},"content":"    public Deadline(String description, String time) {"},{"lineNumber":10,"author":{"gitId":"yuheem"},"content":"        super(description);"},{"lineNumber":11,"author":{"gitId":"yuheem"},"content":"        this.time \u003d LocalDateTime.parse(time, DateTimeFormatter.ofPattern(\"yyyy-MM-dd Hmm\"));"},{"lineNumber":12,"author":{"gitId":"yuheem"},"content":"    }"},{"lineNumber":13,"author":{"gitId":"yuheem"},"content":""},{"lineNumber":14,"author":{"gitId":"yuheem"},"content":"    @Override"},{"lineNumber":15,"author":{"gitId":"yuheem"},"content":"    public String toSaveFormat() {"},{"lineNumber":16,"author":{"gitId":"yuheem"},"content":"        String status \u003d super.isDone ? \"1\" : \"0\";"},{"lineNumber":17,"author":{"gitId":"yuheem"},"content":"        return String.format(\"D|%s|%s\\n\", status, super.description, this.time);"},{"lineNumber":18,"author":{"gitId":"yuheem"},"content":"    }"},{"lineNumber":19,"author":{"gitId":"yuheem"},"content":""},{"lineNumber":20,"author":{"gitId":"yuheem"},"content":"    @Override"},{"lineNumber":21,"author":{"gitId":"yuheem"},"content":"    public String toString() {"},{"lineNumber":22,"author":{"gitId":"yuheem"},"content":"        return String.format(\"[D][%s] %s (by: %s)\","},{"lineNumber":23,"author":{"gitId":"yuheem"},"content":"                this.getStatusIcon(),"},{"lineNumber":24,"author":{"gitId":"yuheem"},"content":"                this.description,"},{"lineNumber":25,"author":{"gitId":"yuheem"},"content":"                this.time.format(DateTimeFormatter.ofPattern(\"MMM dd yyyy hh:mm a\")));"},{"lineNumber":26,"author":{"gitId":"yuheem"},"content":"    }"},{"lineNumber":27,"author":{"gitId":"yuheem"},"content":"}"}],"authorContributionMap":{"yuheem":27}},{"path":"src/main/java/duke/task/Event.java","fileType":"java","lines":[{"lineNumber":1,"author":{"gitId":"yuheem"},"content":"package duke.task;"},{"lineNumber":2,"author":{"gitId":"yuheem"},"content":""},{"lineNumber":3,"author":{"gitId":"yuheem"},"content":"import java.time.LocalDate;"},{"lineNumber":4,"author":{"gitId":"yuheem"},"content":"import java.time.format.DateTimeFormatter;"},{"lineNumber":5,"author":{"gitId":"yuheem"},"content":""},{"lineNumber":6,"author":{"gitId":"yuheem"},"content":"public class Event extends Task {"},{"lineNumber":7,"author":{"gitId":"yuheem"},"content":"    protected LocalDate time;"},{"lineNumber":8,"author":{"gitId":"yuheem"},"content":""},{"lineNumber":9,"author":{"gitId":"yuheem"},"content":"    public Event(String description, String time) {"},{"lineNumber":10,"author":{"gitId":"yuheem"},"content":"        super(description);"},{"lineNumber":11,"author":{"gitId":"yuheem"},"content":"        this.time \u003d LocalDate.parse(time, DateTimeFormatter.ofPattern(\"yyyy-MM-dd\"));"},{"lineNumber":12,"author":{"gitId":"yuheem"},"content":"    }"},{"lineNumber":13,"author":{"gitId":"yuheem"},"content":""},{"lineNumber":14,"author":{"gitId":"yuheem"},"content":""},{"lineNumber":15,"author":{"gitId":"yuheem"},"content":"    @Override"},{"lineNumber":16,"author":{"gitId":"yuheem"},"content":"    public String toSaveFormat() {"},{"lineNumber":17,"author":{"gitId":"yuheem"},"content":"        String status \u003d super.isDone ? \"1\" : \"0\";"},{"lineNumber":18,"author":{"gitId":"yuheem"},"content":"        return String.format(\"E|%s|%s\\n\", status, super.description, this.time);"},{"lineNumber":19,"author":{"gitId":"yuheem"},"content":"    }"},{"lineNumber":20,"author":{"gitId":"yuheem"},"content":""},{"lineNumber":21,"author":{"gitId":"yuheem"},"content":"    @Override"},{"lineNumber":22,"author":{"gitId":"yuheem"},"content":"    public String toString() {"},{"lineNumber":23,"author":{"gitId":"yuheem"},"content":"        return String.format(\"[E][%s] %s (at: %s)\","},{"lineNumber":24,"author":{"gitId":"yuheem"},"content":"                this.getStatusIcon(),"},{"lineNumber":25,"author":{"gitId":"yuheem"},"content":"                this.description,"},{"lineNumber":26,"author":{"gitId":"yuheem"},"content":"                this.time.format(DateTimeFormatter.ofPattern(\"MMM dd yyyy\")));"},{"lineNumber":27,"author":{"gitId":"yuheem"},"content":"    }"},{"lineNumber":28,"author":{"gitId":"yuheem"},"content":"}"}],"authorContributionMap":{"yuheem":28}},{"path":"src/main/java/duke/task/Task.java","fileType":"java","lines":[{"lineNumber":1,"author":{"gitId":"yuheem"},"content":"package duke.task;"},{"lineNumber":2,"author":{"gitId":"yuheem"},"content":""},{"lineNumber":3,"author":{"gitId":"yuheem"},"content":"public class Task {"},{"lineNumber":4,"author":{"gitId":"yuheem"},"content":"    protected String description;"},{"lineNumber":5,"author":{"gitId":"yuheem"},"content":"    protected boolean isDone;"},{"lineNumber":6,"author":{"gitId":"yuheem"},"content":""},{"lineNumber":7,"author":{"gitId":"yuheem"},"content":"    public Task(String description) {"},{"lineNumber":8,"author":{"gitId":"yuheem"},"content":"        this.description \u003d description;"},{"lineNumber":9,"author":{"gitId":"yuheem"},"content":"        this.isDone \u003d false;"},{"lineNumber":10,"author":{"gitId":"yuheem"},"content":"    }"},{"lineNumber":11,"author":{"gitId":"yuheem"},"content":""},{"lineNumber":12,"author":{"gitId":"yuheem"},"content":"    public void setDone(boolean isDone) {"},{"lineNumber":13,"author":{"gitId":"yuheem"},"content":"        this.isDone \u003d isDone;"},{"lineNumber":14,"author":{"gitId":"yuheem"},"content":"    }"},{"lineNumber":15,"author":{"gitId":"yuheem"},"content":""},{"lineNumber":16,"author":{"gitId":"yuheem"},"content":"    public String getStatusIcon() {"},{"lineNumber":17,"author":{"gitId":"yuheem"},"content":"        return (isDone ? \"\\u2713\" : \"\\u2718\"); //return tick or X symbols"},{"lineNumber":18,"author":{"gitId":"yuheem"},"content":"    }"},{"lineNumber":19,"author":{"gitId":"yuheem"},"content":""},{"lineNumber":20,"author":{"gitId":"yuheem"},"content":"    public String toSaveFormat() {"},{"lineNumber":21,"author":{"gitId":"yuheem"},"content":"        throw new UnsupportedOperationException(\"Method must be implemented by child classes\");"},{"lineNumber":22,"author":{"gitId":"yuheem"},"content":"    };"},{"lineNumber":23,"author":{"gitId":"yuheem"},"content":""},{"lineNumber":24,"author":{"gitId":"yuheem"},"content":"    @Override"},{"lineNumber":25,"author":{"gitId":"yuheem"},"content":"    public String toString() {"},{"lineNumber":26,"author":{"gitId":"yuheem"},"content":"        return String.format(\"[%s] %s\", getStatusIcon(), description);"},{"lineNumber":27,"author":{"gitId":"yuheem"},"content":"    }"},{"lineNumber":28,"author":{"gitId":"yuheem"},"content":"}"}],"authorContributionMap":{"yuheem":28}},{"path":"src/main/java/duke/task/TaskList.java","fileType":"java","lines":[{"lineNumber":1,"author":{"gitId":"yuheem"},"content":"package duke.task;"},{"lineNumber":2,"author":{"gitId":"yuheem"},"content":""},{"lineNumber":3,"author":{"gitId":"yuheem"},"content":"import java.util.ArrayList;"},{"lineNumber":4,"author":{"gitId":"yuheem"},"content":"import java.util.Iterator;"},{"lineNumber":5,"author":{"gitId":"yuheem"},"content":"import java.util.List;"},{"lineNumber":6,"author":{"gitId":"yuheem"},"content":""},{"lineNumber":7,"author":{"gitId":"yuheem"},"content":"public class TaskList implements Iterable\u003cTask\u003e {"},{"lineNumber":8,"author":{"gitId":"yuheem"},"content":"    List\u003cTask\u003e tasks;"},{"lineNumber":9,"author":{"gitId":"yuheem"},"content":""},{"lineNumber":10,"author":{"gitId":"yuheem"},"content":"    public TaskList() {"},{"lineNumber":11,"author":{"gitId":"yuheem"},"content":"        this.tasks \u003d new ArrayList\u003cTask\u003e();"},{"lineNumber":12,"author":{"gitId":"yuheem"},"content":"    }"},{"lineNumber":13,"author":{"gitId":"yuheem"},"content":""},{"lineNumber":14,"author":{"gitId":"yuheem"},"content":"    public TaskList(List\u003cTask\u003e tasks) {"},{"lineNumber":15,"author":{"gitId":"yuheem"},"content":"        this.tasks \u003d tasks;"},{"lineNumber":16,"author":{"gitId":"yuheem"},"content":"    }"},{"lineNumber":17,"author":{"gitId":"yuheem"},"content":""},{"lineNumber":18,"author":{"gitId":"yuheem"},"content":"    public Task get(int index) {"},{"lineNumber":19,"author":{"gitId":"yuheem"},"content":"        return this.tasks.get(index);"},{"lineNumber":20,"author":{"gitId":"yuheem"},"content":"    }"},{"lineNumber":21,"author":{"gitId":"yuheem"},"content":""},{"lineNumber":22,"author":{"gitId":"yuheem"},"content":"    public int size() {"},{"lineNumber":23,"author":{"gitId":"yuheem"},"content":"        return this.tasks.size();"},{"lineNumber":24,"author":{"gitId":"yuheem"},"content":"    }"},{"lineNumber":25,"author":{"gitId":"yuheem"},"content":""},{"lineNumber":26,"author":{"gitId":"yuheem"},"content":"    public void add(Task task) {"},{"lineNumber":27,"author":{"gitId":"yuheem"},"content":"        this.tasks.add(task);"},{"lineNumber":28,"author":{"gitId":"yuheem"},"content":"    }"},{"lineNumber":29,"author":{"gitId":"yuheem"},"content":""},{"lineNumber":30,"author":{"gitId":"yuheem"},"content":"    public Task remove(int index) {"},{"lineNumber":31,"author":{"gitId":"yuheem"},"content":"        return this.tasks.remove(index);"},{"lineNumber":32,"author":{"gitId":"yuheem"},"content":"    }"},{"lineNumber":33,"author":{"gitId":"yuheem"},"content":""},{"lineNumber":34,"author":{"gitId":"yuheem"},"content":"    @Override"},{"lineNumber":35,"author":{"gitId":"yuheem"},"content":"    public Iterator\u003cTask\u003e iterator() {"},{"lineNumber":36,"author":{"gitId":"yuheem"},"content":"        return tasks.iterator();"},{"lineNumber":37,"author":{"gitId":"yuheem"},"content":"    }"},{"lineNumber":38,"author":{"gitId":"yuheem"},"content":""},{"lineNumber":39,"author":{"gitId":"yuheem"},"content":"    @Override"},{"lineNumber":40,"author":{"gitId":"yuheem"},"content":"    public String toString() {"},{"lineNumber":41,"author":{"gitId":"yuheem"},"content":"        StringBuilder string \u003d new StringBuilder();"},{"lineNumber":42,"author":{"gitId":"yuheem"},"content":"        for (Task task : tasks) {"},{"lineNumber":43,"author":{"gitId":"yuheem"},"content":"            string.append(task.toSaveFormat());"},{"lineNumber":44,"author":{"gitId":"yuheem"},"content":"        }"},{"lineNumber":45,"author":{"gitId":"yuheem"},"content":"        return string.toString();"},{"lineNumber":46,"author":{"gitId":"yuheem"},"content":"    }"},{"lineNumber":47,"author":{"gitId":"yuheem"},"content":"}"}],"authorContributionMap":{"yuheem":47}},{"path":"src/main/java/duke/task/Todo.java","fileType":"java","lines":[{"lineNumber":1,"author":{"gitId":"yuheem"},"content":"package duke.task;"},{"lineNumber":2,"author":{"gitId":"yuheem"},"content":""},{"lineNumber":3,"author":{"gitId":"yuheem"},"content":"public class Todo extends Task {"},{"lineNumber":4,"author":{"gitId":"yuheem"},"content":"    public Todo(String description) {"},{"lineNumber":5,"author":{"gitId":"yuheem"},"content":"        super(description);"},{"lineNumber":6,"author":{"gitId":"yuheem"},"content":"    }"},{"lineNumber":7,"author":{"gitId":"yuheem"},"content":""},{"lineNumber":8,"author":{"gitId":"yuheem"},"content":"    @Override"},{"lineNumber":9,"author":{"gitId":"yuheem"},"content":"    public String toSaveFormat() {"},{"lineNumber":10,"author":{"gitId":"yuheem"},"content":"        String status \u003d super.isDone ? \"1\" : \"0\";"},{"lineNumber":11,"author":{"gitId":"yuheem"},"content":"        return String.format(\"T|%s|%s\\n\", status, super.description);"},{"lineNumber":12,"author":{"gitId":"yuheem"},"content":"    }"},{"lineNumber":13,"author":{"gitId":"yuheem"},"content":""},{"lineNumber":14,"author":{"gitId":"yuheem"},"content":"    @Override"},{"lineNumber":15,"author":{"gitId":"yuheem"},"content":"    public String toString() {"},{"lineNumber":16,"author":{"gitId":"yuheem"},"content":"        return String.format(\"[T][%s] %s\", this.getStatusIcon(), this.description);"},{"lineNumber":17,"author":{"gitId":"yuheem"},"content":"    }"},{"lineNumber":18,"author":{"gitId":"yuheem"},"content":"}"}],"authorContributionMap":{"yuheem":18}},{"path":"text-ui-test/data/tasks.txt","fileType":"txt","lines":[{"lineNumber":1,"author":{"gitId":"yuheem"},"content":"T|0|borrow book"}],"authorContributionMap":{"yuheem":1}}]
