{"authorDailyContributionsMap":{"litone01":[{"date":"2021-01-19","commitResults":[{"hash":"f454fa382f3db286064da6c478a712d5a73542dc","messageTitle":"add level 1","messageBody":"Finished requirement for level 1.\n\nDuke now starts by greeting the user, then echos commands entered by the user,\nand exits when the user types `bye`.\n","tags":["Level-1"],"fileTypesAndContributionMap":{"java":{"insertions":41,"deletions":10}}},{"hash":"115cf53a304fcdf1630749de0b11fa51fd933202","messageTitle":"add level 2 features","messageBody":"Add the ability to store whatever text entered by the user\nand display them back to the user when requested.\n","tags":["Level-2"],"fileTypesAndContributionMap":{"java":{"insertions":73,"deletions":13}}},{"hash":"24f7426939e4ccb73788570a46aea1e6345de09f","messageTitle":"add level 3 features","messageBody":"1. Level-3 feature: add the ability to mark tasks as done.\n2. Handle two errors when implementing the function of add/mark task as done.\n","tags":["Level-3"],"fileTypesAndContributionMap":{"java":{"insertions":120,"deletions":28}}},{"hash":"6264f7b00abe70d224da0373b35d83d586011076","messageTitle":"Fix minor format issues for level-3 feature implementation","messageBody":"","fileTypesAndContributionMap":{"java":{"insertions":3,"deletions":1}}},{"hash":"8dd73f0a2d55d1b46e4ebf361c60d70267c1e8ab","messageTitle":"Add level-4 features","messageBody":"Add support for tracking three types of tasks:\n1. ToDos: tasks without any date/time attached to it\n2. Deadlines: tasks that need to be done before a specific date/time\n3. Events: tasks that start at a specific time and ends at a specific time\n\nComing up:\n1. A lot of error and exception handling is needed :(\n","tags":["Level-4"],"fileTypesAndContributionMap":{"java":{"insertions":107,"deletions":12}}}]},{"date":"2021-01-20","commitResults":[{"hash":"818913087da722f42c4de049c5729560f18371be","messageTitle":"Add Level-5","messageBody":"Handle errors when user enters incorrect inputs.  For example (not exclusive):\n1. When users create a todo without providing a description.\n2. When users enters a command word which is not supported by the current iteration of duke\n","tags":["Level-5"],"fileTypesAndContributionMap":{"java":{"insertions":104,"deletions":40}}}]},{"date":"2021-01-21","commitResults":[{"hash":"d2210e83df889a81d72839a4fd7fc5184192ea2a","messageTitle":"Add Level-6","messageBody":"Add support for deleting tasks from the list.\n","tags":["Level-6"],"fileTypesAndContributionMap":{"java":{"insertions":62,"deletions":26}}},{"hash":"f55bb66f42df3d9d1842190dbc5fe3d0d400b7ac","messageTitle":"(Complete for this iteration) Add A-TextUiTesting","messageBody":"* (Incomplete) Add A-TextUiTesting\r\n\r\nUse the input/output redirection technique to semi-automate the testing of Duke.\r\n\r\n* (Complete for this iteration) Add A-TextUiTesting\r\n\r\nExtend input and expected to test all functionalities and exceptions designed.","fileTypesAndContributionMap":{"txt":{"insertions":25,"deletions":0},"bat":{"insertions":4,"deletions":2}}},{"hash":"b41c6dd2b59bbde5e40483a430ace4a906cb9e77","messageTitle":"Fix bug for incorrect display of the status icon","messageBody":"","fileTypesAndContributionMap":{"java":{"insertions":3,"deletions":3}}}]}]},"authorFileTypeContributionMap":{"litone01":{"java":390,"md":0,"fxml":0,"sh":0,"bat":4,"gradle":0,"txt":25}},"authorContributionVariance":{"litone01":14650.793},"authorDisplayNameMap":{"litone01":"YU J..IANG"}}
