{"authorDailyContributionsMap":{"JonahhGohh":[{"date":"2021-01-16","commitResults":[{"hash":"eeb397e7388e7fd445fbb01709df4763bb77dbfd","messageTitle":"Add Greet, Echo and Exit messages.","messageBody":"","tags":["Level-1"],"fileTypesAndContributionMap":{"java":{"insertions":29,"deletions":6}}},{"hash":"c93c88d37e6863e2c45d0e6d1bb071f5ab6c46e6","messageTitle":"Add add and list functionality.","messageBody":"","tags":["Level-2"],"fileTypesAndContributionMap":{"java":{"insertions":27,"deletions":6}}},{"hash":"dbc8a342a626adbe5df63288cabc1efab6a065c5","messageTitle":"Add done functionality to tasks","messageBody":"","tags":["Level-3"],"fileTypesAndContributionMap":{"java":{"insertions":51,"deletions":16}}}]},{"date":"2021-01-17","commitResults":[{"hash":"96dc477dd012b8fbc12732e53a6a383ae5e44d6b","messageTitle":"Add Deadlines, Events and Todos.","messageBody":"Also changed Main to support these new classes.\n","tags":["Level-4"],"fileTypesAndContributionMap":{"java":{"insertions":178,"deletions":17}}},{"hash":"d9e25365e833945e28a7d944e25a49801df97129","messageTitle":"Fixed inconsistencies in white spaces.","messageBody":"Fixed the code with extra white spaces causing bugs and refactored the use of Scanner.\n","fileTypesAndContributionMap":{"java":{"insertions":9,"deletions":9}}},{"hash":"d3b649d0604379c60137f41b0502a2adbf03fe8d","messageTitle":"Added automated text UI testing.","messageBody":"","tags":["A-TextUiTesting"],"fileTypesAndContributionMap":{"txt":{"insertions":7,"deletions":0},"bat":{"insertions":2,"deletions":2}}},{"hash":"0e27a411f758dc19f301c3c18a2ae0b77a9ff4b4","messageTitle":"Added exception handling for Duke class.","messageBody":"Some exceptions have been already been added in earlier commits.\n","tags":["Level-5"],"fileTypesAndContributionMap":{"java":{"insertions":46,"deletions":16}}},{"hash":"da59478539aa2aed1b69ae243d5834b79a03674a","messageTitle":"Add delete and test case input to check the delete functionality","messageBody":"","tags":["Level-6"],"fileTypesAndContributionMap":{"txt":{"insertions":1,"deletions":0},"java":{"insertions":18,"deletions":0}}}]},{"date":"2021-01-18","commitResults":[{"hash":"fab0d23cd525e7ccacc7e5ace7b8e957a6dcdc02","messageTitle":"Add enum class for commands.","messageBody":"","tags":["A-Enums"],"fileTypesAndContributionMap":{"java":{"insertions":119,"deletions":77}}}]},{"date":"2021-01-27","commitResults":[{"hash":"df16b2885210008e8efb8e2226856dbc91e5eb5d","messageTitle":"Replace lookup with valueof method for Commands enum","messageBody":"Commands are limited to a constant number. The use of hash tables hurts\nperformance of the code.\nEnum.valueOf loops through the individual types in about the same amount\nof time with a lot less space.\n","fileTypesAndContributionMap":{"java":{"insertions":11,"deletions":13}}}]}]},"authorFileTypeContributionMap":{"JonahhGohh":{"java":333,"md":0,"fxml":0,"sh":0,"bat":2,"gradle":0,"txt":8}},"authorContributionVariance":{"JonahhGohh":7330.498},"authorDisplayNameMap":{"JonahhGohh":"CS2103T-T11-1 GOH .. WEI"}}
