{"authorDailyContributionsMap":{"garyljj":[{"date":"2021-01-18","commitResults":[{"hash":"67f04a0686b13d8d7b63eb5de99b3a89c9968aad","messageTitle":"Implement echo","messageBody":"","tags":["Level-1"],"fileTypesAndContributionMap":{"java":{"insertions":36,"deletions":0}}},{"hash":"329bd9d097e251e17219156a3101382160f207f5","messageTitle":"Checklist display numbered","messageBody":"","tags":["Level-2"],"fileTypesAndContributionMap":{"java":{"insertions":26,"deletions":6}}},{"hash":"e0a214cfdf553ed0e5449da5e757d3965854825a","messageTitle":"Implement Task class","messageBody":"","tags":["Level-3"],"fileTypesAndContributionMap":{"java":{"insertions":18,"deletions":0}}},{"hash":"f1c7ce94b36d03f1d7fb83f050266a45d2168028","messageTitle":"Implement done function","messageBody":"","fileTypesAndContributionMap":{"java":{"insertions":20,"deletions":6}}},{"hash":"f19324add7c611562a39b39e88fe170b8343fcae","messageTitle":"Implement Todo","messageBody":"","fileTypesAndContributionMap":{"java":{"insertions":35,"deletions":7}}},{"hash":"4fabeeae68b140854b725c72a4f548ad435eac09","messageTitle":"Implement Deadline","messageBody":"","fileTypesAndContributionMap":{"java":{"insertions":20,"deletions":0}}},{"hash":"501738143bcd3cad8f8ea4efd28cd9c4cf89d040","messageTitle":"Implement Event","messageBody":"","fileTypesAndContributionMap":{"java":{"insertions":20,"deletions":0}}},{"hash":"289a9c5c9054ad253d96eae63b89a3f21ae83eb3","messageTitle":"Fix typo in Event","messageBody":"","fileTypesAndContributionMap":{"java":{"insertions":1,"deletions":1}}},{"hash":"acdd5f3260dcfb091133f06a0c4cdd364adf3441","messageTitle":"Fix typo in Duke","messageBody":"","tags":["Level-4"],"fileTypesAndContributionMap":{"java":{"insertions":1,"deletions":1}}},{"hash":"65ae0f24c91e0fb0a46a01d46409dbb11fcba80d","messageTitle":"Update testcases","messageBody":"","tags":["A-TextUiTesting"],"fileTypesAndContributionMap":{"txt":{"insertions":12,"deletions":0}}},{"hash":"2587a687f6c2ea3d3473beabb16243cde7a70029","messageTitle":"Implement DukeException to handle possible input error","messageBody":"","tags":["Level-5"],"fileTypesAndContributionMap":{"java":{"insertions":50,"deletions":28}}},{"hash":"ec4656c90ff3c3cc06619e05deb0689b2e9be36d","messageTitle":"Update testcases for level 5","messageBody":"","fileTypesAndContributionMap":{"txt":{"insertions":3,"deletions":0}}},{"hash":"f3e2342ca3315b30151dbdfa308bb5db71383e5a","messageTitle":"Implement delete","messageBody":"","tags":["Level-6"],"fileTypesAndContributionMap":{"java":{"insertions":32,"deletions":2}}},{"hash":"f2e8ce0844f50194cab179d32838b9e37b06f704","messageTitle":"Update testcases for level 6","messageBody":"","fileTypesAndContributionMap":{"txt":{"insertions":2,"deletions":0},"java":{"insertions":2,"deletions":2}}},{"hash":"dba7207c6444b0a4b5f4abeb40bead9406c5506b","messageTitle":"Add documentation and cleanup","messageBody":"","fileTypesAndContributionMap":{"java":{"insertions":64,"deletions":4}}}]},{"date":"2021-01-23","commitResults":[{"hash":"d9f143f31067d1b2e06a9c07df9f50b6cef6eb98","messageTitle":"Fix indent and cleanup","messageBody":"","fileTypesAndContributionMap":{"java":{"insertions":35,"deletions":34}}},{"hash":"bfc884c05cecd604232660e5affb019c7a936c41","messageTitle":"Add import/exportData for read/write","messageBody":"","fileTypesAndContributionMap":{"java":{"insertions":85,"deletions":11}}},{"hash":"c334c2f3a8d033b1bc56cb54ea84b4c7539aadf6","messageTitle":"Fix importData","messageBody":"","fileTypesAndContributionMap":{"java":{"insertions":3,"deletions":3}}},{"hash":"2f3b28a26433652da9b306143765997ce0a27c12","messageTitle":"Implement save, load","messageBody":"","fileTypesAndContributionMap":{"java":{"insertions":69,"deletions":1}}},{"hash":"dbb124c526000625c933e9d2b49e10b252cdc933","messageTitle":"Update testcases for level 7","messageBody":"","fileTypesAndContributionMap":{"txt":{"insertions":3,"deletions":0},"bat":{"insertions":1,"deletions":0}}},{"hash":"1de2e1fc25cc496f387c6b75534d1f09ad376e56","messageTitle":"Use LocalDate for dates","messageBody":"","fileTypesAndContributionMap":{"java":{"insertions":36,"deletions":8}}},{"hash":"99c05ad88cba90e1c45da2dacd9c406596f8dd73","messageTitle":"Update testcase for level 8","messageBody":"","fileTypesAndContributionMap":{"txt":{"insertions":4,"deletions":4}}},{"hash":"daaff9615357c1357fa77f85deedd77f8af7c2ce","messageTitle":"Update javadocs","messageBody":"","fileTypesAndContributionMap":{"java":{"insertions":36,"deletions":11}}}]},{"date":"2021-01-26","commitResults":[{"hash":"009db26c7df394068ea5fcd38227676db585ceaf","messageTitle":"Add Date attribute to Task","messageBody":"","fileTypesAndContributionMap":{"java":{"insertions":18,"deletions":15}}},{"hash":"ebdeca500e4a672285b4fe7c0b0446ecf4c04c6e","messageTitle":"Create Parser and DukeInputException","messageBody":"","fileTypesAndContributionMap":{"java":{"insertions":110,"deletions":0}}},{"hash":"57b1ee14b039e323920e375857b95b94a72c1a13","messageTitle":"Created TaskList","messageBody":"","fileTypesAndContributionMap":{"java":{"insertions":38,"deletions":0}}},{"hash":"ee2f384f420bddf866da6e3b63fa2ca2d795d523","messageTitle":"Create Storage and checkImportFormat() in Parser","messageBody":"","fileTypesAndContributionMap":{"java":{"insertions":108,"deletions":0}}},{"hash":"be24b5ed98b71e9446832d07b47e6b52afde380a","messageTitle":"Create Ui","messageBody":"","fileTypesAndContributionMap":{"java":{"insertions":117,"deletions":0}}},{"hash":"33720dc735cced7634748c8f89ee23caeae965d7","messageTitle":"Implement Parser,Storage,TaskList,Ui into Duke","messageBody":"","fileTypesAndContributionMap":{"java":{"insertions":95,"deletions":157}}},{"hash":"5f1198a071f85c7120658df5180bba950f05e2c1","messageTitle":"Add help command and cleanup","messageBody":"","tags":["A-MoreOOP"],"fileTypesAndContributionMap":{"txt":{"insertions":1,"deletions":0},"java":{"insertions":45,"deletions":33}}},{"hash":"0fdc4bd0d0e3ced420629fb8fa6232e748c3f2d1","messageTitle":"Add JUnit test","messageBody":"","tags":["A-JUnit"],"fileTypesAndContributionMap":{"java":{"insertions":126,"deletions":0}}},{"hash":"1c3078c51a252abe0774d6caf357464e941d47d6","messageTitle":"Add javadocs","messageBody":"","fileTypesAndContributionMap":{"java":{"insertions":159,"deletions":44}}},{"hash":"89702db73f1d492dc8e069bbea79f2bbdc8c516f","messageTitle":"Cleanup code to follow coding standard","messageBody":"","fileTypesAndContributionMap":{"java":{"insertions":30,"deletions":19}}},{"hash":"832d89c7d318493675c675b9f16a482a77932f15","messageTitle":"Implement search and update testcases","messageBody":"","fileTypesAndContributionMap":{"txt":{"insertions":2,"deletions":0},"java":{"insertions":59,"deletions":12},"bat":{"insertions":1,"deletions":1}}}]}]},"authorFileTypeContributionMap":{"garyljj":{"java":1106,"md":0,"fxml":0,"sh":0,"bat":2,"gradle":0,"txt":23}},"authorContributionVariance":{"garyljj":91256.65},"authorDisplayNameMap":{"garyljj":"CS2103-W16-3 GARY.. JIN"}}
