{"authorDailyContributionsMap":{"garyljj":[{"date":"2021-01-18","commitResults":[{"hash":"67f04a0686b13d8d7b63eb5de99b3a89c9968aad","messageTitle":"Implement echo","messageBody":"","tags":["Level-1"],"fileTypesAndContributionMap":{"java":{"insertions":36,"deletions":0}}},{"hash":"329bd9d097e251e17219156a3101382160f207f5","messageTitle":"Checklist display numbered","messageBody":"","tags":["Level-2"],"fileTypesAndContributionMap":{"java":{"insertions":26,"deletions":6}}},{"hash":"e0a214cfdf553ed0e5449da5e757d3965854825a","messageTitle":"Implement Task class","messageBody":"","tags":["Level-3"],"fileTypesAndContributionMap":{"java":{"insertions":18,"deletions":0}}},{"hash":"f1c7ce94b36d03f1d7fb83f050266a45d2168028","messageTitle":"Implement done function","messageBody":"","fileTypesAndContributionMap":{"java":{"insertions":20,"deletions":6}}},{"hash":"f19324add7c611562a39b39e88fe170b8343fcae","messageTitle":"Implement Todo","messageBody":"","fileTypesAndContributionMap":{"java":{"insertions":35,"deletions":7}}},{"hash":"4fabeeae68b140854b725c72a4f548ad435eac09","messageTitle":"Implement Deadline","messageBody":"","fileTypesAndContributionMap":{"java":{"insertions":20,"deletions":0}}},{"hash":"501738143bcd3cad8f8ea4efd28cd9c4cf89d040","messageTitle":"Implement Event","messageBody":"","fileTypesAndContributionMap":{"java":{"insertions":20,"deletions":0}}},{"hash":"289a9c5c9054ad253d96eae63b89a3f21ae83eb3","messageTitle":"Fix typo in Event","messageBody":"","fileTypesAndContributionMap":{"java":{"insertions":1,"deletions":1}}},{"hash":"acdd5f3260dcfb091133f06a0c4cdd364adf3441","messageTitle":"Fix typo in Duke","messageBody":"","tags":["Level-4"],"fileTypesAndContributionMap":{"java":{"insertions":1,"deletions":1}}},{"hash":"65ae0f24c91e0fb0a46a01d46409dbb11fcba80d","messageTitle":"Update testcases","messageBody":"","tags":["A-TextUiTesting"],"fileTypesAndContributionMap":{"txt":{"insertions":12,"deletions":0}}},{"hash":"2587a687f6c2ea3d3473beabb16243cde7a70029","messageTitle":"Implement DukeException to handle possible input error","messageBody":"","tags":["Level-5"],"fileTypesAndContributionMap":{"java":{"insertions":50,"deletions":28}}},{"hash":"ec4656c90ff3c3cc06619e05deb0689b2e9be36d","messageTitle":"Update testcases for level 5","messageBody":"","fileTypesAndContributionMap":{"txt":{"insertions":3,"deletions":0}}},{"hash":"f3e2342ca3315b30151dbdfa308bb5db71383e5a","messageTitle":"Implement delete","messageBody":"","tags":["Level-6"],"fileTypesAndContributionMap":{"java":{"insertions":32,"deletions":2}}},{"hash":"f2e8ce0844f50194cab179d32838b9e37b06f704","messageTitle":"Update testcases for level 6","messageBody":"","fileTypesAndContributionMap":{"txt":{"insertions":2,"deletions":0},"java":{"insertions":2,"deletions":2}}},{"hash":"dba7207c6444b0a4b5f4abeb40bead9406c5506b","messageTitle":"Add documentation and cleanup","messageBody":"","fileTypesAndContributionMap":{"java":{"insertions":64,"deletions":4}}}]},{"date":"2021-01-23","commitResults":[{"hash":"d9f143f31067d1b2e06a9c07df9f50b6cef6eb98","messageTitle":"Fix indent and cleanup","messageBody":"","fileTypesAndContributionMap":{"java":{"insertions":35,"deletions":34}}},{"hash":"bfc884c05cecd604232660e5affb019c7a936c41","messageTitle":"Add import/exportData for read/write","messageBody":"","fileTypesAndContributionMap":{"java":{"insertions":85,"deletions":11}}},{"hash":"c334c2f3a8d033b1bc56cb54ea84b4c7539aadf6","messageTitle":"Fix importData","messageBody":"","fileTypesAndContributionMap":{"java":{"insertions":3,"deletions":3}}},{"hash":"2f3b28a26433652da9b306143765997ce0a27c12","messageTitle":"Implement save, load","messageBody":"","fileTypesAndContributionMap":{"java":{"insertions":69,"deletions":1}}},{"hash":"dbb124c526000625c933e9d2b49e10b252cdc933","messageTitle":"Update testcases for level 7","messageBody":"","fileTypesAndContributionMap":{"txt":{"insertions":3,"deletions":0},"bat":{"insertions":1,"deletions":0}}},{"hash":"1de2e1fc25cc496f387c6b75534d1f09ad376e56","messageTitle":"Use LocalDate for dates","messageBody":"","fileTypesAndContributionMap":{"java":{"insertions":36,"deletions":8}}},{"hash":"99c05ad88cba90e1c45da2dacd9c406596f8dd73","messageTitle":"Update testcase for level 8","messageBody":"","fileTypesAndContributionMap":{"txt":{"insertions":4,"deletions":4}}},{"hash":"daaff9615357c1357fa77f85deedd77f8af7c2ce","messageTitle":"Update javadocs","messageBody":"","fileTypesAndContributionMap":{"java":{"insertions":36,"deletions":11}}}]},{"date":"2021-01-26","commitResults":[{"hash":"009db26c7df394068ea5fcd38227676db585ceaf","messageTitle":"Add Date attribute to Task","messageBody":"","fileTypesAndContributionMap":{"java":{"insertions":18,"deletions":15}}},{"hash":"ebdeca500e4a672285b4fe7c0b0446ecf4c04c6e","messageTitle":"Create Parser and DukeInputException","messageBody":"","fileTypesAndContributionMap":{"java":{"insertions":110,"deletions":0}}},{"hash":"57b1ee14b039e323920e375857b95b94a72c1a13","messageTitle":"Created TaskList","messageBody":"","fileTypesAndContributionMap":{"java":{"insertions":38,"deletions":0}}},{"hash":"ee2f384f420bddf866da6e3b63fa2ca2d795d523","messageTitle":"Create Storage and checkImportFormat() in Parser","messageBody":"","fileTypesAndContributionMap":{"java":{"insertions":108,"deletions":0}}},{"hash":"be24b5ed98b71e9446832d07b47e6b52afde380a","messageTitle":"Create Ui","messageBody":"","fileTypesAndContributionMap":{"java":{"insertions":117,"deletions":0}}},{"hash":"33720dc735cced7634748c8f89ee23caeae965d7","messageTitle":"Implement Parser,Storage,TaskList,Ui into Duke","messageBody":"","fileTypesAndContributionMap":{"java":{"insertions":95,"deletions":157}}},{"hash":"5f1198a071f85c7120658df5180bba950f05e2c1","messageTitle":"Add help command and cleanup","messageBody":"","tags":["A-MoreOOP"],"fileTypesAndContributionMap":{"txt":{"insertions":1,"deletions":0},"java":{"insertions":45,"deletions":33}}},{"hash":"0fdc4bd0d0e3ced420629fb8fa6232e748c3f2d1","messageTitle":"Add JUnit test","messageBody":"","tags":["A-JUnit"],"fileTypesAndContributionMap":{"java":{"insertions":126,"deletions":0}}},{"hash":"1c3078c51a252abe0774d6caf357464e941d47d6","messageTitle":"Add javadocs","messageBody":"","fileTypesAndContributionMap":{"java":{"insertions":159,"deletions":44}}},{"hash":"89702db73f1d492dc8e069bbea79f2bbdc8c516f","messageTitle":"Cleanup code to follow coding standard","messageBody":"","fileTypesAndContributionMap":{"java":{"insertions":30,"deletions":19}}},{"hash":"832d89c7d318493675c675b9f16a482a77932f15","messageTitle":"Implement search and update testcases","messageBody":"","fileTypesAndContributionMap":{"txt":{"insertions":2,"deletions":0},"java":{"insertions":59,"deletions":12},"bat":{"insertions":1,"deletions":1}}}]},{"date":"2021-01-28","commitResults":[{"hash":"63f57440119137882ff9aaaf69220284f0c096a0","messageTitle":"Implement save prompt on bye","messageBody":"","fileTypesAndContributionMap":{"txt":{"insertions":2,"deletions":0},"java":{"insertions":38,"deletions":4}}},{"hash":"35f29f02d1e62562e62f12995594926f26a7e152","messageTitle":"Include missing javadocs and cleanup code","messageBody":"","fileTypesAndContributionMap":{"java":{"insertions":53,"deletions":43}}},{"hash":"dac3fb232d7353a2572ca2e76f4d8b6a49101ed7","messageTitle":"Implement delete confirmation prompt","messageBody":"","fileTypesAndContributionMap":{"txt":{"insertions":1,"deletions":0},"java":{"insertions":31,"deletions":3}}}]},{"date":"2021-01-29","commitResults":[{"hash":"1f2ca918c3676e412c1a75bfdd7988ea838e6ef0","messageTitle":"Shift test files to test folder","messageBody":"","fileTypesAndContributionMap":{"java":{"insertions":5,"deletions":5}}}]},{"date":"2021-01-30","commitResults":[{"hash":"59f12a3cc23b25aac81a910ca740734137f02dbf","messageTitle":"Add gradle support","messageBody":"","tags":["A-Gradle"],"fileTypesAndContributionMap":{"gradle":{"insertions":1,"deletions":1}}},{"hash":"64870738df43b68f1ddd93decaeb13cb4f759adb","messageTitle":"Create duke package and edit runtest","messageBody":"Edit runtest to work with the package\n","tags":["A-Packages"],"fileTypesAndContributionMap":{"gradle":{"insertions":1,"deletions":1},"java":{"insertions":43,"deletions":0},"bat":{"insertions":4,"deletions":2}}}]},{"date":"2021-01-31","commitResults":[{"hash":"3f4dbc5c6f80abf5235758f5ebd6224a8a4963f4","messageTitle":"Add checkstyle and edit to follow standard","messageBody":"","tags":["A-CheckStyle"],"fileTypesAndContributionMap":{"gradle":{"insertions":1,"deletions":1},"txt":{"insertions":0,"deletions":0},"java":{"insertions":90,"deletions":85}}}]},{"date":"2021-02-03","commitResults":[{"hash":"3eaa44f2ede3ba6bc6dbfb7a27f97b78a4b81be5","messageTitle":"Cleanup code from PR feedback","messageBody":"","fileTypesAndContributionMap":{"java":{"insertions":79,"deletions":12}}}]},{"date":"2021-02-04","commitResults":[{"hash":"8013604f83b285b42f2013232342ad3fa54c1875","messageTitle":"Implement skeleton of GUI","messageBody":"","fileTypesAndContributionMap":{"gradle":{"insertions":16,"deletions":1},"java":{"insertions":178,"deletions":0}}},{"hash":"c695b9aabedef1cfeeb452d18747369de52d191e","messageTitle":"Convert TaskList\u0027s List to ObservableList","messageBody":"","fileTypesAndContributionMap":{"java":{"insertions":17,"deletions":8}}},{"hash":"0a2b3e2ac2ed3e7cb54d419f3b4bbf7225dd465e","messageTitle":"Implement GUI","messageBody":"","fileTypesAndContributionMap":{"java":{"insertions":160,"deletions":185}}}]},{"date":"2021-02-05","commitResults":[{"hash":"a7e746d00f2b9a71e36d1d20cc77bdfb15497a6e","messageTitle":"Add javadocs, Cleanup GUI","messageBody":"","tags":["Level-10"],"fileTypesAndContributionMap":{"java":{"insertions":129,"deletions":54}}},{"hash":"5a0a8d87e0101451fbd01f9bc4c093002da63ff6","messageTitle":"Implement varargs in Ui","messageBody":"","tags":["A-Varargs"],"fileTypesAndContributionMap":{"java":{"insertions":56,"deletions":43}}},{"hash":"0017b3616941ad8ae92042044b26548d0339ce8f","messageTitle":"Add more testcases","messageBody":"","tags":["v0.2"],"fileTypesAndContributionMap":{"java":{"insertions":52,"deletions":9}}}]},{"date":"2021-02-06","commitResults":[{"hash":"0857f0e60058fe29e23ec5a87127e0314a6e3a77","messageTitle":"Beautify GUI","messageBody":"","fileTypesAndContributionMap":{"java":{"insertions":20,"deletions":7}}},{"hash":"41d077dba8188ce54385c0ea6a17c810205b42dc","messageTitle":"Add assertions","messageBody":"","fileTypesAndContributionMap":{"java":{"insertions":13,"deletions":2}}},{"hash":"48d5e7ff2fea11ab855703923f81f22184062b06","messageTitle":"Refactor to improve code quality","messageBody":"","fileTypesAndContributionMap":{"java":{"insertions":97,"deletions":72},"bat":{"insertions":1,"deletions":1}}},{"hash":"0be0bdbf84281cca91b1ba85b6da4c05b4ffd78c","messageTitle":"Add more testcases and fix typo in Parser","messageBody":"","fileTypesAndContributionMap":{"java":{"insertions":36,"deletions":1}}}]},{"date":"2021-02-08","commitResults":[{"hash":"69ed0f044dfb6a97041e3de95ed714d8641b38a8","messageTitle":"Implement multiple args for done,delete","messageBody":"","fileTypesAndContributionMap":{"java":{"insertions":155,"deletions":90}}},{"hash":"c7b08eba3bd9ba54da8280efa69a8e9db3cc01ac","messageTitle":"Implement sort tasklist","messageBody":"","fileTypesAndContributionMap":{"java":{"insertions":67,"deletions":5}}},{"hash":"92a6c1a76a996e78081aabb9b8e96bafcf43245d","messageTitle":"Abstract out getResponse and add missing javadocs","messageBody":"","tags":["A-CodeQuality"],"fileTypesAndContributionMap":{"java":{"insertions":47,"deletions":37}}}]},{"date":"2021-02-09","commitResults":[{"hash":"12bf2c4b91f41d4f94dc26fd0f68d469ad17f91b","messageTitle":"Add command enum and DukeTest","messageBody":"","tags":["A-Enums"],"fileTypesAndContributionMap":{"java":{"insertions":211,"deletions":85}}}]},{"date":"2021-02-10","commitResults":[{"hash":"7e3a7a6e6f6950ac697e70b4862c92a39de256b6","messageTitle":"Implement high/low priority","messageBody":"","fileTypesAndContributionMap":{"gradle":{"insertions":1,"deletions":0},"java":{"insertions":269,"deletions":42}}},{"hash":"290c2535dea06574d9ec491b5fded08790449fb1","messageTitle":"Implement textfield history and add gui package","messageBody":"","fileTypesAndContributionMap":{"java":{"insertions":83,"deletions":4}}}]},{"date":"2021-02-14","commitResults":[{"hash":"dbd8288e8b84fe5507d0adabf598a0a50da89507","messageTitle":"Fix typo in help message","messageBody":"","fileTypesAndContributionMap":{"java":{"insertions":4,"deletions":2}}}]},{"date":"2021-02-15","commitResults":[{"hash":"400f9bce231ecedc09d6af790b1359aa135813c7","messageTitle":"Implement sample and clear","messageBody":"","fileTypesAndContributionMap":{"java":{"insertions":143,"deletions":1}}}]},{"date":"2021-02-16","commitResults":[{"hash":"fd86cabe712d22ef690ce48a135e59ac901278bb","messageTitle":"Improve and finalize GUI and help text","messageBody":"","tags":["A-BetterGui"],"fileTypesAndContributionMap":{"java":{"insertions":132,"deletions":126},"md":{"insertions":203,"deletions":27}}},{"hash":"82c8ccb204f20e6ca61f32aeb35d4e9fa04b3162","messageTitle":"Update README","messageBody":"","fileTypesAndContributionMap":{"md":{"insertions":3,"deletions":8}}},{"hash":"1dfef945a075e1b78cbab3d44ff9510503e041bd","messageTitle":"Update README and remove theme","messageBody":"","fileTypesAndContributionMap":{"md":{"insertions":1,"deletions":3}}}]},{"date":"2021-02-17","commitResults":[{"hash":"c82cf4cfc27714ab989101293a494f24246be380","messageTitle":"Update user guide","messageBody":"","fileTypesAndContributionMap":{"md":{"insertions":18,"deletions":18}}},{"hash":"c0287224c245b1a3527888032c75cfdf06f85339","messageTitle":"Update README","messageBody":"","tags":["A-UserGuide"],"fileTypesAndContributionMap":{"md":{"insertions":7,"deletions":7}}},{"hash":"0049a7f7738e23640153e53fe19fce2db3475c79","messageTitle":"Shift Launcher out of package","messageBody":"","fileTypesAndContributionMap":{"gradle":{"insertions":1,"deletions":1},"java":{"insertions":0,"deletions":2}}},{"hash":"8df6d7d4eb07892339fd5615618ecea7c5f3da6e","messageTitle":"Abstract CustomListCell out","messageBody":"","fileTypesAndContributionMap":{"java":{"insertions":27,"deletions":21}}},{"hash":"34f66ac30dfb5e87bb901bbe21a4f45e3cb8699d","messageTitle":"Implement Pair class","messageBody":"","fileTypesAndContributionMap":{"java":{"insertions":52,"deletions":4}}},{"hash":"42a46603363e5d46ddde15610f4f5b7e1cc4db50","messageTitle":"Finalize Duke","messageBody":"Ensure variable names are following standard.\nRename some methods to verbs.\nAbstracted out booleans.\nAdded minor comments.\nEnsure javadocs for public methods.\nRemove redundant checks in create task methods.\n","fileTypesAndContributionMap":{"java":{"insertions":339,"deletions":357}}}]},{"date":"2021-02-18","commitResults":[{"hash":"aa04e17a0d4f2b4059f91e320694c4ca921a703f","messageTitle":"Fix bug in Parser","messageBody":"Disallow use of semicolon as input to avoid conflict with save file.\n","tags":["A-Release"],"fileTypesAndContributionMap":{"java":{"insertions":5,"deletions":0}}}]}]},"authorFileTypeContributionMap":{"garyljj":{"java":2443,"md":188,"fxml":50,"sh":0,"bat":5,"gradle":18,"txt":26}},"authorContributionVariance":{"garyljj":68965.734},"authorDisplayNameMap":{"garyljj":"CS2103-W16-3 GARY.. JIN"}}
