{"authorDailyContributionsMap":{"mechastriker3":[{"date":"2021-01-19","commitResults":[{"hash":"01ec46f6217c9038952ec3a653cd6a0fc7f2c80a","messageTitle":"first commit!! added user input and echo","messageBody":"","fileTypesAndContributionMap":{"java":{"insertions":13,"deletions":0}}},{"hash":"932730c89f708cf0e01625278fd7b22141e4973f","messageTitle":"Add bye message and reply formatting","messageBody":"","tags":["Level-1"],"fileTypesAndContributionMap":{"java":{"insertions":10,"deletions":1}}}]},{"date":"2021-01-20","commitResults":[{"hash":"bf7de9a9efadc9ea95a8f0e52c072059938f3fe2","messageTitle":"Add storage and list function for user input","messageBody":"","tags":["Level-2"],"fileTypesAndContributionMap":{"java":{"insertions":57,"deletions":5}}}]},{"date":"2021-01-21","commitResults":[{"hash":"18a2c8886f545f4d9b7919f5ffc2b0bd7a619e19","messageTitle":"Add function to mark task as done","messageBody":"","tags":["Level-3","A-Collections","A-Classes"],"fileTypesAndContributionMap":{"java":{"insertions":35,"deletions":14}}},{"hash":"a2cf1f527d1b2e1bf46142cdf45b5dc4f630c0b6","messageTitle":"Add support for tracking three types of tasks:","messageBody":"","tags":["Level-5","Level-4","A-TextUiTesting","A-Inheritance"],"fileTypesAndContributionMap":{"txt":{"insertions":3,"deletions":0},"java":{"insertions":108,"deletions":17},"sh":{"insertions":1,"deletions":1}}},{"hash":"febedd91806b8171dd8a2f535012c7f10f46fae7","messageTitle":"Add support for deleting tasks from the list.","messageBody":"","tags":["Level-6"],"fileTypesAndContributionMap":{"java":{"insertions":20,"deletions":6}}}]},{"date":"2021-01-26","commitResults":[{"hash":"14f94fbc82132a4c63303fb266fcd20ef48a8013","messageTitle":"Add Storage class to manage writing and reading from hard disk","messageBody":"","tags":["A-Packages"],"fileTypesAndContributionMap":{"java":{"insertions":116,"deletions":5}}},{"hash":"8e5d212124cf6bd2dd56dfb372e18423b6163338","messageTitle":"Test and integrate Storage into working code.","messageBody":"","tags":["Level-7"],"fileTypesAndContributionMap":{"java":{"insertions":22,"deletions":9}}},{"hash":"8f86ae4a376a957a45eec77df7cbe25ed59ecb0c","messageTitle":"Remove some redundant casting in Storage.java","messageBody":"","fileTypesAndContributionMap":{"java":{"insertions":0,"deletions":2}}},{"hash":"8fd6507f83a986ad66bc26c1f1da9e7b7446bc23","messageTitle":"Change time from string to LocalDate object","messageBody":"","tags":["Level-8"],"fileTypesAndContributionMap":{"java":{"insertions":15,"deletions":8}}}]},{"date":"2021-01-27","commitResults":[{"hash":"82d4e9a1a073e0a1390e33b9ee4e3e72786d7e56","messageTitle":"Fix errors integrating saving time as LocalDate.","messageBody":"","fileTypesAndContributionMap":{"java":{"insertions":31,"deletions":23}}}]},{"date":"2021-02-02","commitResults":[{"hash":"b6eed7c0eac79cfd64dca5865d902b16ff9cc71f","messageTitle":"Fix bugs from merging","messageBody":"","fileTypesAndContributionMap":{"java":{"insertions":39,"deletions":9}}},{"hash":"b0afd0d8d8f13812116143340286786baa46fc6e","messageTitle":"Created classes for more oop","messageBody":"","tags":["A-MoreOOP","A-CodingStandard"],"fileTypesAndContributionMap":{"java":{"insertions":12,"deletions":11}}}]},{"date":"2021-02-03","commitResults":[{"hash":"5da3d6991b27f932f0d65c3e2b70b4227dd0a7bb","messageTitle":"Add Javadocs","messageBody":"","fileTypesAndContributionMap":{"java":{"insertions":283,"deletions":4}}},{"hash":"e2a099e4e5a1b9bf426c4fcd5a1ec1104f608b87","messageTitle":"Refactor more code and checkstyle.","messageBody":"","fileTypesAndContributionMap":{"java":{"insertions":326,"deletions":228}}},{"hash":"080d9f50efd486ae9ebc84ecae6455e779016569","messageTitle":"Edit test UI formatting","messageBody":"","fileTypesAndContributionMap":{"java":{"insertions":1,"deletions":1}}},{"hash":"e22a9a09e94dc941db4f9ee4248046f5c36fcd6c","messageTitle":"Add more JavaDocs","messageBody":"","fileTypesAndContributionMap":{"java":{"insertions":16,"deletions":16}}},{"hash":"8534df2623911c01d8d40c81374f0e453c86ebca","messageTitle":"Clean up some commented out code.","messageBody":"","fileTypesAndContributionMap":{"java":{"insertions":1,"deletions":22}}},{"hash":"27c5ea03300e22d3edac587609da6411a3d75d32","messageTitle":"Add more JavaDocs","messageBody":"","tags":["A-JavaDoc"],"fileTypesAndContributionMap":{"java":{"insertions":3,"deletions":0}}},{"hash":"299993ac6432236f4513c3e0aa99df18e5bbdfec","messageTitle":"Add JavaDoc","messageBody":"","fileTypesAndContributionMap":{"java":{"insertions":4,"deletions":0}}},{"hash":"e33bdbc6d1e1d96deb061687bfbcd0c718294f95","messageTitle":"Fix Bugs","messageBody":"","fileTypesAndContributionMap":{"java":{"insertions":50,"deletions":21}}},{"hash":"2731c8ac15e65ac56e21a1357c184632b36ce625","messageTitle":"Add J Unit Test","messageBody":"","tags":["A-Jar","A-JUnit"],"fileTypesAndContributionMap":{"java":{"insertions":58,"deletions":19}}}]},{"date":"2021-02-04","commitResults":[{"hash":"d0bc0f5314fa28191dd91d9c2b239e7527b05f16","messageTitle":"Format whitespaces","messageBody":"","fileTypesAndContributionMap":{"java":{"insertions":0,"deletions":4}}}]},{"date":"2021-02-07","commitResults":[{"hash":"1ddcacaa3b7cb6a06ee2c18414a66c7a83f01df4","messageTitle":"Add find for commands","messageBody":"","tags":["Level-9"],"fileTypesAndContributionMap":{"java":{"insertions":150,"deletions":45}}},{"hash":"da0260c645b3a322caa832328b2eac0652b3156c","messageTitle":"Show time for deadline and event in find result","messageBody":"","fileTypesAndContributionMap":{"java":{"insertions":25,"deletions":2}}},{"hash":"47a87981538f92881f9bf03190dd517faa34af77","messageTitle":"Fix ExitCommand","messageBody":"","fileTypesAndContributionMap":{"java":{"insertions":21,"deletions":6}}},{"hash":"d2ff6c7efc96ab6755c10986eef80c79fb5f75d1","messageTitle":"Edit bye message","messageBody":"","fileTypesAndContributionMap":{"java":{"insertions":1,"deletions":1}}},{"hash":"1056799eee298d93e36bc5e81ec66f2a12c0af0d","messageTitle":"Add javaFx dependencies to build.gradle","messageBody":"","fileTypesAndContributionMap":{"gradle":{"insertions":15,"deletions":0}}}]},{"date":"2021-02-08","commitResults":[{"hash":"47d3251b396456bb7734e1ed4ad466b9b7bd0229","messageTitle":"Add JavaFX GUI to duke","messageBody":"","tags":["Level-10"],"fileTypesAndContributionMap":{"java":{"insertions":470,"deletions":128}}},{"hash":"864853fd3c6f2489bb3901020044a2328ced5e89","messageTitle":"Use FXML","messageBody":"","tags":["A-Streams","A-Lambdas"],"fileTypesAndContributionMap":{"java":{"insertions":212,"deletions":75}}},{"hash":"4ff9fc2dff7baa32c29589eedc215427ceb97046","messageTitle":"Use Assert","messageBody":"","fileTypesAndContributionMap":{"java":{"insertions":1,"deletions":0}}},{"hash":"86af20ad6b89993961692d6f5aeb1320af5e3c6e","messageTitle":"Add Continuous Integration","messageBody":"","tags":["A-CI"],"fileTypesAndContributionMap":{"java":{"insertions":26,"deletions":1}}},{"hash":"3d3632dde44a25f8b57b6f299a452e3803e5febf","messageTitle":"Add Assertions","messageBody":"","fileTypesAndContributionMap":{"java":{"insertions":2,"deletions":1}}}]},{"date":"2021-02-09","commitResults":[{"hash":"784da74f89689671b0b8c736ba128c91e8a466c9","messageTitle":"Update GUI","messageBody":"","fileTypesAndContributionMap":{"java":{"insertions":28,"deletions":181}}},{"hash":"377d2301555ee90ec7a0acd541f453e6c8515947","messageTitle":"Clean Up commented out code","messageBody":"","fileTypesAndContributionMap":{"java":{"insertions":18,"deletions":249}}},{"hash":"685c012ef53bc01d4545e29f6c97dee210171f3a","messageTitle":"Add welcome message","messageBody":"","fileTypesAndContributionMap":{"java":{"insertions":8,"deletions":6}}},{"hash":"49cea64608b5e4c468d4449002fdfe65b572419a","messageTitle":"Clean up code spacing","messageBody":"","fileTypesAndContributionMap":{"txt":{"insertions":3,"deletions":0},"java":{"insertions":0,"deletions":3},"bat":{"insertions":89,"deletions":0}}},{"hash":"038cf73b8736a73407994f08f81a0c7ba96298d8","messageTitle":"Make exit delay dynamic and not hardcoded","messageBody":"","fileTypesAndContributionMap":{"java":{"insertions":8,"deletions":3}}},{"hash":"496e1533dbb3c161d89d2f7358bf602cfd1ae246","messageTitle":"Fix more code quality","messageBody":"","tags":["A-CodeQuality"],"fileTypesAndContributionMap":{"java":{"insertions":5,"deletions":5}}},{"hash":"7a06c19dc201b7ca00edc95d705bb1cde6e88046","messageTitle":"Add RemindCommand to show upcoming tasks","messageBody":"","tags":["BCD-Extension"],"fileTypesAndContributionMap":{"txt":{"insertions":1,"deletions":0},"java":{"insertions":113,"deletions":0}}},{"hash":"ed7d15c2ca67ff2ca8492601552e07540ea2f5e3","messageTitle":"Clean up code","messageBody":"","fileTypesAndContributionMap":{"java":{"insertions":5,"deletions":20}}},{"hash":"9935ed2cf1b3c03a3634b94d357b27a63755c47c","messageTitle":"Update printing of add Deadline and Event","messageBody":"","fileTypesAndContributionMap":{"txt":{"insertions":3,"deletions":0},"java":{"insertions":4,"deletions":4}}}]},{"date":"2021-02-11","commitResults":[{"hash":"304bf2105dcc264c738217564d66e5254aedce5e","messageTitle":"Fix usage of assert statements","messageBody":"","fileTypesAndContributionMap":{"java":{"insertions":1,"deletions":2}}},{"hash":"e906a9121736f892ebebf2521bb6000145e3be20","messageTitle":"Fix RemindCommand.java isUpcoming code logic","messageBody":"","fileTypesAndContributionMap":{"txt":{"insertions":1,"deletions":0},"java":{"insertions":1,"deletions":1}}},{"hash":"fed5eb8936937a1877698ee02ffc00b9f5a9a745","messageTitle":"Fix exception message for invalid remind argument","messageBody":"","fileTypesAndContributionMap":{"java":{"insertions":1,"deletions":1}}},{"hash":"0042f033c9c233e338b5842ff194ba16139886f9","messageTitle":"Fix exception message for invalid remind argument","messageBody":"","fileTypesAndContributionMap":{"java":{"insertions":1,"deletions":1}}},{"hash":"619892c7f062bb1e9de0df3cf895564e2a9074e0","messageTitle":"Fix access modifier for RemindCommand.isUpcoming","messageBody":"","fileTypesAndContributionMap":{"java":{"insertions":1,"deletions":1}}}]},{"date":"2021-02-16","commitResults":[{"hash":"210f758263de524b854ae85142e900e498977f31","messageTitle":"Fix accidental git push --mirror","messageBody":"","fileTypesAndContributionMap":{"gradle":{"insertions":3,"deletions":2},"java":{"insertions":99,"deletions":63}}},{"hash":"48010bc28e186ed67ea42665b9219173c1832e0a","messageTitle":"Edit styling for GUI","messageBody":"","tags":["A-BetterGui"],"fileTypesAndContributionMap":{"txt":{"insertions":1,"deletions":0}}},{"hash":"f653aa2c3b0046e8a41f46cbaa7ccaa2557232d8","messageTitle":"Edit styling for GUI","messageBody":"","fileTypesAndContributionMap":{"txt":{"insertions":0,"deletions":3}}},{"hash":"3f665c70cf696200dc5fd2b11c6d7fd1f6ce69a3","messageTitle":"Add screenshot of Ui","messageBody":"","fileTypesAndContributionMap":{"txt":{"insertions":1,"deletions":5}}},{"hash":"c5b0ae26d4840dc0e8fd8faa6ffa7891d5f4905d","messageTitle":"Edit README.md","messageBody":"","tags":["A-UserGuide"],"fileTypesAndContributionMap":{"md":{"insertions":20,"deletions":5}}}]},{"date":"2021-02-17","commitResults":[{"hash":"872e48e0a71fd74a88ea3cb4b8d709307b12edf7","messageTitle":"Test using Unicode characters on GitHub Markdown","messageBody":"","fileTypesAndContributionMap":{"java":{"insertions":2,"deletions":2},"md":{"insertions":53,"deletions":1}}},{"hash":"00f1f5530577cb296a0fd5f2371762d7fa5b2c27","messageTitle":"Edit README.md","messageBody":"","fileTypesAndContributionMap":{"java":{"insertions":43,"deletions":10},"md":{"insertions":38,"deletions":27}}},{"hash":"1b1d65a4be4d5c78e9279cf65e4425bcdc7fad2d","messageTitle":"Edit README.md","messageBody":"","fileTypesAndContributionMap":{"md":{"insertions":3,"deletions":3}}},{"hash":"40f42596e78279ef8ec1796f986b4096178ede2c","messageTitle":"Edit README.md","messageBody":"","fileTypesAndContributionMap":{"md":{"insertions":4,"deletions":4}}},{"hash":"df26a6247b94ff93dcbb1c5a68d616611d1ad41f","messageTitle":"Edit README.md","messageBody":"","fileTypesAndContributionMap":{"md":{"insertions":2,"deletions":2}}},{"hash":"9c7ff225887621f6430bed61ef861083799f99ca","messageTitle":"Edit README.md","messageBody":"","fileTypesAndContributionMap":{"md":{"insertions":1,"deletions":1}}},{"hash":"0dbba1b5cb000ec5f8ed05f4626a0ea1dfc0bd9b","messageTitle":"Edit README.md","messageBody":"","fileTypesAndContributionMap":{"txt":{"insertions":0,"deletions":2},"java":{"insertions":28,"deletions":8},"md":{"insertions":68,"deletions":22}}},{"hash":"3c6404c536542294e49bee9b462cc17c2f155c0e","messageTitle":"Edit README.md","messageBody":"","fileTypesAndContributionMap":{"txt":{"insertions":2,"deletions":0},"java":{"insertions":31,"deletions":43},"md":{"insertions":156,"deletions":25}}},{"hash":"13e1c611989b8f432fc235e3f7e8f693cd27bf5a","messageTitle":"Fix Checkstyle","messageBody":"","tags":["v0.3","A-Release"],"fileTypesAndContributionMap":{"gradle":{"insertions":1,"deletions":1},"java":{"insertions":74,"deletions":30}}},{"hash":"b36475419e7964e0a6ec3d41d3fba4f1b79bec54","messageTitle":"Edit README.md","messageBody":"","fileTypesAndContributionMap":{"md":{"insertions":1,"deletions":1}}},{"hash":"819a19ff4905ff0e50ed9e8064b96a494cb6d447","messageTitle":"Test color for MarkDown text","messageBody":"","fileTypesAndContributionMap":{"md":{"insertions":1,"deletions":1}}},{"hash":"69db40d58efc8a8d5f45acb5bbece23cf39d3ecc","messageTitle":"Test html tags for MarkDown","messageBody":"","fileTypesAndContributionMap":{"md":{"insertions":5,"deletions":1}}},{"hash":"a2d3a30e2b3ff0e9329387b18ebdb064399e1389","messageTitle":"Test html tags for MarkDown","messageBody":"","fileTypesAndContributionMap":{"md":{"insertions":8,"deletions":2}}},{"hash":"13970f948401bd80688dce74ef51a0bee4416467","messageTitle":"Edit README.md","messageBody":"","fileTypesAndContributionMap":{"md":{"insertions":37,"deletions":7}}}]}]},"authorFileTypeContributionMap":{"mechastriker3":{"java":1277,"md":299,"fxml":87,"sh":1,"bat":0,"gradle":18,"txt":5}},"authorContributionVariance":{"mechastriker3":71982.4},"authorDisplayNameMap":{"mechastriker3":"CS2103T-W13-3 LIAO..PENG"}}
