{"authorDailyContributionsMap":{"kingsleykuan":[{"date":"2021-01-19","commitResults":[{"hash":"7ba28b1ba58054b9b0296fa6b7f821aa7f203736","messageTitle":"Rename bot name from Duke to Owen","messageBody":"","fileTypesAndContributionMap":{"java":{"insertions":11,"deletions":10}}},{"hash":"edef2edfb7ccc8770ea5f3d3994eca6b777a2301","messageTitle":"Add Response interface and DefaultResponse implementation","messageBody":"Response represents a formatted chatbot response message.\n","fileTypesAndContributionMap":{"java":{"insertions":56,"deletions":0}}},{"hash":"f29d08cff4f6157caa414a2b77e2ac4444643c24","messageTitle":"Create Chatbot interface and make Owen implement it","messageBody":"Chatbot interface is decoupled from main loop and user input /\noutput. To get a response from the Chatbot, a method must be\nimplemented and called to get the latest response.\n","fileTypesAndContributionMap":{"java":{"insertions":23,"deletions":4}}},{"hash":"76eba0043d6d7cfe64ddb15563a42211ca345d48","messageTitle":"Add methods to shutdown Chatbot and check if it currently running","messageBody":"","fileTypesAndContributionMap":{"java":{"insertions":21,"deletions":0}}},{"hash":"2c81f0e7bf32bd85956fdb26945b1d8cdb8f099c","messageTitle":"Add ability to parse commands and implement Echo and Exit commands","messageBody":"As chatbot is immutable, parsing commands will return a new copy\nof the chatbot with its internal state changed.\n","fileTypesAndContributionMap":{"java":{"insertions":12,"deletions":0}}},{"hash":"aef63690e11ba950f28c9fd701e3797c66c5a527","messageTitle":"Implement main loop that handles user input / output","messageBody":"","fileTypesAndContributionMap":{"java":{"insertions":12,"deletions":0}}},{"hash":"ba53568b108e64abedcdb990bc21ee8f2ea9f20a","messageTitle":"Add Javadocs to Chatbot interface and Owen chatbot","messageBody":"","tags":["Level-1"],"fileTypesAndContributionMap":{"java":{"insertions":32,"deletions":0}}}]},{"date":"2021-01-20","commitResults":[{"hash":"2a571a4b627c0e6ff5649237b63736ebe02caf64","messageTitle":"Implement Add and List commands in Owen","messageBody":"* Echo command is replaced by Add command\n* Add command adds items to a list that Owen keeps track of\n* List command lists out items that Owen is keeping track of\n","tags":["Level-2"],"fileTypesAndContributionMap":{"java":{"insertions":26,"deletions":4}}}]},{"date":"2021-01-21","commitResults":[{"hash":"0457a5e3a7a60b5952e7f2a419acb3fd971f602f","messageTitle":"Add general Task and TaskList to keep track of Tasks","messageBody":"","fileTypesAndContributionMap":{"java":{"insertions":99,"deletions":0}}},{"hash":"16972822c2b27bb7e9ce90fc02d49894e1ddcbb1","messageTitle":"Add ability to mark tasks as done in Owen","messageBody":"Owen uses List of Strings to keep track of tasks. In order to make\nTask management abstract, use a TaskList instead that allows adding\nand marking of tasks as done.\n","tags":["Level-3"],"fileTypesAndContributionMap":{"java":{"insertions":20,"deletions":23}}},{"hash":"0ab0072cde2d8c134aaaaf7054b3d6189ac62989","messageTitle":"Make Task abstract and add support for todo, event, and deadline tasks","messageBody":"","fileTypesAndContributionMap":{"java":{"insertions":145,"deletions":18}}},{"hash":"ee9d83c448b61a01308e242ccf2cdbc0f4db7fc9","messageTitle":"Make adding of tasks more verbose","messageBody":"","tags":["Level-4"],"fileTypesAndContributionMap":{"java":{"insertions":15,"deletions":2}}},{"hash":"3b7ad032c4f6bcc426886934d35c3d826a649cad","messageTitle":"Add Automated Text UI Testing","messageBody":"* Changed task status icon to use X\n","tags":["A-TextUiTesting"],"fileTypesAndContributionMap":{"txt":{"insertions":7,"deletions":0},"java":{"insertions":1,"deletions":1},"sh":{"insertions":2,"deletions":2}}},{"hash":"2302b89463ec1d0c12b147e82d382fa2d9854e50","messageTitle":"Add OwenException for error handling","messageBody":"","fileTypesAndContributionMap":{"java":{"insertions":37,"deletions":23}}},{"hash":"62a26d2838af551ecb0607724fef50725eee7f61","messageTitle":"Add error handling for task parsing","messageBody":"","fileTypesAndContributionMap":{"java":{"insertions":26,"deletions":6}}},{"hash":"4cdd09106c567d94674931e5ac0ef02f8fe91717","messageTitle":"Update tests to check error handling","messageBody":"","fileTypesAndContributionMap":{"txt":{"insertions":3,"deletions":0}}},{"hash":"61458c8d2f3f3cfabdf323e28ef3f7b2ea94552c","messageTitle":"Add error handling for Done command","messageBody":"","tags":["Level-5"],"fileTypesAndContributionMap":{"txt":{"insertions":2,"deletions":0},"java":{"insertions":16,"deletions":2}}},{"hash":"13d9df8977bdaa61e9e7fb38c44a5a0cb6cc854d","messageTitle":"Add Delete command to Owen to delete tasks from task list","messageBody":"","fileTypesAndContributionMap":{"java":{"insertions":23,"deletions":0}}},{"hash":"af5e928cab7d929929695dfa4bad708a0f73af68","messageTitle":"Add error handling for Delete command","messageBody":"","fileTypesAndContributionMap":{"java":{"insertions":15,"deletions":2}}},{"hash":"f942a732c9148c3cf7cd7723a041db9b934043db","messageTitle":"Move Owen commands to functions","messageBody":"","fileTypesAndContributionMap":{"java":{"insertions":49,"deletions":40}}},{"hash":"a133beb069e270e7f64f1549c9d2a64fd3ac6f5a","messageTitle":"Add tests for Delete command","messageBody":"","tags":["Level-6"],"fileTypesAndContributionMap":{"txt":{"insertions":4,"deletions":0}}},{"hash":"5aaa782a72fee9b61104a3c4cd5c5ea371e1306b","messageTitle":"Use enums to represent commands and task type","messageBody":"","tags":["A-Enums"],"fileTypesAndContributionMap":{"java":{"insertions":44,"deletions":14}}}]},{"date":"2021-01-25","commitResults":[{"hash":"945c64d32a1262dbbb1136921499862488dacbf0","messageTitle":"Add serialization and deserialization of Tasks and TaskList","messageBody":"","fileTypesAndContributionMap":{"java":{"insertions":105,"deletions":0}}},{"hash":"ef6561238aac37e17f9d5e8d416ca9fd9d581890","messageTitle":"Add loading and saving of Owen task list","messageBody":"","fileTypesAndContributionMap":{"java":{"insertions":62,"deletions":8}}},{"hash":"2786aa8bcd5ce695dad40d54982dfa251d52e944","messageTitle":"Add date time parsing and formatting in Deadline and Event tasks","messageBody":"","fileTypesAndContributionMap":{"java":{"insertions":104,"deletions":10}}},{"hash":"b3472b1e71502bb6457ffbef31cadbf1fc22e3c4","messageTitle":"Add javadocs to Storage","messageBody":"","fileTypesAndContributionMap":{"java":{"insertions":17,"deletions":0}}},{"hash":"867cb7f824803cb0a6236c7cbaf9690a41148eec","messageTitle":"Update tests to handle persistant storage","messageBody":"","fileTypesAndContributionMap":{"txt":{"insertions":3,"deletions":0}}},{"hash":"0e53ea159db2c1a68abff3ae3551248d6bdcb4c0","messageTitle":"Update tests with new date time formatting","messageBody":"","fileTypesAndContributionMap":{"txt":{"insertions":2,"deletions":2}}},{"hash":"881784cc5466c9d85837ccb663f508342df4de3d","messageTitle":"Fix compatibility between storage and new date time handling","messageBody":"","tags":["Level-8"],"fileTypesAndContributionMap":{"java":{"insertions":21,"deletions":10}}}]},{"date":"2021-01-27","commitResults":[{"hash":"93145a85d51a6a456b4ae621d8930ccd62dc15c3","messageTitle":"Extract user input and output handling to UI class","messageBody":"","fileTypesAndContributionMap":{"java":{"insertions":55,"deletions":26}}},{"hash":"615b2382dc3ef8f107c6801f33200a1d67d1411f","messageTitle":"Extract commands and parser from Owen","messageBody":"","tags":["A-MoreOOP"],"fileTypesAndContributionMap":{"java":{"insertions":79,"deletions":33}}},{"hash":"2e8e13725c716ce625c26f8ff3ae75b46854922f","messageTitle":"Organize Owen into owen package","messageBody":"","fileTypesAndContributionMap":{"java":{"insertions":34,"deletions":0},"sh":{"insertions":2,"deletions":2}}},{"hash":"011e4dfa03d63db26ef2936f7a5270de3dee9870","messageTitle":"Organize Owen commands and tasks into packages","messageBody":"","tags":["A-Packages"],"fileTypesAndContributionMap":{"java":{"insertions":23,"deletions":7}}},{"hash":"60be1d1beb304b236f781920b3d2af5e938d056a","messageTitle":"Add unit tests for tasks and task list","messageBody":"","fileTypesAndContributionMap":{"java":{"insertions":336,"deletions":0}}},{"hash":"17df15a6b6faba2b9078251887aa72b3123a72a3","messageTitle":"Add unit tests for Owen, date time formatter, and parser","messageBody":"","tags":["A-Jar","A-JUnit"],"fileTypesAndContributionMap":{"java":{"insertions":161,"deletions":0}}},{"hash":"d2111ac1eef68545074d5ab86bf58f5717f0c09d","messageTitle":"Fix coding style for test code","messageBody":"","fileTypesAndContributionMap":{"java":{"insertions":16,"deletions":17}}},{"hash":"71999a26f71a6b846ea392ebe2f8be6f1ff31397","messageTitle":"Fix coding style for Owen","messageBody":"","fileTypesAndContributionMap":{"java":{"insertions":5,"deletions":7}}},{"hash":"8f022da1601389909c2413e085b959dd85150499","messageTitle":"Add find function to task list","messageBody":"","fileTypesAndContributionMap":{"java":{"insertions":42,"deletions":0}}},{"hash":"c29e3fb71094c4061378d17ee9200855ebcfba42","messageTitle":"Add find command to Owen","messageBody":"","fileTypesAndContributionMap":{"txt":{"insertions":1,"deletions":0},"java":{"insertions":34,"deletions":0}}},{"hash":"342ed9c03d12f73324dd447337514489e95d30a6","messageTitle":"Add missing javadocs","messageBody":"","fileTypesAndContributionMap":{"java":{"insertions":78,"deletions":0}}}]},{"date":"2021-01-31","commitResults":[{"hash":"398205eaa6db51c6919f5a249956e854241f1c2c","messageTitle":"Setup Gradle for Owen project","messageBody":"","fileTypesAndContributionMap":{"gradle":{"insertions":2,"deletions":2}}}]},{"date":"2021-02-03","commitResults":[{"hash":"6c011045472e69e8937e6120d4615de570b68c8d","messageTitle":"Add GUI interface to Owen","messageBody":"","fileTypesAndContributionMap":{"gradle":{"insertions":15,"deletions":0},"java":{"insertions":156,"deletions":7}}},{"hash":"d9ba857b237c93bd083da6b451abf5ff0167acb9","messageTitle":"Modify DialogBox to allow text to grow vertically","messageBody":"","fileTypesAndContributionMap":{"java":{"insertions":2,"deletions":2}}},{"hash":"bd0847230c3fe21971c82171ed311241998542e7","messageTitle":"Add separator between dialog boxes in GUI","messageBody":"","fileTypesAndContributionMap":{"java":{"insertions":7,"deletions":3}}},{"hash":"313d01655693a138002903e0d2f0990aee940cc6","messageTitle":"Add javadocs to GUI components","messageBody":"","fileTypesAndContributionMap":{"java":{"insertions":39,"deletions":0}}}]}]},"authorFileTypeContributionMap":{"kingsleykuan":{"java":1788,"md":0,"fxml":35,"sh":2,"bat":0,"gradle":17,"txt":20}},"authorContributionVariance":{"kingsleykuan":54008.902},"authorDisplayNameMap":{"kingsleykuan":"CS2103-T14-3 KING.. HAO"}}
