{"authorDailyContributionsMap":{"andrea-twl":[{"date":"2021-01-31","commitResults":[{"hash":"af7e8f9496e905b5187326f5dd43e1e77acb5a3a","messageTitle":"Level 1 complete","messageBody":"","fileTypesAndContributionMap":{"java":{"insertions":24,"deletions":0}}},{"hash":"c62122005709a80d02b4fb4993238d3d76086015","messageTitle":"Level-2 complete","messageBody":"","fileTypesAndContributionMap":{"java":{"insertions":18,"deletions":3}}},{"hash":"b3a532333cfaf3ee5f6bd4e5c60dc2d2b2b4fe52","messageTitle":"Level-3 complete","messageBody":"","fileTypesAndContributionMap":{"java":{"insertions":36,"deletions":6}}}]},{"date":"2021-02-02","commitResults":[{"hash":"25b1d6b8687dc213d11cceadc583730c1625fa27","messageTitle":"level-4 completed (implemented ToDo.java, Deadline.java and Event.java. Also separated Task.java into another file.","messageBody":"","fileTypesAndContributionMap":{"java":{"insertions":90,"deletions":26}}}]},{"date":"2021-02-03","commitResults":[{"hash":"dd45d1b311a8bba5cc63f44d51101211a29c13f5","messageTitle":"Level-5 complete (added DukeIncompleteCommandException.java and DukeInvalidCommandException.java)","messageBody":"","fileTypesAndContributionMap":{"java":{"insertions":95,"deletions":20}}},{"hash":"26418a372b96dc5963a591a5387c5983b817a444","messageTitle":"Level-6 completed (added delete function)","messageBody":"","fileTypesAndContributionMap":{"java":{"insertions":39,"deletions":28}}}]}]},"authorFileTypeContributionMap":{"andrea-twl":{"java":219,"md":0,"fxml":0,"sh":0,"bat":0,"gradle":0,"txt":0}},"authorContributionVariance":{"andrea-twl":1998.8732},"authorDisplayNameMap":{"andrea-twl":"CS2103T-T11-3 TAN ..DREA"}}
