{"authorDailyContributionsMap":{"dvdweien":[{"date":"2021-01-18","commitResults":[{"hash":"26141e2a05680fa39db3bea743999ab7f69c1fb7","messageTitle":"Level 1. Greet, Echo, Exit","messageBody":"","tags":["Level-1"],"fileTypesAndContributionMap":{"java":{"insertions":39,"deletions":0}}},{"hash":"b1ab09afe4615b349017e883f7197ee48624508a","messageTitle":"Level 2. Add, List","messageBody":"Add the ability to store whatever text entered by the user and\ndisplay them back to the user when requested.\n","tags":["Level-2"],"fileTypesAndContributionMap":{"java":{"insertions":29,"deletions":4}}},{"hash":"f0aa0dc7a64cf05e06b71fb054bba8e78b63cb97","messageTitle":"Level-3: Mark as Done","messageBody":"Add the ability to mark tasks as done.\n","tags":["Level-3"],"fileTypesAndContributionMap":{"java":{"insertions":76,"deletions":5}}},{"hash":"1fc80fcadf747e8c820b59359505b74ec1385149","messageTitle":"Level-4: ToDo, Event, Deadline","messageBody":"Add support for tracking three types of tasks:\n\nToDos: tasks without any date/time attached to it e.g., visit new\ntheme park\nDeadlines: tasks that need to be done before a specific date/time\ne.g., submit report by 11/10/2019 5pm\nEvents: tasks that start at a specific time and ends at a\nspecific time e.g., team project meeting on 2/10/2019 2-4pm\n","tags":["Level-4"],"fileTypesAndContributionMap":{"java":{"insertions":37,"deletions":0}}},{"hash":"de693596df8b2bb9ab4a84877ea66e2f60df3be6","messageTitle":"A-TextUiTesting: Automated Text UI Testing","messageBody":"Use the input/output redirection technique to semi-automate the\ntesting of Duke.\n","tags":["A-TextUiTesting"],"fileTypesAndContributionMap":{"txt":{"insertions":11,"deletions":0},"sh":{"insertions":1,"deletions":1}}},{"hash":"98ef555c8f35abec0604dc45f2fef19f5cd1f90d","messageTitle":"Level-5: Handle Errors","messageBody":"Teach Duke to deal with errors such as incorrect inputs entered\nby the user.\n","tags":["Level-5"],"fileTypesAndContributionMap":{"txt":{"insertions":2,"deletions":0},"java":{"insertions":47,"deletions":13}}},{"hash":"332df0db0a7d42901dda661b69d8319361260b4f","messageTitle":"Level-6: Delete","messageBody":"Add support for deleting tasks from the list.\n","tags":["Level-6"],"fileTypesAndContributionMap":{"txt":{"insertions":3,"deletions":0},"java":{"insertions":18,"deletions":11}}}]}]},"authorFileTypeContributionMap":{"dvdweien":{"java":213,"md":0,"fxml":0,"sh":1,"bat":0,"gradle":0,"txt":16}},"authorContributionVariance":{"dvdweien":9647.859},"authorDisplayNameMap":{"dvdweien":"DAVI..I EN"}}
