{"authorDailyContributionsMap":{"Sidney011100":[{"date":"2021-01-19","commitResults":[{"hash":"e0a56e0036bca8cda6b84864d63019341f101d17","messageTitle":"Level-1","messageBody":"","tags":["Level-1"],"fileTypesAndContributionMap":{"java":{"insertions":18,"deletions":6}}},{"hash":"9c049248b6858a02afca1c753d708380d13f6b11","messageTitle":"level 2 completed","messageBody":"","tags":["Level-2"],"fileTypesAndContributionMap":{"java":{"insertions":9,"deletions":1}}},{"hash":"4b9279404ddde91ea54e66b41c7acdeb28b80c8a","messageTitle":"Level-3 completed","messageBody":"","tags":["Level-3"],"fileTypesAndContributionMap":{"java":{"insertions":38,"deletions":3}}},{"hash":"0ee1fc999f488232c684f5b12b8729150daad040","messageTitle":"Level-4 completed","messageBody":"","tags":["Level-4"],"fileTypesAndContributionMap":{"java":{"insertions":98,"deletions":14}}},{"hash":"c04b8f51c47cd1ee883aa40a7c5faf7f31c1feb8","messageTitle":"Level 5 and 6 Completed","messageBody":"","tags":["Level-6","Level-5","A-TextUiTesting"],"fileTypesAndContributionMap":{"txt":{"insertions":2,"deletions":0},"java":{"insertions":39,"deletions":22}}}]},{"date":"2021-01-20","commitResults":[{"hash":"fc58933e53811ca17ea80b6c00ca50c7e57a5085","messageTitle":"handled more exceptions and added enum","messageBody":"","fileTypesAndContributionMap":{"java":{"insertions":120,"deletions":56}}},{"hash":"5cd828c55961539ae79f3abfaa134ff344a72723","messageTitle":"handled more errors","messageBody":"","fileTypesAndContributionMap":{"java":{"insertions":10,"deletions":26}}}]},{"date":"2021-01-26","commitResults":[{"hash":"78c36eda169bb6d78abdaff962b31670bec4d189","messageTitle":"filed","messageBody":"","fileTypesAndContributionMap":{"java":{"insertions":65,"deletions":67}}},{"hash":"6f3dab1f43e34443920132003bf32c17a27412a2","messageTitle":"Handle error could not handle more than 1 task","messageBody":"","fileTypesAndContributionMap":{"java":{"insertions":1,"deletions":6}}}]},{"date":"2021-01-27","commitResults":[{"hash":"ccb1434e8fed0c8efeead634de544e3d8842a079","messageTitle":"Complete Level-7","messageBody":"","tags":["Level-7"],"fileTypesAndContributionMap":{"txt":{"insertions":1,"deletions":0},"java":{"insertions":126,"deletions":17}}},{"hash":"d07b5433726fdf3a28d328638ec8f06e8852d950","messageTitle":"merge Level 7 completed branch","messageBody":"","fileTypesAndContributionMap":{"java":{"insertions":0,"deletions":1}}},{"hash":"43c2f15a36162f0007e64d1bebc7485566ac7d0a","messageTitle":"Complete Level-8","messageBody":"","tags":["Level-8"],"fileTypesAndContributionMap":{"txt":{"insertions":4,"deletions":1},"java":{"insertions":59,"deletions":15}}},{"hash":"cdfa401d38ecedbf0e2e6c1eae0431c9d53c3916","messageTitle":"Complete Ui, Storage and TaskList","messageBody":"","tags":["A-CodingStandard"],"fileTypesAndContributionMap":{"txt":{"insertions":3,"deletions":1},"java":{"insertions":224,"deletions":80}}},{"hash":"a87ce68ffcaba3f3ae780aea709cfc857a155fb1","messageTitle":"Create more OOP files","messageBody":"","tags":["A-MoreOOP"],"fileTypesAndContributionMap":{"txt":{"insertions":5,"deletions":4},"java":{"insertions":303,"deletions":161}}},{"hash":"bf6cf12dbf6a6fad7b8a4e23c4e5804421204e8a","messageTitle":"Encapsulate Ui Class","messageBody":"","tags":["A-Packages"],"fileTypesAndContributionMap":{"txt":{"insertions":8,"deletions":3},"java":{"insertions":13,"deletions":135}}},{"hash":"ef2fb4eb756ff4eedce82cf5d32e470be8e37b6d","messageTitle":"Add Test File for TaskList","messageBody":"","tags":["A-JUnit"],"fileTypesAndContributionMap":{"java":{"insertions":21,"deletions":0}}},{"hash":"c3058adfc69837223d9974c54af0e8591ce7d3b1","messageTitle":"Document Deadline Event Parser Storage TaskList class","messageBody":"","tags":["A-JavaDoc"],"fileTypesAndContributionMap":{"java":{"insertions":90,"deletions":9}}},{"hash":"8978162ef318c5711556084b8606265385987825","messageTitle":"test merge conflict","messageBody":"","fileTypesAndContributionMap":{"java":{"insertions":5,"deletions":0}}}]},{"date":"2021-02-02","commitResults":[{"hash":"2f5f30d0501d423740a1a62450d45c390c6e541c","messageTitle":"Add in gradle","messageBody":"","tags":["A-Gradle"],"fileTypesAndContributionMap":{"gradle":{"insertions":1,"deletions":1},"txt":{"insertions":0,"deletions":0}}},{"hash":"793cd8ac28a5ba0ce5024abbb6061dbadcb0e6c9","messageTitle":"update build.gradle as per instructions on set up","messageBody":"","fileTypesAndContributionMap":{"gradle":{"insertions":16,"deletions":0}}}]},{"date":"2021-02-03","commitResults":[{"hash":"28b7b5bde5a719b7bbff527763ff77cb21cae94b","messageTitle":"Write \"first program\" first half, Add Javafx successful","messageBody":"","fileTypesAndContributionMap":{"java":{"insertions":14,"deletions":1}}},{"hash":"bb6b897816f30ce5e49aa12357860d0232c59541","messageTitle":"Earn javaFX basics","messageBody":"","fileTypesAndContributionMap":{"java":{"insertions":10,"deletions":0}}},{"hash":"97de915f971c6f6da0776966d51dbb7514413776","messageTitle":"Add Launcher","messageBody":"","fileTypesAndContributionMap":{"java":{"insertions":2,"deletions":0}}},{"hash":"d86f80fd6ad15ae94734b8ea3a7f40f1f4c29a71","messageTitle":"Corrected violations spotted from CheckStyle for a better quality code","messageBody":"","fileTypesAndContributionMap":{"java":{"insertions":173,"deletions":122}}}]},{"date":"2021-02-04","commitResults":[{"hash":"f5252fc7d99e71c6aab6c97c9514674d784670fc","messageTitle":"Corrected coding violations identified by CheckStyle after merge with branch Level 10","messageBody":"","fileTypesAndContributionMap":{"java":{"insertions":3,"deletions":3}}},{"hash":"5e7b5100ad6a3310192838a3a2682420becdc8b2","messageTitle":"handle problems shown in IDE","messageBody":"","fileTypesAndContributionMap":{"java":{"insertions":8,"deletions":8}}}]}]},"authorFileTypeContributionMap":{"Sidney011100":{"java":746,"md":0,"fxml":0,"sh":0,"bat":0,"gradle":17,"txt":14}},"authorContributionVariance":{"Sidney011100":67596.71},"authorDisplayNameMap":{"Sidney011100":"CS2103-T14-2 CHON..DNEY"}}
