{"authorDailyContributionsMap":{"figo2127":[{"date":"2021-01-17","commitResults":[{"hash":"5bf91b058abdfb42760ad15f3b53efec6830e5e8","messageTitle":"Level-1: Greet, Echo, Exit","messageBody":"","tags":["Level-1"],"fileTypesAndContributionMap":{"java":{"insertions":11,"deletions":1}}},{"hash":"8051e6d0a278da965a74194fccd874052002f81a","messageTitle":"Level 2. Add, List","messageBody":"","tags":["Level-2"],"fileTypesAndContributionMap":{"java":{"insertions":33,"deletions":9}}}]},{"date":"2021-01-18","commitResults":[{"hash":"b5bd5ddd8f72cd937bcc5bc8a5fe83aaee332ac2","messageTitle":"Level 3. Mark as Done","messageBody":"","tags":["Level-3"],"fileTypesAndContributionMap":{"java":{"insertions":48,"deletions":16}}},{"hash":"4588f17556693e5a9e49aceadcd10f4828365205","messageTitle":"Level 4. ToDos, Events, Deadlines","messageBody":"","tags":["Level-4"],"fileTypesAndContributionMap":{"java":{"insertions":86,"deletions":1}}},{"hash":"61f9f1b18deb262a3afa12d7e79c8488ccb3bfbe","messageTitle":"A-TextUiTesting: Automated Text UI Testing","messageBody":"","tags":["A-TextUiTesting"],"fileTypesAndContributionMap":{"txt":{"insertions":6,"deletions":0},"java":{"insertions":2,"deletions":2}}},{"hash":"b8b0a81e0e268849efbf59536e684f226bca332e","messageTitle":"Level 5. Handle Errors","messageBody":"","tags":["Level-5"],"fileTypesAndContributionMap":{"java":{"insertions":96,"deletions":83}}},{"hash":"a81bb03bd94eb067b7d046c554622eff608f6267","messageTitle":"Level 6. Delete","messageBody":"","tags":["Level-6"],"fileTypesAndContributionMap":{"java":{"insertions":12,"deletions":0}}},{"hash":"39174b8e660533e3991d57f521fe504d82ba7839","messageTitle":"Implemented Enum","messageBody":"","tags":["Implemented-Enum","A-Enum"],"fileTypesAndContributionMap":{"java":{"insertions":138,"deletions":81}}}]},{"date":"2021-01-24","commitResults":[{"hash":"38497f2583f4fc11b4c83b7085b9354e89aadf6e","messageTitle":"Remove comments","messageBody":"","fileTypesAndContributionMap":{"java":{"insertions":22,"deletions":44}}},{"hash":"e59212e861ae2e7228c2b350fa603dc3050c7f34","messageTitle":"Level 7. Save","messageBody":"","tags":["Level-7"],"fileTypesAndContributionMap":{"txt":{"insertions":5,"deletions":0},"java":{"insertions":226,"deletions":68}}},{"hash":"4e63d5558ab1c24d17ddf8ec572fc99888903f09","messageTitle":"Level 8. Dates and Times","messageBody":"","tags":["Level-8"],"fileTypesAndContributionMap":{"txt":{"insertions":3,"deletions":5},"java":{"insertions":76,"deletions":18}}}]},{"date":"2021-01-26","commitResults":[{"hash":"067a38c8bc044b1d4b9500ecf197f01a87fb7a42","messageTitle":"Make the code more OOP","messageBody":"","tags":["A-MoreOOP"],"fileTypesAndContributionMap":{"txt":{"insertions":5,"deletions":5},"java":{"insertions":351,"deletions":281}}},{"hash":"8ab58d008c035afe0f92e2cb5dbc5883d5219426","messageTitle":"Divide classes into packages","messageBody":"","tags":["A-Packages"],"fileTypesAndContributionMap":{"txt":{"insertions":6,"deletions":3},"java":{"insertions":23,"deletions":5}}}]},{"date":"2021-01-27","commitResults":[{"hash":"133d0602db9ce4546cad55102af5dfd9cd962f14","messageTitle":"Add JUnit tests","messageBody":"","tags":["A-JUnit"],"fileTypesAndContributionMap":{"java":{"insertions":13,"deletions":0}}},{"hash":"2de8c06d9cfc3757331c95b7ae990c6c6e7dd08c","messageTitle":"Minor change","messageBody":"","tags":["v.01"],"fileTypesAndContributionMap":{"java":{"insertions":24,"deletions":4}}},{"hash":"2f47f71ca2872b933a2daca6cf14fb953f63f66a","messageTitle":"Package the App as a JAR file","messageBody":"","tags":["A-Jar"],"fileTypesAndContributionMap":{"java":{"insertions":0,"deletions":1}}},{"hash":"437efb4e8004e7a779a78a2183782a435684aa9b","messageTitle":"Add JavaDoc comments","messageBody":"","tags":["A-JavaDoc"],"fileTypesAndContributionMap":{"txt":{"insertions":3,"deletions":0},"java":{"insertions":140,"deletions":23}}}]}]},"authorFileTypeContributionMap":{"figo2127":{"java":670,"md":0,"fxml":0,"sh":0,"bat":0,"gradle":0,"txt":15}},"authorContributionVariance":{"figo2127":48292.47},"authorDisplayNameMap":{"figo2127":"CS2103T-T13-2 LEE .. XIN"}}
