{"authorDailyContributionsMap":{"noelmathewisaac":[{"date":"2021-01-17","commitResults":[{"hash":"c644425750addcbc0d880f669a1193c38f53ab01","messageTitle":"Implemented Greet, Echo, Exit features","messageBody":"","tags":["Level-1"],"fileTypesAndContributionMap":{"java":{"insertions":17,"deletions":1}}},{"hash":"70385f0b050782c7d2d2f948736c0052f14cd6db","messageTitle":"Added functionality to add and list tasks","messageBody":"","tags":["Level-2"],"fileTypesAndContributionMap":{"java":{"insertions":25,"deletions":13}}}]},{"date":"2021-01-18","commitResults":[{"hash":"b494213e5b12692a6a7cc10eb87ccdb5a5e402ac","messageTitle":"Implemented Mark as Done feature with A-Classes extension","messageBody":"","tags":["Level-3"],"fileTypesAndContributionMap":{"java":{"insertions":64,"deletions":17}}},{"hash":"4b4b8106e1f9a6d8fdef76a4e5273b125130a2fd","messageTitle":"Implemented ToDos, Events, Deadlines and refactored code","messageBody":"","tags":["Level-4"],"fileTypesAndContributionMap":{"java":{"insertions":183,"deletions":25}}},{"hash":"adccc957df18f546df42b1357cd204ad926c67bb","messageTitle":"Added automated text UI testing","messageBody":"","tags":["A-TextUiTesting"],"fileTypesAndContributionMap":{"txt":{"insertions":12,"deletions":0}}},{"hash":"53e8a24afe81c1a8003e802044991149a775474d","messageTitle":"Added error handling","messageBody":"","tags":["Level-5"],"fileTypesAndContributionMap":{"java":{"insertions":77,"deletions":31}}},{"hash":"0330cb54f280d8c929f7479c42d42569d6b69c7f","messageTitle":"Add feature to delete tasks from the list","messageBody":"","tags":["Level-6"],"fileTypesAndContributionMap":{"txt":{"insertions":4,"deletions":0},"java":{"insertions":25,"deletions":1}}}]}]},"authorFileTypeContributionMap":{"noelmathewisaac":{"java":309,"md":0,"fxml":0,"sh":0,"bat":0,"gradle":0,"txt":16}},"authorContributionVariance":{"noelmathewisaac":20653.61},"authorDisplayNameMap":{"noelmathewisaac":"NOEL..SAAC"}}
