[{"path":"src/main/java/Duke.java","fileType":"java","lines":[{"lineNumber":1,"author":{"gitId":"kwmiw"},"content":"import java.util.Scanner;"},{"lineNumber":2,"author":{"gitId":"kwmiw"},"content":"import java.util.HashMap;"},{"lineNumber":3,"author":{"gitId":"kwmiw"},"content":""},{"lineNumber":4,"author":{"gitId":"-"},"content":"public class Duke {"},{"lineNumber":5,"author":{"gitId":"-"},"content":"    public static void main(String[] args) {"},{"lineNumber":6,"author":{"gitId":"kwmiw"},"content":"        Scanner sc \u003d new Scanner(System.in);"},{"lineNumber":7,"author":{"gitId":"kwmiw"},"content":""},{"lineNumber":8,"author":{"gitId":"kwmiw"},"content":"        String logo \u003d \"░▄▀▄▀▀▀▀▄▀▄░░░░░░░░░\\n\""},{"lineNumber":9,"author":{"gitId":"kwmiw"},"content":"                + \"░█░░░░░░░░▀▄░░░░░░▄░\\n\""},{"lineNumber":10,"author":{"gitId":"kwmiw"},"content":"                + \"█░░▀░░▀░░░░░▀▄▄░░█░█\\n\""},{"lineNumber":11,"author":{"gitId":"kwmiw"},"content":"                + \"█░▄░█▀░▄░░░░░░░▀▀░░█\\n\""},{"lineNumber":12,"author":{"gitId":"kwmiw"},"content":"                + \"█░░▀▀▀▀░░░░░░░░░░░░█\\n\""},{"lineNumber":13,"author":{"gitId":"kwmiw"},"content":"                + \"█░░░░░░░░░░░░░░░░░░█\\n\""},{"lineNumber":14,"author":{"gitId":"kwmiw"},"content":"                + \"█░░░░░░░░░░░░░░░░░░█\\n\""},{"lineNumber":15,"author":{"gitId":"kwmiw"},"content":"                + \"░█░░▄▄░░▄▄▄▄░░▄▄░░█░\\n\""},{"lineNumber":16,"author":{"gitId":"kwmiw"},"content":"                + \"░█░▄▀█░▄▀░░█░▄▀█░▄▀░\\n\""},{"lineNumber":17,"author":{"gitId":"kwmiw"},"content":"                + \"░░▀░░░▀░░░░░▀░░░▀░░░\\n\";"},{"lineNumber":18,"author":{"gitId":"kwmiw"},"content":""},{"lineNumber":19,"author":{"gitId":"kwmiw"},"content":""},{"lineNumber":20,"author":{"gitId":"kwmiw"},"content":"        System.out.println(\"Greetings from\\n\" + logo);"},{"lineNumber":21,"author":{"gitId":"kwmiw"},"content":""},{"lineNumber":22,"author":{"gitId":"kwmiw"},"content":"        String spacer \u003d \"\\n____________________________________________________________\\n\";"},{"lineNumber":23,"author":{"gitId":"kwmiw"},"content":"        String greet \u003d \"Woof! I\u0027m Doge\\n\""},{"lineNumber":24,"author":{"gitId":"kwmiw"},"content":"                + \"What do you want me to do?\\n\""},{"lineNumber":25,"author":{"gitId":"kwmiw"},"content":"                + \"Type your request in below!\\n\";"},{"lineNumber":26,"author":{"gitId":"kwmiw"},"content":"        String goodbye \u003d \"Bye! Hope I was a good dog, see you again soon!\";"},{"lineNumber":27,"author":{"gitId":"kwmiw"},"content":"        String terminate \u003d \"bye\";"},{"lineNumber":28,"author":{"gitId":"kwmiw"},"content":""},{"lineNumber":29,"author":{"gitId":"kwmiw"},"content":""},{"lineNumber":30,"author":{"gitId":"kwmiw"},"content":"        System.out.println(spacer + greet + spacer);"},{"lineNumber":31,"author":{"gitId":"kwmiw"},"content":""},{"lineNumber":32,"author":{"gitId":"kwmiw"},"content":"        int ctr \u003d 0;"},{"lineNumber":33,"author":{"gitId":"kwmiw"},"content":"        HashMap\u003cInteger, String\u003e commands \u003d new HashMap\u003cInteger, String\u003e();"},{"lineNumber":34,"author":{"gitId":"kwmiw"},"content":"        String separator \u003d \" \";"},{"lineNumber":35,"author":{"gitId":"kwmiw"},"content":""},{"lineNumber":36,"author":{"gitId":"kwmiw"},"content":"        while (true) {"},{"lineNumber":37,"author":{"gitId":"kwmiw"},"content":"            String input \u003d sc.nextLine();"},{"lineNumber":38,"author":{"gitId":"kwmiw"},"content":"            if (input.equals(terminate)) {"},{"lineNumber":39,"author":{"gitId":"kwmiw"},"content":"                System.out.println(spacer + goodbye + spacer);"},{"lineNumber":40,"author":{"gitId":"kwmiw"},"content":"                break;"},{"lineNumber":41,"author":{"gitId":"kwmiw"},"content":"            }"},{"lineNumber":42,"author":{"gitId":"kwmiw"},"content":""},{"lineNumber":43,"author":{"gitId":"kwmiw"},"content":"            if (input.equals(\"list\")) {"},{"lineNumber":44,"author":{"gitId":"kwmiw"},"content":"                System.out.println(spacer);"},{"lineNumber":45,"author":{"gitId":"kwmiw"},"content":"                printList(commands);"},{"lineNumber":46,"author":{"gitId":"kwmiw"},"content":"                System.out.println(spacer);"},{"lineNumber":47,"author":{"gitId":"kwmiw"},"content":""},{"lineNumber":48,"author":{"gitId":"kwmiw"},"content":"            } else if (input.contains(\"done\")) {"},{"lineNumber":49,"author":{"gitId":"kwmiw"},"content":"                //split input to get int"},{"lineNumber":50,"author":{"gitId":"kwmiw"},"content":"                //int"},{"lineNumber":51,"author":{"gitId":"kwmiw"},"content":"                String[] doneCommand \u003d input.split(separator);"},{"lineNumber":52,"author":{"gitId":"kwmiw"},"content":"                String markedInput \u003d \"[X] \" + input;"},{"lineNumber":53,"author":{"gitId":"kwmiw"},"content":"                int id \u003d Integer.parseInt(doneCommand[1]);"},{"lineNumber":54,"author":{"gitId":"kwmiw"},"content":"                commands.replace(id, markedInput);"},{"lineNumber":55,"author":{"gitId":"kwmiw"},"content":""},{"lineNumber":56,"author":{"gitId":"kwmiw"},"content":"                System.out.println(spacer + \"Woof! I have completed these commands before: \" + \"\\n\");"},{"lineNumber":57,"author":{"gitId":"kwmiw"},"content":"                printList(commands);"},{"lineNumber":58,"author":{"gitId":"kwmiw"},"content":"                System.out.println(spacer);"},{"lineNumber":59,"author":{"gitId":"kwmiw"},"content":""},{"lineNumber":60,"author":{"gitId":"kwmiw"},"content":"            } else {"},{"lineNumber":61,"author":{"gitId":"kwmiw"},"content":"                ctr++;"},{"lineNumber":62,"author":{"gitId":"kwmiw"},"content":"                String emptyInput \u003d \"[ ] \" + input;"},{"lineNumber":63,"author":{"gitId":"kwmiw"},"content":"                commands.put(ctr, emptyInput);"},{"lineNumber":64,"author":{"gitId":"kwmiw"},"content":"                System.out.println(spacer + \"added: \" + input + spacer);"},{"lineNumber":65,"author":{"gitId":"kwmiw"},"content":"            }"},{"lineNumber":66,"author":{"gitId":"kwmiw"},"content":"        }"},{"lineNumber":67,"author":{"gitId":"kwmiw"},"content":"        sc.close();"},{"lineNumber":68,"author":{"gitId":"-"},"content":"    }"},{"lineNumber":69,"author":{"gitId":"kwmiw"},"content":""},{"lineNumber":70,"author":{"gitId":"kwmiw"},"content":"    static void printList(HashMap\u003cInteger, String\u003e hm) {"},{"lineNumber":71,"author":{"gitId":"kwmiw"},"content":"        for (Integer i : hm.keySet()) {"},{"lineNumber":72,"author":{"gitId":"kwmiw"},"content":"            String key \u003d i.toString();"},{"lineNumber":73,"author":{"gitId":"kwmiw"},"content":"            String value \u003d hm.get(i);"},{"lineNumber":74,"author":{"gitId":"kwmiw"},"content":"            System.out.println(key + \". \" + value);"},{"lineNumber":75,"author":{"gitId":"kwmiw"},"content":"        }"},{"lineNumber":76,"author":{"gitId":"kwmiw"},"content":"    }"},{"lineNumber":77,"author":{"gitId":"kwmiw"},"content":""},{"lineNumber":78,"author":{"gitId":"kwmiw"},"content":""},{"lineNumber":79,"author":{"gitId":"-"},"content":"}"}],"authorContributionMap":{"kwmiw":75,"-":4}}]
