{"authorDailyContributionsMap":{"kwmiw":[{"date":"2021-01-31","commitResults":[{"hash":"1c3e6f5ab91a31dd0d323eefe8e1f03225fc6c93","messageTitle":"Skeletal version of Doge","messageBody":"","tags":["Level-1"],"fileTypesAndContributionMap":{"java":{"insertions":40,"deletions":6}}}]},{"date":"2021-02-05","commitResults":[{"hash":"7795417a8ae659537682c06ad82042a1d4367cb2","messageTitle":"Add List and Add functionality","messageBody":"","tags":["Level-2"],"fileTypesAndContributionMap":{"java":{"insertions":22,"deletions":8}}},{"hash":"bcec300cfc2ef3f97226f39a9e8f4c8a60e446a8","messageTitle":"Add \"Mark as Done\" Functionality","messageBody":"","tags":["Level-3"],"fileTypesAndContributionMap":{"java":{"insertions":27,"deletions":6}}}]},{"date":"2021-02-06","commitResults":[{"hash":"9f4b17d1ed2805c49432262cb4dafa053befab9b","messageTitle":"Add Javadocs and comments","messageBody":"","fileTypesAndContributionMap":{"java":{"insertions":26,"deletions":8}}}]},{"date":"2021-02-07","commitResults":[{"hash":"243af5a04471a65c9b4e5eda832814ef964eb585","messageTitle":"Add Command, Deadline, ToDo, Event, and emptyAdd classes","messageBody":"","tags":["Level-4","A-Inheritance"],"fileTypesAndContributionMap":{"java":{"insertions":79,"deletions":0}}},{"hash":"3c7ff487a9981495178775058669c0ff3155f15f","messageTitle":"Implement Command Classes and Subclasses in Duke","messageBody":"","fileTypesAndContributionMap":{"java":{"insertions":65,"deletions":12}}},{"hash":"d564145686205449a05aa649f9b4785247c94bdc","messageTitle":"Bug Fix for Add Functionality","messageBody":"","fileTypesAndContributionMap":{"java":{"insertions":1,"deletions":1}}}]},{"date":"2021-02-08","commitResults":[{"hash":"e9e8441139fe4e54eadf7b8a6d2fd79454384b7b","messageTitle":"Add Files for Automated UI Testing","messageBody":"","tags":["A-TextUiTesting"],"fileTypesAndContributionMap":{"txt":{"insertions":11,"deletions":0}}},{"hash":"1fbf99f03b07980061d68657f4d29698f6aead48","messageTitle":"Add Error Handling Functionality","messageBody":"","tags":["Level-5","A-Exceptions"],"fileTypesAndContributionMap":{"java":{"insertions":107,"deletions":80}}},{"hash":"92f02a1fa1d8c358241a14b45dbd9c51f03e800b","messageTitle":"Update Error Handling Comments","messageBody":"","fileTypesAndContributionMap":{"java":{"insertions":4,"deletions":5}}},{"hash":"6d7c0bc9816ad1f7a00304d6e7c1a36f0af1a956","messageTitle":"Fixed Error Handling Bug","messageBody":"","fileTypesAndContributionMap":{"java":{"insertions":19,"deletions":5}}},{"hash":"a9c8aa2880ba63a573507fbe19d84bb151d2bd35","messageTitle":"Update Automated UI Testing","messageBody":"","fileTypesAndContributionMap":{"txt":{"insertions":2,"deletions":3}}}]},{"date":"2021-02-09","commitResults":[{"hash":"03a44d88b7b44dc70b07c3a9bfae648266416e2f","messageTitle":"Changed commands HashMap to Arraylist","messageBody":"","tags":["A-Collections"],"fileTypesAndContributionMap":{"txt":{"insertions":1,"deletions":1},"java":{"insertions":27,"deletions":24}}},{"hash":"14a29c19d2c4d7af31b2b64c0ffad2aa6ea09cc3","messageTitle":"Revert \"Changed commands HashMap to Arraylist\"","messageBody":"This reverts commit 03a44d88b7b44dc70b07c3a9bfae648266416e2f.\n","fileTypesAndContributionMap":{"txt":{"insertions":1,"deletions":1},"java":{"insertions":24,"deletions":27}}},{"hash":"d6f0c47bc0f5febbb287f05c0ec1df764260e928","messageTitle":"Revert \"Revert \"Changed commands HashMap to Arraylist\"\"","messageBody":"This reverts commit 14a29c19d2c4d7af31b2b64c0ffad2aa6ea09cc3.\n","fileTypesAndContributionMap":{"txt":{"insertions":1,"deletions":1},"java":{"insertions":27,"deletions":24}}},{"hash":"48447a929f472d7c554d0ab8ef14d9d753657d06","messageTitle":"Add Delete Functionality","messageBody":"","fileTypesAndContributionMap":{"java":{"insertions":17,"deletions":2}}},{"hash":"cb5aa55212913c6d2998caa75c0aa04cb6d1a59e","messageTitle":"Update Automated UI Testing for Delete Functionality","messageBody":"","fileTypesAndContributionMap":{"txt":{"insertions":1,"deletions":0}}},{"hash":"61c4eb2cf101bace85970ac4f18796d5ae1f5d1b","messageTitle":"Update Error Handling for Delete Functionality","messageBody":"Update Automated UI Testing input.txt and EXPECTED.txt\n","tags":["Level-6"],"fileTypesAndContributionMap":{"txt":{"insertions":1,"deletions":0},"java":{"insertions":10,"deletions":6}}}]},{"date":"2021-02-19","commitResults":[{"hash":"0019603fd05154015ca2954a1415170fd46fc3d7","messageTitle":"Implement Save Functionality","messageBody":"","tags":["Level-7"],"fileTypesAndContributionMap":{"java":{"insertions":95,"deletions":15}}},{"hash":"7fada349bd99319db8e1956bde4373261abe419b","messageTitle":"Add data directory and Text Files","messageBody":"","fileTypesAndContributionMap":{"txt":{"insertions":4,"deletions":0}}},{"hash":"4279de573e5ef7255ce787a0c0b4813e9ae99b92","messageTitle":"Revert \"Add data directory and Text Files\"","messageBody":"This reverts commit 7fada349bd99319db8e1956bde4373261abe419b.\n","fileTypesAndContributionMap":{"txt":{"insertions":0,"deletions":4}}},{"hash":"3c41990fa7200bd8dd8b6ce594e20545b0fc10f2","messageTitle":"Revert \"Implement Save Functionality\"","messageBody":"This reverts commit 0019603fd05154015ca2954a1415170fd46fc3d7.\n","fileTypesAndContributionMap":{"java":{"insertions":15,"deletions":95}}},{"hash":"4930effcdf6c83de98ae2a07db17e9ca8bc2b1a3","messageTitle":"Revert \"Revert \"Add data directory and Text Files\"\"","messageBody":"This reverts commit 4279de573e5ef7255ce787a0c0b4813e9ae99b92.\n","fileTypesAndContributionMap":{"txt":{"insertions":4,"deletions":0}}},{"hash":"eb737b2ea651fb63c3b69859b799113ef7617271","messageTitle":"Revert \"Revert \"Implement Save Functionality\"\"","messageBody":"This reverts commit 3c41990fa7200bd8dd8b6ce594e20545b0fc10f2.\n","fileTypesAndContributionMap":{"java":{"insertions":95,"deletions":15}}},{"hash":"01ab06d944f04e6d08f9b5fc640958bcc424973e","messageTitle":"Add Date formatting","messageBody":"","fileTypesAndContributionMap":{"java":{"insertions":43,"deletions":25}}},{"hash":"b33fb4ac807f97dd7486bbba42f497afd9669e3f","messageTitle":"Add Date Formatting for Event Class","messageBody":"Private formattedDate var\n","fileTypesAndContributionMap":{"java":{"insertions":7,"deletions":6}}},{"hash":"2a9da4bfec4801b646a7090ca6faf52ae439d860","messageTitle":"Update Automated UI Testing","messageBody":"Adjust for Date Formatting\n","tags":["Level-8"],"fileTypesAndContributionMap":{"txt":{"insertions":2,"deletions":2}}}]},{"date":"2021-02-21","commitResults":[{"hash":"80b2de7f833fd8f3ff325150dc004ff34aa8b6be","messageTitle":"Rearranged Classes into Packages","messageBody":"","tags":["A-Packages"],"fileTypesAndContributionMap":{"java":{"insertions":19,"deletions":5}}},{"hash":"e236092c0498d85d02cfe096ba763d668ce2074e","messageTitle":"Refactor to Ui Class","messageBody":"","fileTypesAndContributionMap":{"java":{"insertions":94,"deletions":0}}},{"hash":"74453c44247b08ad4dc0cbb8ba78c3c10f531607","messageTitle":"Refactor to Storage Class","messageBody":"","fileTypesAndContributionMap":{"java":{"insertions":73,"deletions":0}}},{"hash":"d4f9f00b348247bce23e012b3ea37d56d2fffa9a","messageTitle":"Refactor to CommandList Class","messageBody":"","fileTypesAndContributionMap":{"java":{"insertions":49,"deletions":2}}},{"hash":"a70fe2bf08a33eac58927aaf633ab77b616e97cb","messageTitle":"Refactor to Parser Class","messageBody":"Edit Storage, Ui, and CommandList class and methods accordingly.\n","fileTypesAndContributionMap":{"java":{"insertions":132,"deletions":19}}},{"hash":"69c8187314e2f0cb1753f95f76836f8d3298b4d3","messageTitle":"Update Parser.java","messageBody":"Add Constructor for Parser Class\n","fileTypesAndContributionMap":{"java":{"insertions":3,"deletions":1}}},{"hash":"c6d1e395881e8075531c50376392eb151bdf1351","messageTitle":"Restructure Duke.java","messageBody":"Edit Ui, Storage, Parser, CommandList classes accordingly\n","fileTypesAndContributionMap":{"txt":{"insertions":2,"deletions":2},"java":{"insertions":80,"deletions":312}}},{"hash":"cec71f4c503de61d4d2ee0d572e15db063a819d1","messageTitle":"Refactor Duke.java class","messageBody":"Refactor to duke directory, set main class to duke.Duke\n","tags":["A-OOP"],"fileTypesAndContributionMap":{"java":{"insertions":1,"deletions":0}}},{"hash":"9e44c0fd6016000c6328f7a67f94566226fff0dc","messageTitle":"Update Automated Ui Testing","messageBody":"Edit new classpath and Expected.txt\n","tags":["v0.1"],"fileTypesAndContributionMap":{"txt":{"insertions":1,"deletions":0},"sh":{"insertions":2,"deletions":2}}},{"hash":"bf7b5322d762552c4ac19520574cdece18069e56","messageTitle":"JUnit Tests for Deadline Class","messageBody":"Tests in DeadlineTest.java\n","tags":["A-JUnit"],"fileTypesAndContributionMap":{"java":{"insertions":35,"deletions":0}}}]},{"date":"2021-02-22","commitResults":[{"hash":"98518955d2a1dae90281152dba3c3c5c63b8f13e","messageTitle":"Add Javadocs for Command class and subclasses","messageBody":"","fileTypesAndContributionMap":{"java":{"insertions":69,"deletions":3}}},{"hash":"a812c39000d9c862ed9e5428602485e6b146e665","messageTitle":"Edit Ui.java","messageBody":"","fileTypesAndContributionMap":{"java":{"insertions":0,"deletions":1}}},{"hash":"b3fe8be2d79dc11c2e46c839c966d2f345521d75","messageTitle":"Add Javadocs for Duke.java and related classes","messageBody":"Javadocs for Duke.java, CommandsList.java, Parser,java, Storage.java\n","tags":["A-Javadoc"],"fileTypesAndContributionMap":{"java":{"insertions":106,"deletions":11}}},{"hash":"fb6f90c05f812eb192745124c7aa58a613169e61","messageTitle":"Tidy Code to meet standards","messageBody":"Add Line Breaks, removed unused import statements\n","tags":["A-CodingStandard"],"fileTypesAndContributionMap":{"java":{"insertions":5,"deletions":1}}},{"hash":"8f84594c234713c42d0c8a4679c116939023754f","messageTitle":"Add Find Functionality","messageBody":"","tags":["Level-9"],"fileTypesAndContributionMap":{"txt":{"insertions":4,"deletions":2},"java":{"insertions":58,"deletions":4}}},{"hash":"0b36d04ae67b179833c8fdb9bfca2a6867ddf7b1","messageTitle":"Update Automated Ui Testing","messageBody":"For Find Functionality\n","fileTypesAndContributionMap":{"txt":{"insertions":2,"deletions":1}}},{"hash":"a3da027ed679dc2f4a56575cce268f78a28e5f23","messageTitle":"Implement more Oop on Duke Main Class","messageBody":"","fileTypesAndContributionMap":{"txt":{"insertions":1,"deletions":4},"java":{"insertions":11,"deletions":3}}},{"hash":"b6972157e9dcb1d6a2110444ec5e6073d1e803c5","messageTitle":"Javadocs for Find Functionality","messageBody":"","fileTypesAndContributionMap":{"java":{"insertions":14,"deletions":0}}},{"hash":"df6a86d2352e3763ae89126fbf29b919ad49d1f3","messageTitle":"Correct Main Class for Gradle Support","messageBody":"in build.gradle\n","fileTypesAndContributionMap":{"gradle":{"insertions":1,"deletions":1}}},{"hash":"010e1347c68e8d0d34806f33c8af61586a7af1a7","messageTitle":"Add Java Fx Support on Gradle","messageBody":"","fileTypesAndContributionMap":{"gradle":{"insertions":21,"deletions":1}}}]},{"date":"2021-02-23","commitResults":[{"hash":"62f2b98da4afa9e64314bceb0c8f7d45785574d7","messageTitle":"Run Unit Tests with Gradle","messageBody":"","tags":["A-Gradle"],"fileTypesAndContributionMap":{"java":{"insertions":3,"deletions":4}}},{"hash":"7ea72034595241e805b96f7774133a852591042f","messageTitle":"Gradle Support for Java Fx","messageBody":"","fileTypesAndContributionMap":{"gradle":{"insertions":6,"deletions":0}}},{"hash":"babbfdd6ab1d173e4702966e550a6db645407f43","messageTitle":"Basic Gui for Duke","messageBody":"","fileTypesAndContributionMap":{"java":{"insertions":192,"deletions":1}}},{"hash":"1112f9c110a8b37e4f0c6f370aacde8ed4fdd3f5","messageTitle":"Refactor Java Fx Files","messageBody":"Launcher.java, DialogBox.java, MainWindow.java to ./main/java directory, exclude from duke package\n","fileTypesAndContributionMap":{"java":{"insertions":50,"deletions":5}}},{"hash":"cd9237d7b5bada14ad191d97d292167dce93b26c","messageTitle":"Add Main Java Files for Fxml","messageBody":"Changed Main class to Launcher, no longer duke.Duke\n","fileTypesAndContributionMap":{"gradle":{"insertions":1,"deletions":1},"java":{"insertions":66,"deletions":20}}},{"hash":"3d9bc5d54fcc8a974c05d95f1e9368332f9c0093","messageTitle":"Restructure Classes in duke Package","messageBody":"Enable return String format in Duke, Ui, Parser, and CommandList Classes so that Fxml can handle user input.\n","fileTypesAndContributionMap":{"java":{"insertions":109,"deletions":223}}}]},{"date":"2021-02-24","commitResults":[{"hash":"4de41ae3dda04f974cf3281d4494cc3c4a853cd0","messageTitle":"Change Ui","messageBody":"Change Response bar, Send button, and Avatar Picture\n","fileTypesAndContributionMap":{"java":{"insertions":1,"deletions":1}}},{"hash":"fec7bd42f7421f774107ed684eb5ff104427103c","messageTitle":"Restructure Duke to enable GUI","messageBody":"Removed CLI commands in Duke, Parser and Ui classes\n","tags":["Level-10"],"fileTypesAndContributionMap":{"java":{"insertions":50,"deletions":21}}},{"hash":"89f636fb501af90cd47df3882b6299d187e3d99d","messageTitle":"Implement Assertions in Parser Class","messageBody":"Ensure input will not be empty\n","fileTypesAndContributionMap":{"java":{"insertions":2,"deletions":2}}},{"hash":"ffcd4751143fab656938eb02450694cb0e2a7bac","messageTitle":"Tidy All Code","messageBody":"Add and Remove Line Breaks, Update Javadocs, Remove Unused Variables\n","fileTypesAndContributionMap":{"java":{"insertions":17,"deletions":21}}},{"hash":"14610230a8c27a59e57277b39489cf0d4e78796f","messageTitle":"Revert \"Tidy All Code\"","messageBody":"","fileTypesAndContributionMap":{"java":{"insertions":21,"deletions":17}}},{"hash":"059c460ba01c4bbd837240d79b8991f56d10d402","messageTitle":"Revert \"Revert \"Tidy All Code\"\"","messageBody":"This reverts commit 14610230a8c27a59e57277b39489cf0d4e78796f.\n","fileTypesAndContributionMap":{"java":{"insertions":17,"deletions":21}}},{"hash":"00bd70c64c81bb1051060a202557b424c3001c74","messageTitle":"Add Archive Functionality","messageBody":"","fileTypesAndContributionMap":{"txt":{"insertions":5,"deletions":1},"java":{"insertions":69,"deletions":9}}},{"hash":"f43ad2ad7c2eaa7742b6dce8d8f811e46aacb8b3","messageTitle":"Update Gui","messageBody":"Add Colours and Text bubbles, Remove spacers, Enable long Responses, Change Profile Picture\n","fileTypesAndContributionMap":{"txt":{"insertions":11,"deletions":1},"java":{"insertions":65,"deletions":72}}},{"hash":"2b85f6ae3ae4e9f91f01f7fa49e9d046c69c15b6","messageTitle":"Add Java Fx Media Dependency","messageBody":"Support needed to add audio files (*.wav)\n","fileTypesAndContributionMap":{"gradle":{"insertions":1,"deletions":0}}},{"hash":"8aa88f085b9d4d76f495df5abfa9df227c219e7e","messageTitle":"Create SoundBark Class","messageBody":"For JavaFx to play the  audio files\n","fileTypesAndContributionMap":{"java":{"insertions":35,"deletions":0}}},{"hash":"ca80aae0c837f679759984a7d42179b7a272a68e","messageTitle":"Make Doge Bark at Greet and Farewell","messageBody":"Update Parser Class Methods\n","fileTypesAndContributionMap":{"java":{"insertions":12,"deletions":2}}},{"hash":"fef13c7eee55c555ee7a53bc51ead4c7b153c456","messageTitle":"Tidy Command.java","messageBody":"Remove Empty Lines\n","fileTypesAndContributionMap":{"java":{"insertions":7,"deletions":2}}},{"hash":"7ef66d02ff74cc7a515cd28802f56da73c2c60fc","messageTitle":"Add Javadocs and References","messageBody":"- Add Line Breaks\n\n- Add References to Reused code\n\n- Update Javadocs for new methods in soundBark and CommandList\n\n- Convert Constant names to All Capital Letters\n\n- Separate Long Lines\n","fileTypesAndContributionMap":{"java":{"insertions":55,"deletions":30}}},{"hash":"9784f99c1c420b457eb39c454d8baab339a231c7","messageTitle":"Fix ToDo Parsing Bug","messageBody":"Bug: If Command Description for ToDo class had more than one spacing (Regex of ToDo), output will be cut off.\n\nFix: Use trim()\n","fileTypesAndContributionMap":{"java":{"insertions":1,"deletions":1}}},{"hash":"6995e6106da191dbee5eea473009840a55c14218","messageTitle":"Rename Product to Doge Duke","messageBody":"","fileTypesAndContributionMap":{"java":{"insertions":1,"deletions":0}}}]},{"date":"2021-02-25","commitResults":[{"hash":"5fb5e544b02049dba13a5d11d5bb466edd6c238f","messageTitle":"Add User Guide","messageBody":"Update README.md\n","tags":["A-UserGuide"],"fileTypesAndContributionMap":{"md":{"insertions":221,"deletions":7}}},{"hash":"62a554b7ed3a74da41059ac5dd7d1976f898d419","messageTitle":"Add Checkstyle Files","messageBody":"","tags":["0.2"],"fileTypesAndContributionMap":{"gradle":{"insertions":1,"deletions":0}}},{"hash":"c4b00acb4c77c558c9ad3c6db6308c18f10540ab","messageTitle":"Fix: Checkstyle Files","messageBody":"Bug still remains at large\n(Unable to create Root Module)\n","fileTypesAndContributionMap":{"gradle":{"insertions":2,"deletions":1}}},{"hash":"4b8f0bf7d9b23c9723001ababfbb8cb0c600160b","messageTitle":"Fix All Coding Standard Violations","messageBody":"As per detected by gradle build\n","tags":["0.3"],"fileTypesAndContributionMap":{"gradle":{"insertions":1,"deletions":1},"txt":{"insertions":1,"deletions":8},"java":{"insertions":151,"deletions":138}}}]}]},"authorFileTypeContributionMap":{"kwmiw":{"java":1110,"md":215,"fxml":55,"sh":2,"bat":0,"gradle":26,"txt":24}},"authorContributionVariance":{"kwmiw":39482.883},"authorDisplayNameMap":{"kwmiw":"CS2103-W17-2 CHIA..YMIE"}}
