{"authorDailyContributionsMap":{"github-amanda":[{"date":"2021-01-19","commitResults":[{"hash":"17a66c1bd55f83166993c287df82b6867828550b","messageTitle":"Level-1, A-TextUiTesting","messageBody":"","tags":["Level-1"],"fileTypesAndContributionMap":{"txt":{"insertions":3,"deletions":0},"java":{"insertions":12,"deletions":6}}},{"hash":"fb0d124fc4f744f913ebf1ac9d14cc3cc9f08ba6","messageTitle":"Level-2, A-TextUiTesting","messageBody":"","tags":["Level-2"],"fileTypesAndContributionMap":{"txt":{"insertions":2,"deletions":1},"java":{"insertions":14,"deletions":2}}},{"hash":"b8a3d49dec9bccfecb23375f49137bea6f702977","messageTitle":"Level-3, A-TextUiTesting","messageBody":"","tags":["Level-3"],"fileTypesAndContributionMap":{"txt":{"insertions":2,"deletions":0},"java":{"insertions":31,"deletions":3}}},{"hash":"72e6701c17594a207a85a0bc44466af685e0871b","messageTitle":"Level-4, A-TextUiTesting: Categorised tasks into 3 types, i.e. todo, deadline and event","messageBody":"","tags":["Level-4"],"fileTypesAndContributionMap":{"txt":{"insertions":5,"deletions":4},"java":{"insertions":64,"deletions":3}}},{"hash":"0fc7aaeca1681e0160449814c7ec1d1ec27dca53","messageTitle":"Level-5, A-TextUiTesting: Added exception handling for todo and unrecognised commands","messageBody":"","tags":["Level-5"],"fileTypesAndContributionMap":{"txt":{"insertions":3,"deletions":7},"java":{"insertions":51,"deletions":36}}},{"hash":"d4ef7310da3a8f5566137c1f79c1c43e998d2bc2","messageTitle":"Level-6, A-TextUiTesting: Added remove function, replaced array with arraylist","messageBody":"","fileTypesAndContributionMap":{"txt":{"insertions":10,"deletions":3},"java":{"insertions":25,"deletions":16}}},{"hash":"f1760a6efb476148297845016c9e2cfb6e405eb8","messageTitle":"Level-6, A-TextUiTesting: Modified tick and cross symbols, modified testcases","messageBody":"","fileTypesAndContributionMap":{"txt":{"insertions":2,"deletions":1},"java":{"insertions":3,"deletions":3}}}]},{"date":"2021-01-20","commitResults":[{"hash":"efb73b2fc60ced1e2af165f44e92a26974c12de7","messageTitle":"Level-6, A-TextUITesting: Minor changes, passed testcase","messageBody":"","tags":["Level-6"],"fileTypesAndContributionMap":{"java":{"insertions":8,"deletions":8}}}]},{"date":"2021-01-24","commitResults":[{"hash":"bb6f4c1dab9c70efa52d888e1e7466c445c238d2","messageTitle":"A-TextUiTesting","messageBody":"","tags":["A-TextUiTesting"],"fileTypesAndContributionMap":{"txt":{"insertions":1,"deletions":1}}}]},{"date":"2021-01-25","commitResults":[{"hash":"2789049fb9543a619dc160dd9b4759eb597b8aff","messageTitle":"Level 7: Add \"Save\" feature","messageBody":"","tags":["Level-7"],"fileTypesAndContributionMap":{"java":{"insertions":52,"deletions":9}}},{"hash":"2b7d790be1ac6a1118d37024dca96ef8d5a0c896","messageTitle":"Level 8: Add LocalDate typed variable to Deadline object","messageBody":"","fileTypesAndContributionMap":{"java":{"insertions":16,"deletions":10}}}]},{"date":"2021-01-26","commitResults":[{"hash":"9b94e796e67461a19b9c27bac34ab30640954be2","messageTitle":"A-MoreOOP: Refactor code to extract out closely related code as classes","messageBody":"","fileTypesAndContributionMap":{"java":{"insertions":209,"deletions":88}}},{"hash":"1fde7e9324d6173e362a8c0b7a55951281dd615a","messageTitle":"A-MoreOOP: Shift run() method in Duke class to Parser class","messageBody":"","fileTypesAndContributionMap":{"java":{"insertions":66,"deletions":50}}},{"hash":"383637a3b95f8d276eadeaaa2675dbf763eac8b0","messageTitle":"A-MoreOOP","messageBody":"","tags":["A-MoreOOP"],"fileTypesAndContributionMap":{"java":{"insertions":5,"deletions":3}}},{"hash":"6b04db4e926b0f86d002ba4b741b4c05e3a0a89a","messageTitle":"A-JUnit: Add testing methods for Parser class and Todo class","messageBody":"","fileTypesAndContributionMap":{"java":{"insertions":36,"deletions":0}}},{"hash":"f08c8c0b058e7f77760e62e7318eee354f72a5aa","messageTitle":"A-JavaDoc: Add JavaDoc comments","messageBody":"","tags":["A-JavaDoc"],"fileTypesAndContributionMap":{"java":{"insertions":96,"deletions":4}}},{"hash":"eea4180fbb58a5a6e4ad93215629d98c93608414","messageTitle":"A-CodingStandard","messageBody":"","tags":["A-CodingStandard"],"fileTypesAndContributionMap":{"java":{"insertions":23,"deletions":12}}},{"hash":"1964226e06d1764ffb05ff62b644f2c5df4dc91e","messageTitle":"Level-9: Add search function","messageBody":"","fileTypesAndContributionMap":{"java":{"insertions":26,"deletions":3}}}]},{"date":"2021-02-01","commitResults":[{"hash":"267e3c72e6269bc0e89dff8bc9bb743a3d475776","messageTitle":"Level-10: Add GUI for Duke","messageBody":"","tags":["Level-10"],"fileTypesAndContributionMap":{"gradle":{"insertions":15,"deletions":0},"java":{"insertions":203,"deletions":57}}}]},{"date":"2021-02-02","commitResults":[{"hash":"c4ab9a5f555103a86294b554fda560edb770eaa7","messageTitle":"Level-10: Add \u0027exit\u0027 command to terminate application","messageBody":"","fileTypesAndContributionMap":{"java":{"insertions":11,"deletions":0}}}]},{"date":"2021-02-05","commitResults":[{"hash":"e61eba2e03b5db281f1f749f77ed82840c443a8e","messageTitle":"B-Extension: Add \"reschedule\" functionality","messageBody":"","fileTypesAndContributionMap":{"java":{"insertions":37,"deletions":1}}},{"hash":"67ccb51524138aa7aac63d6e696cdb5aa31eebd4","messageTitle":"A-Assertions: Add assertions to Duke class, Parser class and TaskList class.","messageBody":"","fileTypesAndContributionMap":{"java":{"insertions":4,"deletions":1}}}]},{"date":"2021-02-06","commitResults":[{"hash":"3c100d122a65b78e3eb5e181a1e05898cfcde4dd","messageTitle":"A-CodeQuality: Refactor Storage and Parser class, make corrections from peer review","messageBody":"","fileTypesAndContributionMap":{"java":{"insertions":140,"deletions":60}}}]},{"date":"2021-02-11","commitResults":[{"hash":"e14eb4ce0a603042eb7b189952d51f22ebd997e4","messageTitle":"Update README.md","messageBody":"","fileTypesAndContributionMap":{"md":{"insertions":155,"deletions":5}}}]},{"date":"2021-03-01","commitResults":[{"hash":"84d1eef19cb8389d86edc4751a9ae8d49653e7b8","messageTitle":"no message","messageBody":"","fileTypesAndContributionMap":{"gradle":{"insertions":1,"deletions":1}}}]}]},"authorFileTypeContributionMap":{"github-amanda":{"java":772,"md":155,"fxml":35,"sh":0,"bat":0,"gradle":16,"txt":11}},"authorContributionVariance":{"github-amanda":11484.473},"authorDisplayNameMap":{"github-amanda":"CS2103T-W10-2 AMAN.. MIN"}}
