{"authorDailyContributionsMap":{"riyadh-h":[{"date":"2021-01-21","commitResults":[{"hash":"5d636fdc5fdc564732027b142693292c01fdd39b","messageTitle":"Add Vergil.java","messageBody":"","tags":["Level-1"],"fileTypesAndContributionMap":{"java":{"insertions":31,"deletions":0}}},{"hash":"ddda922913fe2dc8079400ea31fff0a034d94f4c","messageTitle":"Update Vergil.java","messageBody":"","tags":["Level-2"],"fileTypesAndContributionMap":{"java":{"insertions":17,"deletions":8}}},{"hash":"c49649bbf95dfcbe0b177df497b2f82680df3581","messageTitle":"Add Task.java","messageBody":"","tags":["A-Classes"],"fileTypesAndContributionMap":{"java":{"insertions":27,"deletions":0}}},{"hash":"eec4f802e700f591dc131b2763cb0df8cee067b6","messageTitle":"Update Task.java","messageBody":"","fileTypesAndContributionMap":{"java":{"insertions":8,"deletions":0}}},{"hash":"2cdaeb51578759099afde495f36bbad2b5fd2899","messageTitle":"Update Vergil.java","messageBody":"","tags":["Level-3"],"fileTypesAndContributionMap":{"java":{"insertions":23,"deletions":17}}},{"hash":"ff558afac5ec38d9cf6d93549dc75eb53cdb3ede","messageTitle":"Add Deadline.java, Event.java and ToDo.java","messageBody":"","tags":["A-Inheritance"],"fileTypesAndContributionMap":{"java":{"insertions":50,"deletions":0}}},{"hash":"1b20d6f8d51f508462e8ec4c0f6426f249ff179f","messageTitle":"Rename ToDo.java to Todo.java","messageBody":"","fileTypesAndContributionMap":{"java":{"insertions":2,"deletions":2}}},{"hash":"18a22cba4edb535e0da2eb60f408a957ff5d738b","messageTitle":"Update Vergil.java","messageBody":"","tags":["Level-4"],"fileTypesAndContributionMap":{"java":{"insertions":25,"deletions":4}}},{"hash":"6d24dd258ff774b61654e4bc6bf341c833f02fc2","messageTitle":"text-ui-test: update EXPECTED.TXT, input.txt and runtest.bat","messageBody":"","tags":["A-TextUiTesting"],"fileTypesAndContributionMap":{"txt":{"insertions":13,"deletions":0},"bat":{"insertions":2,"deletions":2}}},{"hash":"c15426a48aad59d8442b2b024e1d6fbb0abd988e","messageTitle":"Add VergilException.java","messageBody":"","tags":["A-Exceptions"],"fileTypesAndContributionMap":{"java":{"insertions":5,"deletions":0}}},{"hash":"ffe5b86544f618eb389e1ffcbac90591e4dbb15d","messageTitle":"Update Vergil.java","messageBody":"","fileTypesAndContributionMap":{"java":{"insertions":55,"deletions":34}}},{"hash":"f7e510fa745452d45c32ffecff27532c07aefd25","messageTitle":"Text-ui-test: update EXPECTED.TXT and input.txt","messageBody":"","tags":["Level-5"],"fileTypesAndContributionMap":{"txt":{"insertions":5,"deletions":0}}},{"hash":"125cd87e6d2d633a773f9f53365856173bb16c69","messageTitle":"Update Vergil.java","messageBody":"","fileTypesAndContributionMap":{"java":{"insertions":9,"deletions":1}}},{"hash":"8287cb12fa09f171b513b9b266dd6422c62e14b5","messageTitle":"Text-ui-test: update EXPECTED.TXT and input.txt","messageBody":"","tags":["Level-6"],"fileTypesAndContributionMap":{"txt":{"insertions":11,"deletions":1}}}]},{"date":"2021-01-22","commitResults":[{"hash":"4d9876a4f6b119b0f90fd7421536e0ee27bc68a2","messageTitle":"Move Duke.java from src/main/java/ to src/","messageBody":"","fileTypesAndContributionMap":{"java":{"insertions":0,"deletions":0}}},{"hash":"97068865ad347da02aed1aa1d06d03116f14230f","messageTitle":"Revert \"Move Duke.java from src/main/java/ to src/\"","messageBody":"This reverts commit 4d9876a4f6b119b0f90fd7421536e0ee27bc68a2.\n","fileTypesAndContributionMap":{"java":{"insertions":0,"deletions":0}}}]},{"date":"2021-01-26","commitResults":[{"hash":"0719bc8d32c1195a9119ee26d4fcfa65e482e660","messageTitle":"Remove main/java/Duke.java","messageBody":"","fileTypesAndContributionMap":{"java":{"insertions":0,"deletions":10}}},{"hash":"0ed4e199a7130d9b0119b906dc0553cec28eb552","messageTitle":"Update Vergil.java and text-ui-test/EXPECTED.TXT","messageBody":"All of the command processing code is written in the main() method, making it difficult to read, test, and modify code behaviour. Additionally, some error messages are ambiguous and need more clarification.\n\nLet\u0027s split the code into multiple methods that process different types of commands separately, and modify the error messages to become more specific.\n\nWriting a standalone method for each type of commands makes the process of understanding and testing a certain behaviour of the code easier, since there would be no need to read through and modify some or all of the other behaviours. In addition, specifing the issues in the error messages reduces the time wasted to understand the typing mistakes in the commands.\n","fileTypesAndContributionMap":{"java":{"insertions":119,"deletions":59}}},{"hash":"59214bfa2aa7b8597d01afe5ae43bde4aa725df7","messageTitle":"Add new constuctors.","messageBody":"","fileTypesAndContributionMap":{"java":{"insertions":51,"deletions":9}}},{"hash":"7bc4ee0b69fb98fc1c42463932f53850b345d5cc","messageTitle":"Add save feature.","messageBody":"","tags":["Level-7"],"fileTypesAndContributionMap":{"java":{"insertions":74,"deletions":2}}},{"hash":"c2d3c07a2db05ac6b746d3750dd8925d72cefafb","messageTitle":"Update Vergil to work with actual dates and times","messageBody":"","tags":["Level-8"],"fileTypesAndContributionMap":{"java":{"insertions":47,"deletions":22}}},{"hash":"9de58b73003f0f4955036d95bd52a3ccd2f4ce51","messageTitle":"Update Vergil.java","messageBody":"","fileTypesAndContributionMap":{"java":{"insertions":10,"deletions":3}}},{"hash":"4db502a6c3038d958692383fe56e8ff0d6ebb2a7","messageTitle":"Refactor code","messageBody":"","tags":["A-MoreOOP"],"fileTypesAndContributionMap":{"java":{"insertions":319,"deletions":209}}},{"hash":"d4579d902d7f66cb037b38ac77e6d9b368e94d4f","messageTitle":"Add VergilTest.java","messageBody":"","tags":["v0.1","A-Jar","A-JUnit"],"fileTypesAndContributionMap":{"java":{"insertions":28,"deletions":0}}},{"hash":"39738aea09a2b6943266ac652ce362009ea9e786","messageTitle":"Add JavaDoc comments to the code","messageBody":"","fileTypesAndContributionMap":{"java":{"insertions":75,"deletions":4}}}]},{"date":"2021-01-28","commitResults":[{"hash":"8ef1e8ee9a1c565d338c165c1046e85d6262507a","messageTitle":"Organize source files into packages","messageBody":"","tags":["A-Packages"],"fileTypesAndContributionMap":{"java":{"insertions":48,"deletions":0}}},{"hash":"59d486421084694631b6002b0c41866f271bc6f7","messageTitle":"Follow more coding standards","messageBody":"","tags":["A-CodingStandard"],"fileTypesAndContributionMap":{"java":{"insertions":25,"deletions":7}}},{"hash":"0d84ba8efd86a198b8536ee16dc243225cf8d057","messageTitle":"Add find feature","messageBody":"","tags":["Level-9"],"fileTypesAndContributionMap":{"java":{"insertions":40,"deletions":1}}}]},{"date":"2021-02-04","commitResults":[{"hash":"ee61addf185be30c59e3fa5dde269867c283d0ba","messageTitle":"Add Gradle support","messageBody":"","tags":["A-Gradle"],"fileTypesAndContributionMap":{"gradle":{"insertions":22,"deletions":0},"bat":{"insertions":89,"deletions":0}}},{"hash":"3bdaec6261c2f6c1c50e0cab0c7a73af50be56d4","messageTitle":"Add a GUI","messageBody":"","tags":["Level-10"],"fileTypesAndContributionMap":{"gradle":{"insertions":6,"deletions":0},"java":{"insertions":224,"deletions":5}}}]},{"date":"2021-02-08","commitResults":[{"hash":"993c80144fe8d18d95c527ade0eff9ba6c52561d","messageTitle":"Update build.gradle","messageBody":"","fileTypesAndContributionMap":{"gradle":{"insertions":17,"deletions":2}}},{"hash":"75c8d17e28fb4fc87ca43f6f31a0ef89ca12efcf","messageTitle":"Refactor source code","messageBody":"","fileTypesAndContributionMap":{"java":{"insertions":0,"deletions":925}}},{"hash":"1a15b186c6a1150cc21aff1f0f9e992cb3d98e20","messageTitle":"Refactor more source code","messageBody":"","fileTypesAndContributionMap":{"java":{"insertions":1007,"deletions":0}}}]},{"date":"2021-02-09","commitResults":[{"hash":"5ec7b5448cb19dad3118779befb4edce8b6fd083","messageTitle":"Use assertions","messageBody":"","fileTypesAndContributionMap":{"java":{"insertions":13,"deletions":6}}}]},{"date":"2021-02-10","commitResults":[{"hash":"7dcdd09e99fdbaca6e0b35873c5a05e2ea2e7fe3","messageTitle":"Refactor source code","messageBody":"","fileTypesAndContributionMap":{"java":{"insertions":0,"deletions":86}}},{"hash":"bb2c673a99067d551d899220f67bc2c806271e42","messageTitle":"Refactor more source code","messageBody":"","fileTypesAndContributionMap":{"java":{"insertions":103,"deletions":31}}}]},{"date":"2021-02-11","commitResults":[{"hash":"53b15b296d817251e5dcbee2b9772b5549f71034","messageTitle":"Add ability to detect time clashes between tasks","messageBody":"","fileTypesAndContributionMap":{"java":{"insertions":79,"deletions":35}}}]},{"date":"2021-02-19","commitResults":[{"hash":"0b0a05cab50fd26a10ff6ebe60bf257a422e2c26","messageTitle":"Add more JavaDoc comments","messageBody":"","fileTypesAndContributionMap":{"java":{"insertions":504,"deletions":54}}},{"hash":"8419aa02902d2033d2c51a1e96d4524634ccc049","messageTitle":"Add user guide","messageBody":"","tags":["v0.2","A-UserGuide","A-Release"],"fileTypesAndContributionMap":{"md":{"insertions":108,"deletions":11}}}]},{"date":"2021-02-20","commitResults":[{"hash":"5bdb8f2ee6592152f867d2a0959df460c2a8fec4","messageTitle":"Update images resource path","messageBody":"","fileTypesAndContributionMap":{"gradle":{"insertions":8,"deletions":0},"java":{"insertions":2,"deletions":2}}}]},{"date":"2021-02-21","commitResults":[{"hash":"ec1760f3d527ff454f982108692c6cc914f6589f","messageTitle":"Update docs/README.md","messageBody":"","fileTypesAndContributionMap":{"md":{"insertions":1,"deletions":0}}},{"hash":"2401c9161ccac40ca4f69e350acf2af9a5d5fec5","messageTitle":"Update docs/README.md","messageBody":"","fileTypesAndContributionMap":{"md":{"insertions":0,"deletions":3}}},{"hash":"e3f4617e1605ac23df1319e014e8b934fff1f090","messageTitle":"Update docs/README.md","messageBody":"","fileTypesAndContributionMap":{"md":{"insertions":2,"deletions":1}}},{"hash":"d8430c10ab78ecbb0e038ee377b4b9c33c835c7d","messageTitle":"Update README.md","messageBody":"","fileTypesAndContributionMap":{"md":{"insertions":10,"deletions":10}}},{"hash":"462471b5f8025e54a0ccc41c242c8e47fef054e6","messageTitle":"Update README.md","messageBody":"","fileTypesAndContributionMap":{"md":{"insertions":10,"deletions":10}}},{"hash":"53f7692e81682b64072f10ad8884f3bb1bc58a71","messageTitle":"Update docs/README.md","messageBody":"","fileTypesAndContributionMap":{"md":{"insertions":10,"deletions":10}}}]}]},"authorFileTypeContributionMap":{"riyadh-h":{"java":1576,"md":107,"fxml":0,"sh":0,"bat":91,"gradle":51,"txt":28}},"authorContributionVariance":{"riyadh-h":121350.484},"authorDisplayNameMap":{"riyadh-h":"CS2103T-W13-1 ALZA..AN S"}}
