{"authorDailyContributionsMap":{"benedictkhoomw":[{"date":"2021-01-19","commitResults":[{"hash":"7c948683494c185d64fd768604c62692dec82842","messageTitle":"Add greet, echo and exit functionality","messageBody":"","tags":["Level-1"],"fileTypesAndContributionMap":{"java":{"insertions":47,"deletions":6}}},{"hash":"d836cc9318c9470b9a21a3891e0a645c637ac508","messageTitle":"Add level 2 functionality","messageBody":"","tags":["Level-2"],"fileTypesAndContributionMap":{"java":{"insertions":25,"deletions":2}}},{"hash":"6d0e64cbd94cf251fff729d2cda9c7c66d1cddc4","messageTitle":"Add Level 3 functionality","messageBody":"","tags":["Level-3"],"fileTypesAndContributionMap":{"java":{"insertions":54,"deletions":8}}},{"hash":"8fb0a21d1a74ac1292c7790d857a2ca2e1d590cb","messageTitle":"Extract list and done commands to methods","messageBody":"","fileTypesAndContributionMap":{"java":{"insertions":45,"deletions":36}}}]},{"date":"2021-01-20","commitResults":[{"hash":"3d48f73a2a8fe83cc1815c6595904c7d273f0050","messageTitle":"Restructure command parsing and add level 4 functionality","messageBody":"Add Deadline subclass of Task\nAdd Event subclass of Task\nAdd ToDo subclass of Task\nReplace all commands parsing (except exit) with regex\nExtract command parsing and handling to separate method\n","fileTypesAndContributionMap":{"java":{"insertions":171,"deletions":30}}}]}]},"authorFileTypeContributionMap":{"benedictkhoomw":{"java":266,"md":0,"fxml":0,"sh":0,"bat":0,"gradle":0,"txt":0}},"authorContributionVariance":{"benedictkhoomw":7215.2407},"authorDisplayNameMap":{"benedictkhoomw":"KHOO..DICT"}}
