{"authorDailyContributionsMap":{"lirc572":[{"date":"2021-01-18","commitResults":[{"hash":"e0e52eb95c3406ed67fb6cda7702edf37c12e4fb","messageTitle":"feat: implement greet, echo, exit","messageBody":"","fileTypesAndContributionMap":{"java":{"insertions":40,"deletions":1}}},{"hash":"041e97562711e5dbb4301a98c5bc26d569f8ca6d","messageTitle":"feat: change duke logo","messageBody":"","fileTypesAndContributionMap":{"java":{"insertions":7,"deletions":5}}},{"hash":"ec8aa32c11a2a4500000820af3d7c43be16b74bc","messageTitle":"refactor: simplify if/else","messageBody":"","tags":["Level-1"],"fileTypesAndContributionMap":{"java":{"insertions":1,"deletions":4}}},{"hash":"b1570623acc4677e3cfc49a7579a6b7d990eb4f5","messageTitle":"feat: implement add, list","messageBody":"","tags":["Level-2"],"fileTypesAndContributionMap":{"java":{"insertions":22,"deletions":3}}},{"hash":"f12793f6add795317cc387fed9b7fa8a439ed18c","messageTitle":"docs: add javadoc comments","messageBody":"","fileTypesAndContributionMap":{"java":{"insertions":22,"deletions":0}}},{"hash":"f2dd3dd8e48bf6c0a82d16ac1d32511edb28e76b","messageTitle":"feat: implement mark as done","messageBody":"","fileTypesAndContributionMap":{"java":{"insertions":44,"deletions":12}}},{"hash":"f65a446e39f42848cc45fd4a95c039f0dfc7c9bb","messageTitle":"feat: add heading for list command","messageBody":"","tags":["Level-3","A-Classes"],"fileTypesAndContributionMap":{"java":{"insertions":1,"deletions":0}}}]},{"date":"2021-01-21","commitResults":[{"hash":"446b066b35ec9bd9041ccb91154e0acfb8334738","messageTitle":"feat: update welcome message","messageBody":"","fileTypesAndContributionMap":{"java":{"insertions":4,"deletions":2}}},{"hash":"3e87bd0159262f62aac7213e8244174e078dc0da","messageTitle":"feat: implement todo, event, deadline","messageBody":"","fileTypesAndContributionMap":{"java":{"insertions":134,"deletions":13}}},{"hash":"a304638a9d8bd75058dc4ac807e96994850635c3","messageTitle":"feat: add tokenizeCommand function","messageBody":"","tags":["Level-4","A-Inheritance"],"fileTypesAndContributionMap":{"java":{"insertions":44,"deletions":0}}},{"hash":"eb78c4796b55e8f935405585f1492f6c9a00456b","messageTitle":"fix: remove unicode characters","messageBody":"","fileTypesAndContributionMap":{"java":{"insertions":6,"deletions":7}}},{"hash":"899fea8612d7e0701e651fb7395cd0c52685de31","messageTitle":"test: update text-ui-test test case","messageBody":"","tags":["A-TextUiTesting"],"fileTypesAndContributionMap":{"txt":{"insertions":12,"deletions":0}}},{"hash":"e1ce134098bd3c89ec16b7833d84753b2e6f065a","messageTitle":"refactor: use exceptions for error handling","messageBody":"","fileTypesAndContributionMap":{"java":{"insertions":18,"deletions":8}}},{"hash":"aab10a4f51cad0ef52793fca1a8ececdcb058bcf","messageTitle":"test: update text-ui-test testcase","messageBody":"","tags":["Level-5","A-Exceptions"],"fileTypesAndContributionMap":{"txt":{"insertions":9,"deletions":3}}},{"hash":"f34a80e6354896a6e2d4fabace1ff7b3df005efd","messageTitle":"fix: better error handling for done command","messageBody":"","fileTypesAndContributionMap":{"java":{"insertions":17,"deletions":6}}},{"hash":"107b64b56d6c486527596270d5dd93099d5bc82d","messageTitle":"feat: implement delete command","messageBody":"","fileTypesAndContributionMap":{"java":{"insertions":22,"deletions":1}}},{"hash":"80ed4807e37e2e3a348cab298064e26c58770b53","messageTitle":"test: update text-ui-test testcase","messageBody":"","tags":["Level-6","A-Collections"],"fileTypesAndContributionMap":{"txt":{"insertions":4,"deletions":0}}},{"hash":"dd9ab30925a8c2421e15c29566457810d59811fb","messageTitle":"test: run text-ui-test on push (#1)","messageBody":"* test: run text-ui-test on push\n\n* fix: set text-ui-test/runtest.sh executable\n\n* test: setup java11 for action\n\n* docs: add github action badge\n","fileTypesAndContributionMap":{"sh":{"insertions":0,"deletions":0},"md":{"insertions":2,"deletions":0}}}]}]},"authorFileTypeContributionMap":{"lirc572":{"java":326,"md":2,"fxml":0,"sh":0,"bat":0,"gradle":0,"txt":22}},"authorContributionVariance":{"lirc572":9378.446},"authorDisplayNameMap":{"lirc572":"CS2103T-T11-2 LI R..CHEN"}}
