[{"path":"src/main/java/Chatbot.java","fileType":"java","lines":[{"lineNumber":1,"author":{"gitId":"skinnychenpi"},"content":"import java.util.LinkedList;"},{"lineNumber":2,"author":{"gitId":"skinnychenpi"},"content":""},{"lineNumber":3,"author":{"gitId":"skinnychenpi"},"content":"public class Chatbot {"},{"lineNumber":4,"author":{"gitId":"skinnychenpi"},"content":"    public void welcome(){"},{"lineNumber":5,"author":{"gitId":"skinnychenpi"},"content":"        Chatbox.chatbotDisplay(\"Hello! I am Duke!\\nWhat can I do for you?\");"},{"lineNumber":6,"author":{"gitId":"skinnychenpi"},"content":"    }"},{"lineNumber":7,"author":{"gitId":"skinnychenpi"},"content":""},{"lineNumber":8,"author":{"gitId":"skinnychenpi"},"content":"    public void goodbye(){"},{"lineNumber":9,"author":{"gitId":"skinnychenpi"},"content":"        Chatbox.chatbotDisplay(\"Bye! Hope to see you again soon.\");"},{"lineNumber":10,"author":{"gitId":"skinnychenpi"},"content":"    }"},{"lineNumber":11,"author":{"gitId":"skinnychenpi"},"content":""},{"lineNumber":12,"author":{"gitId":"skinnychenpi"},"content":"    public void response(String userMessage) throws DukeException{"},{"lineNumber":13,"author":{"gitId":"skinnychenpi"},"content":""},{"lineNumber":14,"author":{"gitId":"skinnychenpi"},"content":"        // Level-2: when user calls \u0027list\u0027 :"},{"lineNumber":15,"author":{"gitId":"skinnychenpi"},"content":"        if (userMessage.equals(\"list\")) {"},{"lineNumber":16,"author":{"gitId":"skinnychenpi"},"content":"            doList(userMessage);"},{"lineNumber":17,"author":{"gitId":"skinnychenpi"},"content":"        }"},{"lineNumber":18,"author":{"gitId":"skinnychenpi"},"content":""},{"lineNumber":19,"author":{"gitId":"skinnychenpi"},"content":"        // Level-3 : When user want a task done:"},{"lineNumber":20,"author":{"gitId":"skinnychenpi"},"content":"        else if(userMessage.startsWith(\"done\")){"},{"lineNumber":21,"author":{"gitId":"skinnychenpi"},"content":"            doDone(userMessage);"},{"lineNumber":22,"author":{"gitId":"skinnychenpi"},"content":"        }"},{"lineNumber":23,"author":{"gitId":"skinnychenpi"},"content":""},{"lineNumber":24,"author":{"gitId":"skinnychenpi"},"content":"        // Level-4 : When user add tasks(T,D,E):"},{"lineNumber":25,"author":{"gitId":"skinnychenpi"},"content":"        // Todo"},{"lineNumber":26,"author":{"gitId":"skinnychenpi"},"content":"        else if (userMessage.startsWith(\"todo\")) doAddTodo(userMessage);"},{"lineNumber":27,"author":{"gitId":"skinnychenpi"},"content":"        // Deadline"},{"lineNumber":28,"author":{"gitId":"skinnychenpi"},"content":"        else if (userMessage.startsWith(\"deadline\")) doAddDeadline(userMessage);"},{"lineNumber":29,"author":{"gitId":"skinnychenpi"},"content":"        // Event"},{"lineNumber":30,"author":{"gitId":"skinnychenpi"},"content":"        else if (userMessage.startsWith(\"event\")) doAddEvent(userMessage);"},{"lineNumber":31,"author":{"gitId":"skinnychenpi"},"content":""},{"lineNumber":32,"author":{"gitId":"skinnychenpi"},"content":"        else if (userMessage.startsWith(\"delete\")) doDelete(userMessage);"},{"lineNumber":33,"author":{"gitId":"skinnychenpi"},"content":""},{"lineNumber":34,"author":{"gitId":"skinnychenpi"},"content":"        else throw new DukeException(\"OOPS!!! I\u0027m sorry, but I don\u0027t know what that means :-(\");"},{"lineNumber":35,"author":{"gitId":"skinnychenpi"},"content":""},{"lineNumber":36,"author":{"gitId":"skinnychenpi"},"content":"        }"},{"lineNumber":37,"author":{"gitId":"skinnychenpi"},"content":""},{"lineNumber":38,"author":{"gitId":"skinnychenpi"},"content":"    // These will only be used in the response methods."},{"lineNumber":39,"author":{"gitId":"skinnychenpi"},"content":"    private void doList(String userMessage){"},{"lineNumber":40,"author":{"gitId":"skinnychenpi"},"content":"        int numOfTasks \u003d Task.getNumOfTasks();"},{"lineNumber":41,"author":{"gitId":"skinnychenpi"},"content":"        // Exception case"},{"lineNumber":42,"author":{"gitId":"skinnychenpi"},"content":"        if (numOfTasks \u003d\u003d 0) Chatbox.chatbotDisplay(\"No Tasks right now!\");"},{"lineNumber":43,"author":{"gitId":"skinnychenpi"},"content":""},{"lineNumber":44,"author":{"gitId":"skinnychenpi"},"content":"        else {"},{"lineNumber":45,"author":{"gitId":"skinnychenpi"},"content":"            LinkedList\u003cTask\u003e tasks \u003d Task.getTasks();"},{"lineNumber":46,"author":{"gitId":"skinnychenpi"},"content":"            StringBuilder builder \u003d new StringBuilder();"},{"lineNumber":47,"author":{"gitId":"skinnychenpi"},"content":"            builder.append(\"Here are the tasks in your list\\n\");"},{"lineNumber":48,"author":{"gitId":"skinnychenpi"},"content":"            for (int i \u003d 0; i \u003c numOfTasks; i++) {"},{"lineNumber":49,"author":{"gitId":"skinnychenpi"},"content":"                Task task \u003d tasks.get(i);"},{"lineNumber":50,"author":{"gitId":"skinnychenpi"},"content":"                String taskName \u003d task.getTaskName();"},{"lineNumber":51,"author":{"gitId":"skinnychenpi"},"content":"                String icon \u003d task.getStatusIcon();"},{"lineNumber":52,"author":{"gitId":"skinnychenpi"},"content":"                String index \u003d Integer.toString(i + 1);"},{"lineNumber":53,"author":{"gitId":"skinnychenpi"},"content":"                builder.append(index + \". \" + \"[\" + icon + \"]\");"},{"lineNumber":54,"author":{"gitId":"skinnychenpi"},"content":"                builder.append(taskName + \"\\n\");"},{"lineNumber":55,"author":{"gitId":"skinnychenpi"},"content":"            }"},{"lineNumber":56,"author":{"gitId":"skinnychenpi"},"content":"            String botMessage \u003d builder.toString();"},{"lineNumber":57,"author":{"gitId":"skinnychenpi"},"content":"            Chatbox.chatbotDisplay(botMessage);"},{"lineNumber":58,"author":{"gitId":"skinnychenpi"},"content":"        }"},{"lineNumber":59,"author":{"gitId":"skinnychenpi"},"content":"    }"},{"lineNumber":60,"author":{"gitId":"skinnychenpi"},"content":"    private void doDone(String userMessage) throws DukeException {"},{"lineNumber":61,"author":{"gitId":"skinnychenpi"},"content":"        String [] arr \u003d userMessage.split(\"\\\\s+\");"},{"lineNumber":62,"author":{"gitId":"skinnychenpi"},"content":"        //Exception: If the input is like done 1 2 3:"},{"lineNumber":63,"author":{"gitId":"skinnychenpi"},"content":"        if (arr.length \u003e 2) throw new DukeException(\"OOPS!!! The description of a done is wrong.\");"},{"lineNumber":64,"author":{"gitId":"skinnychenpi"},"content":""},{"lineNumber":65,"author":{"gitId":"skinnychenpi"},"content":"        try {"},{"lineNumber":66,"author":{"gitId":"skinnychenpi"},"content":"            // Possible exceptions like done A."},{"lineNumber":67,"author":{"gitId":"skinnychenpi"},"content":"            int taskIndex \u003d Integer.valueOf(arr[1]) - 1;"},{"lineNumber":68,"author":{"gitId":"skinnychenpi"},"content":"            LinkedList\u003cTask\u003e tasks \u003d Task.getTasks();"},{"lineNumber":69,"author":{"gitId":"skinnychenpi"},"content":"            Task task \u003d tasks.get(taskIndex);"},{"lineNumber":70,"author":{"gitId":"skinnychenpi"},"content":""},{"lineNumber":71,"author":{"gitId":"skinnychenpi"},"content":"            StringBuilder builder \u003d new StringBuilder();"},{"lineNumber":72,"author":{"gitId":"skinnychenpi"},"content":"            builder.append(\"Nice! I\u0027ve marked this as done!\\n\");"},{"lineNumber":73,"author":{"gitId":"skinnychenpi"},"content":"            builder.append(\"[\"+task.getStatusIcon()+\"]\"+task.getTaskName());"},{"lineNumber":74,"author":{"gitId":"skinnychenpi"},"content":"            String botMessage \u003d builder.toString();"},{"lineNumber":75,"author":{"gitId":"skinnychenpi"},"content":"            Chatbox.chatbotDisplay(botMessage);"},{"lineNumber":76,"author":{"gitId":"skinnychenpi"},"content":""},{"lineNumber":77,"author":{"gitId":"skinnychenpi"},"content":"            task.markAsDone();"},{"lineNumber":78,"author":{"gitId":"skinnychenpi"},"content":""},{"lineNumber":79,"author":{"gitId":"skinnychenpi"},"content":"        }"},{"lineNumber":80,"author":{"gitId":"skinnychenpi"},"content":"        catch (NumberFormatException e) {"},{"lineNumber":81,"author":{"gitId":"skinnychenpi"},"content":"            throw new DukeException(\"OOPS!!! The description of a done is wrong.\");"},{"lineNumber":82,"author":{"gitId":"skinnychenpi"},"content":"        }"},{"lineNumber":83,"author":{"gitId":"skinnychenpi"},"content":"        catch (IndexOutOfBoundsException e){"},{"lineNumber":84,"author":{"gitId":"skinnychenpi"},"content":"            throw new DukeException(\"OOPS!!! The event index of a done is wrong.\");"},{"lineNumber":85,"author":{"gitId":"skinnychenpi"},"content":"        }"},{"lineNumber":86,"author":{"gitId":"skinnychenpi"},"content":"    }"},{"lineNumber":87,"author":{"gitId":"skinnychenpi"},"content":""},{"lineNumber":88,"author":{"gitId":"skinnychenpi"},"content":"    private void doAddTodo(String userMessage) throws DukeException{"},{"lineNumber":89,"author":{"gitId":"skinnychenpi"},"content":"        StringBuilder builder \u003d new StringBuilder();"},{"lineNumber":90,"author":{"gitId":"skinnychenpi"},"content":"        builder.append(\"Got it! I\u0027ve added this task:\\n\");"},{"lineNumber":91,"author":{"gitId":"skinnychenpi"},"content":"        int spaceIndex \u003d userMessage.indexOf(\" \");"},{"lineNumber":92,"author":{"gitId":"skinnychenpi"},"content":"        if (spaceIndex \u003d\u003d -1) throw new DukeException(\"OOPS!!! The description of a todo cannot be empty.\");"},{"lineNumber":93,"author":{"gitId":"skinnychenpi"},"content":"        String todoName \u003d userMessage.substring(spaceIndex+1);"},{"lineNumber":94,"author":{"gitId":"skinnychenpi"},"content":"        ToDo todo \u003d new ToDo(todoName);"},{"lineNumber":95,"author":{"gitId":"skinnychenpi"},"content":""},{"lineNumber":96,"author":{"gitId":"skinnychenpi"},"content":"        builder.append(\"[\" + todo.getStatusIcon() + \"] \" + todo.getTaskName());"},{"lineNumber":97,"author":{"gitId":"skinnychenpi"},"content":"        builder.append(\"\\nNow you have \" + Integer.toString(Task.getNumOfTasks()) + \" tasks in the list.\");"},{"lineNumber":98,"author":{"gitId":"skinnychenpi"},"content":""},{"lineNumber":99,"author":{"gitId":"skinnychenpi"},"content":"        String botMessage \u003d builder.toString();"},{"lineNumber":100,"author":{"gitId":"skinnychenpi"},"content":"        Chatbox.chatbotDisplay(botMessage);"},{"lineNumber":101,"author":{"gitId":"skinnychenpi"},"content":""},{"lineNumber":102,"author":{"gitId":"skinnychenpi"},"content":"    }"},{"lineNumber":103,"author":{"gitId":"skinnychenpi"},"content":"    private void doAddDeadline(String userMessage) throws DukeException{"},{"lineNumber":104,"author":{"gitId":"skinnychenpi"},"content":"            StringBuilder builder \u003d new StringBuilder();"},{"lineNumber":105,"author":{"gitId":"skinnychenpi"},"content":"            builder.append(\"Got it! I\u0027ve added this task:\\n\");"},{"lineNumber":106,"author":{"gitId":"skinnychenpi"},"content":""},{"lineNumber":107,"author":{"gitId":"skinnychenpi"},"content":"            int spaceIndex \u003d userMessage.indexOf(\" \");"},{"lineNumber":108,"author":{"gitId":"skinnychenpi"},"content":"            int dateIndex \u003d userMessage.indexOf(\u0027/\u0027);"},{"lineNumber":109,"author":{"gitId":"skinnychenpi"},"content":"            if (dateIndex \u003d\u003d -1) throw new DukeException(\"OOPS!!! I can\u0027t find your deadline time.\");"},{"lineNumber":110,"author":{"gitId":"skinnychenpi"},"content":"            if (spaceIndex \u003d\u003d -1 || dateIndex - spaceIndex \u003d\u003d 1) throw new DukeException(\"OOPS!!! The description of a deadline cannot be empty.\");"},{"lineNumber":111,"author":{"gitId":"skinnychenpi"},"content":""},{"lineNumber":112,"author":{"gitId":"skinnychenpi"},"content":"            String deadlineName \u003d userMessage.substring(spaceIndex+1,dateIndex);"},{"lineNumber":113,"author":{"gitId":"skinnychenpi"},"content":"            String by \u003d userMessage.substring(dateIndex + 4);"},{"lineNumber":114,"author":{"gitId":"skinnychenpi"},"content":"            Deadline deadline \u003d new Deadline(deadlineName,by);"},{"lineNumber":115,"author":{"gitId":"skinnychenpi"},"content":""},{"lineNumber":116,"author":{"gitId":"skinnychenpi"},"content":"            builder.append(\"[\" + deadline.getStatusIcon() + \"] \" + deadline.getTaskName());"},{"lineNumber":117,"author":{"gitId":"skinnychenpi"},"content":"            builder.append(\"\\nNow you have \" + Integer.toString(Task.getNumOfTasks()) + \" tasks in the list.\");"},{"lineNumber":118,"author":{"gitId":"skinnychenpi"},"content":"            String botMessage \u003d builder.toString();"},{"lineNumber":119,"author":{"gitId":"skinnychenpi"},"content":"            Chatbox.chatbotDisplay(botMessage);"},{"lineNumber":120,"author":{"gitId":"skinnychenpi"},"content":"    }"},{"lineNumber":121,"author":{"gitId":"skinnychenpi"},"content":"    private void doAddEvent(String userMessage) throws DukeException{"},{"lineNumber":122,"author":{"gitId":"skinnychenpi"},"content":"            StringBuilder builder \u003d new StringBuilder();"},{"lineNumber":123,"author":{"gitId":"skinnychenpi"},"content":"            builder.append(\"Got it! I\u0027ve added this task:\\n\");"},{"lineNumber":124,"author":{"gitId":"skinnychenpi"},"content":"            int spaceIndex \u003d userMessage.indexOf(\" \");"},{"lineNumber":125,"author":{"gitId":"skinnychenpi"},"content":"            int dateIndex \u003d userMessage.indexOf(\u0027/\u0027);"},{"lineNumber":126,"author":{"gitId":"skinnychenpi"},"content":"            if (dateIndex \u003d\u003d -1) throw new DukeException(\"OOPS!!! I can\u0027t find your event time.\");"},{"lineNumber":127,"author":{"gitId":"skinnychenpi"},"content":"            if (spaceIndex \u003d\u003d -1 || dateIndex - spaceIndex \u003d\u003d 1) throw new DukeException(\"OOPS!!! The description of an event cannot be empty.\");"},{"lineNumber":128,"author":{"gitId":"skinnychenpi"},"content":"            String eventName \u003d userMessage.substring(spaceIndex+1,dateIndex);"},{"lineNumber":129,"author":{"gitId":"skinnychenpi"},"content":"            String at \u003d userMessage.substring(dateIndex + 4);"},{"lineNumber":130,"author":{"gitId":"skinnychenpi"},"content":"            Event event \u003d new Event(eventName,at);"},{"lineNumber":131,"author":{"gitId":"skinnychenpi"},"content":""},{"lineNumber":132,"author":{"gitId":"skinnychenpi"},"content":"            builder.append(\"[\" + event.getStatusIcon() + \"] \" + event.getTaskName());"},{"lineNumber":133,"author":{"gitId":"skinnychenpi"},"content":"            builder.append(\"\\nNow you have \" + Integer.toString(Task.getNumOfTasks()) + \" tasks in the list.\");"},{"lineNumber":134,"author":{"gitId":"skinnychenpi"},"content":"            String botMessage \u003d builder.toString();"},{"lineNumber":135,"author":{"gitId":"skinnychenpi"},"content":"            Chatbox.chatbotDisplay(botMessage);"},{"lineNumber":136,"author":{"gitId":"skinnychenpi"},"content":"        }"},{"lineNumber":137,"author":{"gitId":"skinnychenpi"},"content":""},{"lineNumber":138,"author":{"gitId":"skinnychenpi"},"content":"    private void doDelete(String userMessage) throws DukeException{"},{"lineNumber":139,"author":{"gitId":"skinnychenpi"},"content":"        String [] arr \u003d userMessage.split(\"\\\\s+\");"},{"lineNumber":140,"author":{"gitId":"skinnychenpi"},"content":"        //Exception: If the input is like delete 1 2 3:"},{"lineNumber":141,"author":{"gitId":"skinnychenpi"},"content":"        if (arr.length \u003e 2) throw new DukeException(\"OOPS!!! The description of a delete is wrong.\");"},{"lineNumber":142,"author":{"gitId":"skinnychenpi"},"content":"        try {"},{"lineNumber":143,"author":{"gitId":"skinnychenpi"},"content":"            // Possible exceptions like delete A."},{"lineNumber":144,"author":{"gitId":"skinnychenpi"},"content":"            int taskIndex \u003d Integer.valueOf(arr[1]) - 1;"},{"lineNumber":145,"author":{"gitId":"skinnychenpi"},"content":"            LinkedList\u003cTask\u003e tasks \u003d Task.getTasks();"},{"lineNumber":146,"author":{"gitId":"skinnychenpi"},"content":"            Task task \u003d tasks.get(taskIndex);"},{"lineNumber":147,"author":{"gitId":"skinnychenpi"},"content":""},{"lineNumber":148,"author":{"gitId":"skinnychenpi"},"content":"            StringBuilder builder \u003d new StringBuilder();"},{"lineNumber":149,"author":{"gitId":"skinnychenpi"},"content":"            builder.append(\"Noted. I\u0027ve removed this task:\\n\");"},{"lineNumber":150,"author":{"gitId":"skinnychenpi"},"content":"            builder.append(\"[\"+task.getStatusIcon()+\"]\"+task.getTaskName());"},{"lineNumber":151,"author":{"gitId":"skinnychenpi"},"content":"            task.delete();"},{"lineNumber":152,"author":{"gitId":"skinnychenpi"},"content":"            builder.append(\"\\nNow you have \" + Task.getNumOfTasks() + \" tasks in the list.\");"},{"lineNumber":153,"author":{"gitId":"skinnychenpi"},"content":"            String botMessage \u003d builder.toString();"},{"lineNumber":154,"author":{"gitId":"skinnychenpi"},"content":"            Chatbox.chatbotDisplay(botMessage);"},{"lineNumber":155,"author":{"gitId":"skinnychenpi"},"content":""},{"lineNumber":156,"author":{"gitId":"skinnychenpi"},"content":""},{"lineNumber":157,"author":{"gitId":"skinnychenpi"},"content":"        }"},{"lineNumber":158,"author":{"gitId":"skinnychenpi"},"content":"        catch (NumberFormatException e) {"},{"lineNumber":159,"author":{"gitId":"skinnychenpi"},"content":"            throw new DukeException(\"OOPS!!! The description of a delete is wrong.\");"},{"lineNumber":160,"author":{"gitId":"skinnychenpi"},"content":"        }"},{"lineNumber":161,"author":{"gitId":"skinnychenpi"},"content":"        catch (IndexOutOfBoundsException e){"},{"lineNumber":162,"author":{"gitId":"skinnychenpi"},"content":"            throw new DukeException(\"OOPS!!! The event index of a delete is wrong.\");"},{"lineNumber":163,"author":{"gitId":"skinnychenpi"},"content":"        }"},{"lineNumber":164,"author":{"gitId":"skinnychenpi"},"content":"    }"},{"lineNumber":165,"author":{"gitId":"skinnychenpi"},"content":""},{"lineNumber":166,"author":{"gitId":"skinnychenpi"},"content":"    public boolean wantExit(String userMessage){"},{"lineNumber":167,"author":{"gitId":"skinnychenpi"},"content":"        return userMessage.equals(\"bye\") ? true:false;"},{"lineNumber":168,"author":{"gitId":"skinnychenpi"},"content":"    }"},{"lineNumber":169,"author":{"gitId":"skinnychenpi"},"content":""},{"lineNumber":170,"author":{"gitId":"skinnychenpi"},"content":"}"}],"authorContributionMap":{"skinnychenpi":170}},{"path":"src/main/java/Chatbox.java","fileType":"java","lines":[{"lineNumber":1,"author":{"gitId":"skinnychenpi"},"content":"import java.util.Scanner;"},{"lineNumber":2,"author":{"gitId":"skinnychenpi"},"content":""},{"lineNumber":3,"author":{"gitId":"skinnychenpi"},"content":"public class Chatbox {"},{"lineNumber":4,"author":{"gitId":"skinnychenpi"},"content":"    public static void run(){"},{"lineNumber":5,"author":{"gitId":"skinnychenpi"},"content":"        Chatbot robot \u003d new Chatbot();"},{"lineNumber":6,"author":{"gitId":"skinnychenpi"},"content":"        User user \u003d new User();"},{"lineNumber":7,"author":{"gitId":"skinnychenpi"},"content":"        Scanner keyboard \u003d new Scanner(System.in);"},{"lineNumber":8,"author":{"gitId":"skinnychenpi"},"content":""},{"lineNumber":9,"author":{"gitId":"skinnychenpi"},"content":"        robot.welcome();"},{"lineNumber":10,"author":{"gitId":"skinnychenpi"},"content":""},{"lineNumber":11,"author":{"gitId":"skinnychenpi"},"content":"        while (true) {"},{"lineNumber":12,"author":{"gitId":"skinnychenpi"},"content":"            String userMessage \u003d user.inputMessage(keyboard);"},{"lineNumber":13,"author":{"gitId":"skinnychenpi"},"content":"            if (robot.wantExit(userMessage)) break;"},{"lineNumber":14,"author":{"gitId":"skinnychenpi"},"content":"            try{"},{"lineNumber":15,"author":{"gitId":"skinnychenpi"},"content":"                robot.response(userMessage);"},{"lineNumber":16,"author":{"gitId":"skinnychenpi"},"content":"            }"},{"lineNumber":17,"author":{"gitId":"skinnychenpi"},"content":"            catch(DukeException e){"},{"lineNumber":18,"author":{"gitId":"skinnychenpi"},"content":"                Chatbox.chatbotDisplay(e.getMessage());"},{"lineNumber":19,"author":{"gitId":"skinnychenpi"},"content":"            }"},{"lineNumber":20,"author":{"gitId":"skinnychenpi"},"content":"        }"},{"lineNumber":21,"author":{"gitId":"skinnychenpi"},"content":"        robot.goodbye();"},{"lineNumber":22,"author":{"gitId":"skinnychenpi"},"content":"        keyboard.close();"},{"lineNumber":23,"author":{"gitId":"skinnychenpi"},"content":""},{"lineNumber":24,"author":{"gitId":"skinnychenpi"},"content":"    }"},{"lineNumber":25,"author":{"gitId":"skinnychenpi"},"content":""},{"lineNumber":26,"author":{"gitId":"skinnychenpi"},"content":"    public static void chatbotDisplay(String botMessage){"},{"lineNumber":27,"author":{"gitId":"skinnychenpi"},"content":"        System.out.println(\"**************** Chatbot Message ****************\");"},{"lineNumber":28,"author":{"gitId":"skinnychenpi"},"content":"        System.out.println(botMessage);"},{"lineNumber":29,"author":{"gitId":"skinnychenpi"},"content":"        System.out.println(\"*************************************************\");"},{"lineNumber":30,"author":{"gitId":"skinnychenpi"},"content":"    }"},{"lineNumber":31,"author":{"gitId":"skinnychenpi"},"content":""},{"lineNumber":32,"author":{"gitId":"skinnychenpi"},"content":""},{"lineNumber":33,"author":{"gitId":"skinnychenpi"},"content":"}"}],"authorContributionMap":{"skinnychenpi":33}},{"path":"src/main/java/Deadline.java","fileType":"java","lines":[{"lineNumber":1,"author":{"gitId":"skinnychenpi"},"content":"public class Deadline extends Task {"},{"lineNumber":2,"author":{"gitId":"skinnychenpi"},"content":"    protected String by;"},{"lineNumber":3,"author":{"gitId":"skinnychenpi"},"content":""},{"lineNumber":4,"author":{"gitId":"skinnychenpi"},"content":"    public Deadline(String description, String by) {"},{"lineNumber":5,"author":{"gitId":"skinnychenpi"},"content":"        super(description);"},{"lineNumber":6,"author":{"gitId":"skinnychenpi"},"content":"        this.by \u003d by;"},{"lineNumber":7,"author":{"gitId":"skinnychenpi"},"content":"    }"},{"lineNumber":8,"author":{"gitId":"skinnychenpi"},"content":""},{"lineNumber":9,"author":{"gitId":"skinnychenpi"},"content":"    @Override"},{"lineNumber":10,"author":{"gitId":"skinnychenpi"},"content":"    public String getTaskName() {"},{"lineNumber":11,"author":{"gitId":"skinnychenpi"},"content":"        return \"[D]\" + super.getTaskName() + \" (by: \" + by + \")\";"},{"lineNumber":12,"author":{"gitId":"skinnychenpi"},"content":"    }"},{"lineNumber":13,"author":{"gitId":"skinnychenpi"},"content":"}"}],"authorContributionMap":{"skinnychenpi":13}},{"path":"src/main/java/Duke.java","fileType":"java","lines":[{"lineNumber":1,"author":{"gitId":"-"},"content":"public class Duke {"},{"lineNumber":2,"author":{"gitId":"-"},"content":"    public static void main(String[] args) {"},{"lineNumber":3,"author":{"gitId":"skinnychenpi"},"content":"//        String logo \u003d \" ____        _        \\n\""},{"lineNumber":4,"author":{"gitId":"skinnychenpi"},"content":"//                + \"|  _ \\\\ _   _| | _____ \\n\""},{"lineNumber":5,"author":{"gitId":"skinnychenpi"},"content":"//                + \"| | | | | | | |/ / _ \\\\\\n\""},{"lineNumber":6,"author":{"gitId":"skinnychenpi"},"content":"//                + \"| |_| | |_| |   \u003c  __/\\n\""},{"lineNumber":7,"author":{"gitId":"skinnychenpi"},"content":"//                + \"|____/ \\\\__,_|_|\\\\_\\\\___|\\n\";"},{"lineNumber":8,"author":{"gitId":"skinnychenpi"},"content":"//        System.out.println(\"Hello from\\n\" + logo);"},{"lineNumber":9,"author":{"gitId":"skinnychenpi"},"content":"        Chatbox.run();"},{"lineNumber":10,"author":{"gitId":"skinnychenpi"},"content":""},{"lineNumber":11,"author":{"gitId":"skinnychenpi"},"content":""},{"lineNumber":12,"author":{"gitId":"-"},"content":"    }"},{"lineNumber":13,"author":{"gitId":"-"},"content":"}"}],"authorContributionMap":{"skinnychenpi":9,"-":4}},{"path":"src/main/java/DukeException.java","fileType":"java","lines":[{"lineNumber":1,"author":{"gitId":"skinnychenpi"},"content":"public class DukeException extends Exception {"},{"lineNumber":2,"author":{"gitId":"skinnychenpi"},"content":"    public DukeException(){}"},{"lineNumber":3,"author":{"gitId":"skinnychenpi"},"content":"    public DukeException(String message) {"},{"lineNumber":4,"author":{"gitId":"skinnychenpi"},"content":"        super(message);"},{"lineNumber":5,"author":{"gitId":"skinnychenpi"},"content":"    }"},{"lineNumber":6,"author":{"gitId":"skinnychenpi"},"content":"}"}],"authorContributionMap":{"skinnychenpi":6}},{"path":"src/main/java/Event.java","fileType":"java","lines":[{"lineNumber":1,"author":{"gitId":"skinnychenpi"},"content":"public class Event extends Task{"},{"lineNumber":2,"author":{"gitId":"skinnychenpi"},"content":"    protected String at;"},{"lineNumber":3,"author":{"gitId":"skinnychenpi"},"content":""},{"lineNumber":4,"author":{"gitId":"skinnychenpi"},"content":"    public Event(String description, String at) {"},{"lineNumber":5,"author":{"gitId":"skinnychenpi"},"content":"        super(description);"},{"lineNumber":6,"author":{"gitId":"skinnychenpi"},"content":"        this.at \u003d at;"},{"lineNumber":7,"author":{"gitId":"skinnychenpi"},"content":"    }"},{"lineNumber":8,"author":{"gitId":"skinnychenpi"},"content":""},{"lineNumber":9,"author":{"gitId":"skinnychenpi"},"content":"    @Override"},{"lineNumber":10,"author":{"gitId":"skinnychenpi"},"content":"    public String getTaskName() {"},{"lineNumber":11,"author":{"gitId":"skinnychenpi"},"content":"        return \"[E]\" + super.getTaskName() + \" (at: \" + at + \")\";"},{"lineNumber":12,"author":{"gitId":"skinnychenpi"},"content":"    }"},{"lineNumber":13,"author":{"gitId":"skinnychenpi"},"content":""},{"lineNumber":14,"author":{"gitId":"skinnychenpi"},"content":"}"}],"authorContributionMap":{"skinnychenpi":14}},{"path":"src/main/java/Task.java","fileType":"java","lines":[{"lineNumber":1,"author":{"gitId":"skinnychenpi"},"content":"import java.util.LinkedList;"},{"lineNumber":2,"author":{"gitId":"skinnychenpi"},"content":""},{"lineNumber":3,"author":{"gitId":"skinnychenpi"},"content":"public class Task {"},{"lineNumber":4,"author":{"gitId":"skinnychenpi"},"content":"    protected static LinkedList\u003cTask\u003e Tasks \u003d new LinkedList\u003cTask\u003e();"},{"lineNumber":5,"author":{"gitId":"skinnychenpi"},"content":"    protected static int numOfTasks \u003d 0;"},{"lineNumber":6,"author":{"gitId":"skinnychenpi"},"content":"    protected String taskName;"},{"lineNumber":7,"author":{"gitId":"skinnychenpi"},"content":"    protected boolean isDone;"},{"lineNumber":8,"author":{"gitId":"skinnychenpi"},"content":""},{"lineNumber":9,"author":{"gitId":"skinnychenpi"},"content":"    // Initializer"},{"lineNumber":10,"author":{"gitId":"skinnychenpi"},"content":"    public Task(){"},{"lineNumber":11,"author":{"gitId":"skinnychenpi"},"content":"        taskName \u003d \"\";"},{"lineNumber":12,"author":{"gitId":"skinnychenpi"},"content":"        isDone \u003d false;"},{"lineNumber":13,"author":{"gitId":"skinnychenpi"},"content":"        numOfTasks +\u003d 1;"},{"lineNumber":14,"author":{"gitId":"skinnychenpi"},"content":"        Tasks.add(this);"},{"lineNumber":15,"author":{"gitId":"skinnychenpi"},"content":""},{"lineNumber":16,"author":{"gitId":"skinnychenpi"},"content":"    }"},{"lineNumber":17,"author":{"gitId":"skinnychenpi"},"content":""},{"lineNumber":18,"author":{"gitId":"skinnychenpi"},"content":"    public Task(String taskName){"},{"lineNumber":19,"author":{"gitId":"skinnychenpi"},"content":"        this.taskName \u003d taskName;"},{"lineNumber":20,"author":{"gitId":"skinnychenpi"},"content":"        isDone \u003d false;"},{"lineNumber":21,"author":{"gitId":"skinnychenpi"},"content":"        numOfTasks +\u003d 1;"},{"lineNumber":22,"author":{"gitId":"skinnychenpi"},"content":"        Tasks.add(this);"},{"lineNumber":23,"author":{"gitId":"skinnychenpi"},"content":"    }"},{"lineNumber":24,"author":{"gitId":"skinnychenpi"},"content":""},{"lineNumber":25,"author":{"gitId":"skinnychenpi"},"content":"    // Getter"},{"lineNumber":26,"author":{"gitId":"skinnychenpi"},"content":"    public String getStatusIcon() {"},{"lineNumber":27,"author":{"gitId":"skinnychenpi"},"content":"        return (isDone ? \"\\u2713\" : \"\\u2718\"); //return tick or X symbols"},{"lineNumber":28,"author":{"gitId":"skinnychenpi"},"content":"    }"},{"lineNumber":29,"author":{"gitId":"skinnychenpi"},"content":""},{"lineNumber":30,"author":{"gitId":"skinnychenpi"},"content":"    public String getTaskName(){"},{"lineNumber":31,"author":{"gitId":"skinnychenpi"},"content":"        return this.taskName;"},{"lineNumber":32,"author":{"gitId":"skinnychenpi"},"content":"    }"},{"lineNumber":33,"author":{"gitId":"skinnychenpi"},"content":""},{"lineNumber":34,"author":{"gitId":"skinnychenpi"},"content":"    public static int getNumOfTasks(){"},{"lineNumber":35,"author":{"gitId":"skinnychenpi"},"content":"        return numOfTasks;"},{"lineNumber":36,"author":{"gitId":"skinnychenpi"},"content":"    }"},{"lineNumber":37,"author":{"gitId":"skinnychenpi"},"content":""},{"lineNumber":38,"author":{"gitId":"skinnychenpi"},"content":"    public static LinkedList\u003cTask\u003e getTasks(){"},{"lineNumber":39,"author":{"gitId":"skinnychenpi"},"content":"        return Tasks;"},{"lineNumber":40,"author":{"gitId":"skinnychenpi"},"content":"    }"},{"lineNumber":41,"author":{"gitId":"skinnychenpi"},"content":""},{"lineNumber":42,"author":{"gitId":"skinnychenpi"},"content":"    // Setter"},{"lineNumber":43,"author":{"gitId":"skinnychenpi"},"content":"    public void markAsDone(){"},{"lineNumber":44,"author":{"gitId":"skinnychenpi"},"content":"        this.isDone \u003d true;"},{"lineNumber":45,"author":{"gitId":"skinnychenpi"},"content":"    }"},{"lineNumber":46,"author":{"gitId":"skinnychenpi"},"content":""},{"lineNumber":47,"author":{"gitId":"skinnychenpi"},"content":"    public void delete(){"},{"lineNumber":48,"author":{"gitId":"skinnychenpi"},"content":"        int taskIndex \u003d Tasks.indexOf(this);"},{"lineNumber":49,"author":{"gitId":"skinnychenpi"},"content":"        Tasks.remove(taskIndex);"},{"lineNumber":50,"author":{"gitId":"skinnychenpi"},"content":"        numOfTasks -\u003d 1;"},{"lineNumber":51,"author":{"gitId":"skinnychenpi"},"content":"    }"},{"lineNumber":52,"author":{"gitId":"skinnychenpi"},"content":""},{"lineNumber":53,"author":{"gitId":"skinnychenpi"},"content":""},{"lineNumber":54,"author":{"gitId":"skinnychenpi"},"content":"}"}],"authorContributionMap":{"skinnychenpi":54}},{"path":"src/main/java/ToDo.java","fileType":"java","lines":[{"lineNumber":1,"author":{"gitId":"skinnychenpi"},"content":"public class ToDo extends Task{"},{"lineNumber":2,"author":{"gitId":"skinnychenpi"},"content":""},{"lineNumber":3,"author":{"gitId":"skinnychenpi"},"content":"    public ToDo(String description) {"},{"lineNumber":4,"author":{"gitId":"skinnychenpi"},"content":"        super(description);"},{"lineNumber":5,"author":{"gitId":"skinnychenpi"},"content":"    }"},{"lineNumber":6,"author":{"gitId":"skinnychenpi"},"content":""},{"lineNumber":7,"author":{"gitId":"skinnychenpi"},"content":"    @Override"},{"lineNumber":8,"author":{"gitId":"skinnychenpi"},"content":"    public String getTaskName() {"},{"lineNumber":9,"author":{"gitId":"skinnychenpi"},"content":"        return \"[T]\" + super.getTaskName();"},{"lineNumber":10,"author":{"gitId":"skinnychenpi"},"content":"    }"},{"lineNumber":11,"author":{"gitId":"skinnychenpi"},"content":""},{"lineNumber":12,"author":{"gitId":"skinnychenpi"},"content":""},{"lineNumber":13,"author":{"gitId":"skinnychenpi"},"content":""},{"lineNumber":14,"author":{"gitId":"skinnychenpi"},"content":"}"}],"authorContributionMap":{"skinnychenpi":14}},{"path":"src/main/java/User.java","fileType":"java","lines":[{"lineNumber":1,"author":{"gitId":"skinnychenpi"},"content":"import java.util.Scanner;"},{"lineNumber":2,"author":{"gitId":"skinnychenpi"},"content":""},{"lineNumber":3,"author":{"gitId":"skinnychenpi"},"content":"public class User {"},{"lineNumber":4,"author":{"gitId":"skinnychenpi"},"content":"    public String inputMessage(Scanner keyboard){"},{"lineNumber":5,"author":{"gitId":"skinnychenpi"},"content":"        String message \u003d new String();"},{"lineNumber":6,"author":{"gitId":"skinnychenpi"},"content":"        System.out.println(\"****************** User Message *****************\");"},{"lineNumber":7,"author":{"gitId":"skinnychenpi"},"content":"        if (keyboard.hasNextLine()) {"},{"lineNumber":8,"author":{"gitId":"skinnychenpi"},"content":"            message \u003d keyboard.nextLine();"},{"lineNumber":9,"author":{"gitId":"skinnychenpi"},"content":"        }"},{"lineNumber":10,"author":{"gitId":"skinnychenpi"},"content":"        System.out.println(\"*************************************************\");"},{"lineNumber":11,"author":{"gitId":"skinnychenpi"},"content":"        return message;"},{"lineNumber":12,"author":{"gitId":"skinnychenpi"},"content":"    }"},{"lineNumber":13,"author":{"gitId":"skinnychenpi"},"content":"}"},{"lineNumber":14,"author":{"gitId":"skinnychenpi"},"content":""}],"authorContributionMap":{"skinnychenpi":14}},{"path":"text-ui-test/input.txt","fileType":"txt","lines":[{"lineNumber":1,"author":{"gitId":"skinnychenpi"},"content":"todo borrow book"},{"lineNumber":2,"author":{"gitId":"skinnychenpi"},"content":"deadline return book /by Sunday"},{"lineNumber":3,"author":{"gitId":"skinnychenpi"},"content":"event project meeting /at Mon 2-4pm"},{"lineNumber":4,"author":{"gitId":"skinnychenpi"},"content":"todo"},{"lineNumber":5,"author":{"gitId":"skinnychenpi"},"content":"deadline return book"},{"lineNumber":6,"author":{"gitId":"skinnychenpi"},"content":"event project meeting"},{"lineNumber":7,"author":{"gitId":"skinnychenpi"},"content":"list"},{"lineNumber":8,"author":{"gitId":"skinnychenpi"},"content":"done 1"},{"lineNumber":9,"author":{"gitId":"skinnychenpi"},"content":"done 4"},{"lineNumber":10,"author":{"gitId":"skinnychenpi"},"content":"list"},{"lineNumber":11,"author":{"gitId":"skinnychenpi"},"content":"delete 1"},{"lineNumber":12,"author":{"gitId":"skinnychenpi"},"content":"delete 4"},{"lineNumber":13,"author":{"gitId":"skinnychenpi"},"content":"list"},{"lineNumber":14,"author":{"gitId":"skinnychenpi"},"content":"blah"},{"lineNumber":15,"author":{"gitId":"skinnychenpi"},"content":"bye"}],"authorContributionMap":{"skinnychenpi":15}}]
