{"authorDailyContributionsMap":{"skinnychenpi":[{"date":"2021-01-18","commitResults":[{"hash":"ca575e7841632738dbb98e0ba11a860c219afa2e","messageTitle":"Level-1","messageBody":"","fileTypesAndContributionMap":{"java":{"insertions":57,"deletions":0}}},{"hash":"d404dee7a2ae057d378f84297823609b8e4f779f","messageTitle":"Level-1","messageBody":"","tags":["Level-1"],"fileTypesAndContributionMap":{"java":{"insertions":6,"deletions":6}}},{"hash":"0ec63aa22a3394622c3189cf7b4f638d3978b15f","messageTitle":"Level-2","messageBody":"","tags":["Level-2"],"fileTypesAndContributionMap":{"java":{"insertions":55,"deletions":3}}},{"hash":"49b940b91ef2af24532fad89899f0a4bd01de150","messageTitle":"Level-3","messageBody":"","tags":["Level-3"],"fileTypesAndContributionMap":{"java":{"insertions":67,"deletions":10}}}]},{"date":"2021-01-19","commitResults":[{"hash":"6515fbc6d74fb6fb9ef98186d83f96d51030e2a9","messageTitle":"Level-4","messageBody":"","tags":["Level-4"],"fileTypesAndContributionMap":{"txt":{"insertions":5,"deletions":0},"java":{"insertions":81,"deletions":6}}},{"hash":"a1ec18e12132048746ba94aaa96ccdc8d7e6a838","messageTitle":"Level-5","messageBody":"","tags":["Level-5"],"fileTypesAndContributionMap":{"java":{"insertions":111,"deletions":63}}},{"hash":"4c73c1c9722de0b3eb7221e59d12aa1cfd066b3b","messageTitle":"Level-6","messageBody":"","fileTypesAndContributionMap":{"java":{"insertions":37,"deletions":4}}},{"hash":"68fe84a88658f1799c6f693e7a34ebe4f677a6ba","messageTitle":"Level-6 latest","messageBody":"","tags":["Level-6"],"fileTypesAndContributionMap":{"java":{"insertions":3,"deletions":4}}}]},{"date":"2021-01-20","commitResults":[{"hash":"cb88e1d8917bfc5d8d394337e21121b336a5212c","messageTitle":"A-TextUiTesting","messageBody":"","tags":["A-TextUiTesting"],"fileTypesAndContributionMap":{"txt":{"insertions":10,"deletions":0}}}]},{"date":"2021-01-24","commitResults":[{"hash":"b50d52a63c9928f293b92585392372c9ade1fa2e","messageTitle":"Finish the development of Level-7, however requires more OOP modification such as put the storage part into one part of the chatbot but not in the Duke file.","messageBody":"","tags":["Level-7"],"fileTypesAndContributionMap":{"txt":{"insertions":1,"deletions":0},"java":{"insertions":100,"deletions":2}}}]},{"date":"2021-01-25","commitResults":[{"hash":"e1572a1795d5de84a7aba6ee91adbafb2b0f3951","messageTitle":"Finish development of Level-8","messageBody":"","fileTypesAndContributionMap":{"java":{"insertions":96,"deletions":10}}},{"hash":"6d0ae4e58ec133c876d06649172dfcbda804fbcc","messageTitle":"Finish the merge of Level-7 and Level-8 to master branch.","messageBody":"","tags":["Level-8"],"fileTypesAndContributionMap":{"txt":{"insertions":2,"deletions":0},"java":{"insertions":19,"deletions":3}}}]},{"date":"2021-01-26","commitResults":[{"hash":"68bfaaa32d16cf5f31a07df26d965996b7aac993","messageTitle":"Fix the bug of can\u0027t mkdir when duke.txt doesn\u0027t existat Level-7, moreover, rearrange the classes, so that uses more suitable OOP design.","messageBody":"","tags":["A-MoreOOP"],"fileTypesAndContributionMap":{"txt":{"insertions":4,"deletions":5},"java":{"insertions":456,"deletions":300}}},{"hash":"d54a1d4470461602781a186e24b7c7b34566eb42","messageTitle":"Finish packaging","messageBody":"","tags":["A-Packages"],"fileTypesAndContributionMap":{"java":{"insertions":91,"deletions":10}}},{"hash":"7b8f4e8f57cd81110f5ea7a2118502a06a8534dd","messageTitle":"Add several JUnit tests under command package.","messageBody":"","tags":["A-Jar","A-JUnit"],"fileTypesAndContributionMap":{"java":{"insertions":199,"deletions":5}}}]},{"date":"2021-01-27","commitResults":[{"hash":"252df5c90a458c3b4b2c49e5412280c12f3aff31","messageTitle":"Finish JavaDoc","messageBody":"","tags":["A-JavaDoc"],"fileTypesAndContributionMap":{"txt":{"insertions":2,"deletions":1},"java":{"insertions":487,"deletions":155}}},{"hash":"e213d902e3f307235b6f956e0f15e907a5108fac","messageTitle":"Finish A-CodingStandard","messageBody":"","fileTypesAndContributionMap":{"java":{"insertions":124,"deletions":119}}},{"hash":"89aaf551c04763e0d4a88680b11388ea9f52a6f1","messageTitle":"Level-9-temporary","messageBody":"","fileTypesAndContributionMap":{"java":{"insertions":70,"deletions":0}}},{"hash":"78f8387975f864294502b007d3f66e42d4c00031","messageTitle":"Finish Level-9","messageBody":"","fileTypesAndContributionMap":{"java":{"insertions":130,"deletions":143}}}]},{"date":"2021-02-02","commitResults":[{"hash":"9b8028997d41cd8cb813d2504279941bd1a7fc23","messageTitle":"Finish A-Gradle","messageBody":"","tags":["A-Gradle"],"fileTypesAndContributionMap":{"gradle":{"insertions":46,"deletions":0},"java":{"insertions":0,"deletions":11},"bat":{"insertions":104,"deletions":0}}},{"hash":"f646697460d1cec0db6108d0f740f3c611085bf2","messageTitle":"Finish A-CheckStyle","messageBody":"","tags":["A-CheckStyle"],"fileTypesAndContributionMap":{"java":{"insertions":143,"deletions":117},"sh":{"insertions":74,"deletions":0}}}]},{"date":"2021-02-04","commitResults":[{"hash":"9df14b7b9090cca75c4e3ed8e67658ef7a2cfa22","messageTitle":"In this version, the GUI is almost done, however, there are 3 problems: 1. The storage save task list is not applicable. 2. The byeCommand is not working. 3.The package management is not done yet. These will be fixed in the next iteration.","messageBody":"","tags":["Level-10"],"fileTypesAndContributionMap":{"gradle":{"insertions":15,"deletions":0},"java":{"insertions":327,"deletions":97}}}]},{"date":"2021-02-10","commitResults":[{"hash":"9221e3d591574173b151a1e460581866b10f3efc","messageTitle":"Add assertions in Storage.java, no other places are added. Will add more assertions when needed.","messageBody":"","fileTypesAndContributionMap":{"java":{"insertions":19,"deletions":16}}},{"hash":"937da2f805edc1bd0e0408620405311793fbb352","messageTitle":"Now can try merge request.","messageBody":"","fileTypesAndContributionMap":{"java":{"insertions":2,"deletions":2}}},{"hash":"29fbd916e101d306fbad62dd3f6165f655c7c490","messageTitle":"Modify some code standard error from pull requests.","messageBody":"","fileTypesAndContributionMap":{"java":{"insertions":23,"deletions":13}}},{"hash":"f7b34c583e8e905a0a26113b7cb5a4490770a038","messageTitle":"Add several modification to improve code quality.","messageBody":"","fileTypesAndContributionMap":{"java":{"insertions":51,"deletions":40}}}]},{"date":"2021-02-11","commitResults":[{"hash":"bd908c184dc8eb362214856081f56d9b3964dfc0","messageTitle":"Finish the primitive development of C-priority.","messageBody":"","tags":["BCD-Extension"],"fileTypesAndContributionMap":{"txt":{"insertions":2,"deletions":3},"java":{"insertions":143,"deletions":35}}}]},{"date":"2021-02-17","commitResults":[{"hash":"be1f057185da3e4617eba0c937bf6cb10eccb7ae","messageTitle":"Finish a better GUI, mainly include a fine background, a nice conversation bubble using CSS.","messageBody":"","tags":["A-BetterGui"],"fileTypesAndContributionMap":{"txt":{"insertions":1,"deletions":0},"java":{"insertions":232,"deletions":235}}},{"hash":"b01c78d7d45f71b2fc52d75f96552dd9818a4282","messageTitle":"Add a complete help guide for user. Type in help to see the guide.","messageBody":"","fileTypesAndContributionMap":{"java":{"insertions":20,"deletions":11}}},{"hash":"41a4b4ad538d9bf4625eb68120fb27b41339f2d3","messageTitle":"Add soring by priority with list -p command.","messageBody":"","fileTypesAndContributionMap":{"txt":{"insertions":2,"deletions":2},"java":{"insertions":115,"deletions":22}}},{"hash":"910f9ab8ad1cb76db5c79acb59830d282f3aea05","messageTitle":"Refine the comments and arrangement of packages.","messageBody":"","fileTypesAndContributionMap":{"gradle":{"insertions":1,"deletions":1},"txt":{"insertions":2,"deletions":1},"java":{"insertions":90,"deletions":68}}},{"hash":"d80b780733db59ab7b3884e37f304c89e522655c","messageTitle":"Finish README.md and Ui.png","messageBody":"","tags":["A-UserGuide"],"fileTypesAndContributionMap":{"java":{"insertions":2,"deletions":1},"md":{"insertions":75,"deletions":10}}},{"hash":"35123c9f2e632ed87e5271e1b6ea4c6eebb6db1a","messageTitle":"Refine README.md","messageBody":"","tags":["V1.0"],"fileTypesAndContributionMap":{"md":{"insertions":7,"deletions":4}}}]}]},"authorFileTypeContributionMap":{"skinnychenpi":{"java":1886,"md":78,"fxml":62,"sh":74,"bat":104,"gradle":61,"txt":19}},"authorContributionVariance":{"skinnychenpi":89894.1},"authorDisplayNameMap":{"skinnychenpi":"CS2103-T16-2 CHEN..HENG"}}
