[{"path":"src/main/java/Duke.java","fileType":"java","lines":[{"lineNumber":1,"author":{"gitId":"KnitidCeladon23"},"content":"import java.lang.reflect.Array;"},{"lineNumber":2,"author":{"gitId":"KnitidCeladon23"},"content":"import java.util.*;"},{"lineNumber":3,"author":{"gitId":"KnitidCeladon23"},"content":""},{"lineNumber":4,"author":{"gitId":"-"},"content":"public class Duke {"},{"lineNumber":5,"author":{"gitId":"-"},"content":"    public static void main(String[] args) {"},{"lineNumber":6,"author":{"gitId":"KnitidCeladon23"},"content":"        Scanner sc \u003d new Scanner(System.in);"},{"lineNumber":7,"author":{"gitId":"KnitidCeladon23"},"content":"        String dash \u003d \"____________________________________________________________\";"},{"lineNumber":8,"author":{"gitId":"KnitidCeladon23"},"content":"        String greeting1 \u003d \"Pai Kia Bot: Eh harlo! Call me Pai Kia Bot.\";"},{"lineNumber":9,"author":{"gitId":"KnitidCeladon23"},"content":"        String greeting2 \u003d \"Pai Kia Bot: What you want?\";"},{"lineNumber":10,"author":{"gitId":"KnitidCeladon23"},"content":"        String greeting3 \u003d \"Pai Kia Bot: I will keep a list of your responses ah\";"},{"lineNumber":11,"author":{"gitId":"KnitidCeladon23"},"content":"        String farewell \u003d \"Pai Kia Bot: Leave so soon ah? Limpeh sleep first, if got no issue don\u0027t disturb me.\";"},{"lineNumber":12,"author":{"gitId":"KnitidCeladon23"},"content":""},{"lineNumber":13,"author":{"gitId":"KnitidCeladon23"},"content":"        ArrayList\u003cCheckList\u003e inputList \u003d new ArrayList\u003c\u003e();"},{"lineNumber":14,"author":{"gitId":"KnitidCeladon23"},"content":""},{"lineNumber":15,"author":{"gitId":"KnitidCeladon23"},"content":"        System.out.println(dash);"},{"lineNumber":16,"author":{"gitId":"KnitidCeladon23"},"content":"        System.out.println(greeting1);"},{"lineNumber":17,"author":{"gitId":"KnitidCeladon23"},"content":"        System.out.println(greeting2);"},{"lineNumber":18,"author":{"gitId":"KnitidCeladon23"},"content":"        System.out.println(dash);"},{"lineNumber":19,"author":{"gitId":"KnitidCeladon23"},"content":"        System.out.print(\"Your response: \");"},{"lineNumber":20,"author":{"gitId":"KnitidCeladon23"},"content":"        String input \u003d sc.nextLine();"},{"lineNumber":21,"author":{"gitId":"KnitidCeladon23"},"content":"        System.out.println(\"\");"},{"lineNumber":22,"author":{"gitId":"KnitidCeladon23"},"content":""},{"lineNumber":23,"author":{"gitId":"KnitidCeladon23"},"content":"        while (!input.equals(\"bye\")) {"},{"lineNumber":24,"author":{"gitId":"KnitidCeladon23"},"content":"            if (input.equals(\"list\")) {"},{"lineNumber":25,"author":{"gitId":"KnitidCeladon23"},"content":"                int counter \u003d 1;"},{"lineNumber":26,"author":{"gitId":"KnitidCeladon23"},"content":"                System.out.println(dash);"},{"lineNumber":27,"author":{"gitId":"KnitidCeladon23"},"content":"                System.out.println(\"Pai Kia Bot: i send u your task list ah\");"},{"lineNumber":28,"author":{"gitId":"KnitidCeladon23"},"content":""},{"lineNumber":29,"author":{"gitId":"KnitidCeladon23"},"content":"                for (CheckList c : inputList) {"},{"lineNumber":30,"author":{"gitId":"KnitidCeladon23"},"content":"                    System.out.println(counter + c.toString());"},{"lineNumber":31,"author":{"gitId":"KnitidCeladon23"},"content":"                    counter++;"},{"lineNumber":32,"author":{"gitId":"KnitidCeladon23"},"content":"                }"},{"lineNumber":33,"author":{"gitId":"KnitidCeladon23"},"content":"                System.out.println(dash);"},{"lineNumber":34,"author":{"gitId":"KnitidCeladon23"},"content":"            } else if (input.length() \u003e 4 \u0026\u0026 input.substring(0, 5).equals(\"done \")) {"},{"lineNumber":35,"author":{"gitId":"KnitidCeladon23"},"content":"                int index \u003d -1;"},{"lineNumber":36,"author":{"gitId":"KnitidCeladon23"},"content":"                if (!input.equals(\"done \")) {"},{"lineNumber":37,"author":{"gitId":"KnitidCeladon23"},"content":"                    index \u003d Integer.parseInt(input.substring(5));"},{"lineNumber":38,"author":{"gitId":"KnitidCeladon23"},"content":"                }"},{"lineNumber":39,"author":{"gitId":"KnitidCeladon23"},"content":"                if (index \u003e\u003d 0 \u0026\u0026 index \u003c\u003d inputList.size()) {"},{"lineNumber":40,"author":{"gitId":"KnitidCeladon23"},"content":"                    inputList.set(index - 1, inputList.get(index - 1).makeDone());"},{"lineNumber":41,"author":{"gitId":"KnitidCeladon23"},"content":"                    System.out.println(dash);"},{"lineNumber":42,"author":{"gitId":"KnitidCeladon23"},"content":"                    System.out.println(\"Pai Kia Bot: ok i give this task a done chop: \" + inputList.get(index - 1).toString().substring(1));"},{"lineNumber":43,"author":{"gitId":"KnitidCeladon23"},"content":"                    System.out.println(dash);"},{"lineNumber":44,"author":{"gitId":"KnitidCeladon23"},"content":"                }"},{"lineNumber":45,"author":{"gitId":"KnitidCeladon23"},"content":""},{"lineNumber":46,"author":{"gitId":"KnitidCeladon23"},"content":"            } else if (input.length() \u003e 6 \u0026\u0026 input.substring(0, 7).equals(\"delete \")) {"},{"lineNumber":47,"author":{"gitId":"KnitidCeladon23"},"content":"                int index \u003d -1;"},{"lineNumber":48,"author":{"gitId":"KnitidCeladon23"},"content":"                if (!input.equals(\"delete \")) {"},{"lineNumber":49,"author":{"gitId":"KnitidCeladon23"},"content":"                    index \u003d Integer.parseInt(input.substring(7));"},{"lineNumber":50,"author":{"gitId":"KnitidCeladon23"},"content":"                }"},{"lineNumber":51,"author":{"gitId":"KnitidCeladon23"},"content":"                if (index \u003e 0 \u0026\u0026 index \u003c\u003d inputList.size()) {"},{"lineNumber":52,"author":{"gitId":"KnitidCeladon23"},"content":"                    System.out.println(dash);"},{"lineNumber":53,"author":{"gitId":"KnitidCeladon23"},"content":"                    System.out.println(\"Pai Kia Bot: ok i delete this task chop chop: \" + inputList.remove(index - 1).toString().substring(1));"},{"lineNumber":54,"author":{"gitId":"KnitidCeladon23"},"content":"                    System.out.println(dash);"},{"lineNumber":55,"author":{"gitId":"KnitidCeladon23"},"content":"                }"},{"lineNumber":56,"author":{"gitId":"KnitidCeladon23"},"content":""},{"lineNumber":57,"author":{"gitId":"KnitidCeladon23"},"content":"            } else if (input.length() \u003e 4 \u0026\u0026 input.substring(0, 5).equals(\"todo \")) {"},{"lineNumber":58,"author":{"gitId":"KnitidCeladon23"},"content":"                if (!input.equals(\"todo \")) {"},{"lineNumber":59,"author":{"gitId":"KnitidCeladon23"},"content":"                    String s \u003d input.substring(5);"},{"lineNumber":60,"author":{"gitId":"KnitidCeladon23"},"content":"                    CheckList c \u003d new CheckList(\"T\", s, false);"},{"lineNumber":61,"author":{"gitId":"KnitidCeladon23"},"content":"                    inputList.add(c);"},{"lineNumber":62,"author":{"gitId":"KnitidCeladon23"},"content":"                    System.out.println(dash);"},{"lineNumber":63,"author":{"gitId":"KnitidCeladon23"},"content":"                    System.out.println(\"Pai Kia Bot: ok i added this task chop chop: \" + c.toString().substring(1));"},{"lineNumber":64,"author":{"gitId":"KnitidCeladon23"},"content":"                    System.out.println(dash);"},{"lineNumber":65,"author":{"gitId":"KnitidCeladon23"},"content":"                } else {"},{"lineNumber":66,"author":{"gitId":"KnitidCeladon23"},"content":"                    System.out.println(dash);"},{"lineNumber":67,"author":{"gitId":"KnitidCeladon23"},"content":"                    System.out.println(\"Pai Kia Bot: no description leh, try again\");"},{"lineNumber":68,"author":{"gitId":"KnitidCeladon23"},"content":"                    System.out.println(dash);"},{"lineNumber":69,"author":{"gitId":"KnitidCeladon23"},"content":"                }"},{"lineNumber":70,"author":{"gitId":"KnitidCeladon23"},"content":"            } else if (input.length() \u003e 5 \u0026\u0026 input.substring(0, 6).equals(\"event \")) {"},{"lineNumber":71,"author":{"gitId":"KnitidCeladon23"},"content":"                if (!input.equals(\"event \")) {"},{"lineNumber":72,"author":{"gitId":"KnitidCeladon23"},"content":"                    String[] s \u003d input.substring(6).split(\"/at \");"},{"lineNumber":73,"author":{"gitId":"KnitidCeladon23"},"content":"                    CheckList c \u003d new CheckList(\"E\", s[0] + \"(at: \" + s[1] + \")\", false);"},{"lineNumber":74,"author":{"gitId":"KnitidCeladon23"},"content":"                    inputList.add(c);"},{"lineNumber":75,"author":{"gitId":"KnitidCeladon23"},"content":"                    System.out.println(dash);"},{"lineNumber":76,"author":{"gitId":"KnitidCeladon23"},"content":"                    System.out.println(\"Pai Kia Bot: ok i added this task chop chop: \" + c.toString().substring(1));"},{"lineNumber":77,"author":{"gitId":"KnitidCeladon23"},"content":"                    System.out.println(dash);"},{"lineNumber":78,"author":{"gitId":"KnitidCeladon23"},"content":"                } else {"},{"lineNumber":79,"author":{"gitId":"KnitidCeladon23"},"content":"                    System.out.println(dash);"},{"lineNumber":80,"author":{"gitId":"KnitidCeladon23"},"content":"                    System.out.println(\"Pai Kia Bot: no description leh, try again\");"},{"lineNumber":81,"author":{"gitId":"KnitidCeladon23"},"content":"                    System.out.println(dash);"},{"lineNumber":82,"author":{"gitId":"KnitidCeladon23"},"content":"                }"},{"lineNumber":83,"author":{"gitId":"KnitidCeladon23"},"content":"            } else if (input.length() \u003e 8 \u0026\u0026 input.substring(0, 9).equals(\"deadline \")) {"},{"lineNumber":84,"author":{"gitId":"KnitidCeladon23"},"content":"                if (!input.equals(\"deadline \")) {"},{"lineNumber":85,"author":{"gitId":"KnitidCeladon23"},"content":"                    String[] s \u003d input.substring(9).split(\"/by \");"},{"lineNumber":86,"author":{"gitId":"KnitidCeladon23"},"content":"                    CheckList c \u003d new CheckList(\"D\", s[0] + \"(by: \" + s[1] + \")\", false);"},{"lineNumber":87,"author":{"gitId":"KnitidCeladon23"},"content":"                    inputList.add(c);"},{"lineNumber":88,"author":{"gitId":"KnitidCeladon23"},"content":"                    System.out.println(dash);"},{"lineNumber":89,"author":{"gitId":"KnitidCeladon23"},"content":"                    System.out.println(\"Pai Kia Bot: ok i added this task chop chop: \" + c.toString().substring(1));"},{"lineNumber":90,"author":{"gitId":"KnitidCeladon23"},"content":"                    System.out.println(dash);"},{"lineNumber":91,"author":{"gitId":"KnitidCeladon23"},"content":"                } else {"},{"lineNumber":92,"author":{"gitId":"KnitidCeladon23"},"content":"                    System.out.println(dash);"},{"lineNumber":93,"author":{"gitId":"KnitidCeladon23"},"content":"                    System.out.println(\"Pai Kia Bot: no description leh, try again\");"},{"lineNumber":94,"author":{"gitId":"KnitidCeladon23"},"content":"                    System.out.println(dash);"},{"lineNumber":95,"author":{"gitId":"KnitidCeladon23"},"content":"                }"},{"lineNumber":96,"author":{"gitId":"KnitidCeladon23"},"content":"            } else {"},{"lineNumber":97,"author":{"gitId":"KnitidCeladon23"},"content":"                System.out.println(dash);"},{"lineNumber":98,"author":{"gitId":"KnitidCeladon23"},"content":"                System.out.println(\"You: \" + input);"},{"lineNumber":99,"author":{"gitId":"KnitidCeladon23"},"content":"                if (input.equals(\"todo\") || input.equals(\"event\") || input.equals(\"deadline\")) {"},{"lineNumber":100,"author":{"gitId":"KnitidCeladon23"},"content":"                    System.out.println(\"Pai Kia Bot: no description leh, try again\");"},{"lineNumber":101,"author":{"gitId":"KnitidCeladon23"},"content":"                } else {"},{"lineNumber":102,"author":{"gitId":"KnitidCeladon23"},"content":"                    System.out.println(\"Pai Kia Bot: invalid response leh\");"},{"lineNumber":103,"author":{"gitId":"KnitidCeladon23"},"content":"                }"},{"lineNumber":104,"author":{"gitId":"KnitidCeladon23"},"content":""},{"lineNumber":105,"author":{"gitId":"KnitidCeladon23"},"content":"                System.out.println(dash);"},{"lineNumber":106,"author":{"gitId":"KnitidCeladon23"},"content":"            }"},{"lineNumber":107,"author":{"gitId":"KnitidCeladon23"},"content":""},{"lineNumber":108,"author":{"gitId":"KnitidCeladon23"},"content":"            System.out.print(\"Your response: \");"},{"lineNumber":109,"author":{"gitId":"KnitidCeladon23"},"content":"            input \u003d sc.nextLine();"},{"lineNumber":110,"author":{"gitId":"KnitidCeladon23"},"content":"            System.out.println(\"\");"},{"lineNumber":111,"author":{"gitId":"KnitidCeladon23"},"content":""},{"lineNumber":112,"author":{"gitId":"KnitidCeladon23"},"content":"        }"},{"lineNumber":113,"author":{"gitId":"KnitidCeladon23"},"content":""},{"lineNumber":114,"author":{"gitId":"KnitidCeladon23"},"content":"        System.out.println(dash);"},{"lineNumber":115,"author":{"gitId":"KnitidCeladon23"},"content":"        System.out.println(\"You: \" + input);"},{"lineNumber":116,"author":{"gitId":"KnitidCeladon23"},"content":"        System.out.println(farewell);"},{"lineNumber":117,"author":{"gitId":"KnitidCeladon23"},"content":"        System.out.println(dash);"},{"lineNumber":118,"author":{"gitId":"KnitidCeladon23"},"content":"        sc.close();"},{"lineNumber":119,"author":{"gitId":"-"},"content":"    }"},{"lineNumber":120,"author":{"gitId":"-"},"content":"}"},{"lineNumber":121,"author":{"gitId":"KnitidCeladon23"},"content":""},{"lineNumber":122,"author":{"gitId":"KnitidCeladon23"},"content":"class CheckList {"},{"lineNumber":123,"author":{"gitId":"KnitidCeladon23"},"content":"    String type;"},{"lineNumber":124,"author":{"gitId":"KnitidCeladon23"},"content":"    String content;"},{"lineNumber":125,"author":{"gitId":"KnitidCeladon23"},"content":"    boolean checked;"},{"lineNumber":126,"author":{"gitId":"KnitidCeladon23"},"content":""},{"lineNumber":127,"author":{"gitId":"KnitidCeladon23"},"content":"    CheckList(String type, String content, boolean checked) {"},{"lineNumber":128,"author":{"gitId":"KnitidCeladon23"},"content":"        this.type \u003d type;"},{"lineNumber":129,"author":{"gitId":"KnitidCeladon23"},"content":"        this.content \u003d content;"},{"lineNumber":130,"author":{"gitId":"KnitidCeladon23"},"content":"        this.checked \u003d checked;"},{"lineNumber":131,"author":{"gitId":"KnitidCeladon23"},"content":"    }"},{"lineNumber":132,"author":{"gitId":"KnitidCeladon23"},"content":""},{"lineNumber":133,"author":{"gitId":"KnitidCeladon23"},"content":"    CheckList makeDone() {"},{"lineNumber":134,"author":{"gitId":"KnitidCeladon23"},"content":"        return new CheckList(this.type, this.content, true);"},{"lineNumber":135,"author":{"gitId":"KnitidCeladon23"},"content":"    }"},{"lineNumber":136,"author":{"gitId":"KnitidCeladon23"},"content":""},{"lineNumber":137,"author":{"gitId":"KnitidCeladon23"},"content":"    CheckList makeUndone() {"},{"lineNumber":138,"author":{"gitId":"KnitidCeladon23"},"content":"        return new CheckList(this.type, this.content, false);"},{"lineNumber":139,"author":{"gitId":"KnitidCeladon23"},"content":"    }"},{"lineNumber":140,"author":{"gitId":"KnitidCeladon23"},"content":""},{"lineNumber":141,"author":{"gitId":"KnitidCeladon23"},"content":"    @Override"},{"lineNumber":142,"author":{"gitId":"KnitidCeladon23"},"content":"    public String toString() {"},{"lineNumber":143,"author":{"gitId":"KnitidCeladon23"},"content":"        String typebox \u003d \"[\" + this.type + \"]\";"},{"lineNumber":144,"author":{"gitId":"KnitidCeladon23"},"content":"        String checkbox \u003d this.checked ? \"[x]\" : \"[ ]\";"},{"lineNumber":145,"author":{"gitId":"KnitidCeladon23"},"content":"        return \".\" + typebox + checkbox + \" \" + this.content;"},{"lineNumber":146,"author":{"gitId":"KnitidCeladon23"},"content":"    }"},{"lineNumber":147,"author":{"gitId":"KnitidCeladon23"},"content":"}"}],"authorContributionMap":{"KnitidCeladon23":143,"-":4}},{"path":"text-ui-test/input.txt","fileType":"txt","lines":[{"lineNumber":1,"author":{"gitId":"KnitidCeladon23"},"content":"todo borrow book"}],"authorContributionMap":{"KnitidCeladon23":1}}]
