{"authorDailyContributionsMap":{"KnitidCeladon23":[{"date":"2021-01-21","commitResults":[{"hash":"5c7b15a16cd181becf7878ad20f74323b5df46a0","messageTitle":"level-1","messageBody":"","fileTypesAndContributionMap":{"java":{"insertions":38,"deletions":6}}},{"hash":"ff34f1b857c13645b40fcee6611de98a024f33a7","messageTitle":"Level-2","messageBody":"","fileTypesAndContributionMap":{"java":{"insertions":25,"deletions":8}}},{"hash":"f23c88f6e0addf8a850991896b5fac43a4e155ef","messageTitle":"Level-3","messageBody":"","fileTypesAndContributionMap":{"java":{"insertions":48,"deletions":9}}},{"hash":"8c457108f505933bb8be0a300626f561d3934dcd","messageTitle":"Level-4","messageBody":"","fileTypesAndContributionMap":{"java":{"insertions":36,"deletions":20}}},{"hash":"7fdce46168b7556882205027fc1cb58727a38a5b","messageTitle":"A-TextUiTesting","messageBody":"","fileTypesAndContributionMap":{"txt":{"insertions":1,"deletions":0},"java":{"insertions":6,"deletions":0}}},{"hash":"2396f859edb2818f6b5d0020991a65a8aa5ba768","messageTitle":"Level-5","messageBody":"","fileTypesAndContributionMap":{"java":{"insertions":18,"deletions":1}}},{"hash":"47626ac4d126acbc7f4a2fb1b1de8aece13149f9","messageTitle":"Level-6","messageBody":"","fileTypesAndContributionMap":{"java":{"insertions":11,"deletions":1}}}]},{"date":"2021-02-03","commitResults":[{"hash":"345c0c3e112a26e71b1dc15beebf98592e0bfcd6","messageTitle":"created new MyDuke file (redoing iP from level 1)","messageBody":"","fileTypesAndContributionMap":{"java":{"insertions":42,"deletions":0}}},{"hash":"8f6de6942d8a72dc25580b16074c53d3bdca1dc8","messageTitle":"Level-1","messageBody":"","tags":["Level-1"],"fileTypesAndContributionMap":{"java":{"insertions":1,"deletions":0}}},{"hash":"cff0f445ef74ce5072bd6fc120afb2334c5282ab","messageTitle":"Level-2","messageBody":"","tags":["Level-2"],"fileTypesAndContributionMap":{"java":{"insertions":24,"deletions":5}}},{"hash":"2f6d49f507aa49152544b8c1ee6876f2e9e4eb18","messageTitle":"Level-3","messageBody":"","tags":["Level-3"],"fileTypesAndContributionMap":{"java":{"insertions":48,"deletions":14}}},{"hash":"b1021e867be35988b420d2fd76b1339f467b539e","messageTitle":"Level-4","messageBody":"","tags":["Level-4"],"fileTypesAndContributionMap":{"java":{"insertions":114,"deletions":10}}},{"hash":"42de6437bee3af4105c571f9ca2695fb28a5359a","messageTitle":"A-TextUiTesting","messageBody":"","tags":["A-TextUiTesting"],"fileTypesAndContributionMap":{"txt":{"insertions":7,"deletions":1}}},{"hash":"2c861d6af5440ca49a9952b9c589f95e5bda3c82","messageTitle":"Level-5","messageBody":"","tags":["Level-5"],"fileTypesAndContributionMap":{"txt":{"insertions":7,"deletions":0},"java":{"insertions":124,"deletions":37},"bat":{"insertions":1,"deletions":1}}},{"hash":"c26d800780643bfd0e25740ee48d98ce540ac2af","messageTitle":"Level-6","messageBody":"","tags":["Level-6"],"fileTypesAndContributionMap":{"txt":{"insertions":8,"deletions":0},"java":{"insertions":21,"deletions":1}}},{"hash":"389cc246390ac9067063063db35c14750e2dbc75","messageTitle":"Level-7","messageBody":"","tags":["Level-7"],"fileTypesAndContributionMap":{"txt":{"insertions":9,"deletions":5},"java":{"insertions":91,"deletions":8}}},{"hash":"9703048b291eec3c84de5ce104d5596473b114b6","messageTitle":"Level-8","messageBody":"","tags":["Level-8"],"fileTypesAndContributionMap":{"java":{"insertions":45,"deletions":8}}},{"hash":"9b64a2c1e5a9ac5bc778d60c6c2052b233fbe6eb","messageTitle":"conflict resolution for timeDisplay() - Level-8","messageBody":"","fileTypesAndContributionMap":{"java":{"insertions":0,"deletions":8}}}]},{"date":"2021-02-21","commitResults":[{"hash":"a8effbc5bd40f42d235f45f74546a5d59f7401b2","messageTitle":"A-MoreOOP: added Storage, Ui, TaskList classes","messageBody":"","tags":["A-MoreOOP"],"fileTypesAndContributionMap":{"txt":{"insertions":11,"deletions":4},"java":{"insertions":287,"deletions":132}}},{"hash":"e0c19f0895cc8c24a9b4d88909e458fa09c6b63f","messageTitle":"A-JUnit: added DeadlineTest and ToDoTest Junit test classes","messageBody":"","tags":["v0.1","A-JUnit"],"fileTypesAndContributionMap":{"java":{"insertions":148,"deletions":0}}}]},{"date":"2021-02-22","commitResults":[{"hash":"d9938fe127591a85342367f2fd37b824011e3c0c","messageTitle":"A-MoreOOP: added Parser class","messageBody":"","fileTypesAndContributionMap":{"txt":{"insertions":4,"deletions":0},"java":{"insertions":124,"deletions":85}}},{"hash":"3b7ca7818ecc459fb67338ff91ec30b6da0fdff4","messageTitle":"A-JavaDoc: added javadoc comments","messageBody":"","tags":["A-JavaDoc"],"fileTypesAndContributionMap":{"java":{"insertions":129,"deletions":5}}},{"hash":"45f8ec33f924c8dfe5e36777b88fdfd905f3ffd5","messageTitle":"Tweak the code to comply with the SE-EDU Java coding standard","messageBody":"","tags":["A-CodingStandard"],"fileTypesAndContributionMap":{"java":{"insertions":165,"deletions":169}}},{"hash":"ac0f9f13e811207e5f5db80ea8310baba48aac19","messageTitle":"Add find feature to MyDuke","messageBody":"","tags":["Level-9"],"fileTypesAndContributionMap":{"txt":{"insertions":9,"deletions":11},"java":{"insertions":149,"deletions":94}}},{"hash":"b87f63013e57623eb60be1081225fb924e3b0f1b","messageTitle":"Divide classes into packages","messageBody":"","tags":["A-Packages"],"fileTypesAndContributionMap":{"java":{"insertions":1659,"deletions":0}}},{"hash":"1f49b839bbee8e434b83f84316952d74e1e18d03","messageTitle":"Add gradle files","messageBody":"","fileTypesAndContributionMap":{"bat":{"insertions":89,"deletions":0}}},{"hash":"94674372331e4d494ea57d03d4bd84bf21ba1d28","messageTitle":"Update mainClassName and archiveBaseName","messageBody":"","tags":["A-Gradle"],"fileTypesAndContributionMap":{"gradle":{"insertions":2,"deletions":2}}},{"hash":"bbb43fe2876688cfa0eed77a1b309573a05ea9b0","messageTitle":"Backup","messageBody":"","fileTypesAndContributionMap":{"gradle":{"insertions":15,"deletions":0},"java":{"insertions":218,"deletions":855},"bat":{"insertions":0,"deletions":17},"md":{"insertions":2198,"deletions":0}}},{"hash":"c02694c54a53dcbbaa18fd67026b9bd08cf99730","messageTitle":"Implement Level-10 increment (GUI)","messageBody":"","tags":["Level-10"],"fileTypesAndContributionMap":{"java":{"insertions":338,"deletions":125}}},{"hash":"b36c6bd30d49f8496c06aa1c6c1ee5fe12c92a5b","messageTitle":"Implement C-Sort, able to sort tasks (alphabetical order)","messageBody":"","fileTypesAndContributionMap":{"java":{"insertions":50,"deletions":24}}}]},{"date":"2021-02-23","commitResults":[{"hash":"213bf799bc3ba9c8c3f50e6a2d176fb23c97ffc9","messageTitle":"Fix Launcher bug and update gitignore file","messageBody":"","fileTypesAndContributionMap":{"txt":{"insertions":5,"deletions":0},"java":{"insertions":27,"deletions":18}}},{"hash":"3b75b87ebcf6e58d53fdc6b418ad8ab821a7100d","messageTitle":"Update Readme.md and remove old version Duke.java","messageBody":"","tags":["A-UserGuide"],"fileTypesAndContributionMap":{"txt":{"insertions":2,"deletions":5},"java":{"insertions":0,"deletions":147},"md":{"insertions":148,"deletions":6}}},{"hash":"207029605db35ab0377fcfd5f58c6a60eaa47dda","messageTitle":"Update build.gradle","messageBody":"","tags":["v0.3"],"fileTypesAndContributionMap":{"gradle":{"insertions":1,"deletions":1}}}]}]},"authorFileTypeContributionMap":{"KnitidCeladon23":{"java":2214,"md":2342,"fxml":35,"sh":0,"bat":1,"gradle":17,"txt":37}},"authorContributionVariance":{"KnitidCeladon23":956048.25},"authorDisplayNameMap":{"KnitidCeladon23":"CS2103T-W12-3 KENN..YANG"}}
