{"authorDailyContributionsMap":{"KnitidCeladon23":[{"date":"2021-01-21","commitResults":[{"hash":"5c7b15a16cd181becf7878ad20f74323b5df46a0","messageTitle":"level-1","messageBody":"","fileTypesAndContributionMap":{"java":{"insertions":38,"deletions":6}}},{"hash":"ff34f1b857c13645b40fcee6611de98a024f33a7","messageTitle":"Level-2","messageBody":"","fileTypesAndContributionMap":{"java":{"insertions":25,"deletions":8}}},{"hash":"f23c88f6e0addf8a850991896b5fac43a4e155ef","messageTitle":"Level-3","messageBody":"","fileTypesAndContributionMap":{"java":{"insertions":48,"deletions":9}}},{"hash":"8c457108f505933bb8be0a300626f561d3934dcd","messageTitle":"Level-4","messageBody":"","fileTypesAndContributionMap":{"java":{"insertions":36,"deletions":20}}},{"hash":"7fdce46168b7556882205027fc1cb58727a38a5b","messageTitle":"A-TextUiTesting","messageBody":"","fileTypesAndContributionMap":{"txt":{"insertions":1,"deletions":0},"java":{"insertions":6,"deletions":0}}},{"hash":"2396f859edb2818f6b5d0020991a65a8aa5ba768","messageTitle":"Level-5","messageBody":"","fileTypesAndContributionMap":{"java":{"insertions":18,"deletions":1}}},{"hash":"47626ac4d126acbc7f4a2fb1b1de8aece13149f9","messageTitle":"Level-6","messageBody":"","fileTypesAndContributionMap":{"java":{"insertions":11,"deletions":1}}}]},{"date":"2021-02-03","commitResults":[{"hash":"345c0c3e112a26e71b1dc15beebf98592e0bfcd6","messageTitle":"created new MyDuke file (redoing iP from level 1)","messageBody":"","fileTypesAndContributionMap":{"java":{"insertions":42,"deletions":0}}},{"hash":"8f6de6942d8a72dc25580b16074c53d3bdca1dc8","messageTitle":"Level-1","messageBody":"","tags":["Level-1"],"fileTypesAndContributionMap":{"java":{"insertions":1,"deletions":0}}},{"hash":"cff0f445ef74ce5072bd6fc120afb2334c5282ab","messageTitle":"Level-2","messageBody":"","tags":["Level-2"],"fileTypesAndContributionMap":{"java":{"insertions":24,"deletions":5}}},{"hash":"2f6d49f507aa49152544b8c1ee6876f2e9e4eb18","messageTitle":"Level-3","messageBody":"","tags":["Level-3"],"fileTypesAndContributionMap":{"java":{"insertions":48,"deletions":14}}},{"hash":"b1021e867be35988b420d2fd76b1339f467b539e","messageTitle":"Level-4","messageBody":"","tags":["Level-4"],"fileTypesAndContributionMap":{"java":{"insertions":114,"deletions":10}}},{"hash":"42de6437bee3af4105c571f9ca2695fb28a5359a","messageTitle":"A-TextUiTesting","messageBody":"","tags":["A-TextUiTesting"],"fileTypesAndContributionMap":{"txt":{"insertions":7,"deletions":1}}},{"hash":"2c861d6af5440ca49a9952b9c589f95e5bda3c82","messageTitle":"Level-5","messageBody":"","tags":["Level-5"],"fileTypesAndContributionMap":{"txt":{"insertions":7,"deletions":0},"java":{"insertions":124,"deletions":37},"bat":{"insertions":1,"deletions":1}}},{"hash":"c26d800780643bfd0e25740ee48d98ce540ac2af","messageTitle":"Level-6","messageBody":"","tags":["Level-6"],"fileTypesAndContributionMap":{"txt":{"insertions":8,"deletions":0},"java":{"insertions":21,"deletions":1}}},{"hash":"389cc246390ac9067063063db35c14750e2dbc75","messageTitle":"Level-7","messageBody":"","tags":["Level-7"],"fileTypesAndContributionMap":{"txt":{"insertions":9,"deletions":5},"java":{"insertions":91,"deletions":8}}},{"hash":"9703048b291eec3c84de5ce104d5596473b114b6","messageTitle":"Level-8","messageBody":"","tags":["Level-8"],"fileTypesAndContributionMap":{"java":{"insertions":45,"deletions":8}}},{"hash":"9b64a2c1e5a9ac5bc778d60c6c2052b233fbe6eb","messageTitle":"conflict resolution for timeDisplay() - Level-8","messageBody":"","fileTypesAndContributionMap":{"java":{"insertions":0,"deletions":8}}}]}]},"authorFileTypeContributionMap":{"KnitidCeladon23":{"java":570,"md":0,"fxml":0,"sh":0,"bat":1,"gradle":0,"txt":26}},"authorContributionVariance":{"KnitidCeladon23":17924.639},"authorDisplayNameMap":{"KnitidCeladon23":"CS2103T-W12-3 KENN..YANG"}}
