[{"path":"src/main/java/BadDateException.java","fileType":"java","lines":[{"lineNumber":1,"author":{"gitId":"KevinLohJunYong"},"content":"public class BadDateException extends Exception {"},{"lineNumber":2,"author":{"gitId":"KevinLohJunYong"},"content":"    @Override"},{"lineNumber":3,"author":{"gitId":"KevinLohJunYong"},"content":"    public String getMessage() {"},{"lineNumber":4,"author":{"gitId":"KevinLohJunYong"},"content":"        return \"Please format your dead as yyyy-mm-dd\";"},{"lineNumber":5,"author":{"gitId":"KevinLohJunYong"},"content":"    }"},{"lineNumber":6,"author":{"gitId":"KevinLohJunYong"},"content":"}"}],"authorContributionMap":{"KevinLohJunYong":6}},{"path":"src/main/java/Command.java","fileType":"java","lines":[{"lineNumber":1,"author":{"gitId":"KevinLohJunYong"},"content":"public abstract class Command {"},{"lineNumber":2,"author":{"gitId":"KevinLohJunYong"},"content":"    protected String line;"},{"lineNumber":3,"author":{"gitId":"KevinLohJunYong"},"content":"    int itemNo \u003d -1;"},{"lineNumber":4,"author":{"gitId":"KevinLohJunYong"},"content":"    public Command(String line) {"},{"lineNumber":5,"author":{"gitId":"KevinLohJunYong"},"content":"        this.line \u003d line;"},{"lineNumber":6,"author":{"gitId":"KevinLohJunYong"},"content":"    }"},{"lineNumber":7,"author":{"gitId":"KevinLohJunYong"},"content":""},{"lineNumber":8,"author":{"gitId":"KevinLohJunYong"},"content":"    public Command() {"},{"lineNumber":9,"author":{"gitId":"KevinLohJunYong"},"content":""},{"lineNumber":10,"author":{"gitId":"KevinLohJunYong"},"content":"    }"},{"lineNumber":11,"author":{"gitId":"KevinLohJunYong"},"content":""},{"lineNumber":12,"author":{"gitId":"KevinLohJunYong"},"content":"    public abstract boolean isExit();"},{"lineNumber":13,"author":{"gitId":"KevinLohJunYong"},"content":"    public abstract String getType();"},{"lineNumber":14,"author":{"gitId":"KevinLohJunYong"},"content":""},{"lineNumber":15,"author":{"gitId":"KevinLohJunYong"},"content":"    public abstract String getDescription();"},{"lineNumber":16,"author":{"gitId":"KevinLohJunYong"},"content":"}"}],"authorContributionMap":{"KevinLohJunYong":16}},{"path":"src/main/java/Deadline.java","fileType":"java","lines":[{"lineNumber":1,"author":{"gitId":"KevinLohJunYong"},"content":"import java.time.LocalDate;"},{"lineNumber":2,"author":{"gitId":"KevinLohJunYong"},"content":"import java.time.format.DateTimeFormatter;"},{"lineNumber":3,"author":{"gitId":"KevinLohJunYong"},"content":"import java.time.format.DateTimeParseException;"},{"lineNumber":4,"author":{"gitId":"KevinLohJunYong"},"content":""},{"lineNumber":5,"author":{"gitId":"KevinLohJunYong"},"content":"public class Deadline extends Task {"},{"lineNumber":6,"author":{"gitId":"KevinLohJunYong"},"content":""},{"lineNumber":7,"author":{"gitId":"KevinLohJunYong"},"content":"    LocalDate localDate;"},{"lineNumber":8,"author":{"gitId":"KevinLohJunYong"},"content":""},{"lineNumber":9,"author":{"gitId":"KevinLohJunYong"},"content":"    String formattedDescription;"},{"lineNumber":10,"author":{"gitId":"KevinLohJunYong"},"content":""},{"lineNumber":11,"author":{"gitId":"KevinLohJunYong"},"content":"    String dateString;"},{"lineNumber":12,"author":{"gitId":"KevinLohJunYong"},"content":""},{"lineNumber":13,"author":{"gitId":"KevinLohJunYong"},"content":"    Deadline(String description) throws EmptyArgumentException, BadDateException {"},{"lineNumber":14,"author":{"gitId":"KevinLohJunYong"},"content":"        super(description);"},{"lineNumber":15,"author":{"gitId":"KevinLohJunYong"},"content":"        int indexOfDate \u003d description.indexOf(\"/\") + 4;"},{"lineNumber":16,"author":{"gitId":"KevinLohJunYong"},"content":"        try {"},{"lineNumber":17,"author":{"gitId":"KevinLohJunYong"},"content":"            localDate \u003d LocalDate.parse(description.substring(indexOfDate));"},{"lineNumber":18,"author":{"gitId":"KevinLohJunYong"},"content":"            dateString \u003d localDate.format(DateTimeFormatter.ofPattern(\"MMM dd yyyy\"));"},{"lineNumber":19,"author":{"gitId":"KevinLohJunYong"},"content":"            formattedDescription \u003d description.substring(0, indexOfDate) + dateString;"},{"lineNumber":20,"author":{"gitId":"KevinLohJunYong"},"content":"        }"},{"lineNumber":21,"author":{"gitId":"KevinLohJunYong"},"content":"        catch(DateTimeParseException e) {"},{"lineNumber":22,"author":{"gitId":"KevinLohJunYong"},"content":"            throw new BadDateException();"},{"lineNumber":23,"author":{"gitId":"KevinLohJunYong"},"content":"        }"},{"lineNumber":24,"author":{"gitId":"KevinLohJunYong"},"content":"    }"},{"lineNumber":25,"author":{"gitId":"KevinLohJunYong"},"content":"    public String getDateString() {"},{"lineNumber":26,"author":{"gitId":"KevinLohJunYong"},"content":"        return dateString;"},{"lineNumber":27,"author":{"gitId":"KevinLohJunYong"},"content":"    }"},{"lineNumber":28,"author":{"gitId":"KevinLohJunYong"},"content":"    @Override"},{"lineNumber":29,"author":{"gitId":"KevinLohJunYong"},"content":"    public String toString() {"},{"lineNumber":30,"author":{"gitId":"KevinLohJunYong"},"content":"        return \"[D]\" +  \"[\" + (isCompleted ? \"X\" : \" \") + \"] \" + formattedDescription;"},{"lineNumber":31,"author":{"gitId":"KevinLohJunYong"},"content":"    }"},{"lineNumber":32,"author":{"gitId":"KevinLohJunYong"},"content":"}"}],"authorContributionMap":{"KevinLohJunYong":32}},{"path":"src/main/java/DeadlineCommand.java","fileType":"java","lines":[{"lineNumber":1,"author":{"gitId":"KevinLohJunYong"},"content":"public class DeadlineCommand extends Command {"},{"lineNumber":2,"author":{"gitId":"KevinLohJunYong"},"content":""},{"lineNumber":3,"author":{"gitId":"KevinLohJunYong"},"content":"    DeadlineCommand(String line) {"},{"lineNumber":4,"author":{"gitId":"KevinLohJunYong"},"content":"        super(line);"},{"lineNumber":5,"author":{"gitId":"KevinLohJunYong"},"content":"    }"},{"lineNumber":6,"author":{"gitId":"KevinLohJunYong"},"content":""},{"lineNumber":7,"author":{"gitId":"KevinLohJunYong"},"content":"    @Override"},{"lineNumber":8,"author":{"gitId":"KevinLohJunYong"},"content":"    public boolean isExit() {"},{"lineNumber":9,"author":{"gitId":"KevinLohJunYong"},"content":"        return false;"},{"lineNumber":10,"author":{"gitId":"KevinLohJunYong"},"content":"    }"},{"lineNumber":11,"author":{"gitId":"KevinLohJunYong"},"content":""},{"lineNumber":12,"author":{"gitId":"KevinLohJunYong"},"content":"    @Override"},{"lineNumber":13,"author":{"gitId":"KevinLohJunYong"},"content":"    public String getType() {"},{"lineNumber":14,"author":{"gitId":"KevinLohJunYong"},"content":"        return \"deadline\";"},{"lineNumber":15,"author":{"gitId":"KevinLohJunYong"},"content":"    }"},{"lineNumber":16,"author":{"gitId":"KevinLohJunYong"},"content":""},{"lineNumber":17,"author":{"gitId":"KevinLohJunYong"},"content":"    @Override"},{"lineNumber":18,"author":{"gitId":"KevinLohJunYong"},"content":"    public String getDescription() {"},{"lineNumber":19,"author":{"gitId":"KevinLohJunYong"},"content":"        return line;"},{"lineNumber":20,"author":{"gitId":"KevinLohJunYong"},"content":"    }"},{"lineNumber":21,"author":{"gitId":"KevinLohJunYong"},"content":"}"}],"authorContributionMap":{"KevinLohJunYong":21}},{"path":"src/main/java/DeleteCommand.java","fileType":"java","lines":[{"lineNumber":1,"author":{"gitId":"KevinLohJunYong"},"content":"public class DeleteCommand extends Command {"},{"lineNumber":2,"author":{"gitId":"KevinLohJunYong"},"content":"    DeleteCommand(int itemNo) {"},{"lineNumber":3,"author":{"gitId":"KevinLohJunYong"},"content":"        super();"},{"lineNumber":4,"author":{"gitId":"KevinLohJunYong"},"content":"        super.itemNo \u003d itemNo;"},{"lineNumber":5,"author":{"gitId":"KevinLohJunYong"},"content":"    }"},{"lineNumber":6,"author":{"gitId":"KevinLohJunYong"},"content":"    @Override"},{"lineNumber":7,"author":{"gitId":"KevinLohJunYong"},"content":"    public boolean isExit() {"},{"lineNumber":8,"author":{"gitId":"KevinLohJunYong"},"content":"        return false;"},{"lineNumber":9,"author":{"gitId":"KevinLohJunYong"},"content":"    }"},{"lineNumber":10,"author":{"gitId":"KevinLohJunYong"},"content":"    @Override"},{"lineNumber":11,"author":{"gitId":"KevinLohJunYong"},"content":"    public String getType() {"},{"lineNumber":12,"author":{"gitId":"KevinLohJunYong"},"content":"        return \"delete\";"},{"lineNumber":13,"author":{"gitId":"KevinLohJunYong"},"content":"    }"},{"lineNumber":14,"author":{"gitId":"KevinLohJunYong"},"content":""},{"lineNumber":15,"author":{"gitId":"KevinLohJunYong"},"content":"    @Override"},{"lineNumber":16,"author":{"gitId":"KevinLohJunYong"},"content":"    public String getDescription() {"},{"lineNumber":17,"author":{"gitId":"KevinLohJunYong"},"content":"        return null;"},{"lineNumber":18,"author":{"gitId":"KevinLohJunYong"},"content":"    }"},{"lineNumber":19,"author":{"gitId":"KevinLohJunYong"},"content":"}"}],"authorContributionMap":{"KevinLohJunYong":19}},{"path":"src/main/java/DoneCommand.java","fileType":"java","lines":[{"lineNumber":1,"author":{"gitId":"KevinLohJunYong"},"content":"public class DoneCommand extends Command {"},{"lineNumber":2,"author":{"gitId":"KevinLohJunYong"},"content":"    DoneCommand(int itemNo) {"},{"lineNumber":3,"author":{"gitId":"KevinLohJunYong"},"content":"        super();"},{"lineNumber":4,"author":{"gitId":"KevinLohJunYong"},"content":"        super.itemNo \u003d itemNo;"},{"lineNumber":5,"author":{"gitId":"KevinLohJunYong"},"content":"    }"},{"lineNumber":6,"author":{"gitId":"KevinLohJunYong"},"content":"    @Override"},{"lineNumber":7,"author":{"gitId":"KevinLohJunYong"},"content":"    public boolean isExit() {"},{"lineNumber":8,"author":{"gitId":"KevinLohJunYong"},"content":"        return false;"},{"lineNumber":9,"author":{"gitId":"KevinLohJunYong"},"content":"    }"},{"lineNumber":10,"author":{"gitId":"KevinLohJunYong"},"content":"    @Override"},{"lineNumber":11,"author":{"gitId":"KevinLohJunYong"},"content":"    public String getType() {"},{"lineNumber":12,"author":{"gitId":"KevinLohJunYong"},"content":"        return \"done\";"},{"lineNumber":13,"author":{"gitId":"KevinLohJunYong"},"content":"    }"},{"lineNumber":14,"author":{"gitId":"KevinLohJunYong"},"content":""},{"lineNumber":15,"author":{"gitId":"KevinLohJunYong"},"content":"    @Override"},{"lineNumber":16,"author":{"gitId":"KevinLohJunYong"},"content":"    public String getDescription() {"},{"lineNumber":17,"author":{"gitId":"KevinLohJunYong"},"content":"        return null;"},{"lineNumber":18,"author":{"gitId":"KevinLohJunYong"},"content":"    }"},{"lineNumber":19,"author":{"gitId":"KevinLohJunYong"},"content":"}"},{"lineNumber":20,"author":{"gitId":"KevinLohJunYong"},"content":""}],"authorContributionMap":{"KevinLohJunYong":20}},{"path":"src/main/java/Duke.java","fileType":"java","lines":[{"lineNumber":1,"author":{"gitId":"KevinLohJunYong"},"content":"import java.io.*;"},{"lineNumber":2,"author":{"gitId":"KevinLohJunYong"},"content":"import java.util.ArrayList;"},{"lineNumber":3,"author":{"gitId":"KevinLohJunYong"},"content":"import java.util.List;"},{"lineNumber":4,"author":{"gitId":"KevinLohJunYong"},"content":"import java.util.Scanner;"},{"lineNumber":5,"author":{"gitId":"KevinLohJunYong"},"content":"import java.util.regex.Pattern;"},{"lineNumber":6,"author":{"gitId":"KevinLohJunYong"},"content":""},{"lineNumber":7,"author":{"gitId":"-"},"content":"public class Duke {"},{"lineNumber":8,"author":{"gitId":"KevinLohJunYong"},"content":""},{"lineNumber":9,"author":{"gitId":"KevinLohJunYong"},"content":"    private Storage storage;"},{"lineNumber":10,"author":{"gitId":"KevinLohJunYong"},"content":"    private TaskList tasks;"},{"lineNumber":11,"author":{"gitId":"KevinLohJunYong"},"content":"    private Ui ui;"},{"lineNumber":12,"author":{"gitId":"KevinLohJunYong"},"content":"    private Parser parser;"},{"lineNumber":13,"author":{"gitId":"KevinLohJunYong"},"content":""},{"lineNumber":14,"author":{"gitId":"KevinLohJunYong"},"content":"    public Duke(String filePath) {"},{"lineNumber":15,"author":{"gitId":"KevinLohJunYong"},"content":"        ui \u003d new Ui();"},{"lineNumber":16,"author":{"gitId":"KevinLohJunYong"},"content":"        storage \u003d new Storage(filePath);"},{"lineNumber":17,"author":{"gitId":"KevinLohJunYong"},"content":"        parser \u003d new Parser();"},{"lineNumber":18,"author":{"gitId":"KevinLohJunYong"},"content":"        tasks \u003d new TaskList();"},{"lineNumber":19,"author":{"gitId":"KevinLohJunYong"},"content":"        try {"},{"lineNumber":20,"author":{"gitId":"KevinLohJunYong"},"content":"            tasks \u003d new TaskList(storage.load());"},{"lineNumber":21,"author":{"gitId":"KevinLohJunYong"},"content":"        } catch (IOException | EmptyArgumentException e) {"},{"lineNumber":22,"author":{"gitId":"KevinLohJunYong"},"content":"            ui.showLoadingError();"},{"lineNumber":23,"author":{"gitId":"KevinLohJunYong"},"content":"            tasks \u003d new TaskList();"},{"lineNumber":24,"author":{"gitId":"KevinLohJunYong"},"content":"        }"},{"lineNumber":25,"author":{"gitId":"-"},"content":"    }"},{"lineNumber":26,"author":{"gitId":"KevinLohJunYong"},"content":""},{"lineNumber":27,"author":{"gitId":"KevinLohJunYong"},"content":"    public void run() throws EmptyArgumentException, BadDateException, InvalidCommandException, IOException {"},{"lineNumber":28,"author":{"gitId":"KevinLohJunYong"},"content":"        ui.sendWelcomeMessage();"},{"lineNumber":29,"author":{"gitId":"KevinLohJunYong"},"content":"        while(true) {"},{"lineNumber":30,"author":{"gitId":"KevinLohJunYong"},"content":"            String line \u003d ui.listenToInput();"},{"lineNumber":31,"author":{"gitId":"KevinLohJunYong"},"content":"            Command command \u003d parser.parseCommand(line);"},{"lineNumber":32,"author":{"gitId":"KevinLohJunYong"},"content":"            if(command.isExit()) break;"},{"lineNumber":33,"author":{"gitId":"KevinLohJunYong"},"content":"            tasks.run(command,ui,storage);"},{"lineNumber":34,"author":{"gitId":"KevinLohJunYong"},"content":"        }"},{"lineNumber":35,"author":{"gitId":"KevinLohJunYong"},"content":"        ui.byeUser();"},{"lineNumber":36,"author":{"gitId":"KevinLohJunYong"},"content":"    }"},{"lineNumber":37,"author":{"gitId":"KevinLohJunYong"},"content":""},{"lineNumber":38,"author":{"gitId":"KevinLohJunYong"},"content":"    public static void main(String[] args) throws EmptyArgumentException, BadDateException, InvalidCommandException, IOException {"},{"lineNumber":39,"author":{"gitId":"KevinLohJunYong"},"content":"        new Duke(System.getProperty(\"user.dir\") + \"/data/duke.txt\").run();"},{"lineNumber":40,"author":{"gitId":"KevinLohJunYong"},"content":"    }"},{"lineNumber":41,"author":{"gitId":"-"},"content":"}"}],"authorContributionMap":{"-":3,"KevinLohJunYong":38}},{"path":"src/main/java/EmptyArgumentException.java","fileType":"java","lines":[{"lineNumber":1,"author":{"gitId":"KevinLohJunYong"},"content":"public class EmptyArgumentException extends Exception {"},{"lineNumber":2,"author":{"gitId":"KevinLohJunYong"},"content":"}"}],"authorContributionMap":{"KevinLohJunYong":2}},{"path":"src/main/java/Event.java","fileType":"java","lines":[{"lineNumber":1,"author":{"gitId":"KevinLohJunYong"},"content":"public class Event extends Task {"},{"lineNumber":2,"author":{"gitId":"KevinLohJunYong"},"content":"    Event(String description) throws EmptyArgumentException {"},{"lineNumber":3,"author":{"gitId":"KevinLohJunYong"},"content":"        super(description);"},{"lineNumber":4,"author":{"gitId":"KevinLohJunYong"},"content":"    }"},{"lineNumber":5,"author":{"gitId":"KevinLohJunYong"},"content":""},{"lineNumber":6,"author":{"gitId":"KevinLohJunYong"},"content":"    @Override"},{"lineNumber":7,"author":{"gitId":"KevinLohJunYong"},"content":"    public String toString() {"},{"lineNumber":8,"author":{"gitId":"KevinLohJunYong"},"content":"        return \"[E]\" + super.toString();"},{"lineNumber":9,"author":{"gitId":"KevinLohJunYong"},"content":"    }"},{"lineNumber":10,"author":{"gitId":"KevinLohJunYong"},"content":"}"}],"authorContributionMap":{"KevinLohJunYong":10}},{"path":"src/main/java/EventCommand.java","fileType":"java","lines":[{"lineNumber":1,"author":{"gitId":"KevinLohJunYong"},"content":"public class EventCommand extends Command {"},{"lineNumber":2,"author":{"gitId":"KevinLohJunYong"},"content":"    EventCommand(String line) {"},{"lineNumber":3,"author":{"gitId":"KevinLohJunYong"},"content":"        super(line);"},{"lineNumber":4,"author":{"gitId":"KevinLohJunYong"},"content":"    }"},{"lineNumber":5,"author":{"gitId":"KevinLohJunYong"},"content":""},{"lineNumber":6,"author":{"gitId":"KevinLohJunYong"},"content":"    @Override"},{"lineNumber":7,"author":{"gitId":"KevinLohJunYong"},"content":"    public boolean isExit() {"},{"lineNumber":8,"author":{"gitId":"KevinLohJunYong"},"content":"        return false;"},{"lineNumber":9,"author":{"gitId":"KevinLohJunYong"},"content":"    }"},{"lineNumber":10,"author":{"gitId":"KevinLohJunYong"},"content":"    @Override"},{"lineNumber":11,"author":{"gitId":"KevinLohJunYong"},"content":"    public String getType() {"},{"lineNumber":12,"author":{"gitId":"KevinLohJunYong"},"content":"        return \"exit\";"},{"lineNumber":13,"author":{"gitId":"KevinLohJunYong"},"content":"    }"},{"lineNumber":14,"author":{"gitId":"KevinLohJunYong"},"content":""},{"lineNumber":15,"author":{"gitId":"KevinLohJunYong"},"content":"    @Override"},{"lineNumber":16,"author":{"gitId":"KevinLohJunYong"},"content":"    public String getDescription() {"},{"lineNumber":17,"author":{"gitId":"KevinLohJunYong"},"content":"        return line;"},{"lineNumber":18,"author":{"gitId":"KevinLohJunYong"},"content":"    }"},{"lineNumber":19,"author":{"gitId":"KevinLohJunYong"},"content":"}"}],"authorContributionMap":{"KevinLohJunYong":19}},{"path":"src/main/java/ExitCommand.java","fileType":"java","lines":[{"lineNumber":1,"author":{"gitId":"KevinLohJunYong"},"content":"public class ExitCommand extends Command {"},{"lineNumber":2,"author":{"gitId":"KevinLohJunYong"},"content":"    @Override"},{"lineNumber":3,"author":{"gitId":"KevinLohJunYong"},"content":"    public boolean isExit() {"},{"lineNumber":4,"author":{"gitId":"KevinLohJunYong"},"content":"        return true;"},{"lineNumber":5,"author":{"gitId":"KevinLohJunYong"},"content":"    }"},{"lineNumber":6,"author":{"gitId":"KevinLohJunYong"},"content":""},{"lineNumber":7,"author":{"gitId":"KevinLohJunYong"},"content":"    @Override"},{"lineNumber":8,"author":{"gitId":"KevinLohJunYong"},"content":"    public String getType() {"},{"lineNumber":9,"author":{"gitId":"KevinLohJunYong"},"content":"        return \"exit\";"},{"lineNumber":10,"author":{"gitId":"KevinLohJunYong"},"content":"    }"},{"lineNumber":11,"author":{"gitId":"KevinLohJunYong"},"content":""},{"lineNumber":12,"author":{"gitId":"KevinLohJunYong"},"content":"    @Override"},{"lineNumber":13,"author":{"gitId":"KevinLohJunYong"},"content":"    public String getDescription() {"},{"lineNumber":14,"author":{"gitId":"KevinLohJunYong"},"content":"        return null;"},{"lineNumber":15,"author":{"gitId":"KevinLohJunYong"},"content":"    }"},{"lineNumber":16,"author":{"gitId":"KevinLohJunYong"},"content":"}"}],"authorContributionMap":{"KevinLohJunYong":16}},{"path":"src/main/java/InvalidCommandException.java","fileType":"java","lines":[{"lineNumber":1,"author":{"gitId":"KevinLohJunYong"},"content":"public class InvalidCommandException extends Exception {"},{"lineNumber":2,"author":{"gitId":"KevinLohJunYong"},"content":"    @Override"},{"lineNumber":3,"author":{"gitId":"KevinLohJunYong"},"content":"    public String getMessage() {"},{"lineNumber":4,"author":{"gitId":"KevinLohJunYong"},"content":"        return \"Command is not recognized\";"},{"lineNumber":5,"author":{"gitId":"KevinLohJunYong"},"content":"    }"},{"lineNumber":6,"author":{"gitId":"KevinLohJunYong"},"content":"}"}],"authorContributionMap":{"KevinLohJunYong":6}},{"path":"src/main/java/ListCommand.java","fileType":"java","lines":[{"lineNumber":1,"author":{"gitId":"KevinLohJunYong"},"content":"public class ListCommand extends Command {"},{"lineNumber":2,"author":{"gitId":"KevinLohJunYong"},"content":"    public ListCommand() {"},{"lineNumber":3,"author":{"gitId":"KevinLohJunYong"},"content":"        super();"},{"lineNumber":4,"author":{"gitId":"KevinLohJunYong"},"content":"    }"},{"lineNumber":5,"author":{"gitId":"KevinLohJunYong"},"content":""},{"lineNumber":6,"author":{"gitId":"KevinLohJunYong"},"content":"    @Override"},{"lineNumber":7,"author":{"gitId":"KevinLohJunYong"},"content":"    public boolean isExit() {"},{"lineNumber":8,"author":{"gitId":"KevinLohJunYong"},"content":"        return false;"},{"lineNumber":9,"author":{"gitId":"KevinLohJunYong"},"content":"    }"},{"lineNumber":10,"author":{"gitId":"KevinLohJunYong"},"content":""},{"lineNumber":11,"author":{"gitId":"KevinLohJunYong"},"content":"    @Override"},{"lineNumber":12,"author":{"gitId":"KevinLohJunYong"},"content":"    public String getType() {"},{"lineNumber":13,"author":{"gitId":"KevinLohJunYong"},"content":"        return \"list\";"},{"lineNumber":14,"author":{"gitId":"KevinLohJunYong"},"content":"    }"},{"lineNumber":15,"author":{"gitId":"KevinLohJunYong"},"content":""},{"lineNumber":16,"author":{"gitId":"KevinLohJunYong"},"content":"    @Override"},{"lineNumber":17,"author":{"gitId":"KevinLohJunYong"},"content":"    public String getDescription() {"},{"lineNumber":18,"author":{"gitId":"KevinLohJunYong"},"content":"        return null;"},{"lineNumber":19,"author":{"gitId":"KevinLohJunYong"},"content":"    }"},{"lineNumber":20,"author":{"gitId":"KevinLohJunYong"},"content":"}"},{"lineNumber":21,"author":{"gitId":"KevinLohJunYong"},"content":""}],"authorContributionMap":{"KevinLohJunYong":21}},{"path":"src/main/java/Parser.java","fileType":"java","lines":[{"lineNumber":1,"author":{"gitId":"KevinLohJunYong"},"content":"public class Parser {"},{"lineNumber":2,"author":{"gitId":"KevinLohJunYong"},"content":"    public Command parseCommand(String line) throws InvalidCommandException {"},{"lineNumber":3,"author":{"gitId":"KevinLohJunYong"},"content":"        String[] inputs \u003d line.split(\" \");"},{"lineNumber":4,"author":{"gitId":"KevinLohJunYong"},"content":"        if(inputs[0].equals(\"list\")) {"},{"lineNumber":5,"author":{"gitId":"KevinLohJunYong"},"content":"            return new ListCommand();"},{"lineNumber":6,"author":{"gitId":"KevinLohJunYong"},"content":"        }"},{"lineNumber":7,"author":{"gitId":"KevinLohJunYong"},"content":"        else if(inputs[0].equals(\"delete\")) {"},{"lineNumber":8,"author":{"gitId":"KevinLohJunYong"},"content":"            return new DeleteCommand(Integer.parseInt(inputs[1]));"},{"lineNumber":9,"author":{"gitId":"KevinLohJunYong"},"content":"        }"},{"lineNumber":10,"author":{"gitId":"KevinLohJunYong"},"content":"        else if(inputs[0].equals(\"done\")) {"},{"lineNumber":11,"author":{"gitId":"KevinLohJunYong"},"content":"            return new DoneCommand(Integer.parseInt(inputs[1]));"},{"lineNumber":12,"author":{"gitId":"KevinLohJunYong"},"content":"        }"},{"lineNumber":13,"author":{"gitId":"KevinLohJunYong"},"content":"        else if(inputs[0].equals(\"bye\")) {"},{"lineNumber":14,"author":{"gitId":"KevinLohJunYong"},"content":"            return new ExitCommand();"},{"lineNumber":15,"author":{"gitId":"KevinLohJunYong"},"content":"        }"},{"lineNumber":16,"author":{"gitId":"KevinLohJunYong"},"content":"        else if(inputs[0].equals(\"deadline\")) {"},{"lineNumber":17,"author":{"gitId":"KevinLohJunYong"},"content":"            return new DeadlineCommand(line);"},{"lineNumber":18,"author":{"gitId":"KevinLohJunYong"},"content":"        }"},{"lineNumber":19,"author":{"gitId":"KevinLohJunYong"},"content":"        else if(inputs[0].equals(\"todo\")) {"},{"lineNumber":20,"author":{"gitId":"KevinLohJunYong"},"content":"            return new ToDoCommand(line);"},{"lineNumber":21,"author":{"gitId":"KevinLohJunYong"},"content":"        }"},{"lineNumber":22,"author":{"gitId":"KevinLohJunYong"},"content":"        else if(inputs[0].equals(\"event\")) {"},{"lineNumber":23,"author":{"gitId":"KevinLohJunYong"},"content":"            return new EventCommand(line);"},{"lineNumber":24,"author":{"gitId":"KevinLohJunYong"},"content":"        }"},{"lineNumber":25,"author":{"gitId":"KevinLohJunYong"},"content":"        else throw new InvalidCommandException();"},{"lineNumber":26,"author":{"gitId":"KevinLohJunYong"},"content":"    }"},{"lineNumber":27,"author":{"gitId":"KevinLohJunYong"},"content":"}"}],"authorContributionMap":{"KevinLohJunYong":27}},{"path":"src/main/java/Storage.java","fileType":"java","lines":[{"lineNumber":1,"author":{"gitId":"KevinLohJunYong"},"content":"import java.io.File;"},{"lineNumber":2,"author":{"gitId":"KevinLohJunYong"},"content":"import java.io.FileNotFoundException;"},{"lineNumber":3,"author":{"gitId":"KevinLohJunYong"},"content":"import java.io.FileWriter;"},{"lineNumber":4,"author":{"gitId":"KevinLohJunYong"},"content":"import java.io.IOException;"},{"lineNumber":5,"author":{"gitId":"KevinLohJunYong"},"content":"import java.util.ArrayList;"},{"lineNumber":6,"author":{"gitId":"KevinLohJunYong"},"content":"import java.util.List;"},{"lineNumber":7,"author":{"gitId":"KevinLohJunYong"},"content":"import java.util.Scanner;"},{"lineNumber":8,"author":{"gitId":"KevinLohJunYong"},"content":"import java.util.regex.Pattern;"},{"lineNumber":9,"author":{"gitId":"KevinLohJunYong"},"content":""},{"lineNumber":10,"author":{"gitId":"KevinLohJunYong"},"content":"public class Storage {"},{"lineNumber":11,"author":{"gitId":"KevinLohJunYong"},"content":"    String filePath;"},{"lineNumber":12,"author":{"gitId":"KevinLohJunYong"},"content":"    public Storage(String filePath) {"},{"lineNumber":13,"author":{"gitId":"KevinLohJunYong"},"content":"        this.filePath \u003d filePath;"},{"lineNumber":14,"author":{"gitId":"KevinLohJunYong"},"content":"    }"},{"lineNumber":15,"author":{"gitId":"KevinLohJunYong"},"content":"    public void save(List\u003cTask\u003e tasks) throws IOException {"},{"lineNumber":16,"author":{"gitId":"KevinLohJunYong"},"content":"        FileWriter writer \u003d new FileWriter(filePath);"},{"lineNumber":17,"author":{"gitId":"KevinLohJunYong"},"content":"        for(Task task : tasks) {"},{"lineNumber":18,"author":{"gitId":"KevinLohJunYong"},"content":"            writer.write(convertToFileFormat(task)+\u0027\\n\u0027);"},{"lineNumber":19,"author":{"gitId":"KevinLohJunYong"},"content":"        }"},{"lineNumber":20,"author":{"gitId":"KevinLohJunYong"},"content":"        writer.close();"},{"lineNumber":21,"author":{"gitId":"KevinLohJunYong"},"content":"    }"},{"lineNumber":22,"author":{"gitId":"KevinLohJunYong"},"content":"    private Task convertToTaskFormat(String line) throws EmptyArgumentException, BadDateException {"},{"lineNumber":23,"author":{"gitId":"KevinLohJunYong"},"content":"        String[] arr \u003d line.split(Pattern.quote(\" | \"));"},{"lineNumber":24,"author":{"gitId":"KevinLohJunYong"},"content":"        Task task;"},{"lineNumber":25,"author":{"gitId":"KevinLohJunYong"},"content":"        if(arr[0].charAt(0) \u003d\u003d \u0027T\u0027) task \u003d new ToDos(arr[2].trim());"},{"lineNumber":26,"author":{"gitId":"KevinLohJunYong"},"content":"        else if(arr[0].charAt(0) \u003d\u003d \u0027E\u0027) task \u003d new Event(arr[2].trim());"},{"lineNumber":27,"author":{"gitId":"KevinLohJunYong"},"content":"        else task \u003d new Deadline(arr[2]);"},{"lineNumber":28,"author":{"gitId":"KevinLohJunYong"},"content":"        if(arr[1].trim().charAt(0) \u003d\u003d \u00271\u0027) task.isCompleted \u003d true;"},{"lineNumber":29,"author":{"gitId":"KevinLohJunYong"},"content":"        else task.isCompleted \u003d false;"},{"lineNumber":30,"author":{"gitId":"KevinLohJunYong"},"content":"        return task;"},{"lineNumber":31,"author":{"gitId":"KevinLohJunYong"},"content":"    }"},{"lineNumber":32,"author":{"gitId":"KevinLohJunYong"},"content":"    private String convertToFileFormat(Task task) {"},{"lineNumber":33,"author":{"gitId":"KevinLohJunYong"},"content":"        String fileString \u003d \"\";"},{"lineNumber":34,"author":{"gitId":"KevinLohJunYong"},"content":"        if(task instanceof ToDos) fileString +\u003d \"T | \";"},{"lineNumber":35,"author":{"gitId":"KevinLohJunYong"},"content":"        else if(task instanceof Deadline) fileString +\u003d \"D | \";"},{"lineNumber":36,"author":{"gitId":"KevinLohJunYong"},"content":"        else if(task instanceof Event) fileString +\u003d \"E | \";"},{"lineNumber":37,"author":{"gitId":"KevinLohJunYong"},"content":"        if(task.isCompleted) fileString +\u003d \"1 | \";"},{"lineNumber":38,"author":{"gitId":"KevinLohJunYong"},"content":"        else fileString +\u003d \"0 | \";"},{"lineNumber":39,"author":{"gitId":"KevinLohJunYong"},"content":"        fileString +\u003d task.description;"},{"lineNumber":40,"author":{"gitId":"KevinLohJunYong"},"content":"        return fileString;"},{"lineNumber":41,"author":{"gitId":"KevinLohJunYong"},"content":"    }"},{"lineNumber":42,"author":{"gitId":"KevinLohJunYong"},"content":"    public List\u003cTask\u003e load() throws IOException, EmptyArgumentException {"},{"lineNumber":43,"author":{"gitId":"KevinLohJunYong"},"content":"        List\u003cTask\u003e tasks \u003d new ArrayList\u003c\u003e();"},{"lineNumber":44,"author":{"gitId":"KevinLohJunYong"},"content":"        try {"},{"lineNumber":45,"author":{"gitId":"KevinLohJunYong"},"content":"            File file \u003d new File(filePath);"},{"lineNumber":46,"author":{"gitId":"KevinLohJunYong"},"content":"            Scanner sc \u003d new Scanner(file);"},{"lineNumber":47,"author":{"gitId":"KevinLohJunYong"},"content":"            while(sc.hasNext()) {"},{"lineNumber":48,"author":{"gitId":"KevinLohJunYong"},"content":"                String line \u003d sc.nextLine();"},{"lineNumber":49,"author":{"gitId":"KevinLohJunYong"},"content":"                Task task \u003d convertToTaskFormat(line);"},{"lineNumber":50,"author":{"gitId":"KevinLohJunYong"},"content":"                tasks.add(task);"},{"lineNumber":51,"author":{"gitId":"KevinLohJunYong"},"content":"            }"},{"lineNumber":52,"author":{"gitId":"KevinLohJunYong"},"content":"        }"},{"lineNumber":53,"author":{"gitId":"KevinLohJunYong"},"content":"        catch(FileNotFoundException | BadDateException e) {"},{"lineNumber":54,"author":{"gitId":"KevinLohJunYong"},"content":"            System.out.println(e.getMessage());"},{"lineNumber":55,"author":{"gitId":"KevinLohJunYong"},"content":"        }"},{"lineNumber":56,"author":{"gitId":"KevinLohJunYong"},"content":"        return tasks;"},{"lineNumber":57,"author":{"gitId":"KevinLohJunYong"},"content":"    }"},{"lineNumber":58,"author":{"gitId":"KevinLohJunYong"},"content":""},{"lineNumber":59,"author":{"gitId":"KevinLohJunYong"},"content":"}"}],"authorContributionMap":{"KevinLohJunYong":59}},{"path":"src/main/java/Task.java","fileType":"java","lines":[{"lineNumber":1,"author":{"gitId":"KevinLohJunYong"},"content":"public abstract class Task {"},{"lineNumber":2,"author":{"gitId":"KevinLohJunYong"},"content":"    protected String description;"},{"lineNumber":3,"author":{"gitId":"KevinLohJunYong"},"content":"    protected boolean isCompleted;"},{"lineNumber":4,"author":{"gitId":"KevinLohJunYong"},"content":"    Task(String description) throws EmptyArgumentException {"},{"lineNumber":5,"author":{"gitId":"KevinLohJunYong"},"content":"        if(description.isEmpty()) throw new EmptyArgumentException();"},{"lineNumber":6,"author":{"gitId":"KevinLohJunYong"},"content":"        this.description \u003d description;"},{"lineNumber":7,"author":{"gitId":"KevinLohJunYong"},"content":"    }"},{"lineNumber":8,"author":{"gitId":"KevinLohJunYong"},"content":"    @Override"},{"lineNumber":9,"author":{"gitId":"KevinLohJunYong"},"content":"    public String toString() {"},{"lineNumber":10,"author":{"gitId":"KevinLohJunYong"},"content":"        return \"[\" + (isCompleted ? \"X\" : \" \") + \"] \" + description;"},{"lineNumber":11,"author":{"gitId":"KevinLohJunYong"},"content":"    }"},{"lineNumber":12,"author":{"gitId":"KevinLohJunYong"},"content":"}"}],"authorContributionMap":{"KevinLohJunYong":12}},{"path":"src/main/java/TaskList.java","fileType":"java","lines":[{"lineNumber":1,"author":{"gitId":"KevinLohJunYong"},"content":"import java.io.IOException;"},{"lineNumber":2,"author":{"gitId":"KevinLohJunYong"},"content":"import java.util.ArrayList;"},{"lineNumber":3,"author":{"gitId":"KevinLohJunYong"},"content":"import java.util.List;"},{"lineNumber":4,"author":{"gitId":"KevinLohJunYong"},"content":""},{"lineNumber":5,"author":{"gitId":"KevinLohJunYong"},"content":"public class TaskList {"},{"lineNumber":6,"author":{"gitId":"KevinLohJunYong"},"content":"    List\u003cTask\u003e tasks;"},{"lineNumber":7,"author":{"gitId":"KevinLohJunYong"},"content":"    TaskList() {"},{"lineNumber":8,"author":{"gitId":"KevinLohJunYong"},"content":"        tasks \u003d new ArrayList\u003c\u003e();"},{"lineNumber":9,"author":{"gitId":"KevinLohJunYong"},"content":"    }"},{"lineNumber":10,"author":{"gitId":"KevinLohJunYong"},"content":"    TaskList(List\u003cTask\u003e tasks) {"},{"lineNumber":11,"author":{"gitId":"KevinLohJunYong"},"content":"        this.tasks \u003d tasks;"},{"lineNumber":12,"author":{"gitId":"KevinLohJunYong"},"content":"    }"},{"lineNumber":13,"author":{"gitId":"KevinLohJunYong"},"content":"    public int numOfItems() {"},{"lineNumber":14,"author":{"gitId":"KevinLohJunYong"},"content":"        return tasks.size();"},{"lineNumber":15,"author":{"gitId":"KevinLohJunYong"},"content":"    }"},{"lineNumber":16,"author":{"gitId":"KevinLohJunYong"},"content":""},{"lineNumber":17,"author":{"gitId":"KevinLohJunYong"},"content":"    public void run(Command command, Ui ui,Storage storage) throws EmptyArgumentException, BadDateException, InvalidCommandException, IOException {"},{"lineNumber":18,"author":{"gitId":"KevinLohJunYong"},"content":"        switch(command.getType()) {"},{"lineNumber":19,"author":{"gitId":"KevinLohJunYong"},"content":"            case \"deadline\":"},{"lineNumber":20,"author":{"gitId":"KevinLohJunYong"},"content":"                tasks.add(new Deadline(command.getDescription()));"},{"lineNumber":21,"author":{"gitId":"KevinLohJunYong"},"content":"                ui.showUiForAdd(tasks.get(tasks.size()-1),numOfItems());"},{"lineNumber":22,"author":{"gitId":"KevinLohJunYong"},"content":"                break;"},{"lineNumber":23,"author":{"gitId":"KevinLohJunYong"},"content":"            case \"todo\":"},{"lineNumber":24,"author":{"gitId":"KevinLohJunYong"},"content":"                tasks.add(new ToDos(command.getDescription()));"},{"lineNumber":25,"author":{"gitId":"KevinLohJunYong"},"content":"                ui.showUiForAdd(tasks.get(tasks.size()-1),numOfItems());"},{"lineNumber":26,"author":{"gitId":"KevinLohJunYong"},"content":"                break;"},{"lineNumber":27,"author":{"gitId":"KevinLohJunYong"},"content":"            case \"event\":"},{"lineNumber":28,"author":{"gitId":"KevinLohJunYong"},"content":"                tasks.add(new Event(command.getDescription()));"},{"lineNumber":29,"author":{"gitId":"KevinLohJunYong"},"content":"                ui.showUiForAdd(tasks.get(tasks.size()-1),numOfItems());"},{"lineNumber":30,"author":{"gitId":"KevinLohJunYong"},"content":"                break;"},{"lineNumber":31,"author":{"gitId":"KevinLohJunYong"},"content":"            case \"delete\" :"},{"lineNumber":32,"author":{"gitId":"KevinLohJunYong"},"content":"                Task toBeDeleted \u003d tasks.get(command.itemNo-1);"},{"lineNumber":33,"author":{"gitId":"KevinLohJunYong"},"content":"                tasks.remove(command.itemNo-1);"},{"lineNumber":34,"author":{"gitId":"KevinLohJunYong"},"content":"                ui.showUiForDelete(toBeDeleted,this.numOfItems());"},{"lineNumber":35,"author":{"gitId":"KevinLohJunYong"},"content":"                break;"},{"lineNumber":36,"author":{"gitId":"KevinLohJunYong"},"content":"            case \"done\" :"},{"lineNumber":37,"author":{"gitId":"KevinLohJunYong"},"content":"                tasks.get(command.itemNo-1).isCompleted \u003d true;"},{"lineNumber":38,"author":{"gitId":"KevinLohJunYong"},"content":"                ui.showUiForDone(tasks.get(command.itemNo-1));"},{"lineNumber":39,"author":{"gitId":"KevinLohJunYong"},"content":"                break;"},{"lineNumber":40,"author":{"gitId":"KevinLohJunYong"},"content":"            case \"list\" :"},{"lineNumber":41,"author":{"gitId":"KevinLohJunYong"},"content":"                ui.printList(tasks);"},{"lineNumber":42,"author":{"gitId":"KevinLohJunYong"},"content":"                break;"},{"lineNumber":43,"author":{"gitId":"KevinLohJunYong"},"content":"            default : throw new InvalidCommandException();"},{"lineNumber":44,"author":{"gitId":"KevinLohJunYong"},"content":"        }"},{"lineNumber":45,"author":{"gitId":"KevinLohJunYong"},"content":"        storage.save(tasks);"},{"lineNumber":46,"author":{"gitId":"KevinLohJunYong"},"content":"    }"},{"lineNumber":47,"author":{"gitId":"KevinLohJunYong"},"content":"}"}],"authorContributionMap":{"KevinLohJunYong":47}},{"path":"src/main/java/ToDoCommand.java","fileType":"java","lines":[{"lineNumber":1,"author":{"gitId":"KevinLohJunYong"},"content":"public class ToDoCommand extends Command {"},{"lineNumber":2,"author":{"gitId":"KevinLohJunYong"},"content":"    public ToDoCommand(String line) {"},{"lineNumber":3,"author":{"gitId":"KevinLohJunYong"},"content":"        super(line);"},{"lineNumber":4,"author":{"gitId":"KevinLohJunYong"},"content":"    }"},{"lineNumber":5,"author":{"gitId":"KevinLohJunYong"},"content":"    @Override"},{"lineNumber":6,"author":{"gitId":"KevinLohJunYong"},"content":"    public boolean isExit() {"},{"lineNumber":7,"author":{"gitId":"KevinLohJunYong"},"content":"        return false;"},{"lineNumber":8,"author":{"gitId":"KevinLohJunYong"},"content":"    }"},{"lineNumber":9,"author":{"gitId":"KevinLohJunYong"},"content":""},{"lineNumber":10,"author":{"gitId":"KevinLohJunYong"},"content":"    @Override"},{"lineNumber":11,"author":{"gitId":"KevinLohJunYong"},"content":"    public String getType() {"},{"lineNumber":12,"author":{"gitId":"KevinLohJunYong"},"content":"        return \"todo\";"},{"lineNumber":13,"author":{"gitId":"KevinLohJunYong"},"content":"    }"},{"lineNumber":14,"author":{"gitId":"KevinLohJunYong"},"content":""},{"lineNumber":15,"author":{"gitId":"KevinLohJunYong"},"content":"    @Override"},{"lineNumber":16,"author":{"gitId":"KevinLohJunYong"},"content":"    public String getDescription() {"},{"lineNumber":17,"author":{"gitId":"KevinLohJunYong"},"content":"        return line;"},{"lineNumber":18,"author":{"gitId":"KevinLohJunYong"},"content":"    }"},{"lineNumber":19,"author":{"gitId":"KevinLohJunYong"},"content":"}"}],"authorContributionMap":{"KevinLohJunYong":19}},{"path":"src/main/java/ToDos.java","fileType":"java","lines":[{"lineNumber":1,"author":{"gitId":"KevinLohJunYong"},"content":"public class ToDos extends Task {"},{"lineNumber":2,"author":{"gitId":"KevinLohJunYong"},"content":"    ToDos(String description) throws EmptyArgumentException {"},{"lineNumber":3,"author":{"gitId":"KevinLohJunYong"},"content":"        super(description);"},{"lineNumber":4,"author":{"gitId":"KevinLohJunYong"},"content":"    }"},{"lineNumber":5,"author":{"gitId":"KevinLohJunYong"},"content":""},{"lineNumber":6,"author":{"gitId":"KevinLohJunYong"},"content":"    @Override"},{"lineNumber":7,"author":{"gitId":"KevinLohJunYong"},"content":"    public String toString() {"},{"lineNumber":8,"author":{"gitId":"KevinLohJunYong"},"content":"        return \"[T]\" + super.toString();"},{"lineNumber":9,"author":{"gitId":"KevinLohJunYong"},"content":"    }"},{"lineNumber":10,"author":{"gitId":"KevinLohJunYong"},"content":"}"}],"authorContributionMap":{"KevinLohJunYong":10}},{"path":"src/main/java/Ui.java","fileType":"java","lines":[{"lineNumber":1,"author":{"gitId":"KevinLohJunYong"},"content":"import java.util.List;"},{"lineNumber":2,"author":{"gitId":"KevinLohJunYong"},"content":"import java.util.List;"},{"lineNumber":3,"author":{"gitId":"KevinLohJunYong"},"content":"import java.util.Scanner;"},{"lineNumber":4,"author":{"gitId":"KevinLohJunYong"},"content":""},{"lineNumber":5,"author":{"gitId":"KevinLohJunYong"},"content":"public class Ui {"},{"lineNumber":6,"author":{"gitId":"KevinLohJunYong"},"content":"    Scanner sc \u003d new Scanner(System.in);"},{"lineNumber":7,"author":{"gitId":"KevinLohJunYong"},"content":"    String logo \u003d"},{"lineNumber":8,"author":{"gitId":"KevinLohJunYong"},"content":"            \" __        _        \\n\""},{"lineNumber":9,"author":{"gitId":"KevinLohJunYong"},"content":"                    + \"|  _ \\\\ _   | | __ \\n\""},{"lineNumber":10,"author":{"gitId":"KevinLohJunYong"},"content":"                    + \"| | | | | | | |/ / _ \\\\\\n\""},{"lineNumber":11,"author":{"gitId":"KevinLohJunYong"},"content":"                    + \"| || | || |   \u003c  __/\\n\""},{"lineNumber":12,"author":{"gitId":"KevinLohJunYong"},"content":"                    + \"|_/ \\\\,||\\\\\\\\___|\\n\";"},{"lineNumber":13,"author":{"gitId":"KevinLohJunYong"},"content":"    public void sendWelcomeMessage() {"},{"lineNumber":14,"author":{"gitId":"KevinLohJunYong"},"content":"        System.out.println(\"Hi Im Duke, how may I help you?\");"},{"lineNumber":15,"author":{"gitId":"KevinLohJunYong"},"content":"    }"},{"lineNumber":16,"author":{"gitId":"KevinLohJunYong"},"content":""},{"lineNumber":17,"author":{"gitId":"KevinLohJunYong"},"content":"    public void byeUser() {"},{"lineNumber":18,"author":{"gitId":"KevinLohJunYong"},"content":"        System.out.println(\"Bye bye, have a nice day! Thanks for using \" + logo);"},{"lineNumber":19,"author":{"gitId":"KevinLohJunYong"},"content":"    }"},{"lineNumber":20,"author":{"gitId":"KevinLohJunYong"},"content":""},{"lineNumber":21,"author":{"gitId":"KevinLohJunYong"},"content":"    public String listenToInput() {"},{"lineNumber":22,"author":{"gitId":"KevinLohJunYong"},"content":"        return sc.nextLine();"},{"lineNumber":23,"author":{"gitId":"KevinLohJunYong"},"content":"    }"},{"lineNumber":24,"author":{"gitId":"KevinLohJunYong"},"content":""},{"lineNumber":25,"author":{"gitId":"KevinLohJunYong"},"content":"    public void showLoadingError() {"},{"lineNumber":26,"author":{"gitId":"KevinLohJunYong"},"content":"        System.out.println(\"loading failed\");"},{"lineNumber":27,"author":{"gitId":"KevinLohJunYong"},"content":"    }"},{"lineNumber":28,"author":{"gitId":"KevinLohJunYong"},"content":"    public void showUiForAdd(Task task,int numOfItems) {"},{"lineNumber":29,"author":{"gitId":"KevinLohJunYong"},"content":"        System.out.print(\"added: \");"},{"lineNumber":30,"author":{"gitId":"KevinLohJunYong"},"content":"        System.out.println(task);"},{"lineNumber":31,"author":{"gitId":"KevinLohJunYong"},"content":"        System.out.println(\"Now you have \" + numOfItems + \" tasks in the list\");"},{"lineNumber":32,"author":{"gitId":"KevinLohJunYong"},"content":"    }"},{"lineNumber":33,"author":{"gitId":"KevinLohJunYong"},"content":"    public void showUiForDelete(Task removedTask,int numOfItems) {"},{"lineNumber":34,"author":{"gitId":"KevinLohJunYong"},"content":"        System.out.println(\"Noted.I have removed this task:\");"},{"lineNumber":35,"author":{"gitId":"KevinLohJunYong"},"content":"        System.out.print(\"  \");"},{"lineNumber":36,"author":{"gitId":"KevinLohJunYong"},"content":"        System.out.println(removedTask);"},{"lineNumber":37,"author":{"gitId":"KevinLohJunYong"},"content":"        System.out.println(\"Now you have \" + numOfItems + \" tasks in the list\");"},{"lineNumber":38,"author":{"gitId":"KevinLohJunYong"},"content":"    }"},{"lineNumber":39,"author":{"gitId":"KevinLohJunYong"},"content":"    public void showUiForDone(Task task) {"},{"lineNumber":40,"author":{"gitId":"KevinLohJunYong"},"content":"        System.out.println(\"Nice, I have marked this task as done!\");"},{"lineNumber":41,"author":{"gitId":"KevinLohJunYong"},"content":"        System.out.print(\"  \");"},{"lineNumber":42,"author":{"gitId":"KevinLohJunYong"},"content":"        System.out.print(task);"},{"lineNumber":43,"author":{"gitId":"KevinLohJunYong"},"content":"    }"},{"lineNumber":44,"author":{"gitId":"KevinLohJunYong"},"content":"    public void printList(List\u003cTask\u003e tasks) {"},{"lineNumber":45,"author":{"gitId":"KevinLohJunYong"},"content":"        System.out.println(\"here are your tasks:\");"},{"lineNumber":46,"author":{"gitId":"KevinLohJunYong"},"content":"        for(int itemNo\u003d1;itemNo\u003c\u003dtasks.size();itemNo++) {"},{"lineNumber":47,"author":{"gitId":"KevinLohJunYong"},"content":"            System.out.print(\"  \");"},{"lineNumber":48,"author":{"gitId":"KevinLohJunYong"},"content":"            System.out.println(\"\" + itemNo + \". \" + tasks.get(itemNo-1));"},{"lineNumber":49,"author":{"gitId":"KevinLohJunYong"},"content":"        }"},{"lineNumber":50,"author":{"gitId":"KevinLohJunYong"},"content":"    }"},{"lineNumber":51,"author":{"gitId":"KevinLohJunYong"},"content":"}"},{"lineNumber":52,"author":{"gitId":"KevinLohJunYong"},"content":""}],"authorContributionMap":{"KevinLohJunYong":52}},{"path":"src/test/java/DeadlineTest.java","fileType":"java","lines":[{"lineNumber":1,"author":{"gitId":"KevinLohJunYong"},"content":"import org.junit.Test;"},{"lineNumber":2,"author":{"gitId":"KevinLohJunYong"},"content":""},{"lineNumber":3,"author":{"gitId":"KevinLohJunYong"},"content":"import java.time.LocalDate;"},{"lineNumber":4,"author":{"gitId":"KevinLohJunYong"},"content":""},{"lineNumber":5,"author":{"gitId":"KevinLohJunYong"},"content":"import static org.junit.Assert.assertEquals;"},{"lineNumber":6,"author":{"gitId":"KevinLohJunYong"},"content":""},{"lineNumber":7,"author":{"gitId":"KevinLohJunYong"},"content":"public class DeadlineTest {"},{"lineNumber":8,"author":{"gitId":"KevinLohJunYong"},"content":"    @Test"},{"lineNumber":9,"author":{"gitId":"KevinLohJunYong"},"content":"    public void getFormattedDescription() throws EmptyArgumentException, BadDateException {"},{"lineNumber":10,"author":{"gitId":"KevinLohJunYong"},"content":"        Deadline deadline \u003d new Deadline(\"return book/by 2021-02-05\");"},{"lineNumber":11,"author":{"gitId":"KevinLohJunYong"},"content":"        assertEquals(\"Feb 05 2021\", deadline.getDateString());"},{"lineNumber":12,"author":{"gitId":"KevinLohJunYong"},"content":"    }"},{"lineNumber":13,"author":{"gitId":"KevinLohJunYong"},"content":"}"}],"authorContributionMap":{"KevinLohJunYong":13}},{"path":"src/test/java/DoneCommandTest.java","fileType":"java","lines":[{"lineNumber":1,"author":{"gitId":"KevinLohJunYong"},"content":"import org.junit.Test;"},{"lineNumber":2,"author":{"gitId":"KevinLohJunYong"},"content":""},{"lineNumber":3,"author":{"gitId":"KevinLohJunYong"},"content":"import static org.junit.Assert.assertEquals;"},{"lineNumber":4,"author":{"gitId":"KevinLohJunYong"},"content":""},{"lineNumber":5,"author":{"gitId":"KevinLohJunYong"},"content":"public class DoneCommandTest {"},{"lineNumber":6,"author":{"gitId":"KevinLohJunYong"},"content":"    @Test"},{"lineNumber":7,"author":{"gitId":"KevinLohJunYong"},"content":"    public void getTypeCheck() {"},{"lineNumber":8,"author":{"gitId":"KevinLohJunYong"},"content":"        assertEquals(\"done\", new DoneCommand(1).getType());"},{"lineNumber":9,"author":{"gitId":"KevinLohJunYong"},"content":"    }"},{"lineNumber":10,"author":{"gitId":"KevinLohJunYong"},"content":"}"}],"authorContributionMap":{"KevinLohJunYong":10}}]
