{"authorDailyContributionsMap":{"KevinLohJunYong":[{"date":"2021-01-21","commitResults":[{"hash":"275619f89f8ee3840fd002860ef1ef6ba7f23fa0","messageTitle":"Done","messageBody":"","fileTypesAndContributionMap":{"java":{"insertions":23,"deletions":1}}}]},{"date":"2021-01-22","commitResults":[{"hash":"eb240b882a75d3847609df7acdc26fb55ece9782","messageTitle":"Done","messageBody":"","fileTypesAndContributionMap":{"java":{"insertions":0,"deletions":1}}},{"hash":"15dc05ce7d71a1e99bb39335a102c5dcafb9698a","messageTitle":"Done with level 1","messageBody":"","fileTypesAndContributionMap":{"java":{"insertions":3,"deletions":4}}},{"hash":"e3bd86abe248cbb8189097be80480c269e5ea395","messageTitle":"Done with level 2","messageBody":"","fileTypesAndContributionMap":{"java":{"insertions":27,"deletions":0}}},{"hash":"fc96448a7fb32f23dd7920c44080bd60f50afd75","messageTitle":"Done with level 3","messageBody":"","fileTypesAndContributionMap":{"java":{"insertions":10,"deletions":1}}},{"hash":"108e7e30009d06c864145293b84176aaeb54694c","messageTitle":"Done with level 4","messageBody":"","fileTypesAndContributionMap":{"java":{"insertions":7,"deletions":4}}},{"hash":"7e061e7350869e7f5bd71cf1e63347b8c89ba8eb","messageTitle":"Done with level 5","messageBody":"","fileTypesAndContributionMap":{"java":{"insertions":20,"deletions":1}}}]},{"date":"2021-01-24","commitResults":[{"hash":"2e63bb860440eee9bd6bcca216d55b37ec6e6cfc","messageTitle":"Done with level 6","messageBody":"","fileTypesAndContributionMap":{"java":{"insertions":20,"deletions":0}}}]}]},"authorFileTypeContributionMap":{"KevinLohJunYong":{"java":100,"md":0,"fxml":0,"sh":0,"bat":0,"gradle":0,"txt":0}},"authorContributionVariance":{"KevinLohJunYong":428.34692},"authorDisplayNameMap":{"KevinLohJunYong":"CS2103T-W13-4 LOH ..EVIN"}}
