{"authorDailyContributionsMap":{"wongkokian":[{"date":"2021-01-18","commitResults":[{"hash":"954e3ec5d5664748cd0907dde562b2edfe8c24af","messageTitle":"Changed chatbot name and added greet, echo and exit function.","messageBody":"","tags":["Level-1"],"fileTypesAndContributionMap":{"java":{"insertions":25,"deletions":0}}},{"hash":"4df29486fa896c324511581c6e1c6c2a89cff24c","messageTitle":"Added add and list functions.","messageBody":"","tags":["Level-2","A-Collections"],"fileTypesAndContributionMap":{"java":{"insertions":16,"deletions":9}}},{"hash":"d80398179f62aacb85fd61d47d2ba51948aba16e","messageTitle":"Added Task class.","messageBody":"","tags":["A-Classes"],"fileTypesAndContributionMap":{"java":{"insertions":17,"deletions":0}}},{"hash":"400ce3cbfe2ea14214f9b8954c8de02feaa5e88b","messageTitle":"Added done function.","messageBody":"","tags":["Level-3"],"fileTypesAndContributionMap":{"java":{"insertions":18,"deletions":5}}},{"hash":"46f192b4db2a6d5c46341c4bb62f3c728e308c4e","messageTitle":"Created Todo, Deadline, Event classes which inherit from Task.","messageBody":"","tags":["A-Inheritance"],"fileTypesAndContributionMap":{"java":{"insertions":41,"deletions":2}}},{"hash":"8918036bc50659e3aa15f7f81d5f2089b80615f5","messageTitle":"Modified Duke to handle different types of tasks.","messageBody":"","tags":["Level-4"],"fileTypesAndContributionMap":{"java":{"insertions":25,"deletions":15}}},{"hash":"e98c2932483b1f9ee86da73819f3316cb58d3562","messageTitle":"Performed TextUiTesting.","messageBody":"","tags":["A-TextUiTesting"],"fileTypesAndContributionMap":{"txt":{"insertions":11,"deletions":0}}}]},{"date":"2021-01-19","commitResults":[{"hash":"6e84c6e890b3935af4d8030d3247ecbf17eb0f93","messageTitle":"Added DukeException.","messageBody":"","tags":["A-Exceptions"],"fileTypesAndContributionMap":{"java":{"insertions":5,"deletions":0}}},{"hash":"ce2c32208824e0bee4644cd914411db6cee08d83","messageTitle":"Modified Duke to handle DukeExceptions.","messageBody":"","tags":["Level-5"],"fileTypesAndContributionMap":{"java":{"insertions":81,"deletions":35}}},{"hash":"96c4410d2af74b3a3a547eff15b271661ddaa931","messageTitle":"Added delete function.","messageBody":"","tags":["Level-6"],"fileTypesAndContributionMap":{"java":{"insertions":12,"deletions":6}}}]},{"date":"2021-01-20","commitResults":[{"hash":"3e30ddcd5c4bcacd53618cafbf74890deacf4e09","messageTitle":"Added enum for Commands and modified Duke to use Commands.","messageBody":"","tags":["A-Enums"],"fileTypesAndContributionMap":{"java":{"insertions":90,"deletions":61}}}]},{"date":"2021-01-25","commitResults":[{"hash":"cc0fd15defedb04627168ce0c8cd6cf094dacc43","messageTitle":"Add function to store and retrieve save files.","messageBody":"","fileTypesAndContributionMap":{"java":{"insertions":75,"deletions":12}}},{"hash":"afd0375beeb1e57dfc3a364cfed282b8e69804e1","messageTitle":"Add date format for events and deadlines.","messageBody":"","fileTypesAndContributionMap":{"java":{"insertions":20,"deletions":8}}}]},{"date":"2021-01-26","commitResults":[{"hash":"e0a2553e5f996f551b6300301ce2f3dcc150b0fe","messageTitle":"Modified project to be more object-oriented.","messageBody":"","tags":["A-MoreOOP"],"fileTypesAndContributionMap":{"java":{"insertions":424,"deletions":186}}},{"hash":"46d88ec8de1127aefa505740138165cb9a623179","messageTitle":"Organise classes into packages.","messageBody":"","tags":["A-Packages"],"fileTypesAndContributionMap":{"java":{"insertions":90,"deletions":11}}},{"hash":"60428c7ce18beb60be48217240c3bd38237d76d2","messageTitle":"Add JUnit tests.","messageBody":"","tags":["A-JUnit"],"fileTypesAndContributionMap":{"java":{"insertions":40,"deletions":0}}},{"hash":"8a806834674ab8efb796b5e862ec6f3847c1f59f","messageTitle":"Add Javadoc comments.","messageBody":"","fileTypesAndContributionMap":{"java":{"insertions":286,"deletions":0}}},{"hash":"1df8c20cad3fca1332e7daae2d97f60b3a741445","messageTitle":"Tweak the code to comply with iP coding standard.","messageBody":"","fileTypesAndContributionMap":{"java":{"insertions":80,"deletions":78}}},{"hash":"d744121b873b92cc14a8773e7fce52a609c0a259","messageTitle":"Add find function.","messageBody":"","fileTypesAndContributionMap":{"txt":{"insertions":7,"deletions":0},"java":{"insertions":140,"deletions":79}}}]}]},"authorFileTypeContributionMap":{"wongkokian":{"java":1052,"md":0,"fxml":0,"sh":0,"bat":0,"gradle":0,"txt":11}},"authorContributionVariance":{"wongkokian":115996.11},"authorDisplayNameMap":{"wongkokian":"CS2103T-W15-2 WONG.. IAN"}}
