{"authorDailyContributionsMap":{"samuelfangjw":[{"date":"2021-01-16","commitResults":[{"hash":"5fb1035171d1baa4112ecc318291fb272998a684","messageTitle":"Implemented Level 1","messageBody":"","tags":["Level-1"],"fileTypesAndContributionMap":{"java":{"insertions":35,"deletions":6}}},{"hash":"b8f381edbe7c0fa20e639b3587babf84eeeefb9c","messageTitle":"Implemented Level 2","messageBody":"","tags":["Level-2"],"fileTypesAndContributionMap":{"java":{"insertions":38,"deletions":15}}},{"hash":"55504451364eb0792f44745ae4c2b7841953b8b7","messageTitle":"Implemented A-Classes","messageBody":"","tags":["A-Classes"],"fileTypesAndContributionMap":{"java":{"insertions":25,"deletions":3}}},{"hash":"c7b95427ab1d7e59dff059f30b4f73491c0be9b0","messageTitle":"Implemented Level 3","messageBody":"","tags":["Level-3"],"fileTypesAndContributionMap":{"java":{"insertions":11,"deletions":4}}},{"hash":"1ee7a8bc35354d9ad697bdd5fb909df39081c6b7","messageTitle":"Implemented Level 4 and A-Inheritance","messageBody":"","tags":["Level-4","A-Inheritance"],"fileTypesAndContributionMap":{"java":{"insertions":95,"deletions":9}}},{"hash":"e0da8c36b49db2e11434f2bfc908517cb5dd053f","messageTitle":"Implemented A-TextUiTesting","messageBody":"","tags":["A-TextUiTesting"],"fileTypesAndContributionMap":{"txt":{"insertions":13,"deletions":0},"java":{"insertions":1,"deletions":1}}},{"hash":"5f6ad5d7fd57501970416c4cf977d4556ab6eb9b","messageTitle":"Refactored program, added TaskList class.","messageBody":"","tags":["A-Collections"],"fileTypesAndContributionMap":{"java":{"insertions":124,"deletions":84}}}]},{"date":"2021-01-17","commitResults":[{"hash":"4ea2d474550a4b9fef7b20707663a00b48bc3d87","messageTitle":"Implemented Level 5, Exception Handling","messageBody":"","tags":["Level-5","A-Exceptions"],"fileTypesAndContributionMap":{"txt":{"insertions":4,"deletions":0},"java":{"insertions":70,"deletions":11}}},{"hash":"8e098487a25c3b52a07298bc4039dc64c94d95c4","messageTitle":"Implemented Level 6, delete command","messageBody":"","tags":["Level-6"],"fileTypesAndContributionMap":{"txt":{"insertions":3,"deletions":0},"java":{"insertions":16,"deletions":2}}},{"hash":"7f0822e64a823ab95a2c3b58b3c7b64d3dedff8f","messageTitle":"Implemented A-Enums, handled more exceptions","messageBody":"","tags":["A-Enums"],"fileTypesAndContributionMap":{"txt":{"insertions":6,"deletions":0},"java":{"insertions":68,"deletions":36}}}]},{"date":"2021-01-25","commitResults":[{"hash":"87342792e28fff368fb4cba9c5d7aeffea74f75e","messageTitle":"add save and load feature","messageBody":"","fileTypesAndContributionMap":{"java":{"insertions":151,"deletions":2}}},{"hash":"d0fc66dd8d826c149a921dfa807ec641589753d6","messageTitle":"change date to use LocalDate instead of String","messageBody":"","fileTypesAndContributionMap":{"txt":{"insertions":4,"deletions":4},"java":{"insertions":51,"deletions":9}}},{"hash":"1640eef7bec02f679896498072614782b32ad8c6","messageTitle":"fix issues caused by last commit","messageBody":"","tags":["Level-8"],"fileTypesAndContributionMap":{"java":{"insertions":9,"deletions":4}}},{"hash":"3a8e9fa2fc0edfa1f1593d38a0ffc0144e5eb6a2","messageTitle":"fix bug when data directory not present","messageBody":"","fileTypesAndContributionMap":{"java":{"insertions":8,"deletions":1}}},{"hash":"759c92ee64052043005af8b0672d32b2ff4ff139","messageTitle":"Completed A-Packages, organize into packages","messageBody":"","tags":["A-Packages"],"fileTypesAndContributionMap":{"txt":{"insertions":3,"deletions":0},"java":{"insertions":37,"deletions":39}}}]},{"date":"2021-01-26","commitResults":[{"hash":"4c8a2a7a2f948e2ae36b7bdf40ec06c85ada8ea3","messageTitle":"Complete use more OOP","messageBody":"","tags":["A-MoreOOP"],"fileTypesAndContributionMap":{"txt":{"insertions":0,"deletions":3},"java":{"insertions":159,"deletions":90}}},{"hash":"537828f515f4d01edb0986e84cdb52b686da407f","messageTitle":"Add JUnit Tests","messageBody":"","tags":["A-JUnit"],"fileTypesAndContributionMap":{"java":{"insertions":49,"deletions":0}}},{"hash":"82e4033af68fb05af615903aaa59971203174aa9","messageTitle":"Add find feature","messageBody":"Users unable to find task especially when the list of tasks is very long\n\nA find feature makes it easier to find tasks\n\nLet\u0027s implement a find feature that finds tasks that matches the user input\n","fileTypesAndContributionMap":{"java":{"insertions":32,"deletions":0}}},{"hash":"8e464b2fb944a02286649e4d6a4cb2f9ac1940a6","messageTitle":"Tweak code to comply with coding standard","messageBody":"","fileTypesAndContributionMap":{"java":{"insertions":115,"deletions":113}}}]},{"date":"2021-01-27","commitResults":[{"hash":"ca909872135007b58465db6820031f6728444715","messageTitle":"Add javadocs","messageBody":"","fileTypesAndContributionMap":{"java":{"insertions":229,"deletions":8}}}]},{"date":"2021-01-30","commitResults":[{"hash":"570aae6ae4db8c15dea65cd61bf3991a41de79c0","messageTitle":"Correct checkstyle violations.","messageBody":"","fileTypesAndContributionMap":{"java":{"insertions":125,"deletions":84}}},{"hash":"1486d02fa10b6bedda1febab25efa38a2e5a639e","messageTitle":"Rename processInput to runUserCommand","messageBody":"processInput is vague and does not descriptive\n\nrunUserCommand is more descriptive and appropriate\n","fileTypesAndContributionMap":{"java":{"insertions":2,"deletions":2}}},{"hash":"ddeaccaa96d809f0e59de492cef84023dda92186","messageTitle":"Modify find command to accept variable number of search parameters.","messageBody":"Find command only accepts one parameter. User may want to search for commands that match multiple search terms.\n\nLet\u0027s modify find command to accept variable number of space separated search parameters.\n","fileTypesAndContributionMap":{"java":{"insertions":15,"deletions":7}}}]},{"date":"2021-01-31","commitResults":[{"hash":"ac6e691070b66ff4c37874056fce40e2063883cc","messageTitle":"Add GUI feature.","messageBody":"CLI is not very user friendly.\n\nLet\u0027s add a GUI.\n\nGUI will be more user friendly compared to a CLI.\n","fileTypesAndContributionMap":{"gradle":{"insertions":15,"deletions":0},"java":{"insertions":253,"deletions":149}}}]},{"date":"2021-02-01","commitResults":[{"hash":"14ca474dbd5d86c56838dd7ec4a38081e7075e01","messageTitle":"Add background image to GUI","messageBody":"","fileTypesAndContributionMap":{"java":{"insertions":16,"deletions":0}}},{"hash":"03452f71cc9723b0061e83ad470bba4dc55ebe54","messageTitle":"Remove unnecessary comments","messageBody":"","fileTypesAndContributionMap":{"java":{"insertions":0,"deletions":14}}}]},{"date":"2021-02-02","commitResults":[{"hash":"6010385bbac9801a90e9ccadd4ed1b8c3aa76526","messageTitle":"Update deadline and event commands to accept optional time field","messageBody":"","fileTypesAndContributionMap":{"java":{"insertions":81,"deletions":39}}},{"hash":"15f5cf585b0f0135d51a1cc92ecf3f1b97776a9e","messageTitle":"Remove unused variables","messageBody":"","fileTypesAndContributionMap":{"java":{"insertions":0,"deletions":4}}}]},{"date":"2021-02-06","commitResults":[{"hash":"f82416a5f53926624e05dbd496fe3656e2986649","messageTitle":"Fix formatting issues","messageBody":"","fileTypesAndContributionMap":{"gradle":{"insertions":1,"deletions":1},"java":{"insertions":35,"deletions":25}}},{"hash":"64ac9fc09f5a080ca456a0aa856975d8cbe8f86e","messageTitle":"Add assertions","messageBody":"","fileTypesAndContributionMap":{"java":{"insertions":7,"deletions":3}}},{"hash":"a48b28a3209083b619fc65d3006e5dfcca309ae5","messageTitle":"Update code to meet code quality guidelines","messageBody":"","fileTypesAndContributionMap":{"java":{"insertions":10,"deletions":4}}},{"hash":"df7dd66b62bfd31312882b7d7c69e8c15b9caa12","messageTitle":"Modify getFilteredTaskList to use streams","messageBody":"","fileTypesAndContributionMap":{"java":{"insertions":9,"deletions":19}}},{"hash":"bba2c5f5afd5006db1523d607d098a2ed21f75ae","messageTitle":"Fix method indentation","messageBody":"","fileTypesAndContributionMap":{"java":{"insertions":2,"deletions":2}}},{"hash":"bd13b14e03dace0f8cd6a849c7c8f6c1bcf73811","messageTitle":"Organise classes related to GUI into its own package","messageBody":"","fileTypesAndContributionMap":{"java":{"insertions":22,"deletions":8},"bat":{"insertions":1,"deletions":1},"md":{"insertions":2,"deletions":2}}}]},{"date":"2021-02-07","commitResults":[{"hash":"35f39ac20b758b653e5c503ff8bef4307931ae70","messageTitle":"Add help feature","messageBody":"","fileTypesAndContributionMap":{"java":{"insertions":154,"deletions":32}}}]},{"date":"2021-02-11","commitResults":[{"hash":"14725760203c2b520c4f1c9b5ac9447e20d2bd24","messageTitle":"Refactor to avoid long methods","messageBody":"","fileTypesAndContributionMap":{"java":{"insertions":44,"deletions":24}}}]},{"date":"2021-02-13","commitResults":[{"hash":"a2d7a0f638280967f993ae7f4e0f59924aa52051","messageTitle":"Add cosmetic improvements to GUI","messageBody":"","tags":["A-BetterGui"],"fileTypesAndContributionMap":{"java":{"insertions":4,"deletions":3}}},{"hash":"63139e5228902307ecf6ab08565eded00df0d9a8","messageTitle":"Refactor name: duke -\u003e chip","messageBody":"","fileTypesAndContributionMap":{"java":{"insertions":100,"deletions":100},"bat":{"insertions":1,"deletions":1}}},{"hash":"ff353ee059c28b03614d20e985f1c8b366232617","messageTitle":"Update name in build.gradle config file","messageBody":"","fileTypesAndContributionMap":{"gradle":{"insertions":1,"deletions":1}}}]},{"date":"2021-02-16","commitResults":[{"hash":"d3b0f56cabe6f57fb3a3b8f8425fc9760ee53384","messageTitle":"Update user guide","messageBody":"","fileTypesAndContributionMap":{"md":{"insertions":161,"deletions":9}}},{"hash":"1f8bf1e8e4377d54f07292f05d5392fe0f8ebc34","messageTitle":"User Guide: Update table of contents, quick start guide, acknowledgements, section on saving data","messageBody":"","tags":["A-UserGuide"],"fileTypesAndContributionMap":{"md":{"insertions":61,"deletions":12}}},{"hash":"b0112ed498623ebe569a42159d76845426ef413c","messageTitle":"User Guide: Remove angle brackets","messageBody":"","fileTypesAndContributionMap":{"md":{"insertions":7,"deletions":8}}},{"hash":"2c7ee8e675ea1e3d6c033d76f93b0a024d2821ba","messageTitle":"User Guide: Remove leftover angle brackets","messageBody":"","fileTypesAndContributionMap":{"md":{"insertions":5,"deletions":5}}},{"hash":"1a9dfc31f42bef6baf2a851b755b0a0590c3d750","messageTitle":"Update broken link in user guide","messageBody":"","fileTypesAndContributionMap":{"md":{"insertions":1,"deletions":1}}}]},{"date":"2021-02-17","commitResults":[{"hash":"81008ac0bc573ef470d1c941d4e7ace3eb5358c8","messageTitle":"Update README.md","messageBody":"","fileTypesAndContributionMap":{"md":{"insertions":5,"deletions":21}}},{"hash":"05b58a9cd142df9b152c2d2472ff26efae6282a3","messageTitle":"Update README.md","messageBody":"Fix broken link","fileTypesAndContributionMap":{"md":{"insertions":1,"deletions":1}}},{"hash":"4fd91bde9d64a25e4e1d4650e512c24f437567e2","messageTitle":"Update README.md","messageBody":"Add acknowledgements section","fileTypesAndContributionMap":{"md":{"insertions":15,"deletions":1}}},{"hash":"0753aebb8dbac6c0895a323b2a72e9bc7b633e99","messageTitle":"Update README.md","messageBody":"","fileTypesAndContributionMap":{"md":{"insertions":1,"deletions":1}}}]}]},"authorFileTypeContributionMap":{"samuelfangjw":{"java":1254,"md":217,"fxml":70,"sh":0,"bat":1,"gradle":17,"txt":26}},"authorContributionVariance":{"samuelfangjw":21958.525},"authorDisplayNameMap":{"samuelfangjw":"CS2103T-T11-2 FANG..MUEL"}}
