{"authorDailyContributionsMap":{"austenjs":[{"date":"2021-01-18","commitResults":[{"hash":"2892b12a0b16e401b6910b91c2e58d715f93be8b","messageTitle":"Level-1","messageBody":"","fileTypesAndContributionMap":{"java":{"insertions":12,"deletions":0}}},{"hash":"327caa0f866d4aff259840bccdcd4ee76cfaf259","messageTitle":"Level-1","messageBody":"","fileTypesAndContributionMap":{"java":{"insertions":1,"deletions":0}}},{"hash":"25c8df0bbd2c05d183f20c2960ed569bf80826fd","messageTitle":"Level-2","messageBody":"","tags":["Level-2","Level-1`"],"fileTypesAndContributionMap":{"java":{"insertions":24,"deletions":8}}},{"hash":"6e6f8e24ad3e4649a926aabf7ac555fdd62fab2e","messageTitle":"Level-3","messageBody":"","tags":["Level-3"],"fileTypesAndContributionMap":{"java":{"insertions":40,"deletions":5}}},{"hash":"abea8bbc7337abc6decb18c316af17ae148b329c","messageTitle":"Level-4","messageBody":"","tags":["Level-4"],"fileTypesAndContributionMap":{"java":{"insertions":99,"deletions":5}}},{"hash":"3c09720fbaa10b27811bab6339b6337a9f700c0f","messageTitle":"change directory","messageBody":"","tags":["A-TextUiTesting"],"fileTypesAndContributionMap":{"bat":{"insertions":1,"deletions":1}}},{"hash":"08f7bb292fee904b11f98d8aff18a4769c15548b","messageTitle":"exception handlings","messageBody":"","tags":["Level-5"],"fileTypesAndContributionMap":{"java":{"insertions":55,"deletions":32}}},{"hash":"8e092f6586cc568970a314235197bbe25d873818","messageTitle":"delete feature","messageBody":"","tags":["Level-6"],"fileTypesAndContributionMap":{"java":{"insertions":14,"deletions":3}}}]},{"date":"2021-01-27","commitResults":[{"hash":"ec96d090171be13a756da5ad082b0024e6cf76a2","messageTitle":"refactor code","messageBody":"","fileTypesAndContributionMap":{"java":{"insertions":100,"deletions":75}}},{"hash":"e80cebf70d6ac10b9f4e83d3a787ee68e1d46a57","messageTitle":"Storage class","messageBody":"","fileTypesAndContributionMap":{"txt":{"insertions":4,"deletions":0},"java":{"insertions":133,"deletions":8}}},{"hash":"51e9558b7af569258e14cc931d3675ec46a8bd47","messageTitle":"datetime for deadline","messageBody":"","fileTypesAndContributionMap":{"java":{"insertions":77,"deletions":37}}},{"hash":"794975d4e263038e52334e7bfac80a748caadcf5","messageTitle":"remove debugger from deadline block of code","messageBody":"","fileTypesAndContributionMap":{"txt":{"insertions":3,"deletions":4},"java":{"insertions":0,"deletions":2}}},{"hash":"99af5d5614553b81dac3c7312af74c5bf3da01f9","messageTitle":"Parser, Ui, TaskList","messageBody":"","tags":["A-MoreOOP"],"fileTypesAndContributionMap":{"txt":{"insertions":3,"deletions":3},"java":{"insertions":223,"deletions":128}}},{"hash":"acac98345cd5bfbd0e926ae7a5c952d78e624e84","messageTitle":"testing for event and todo classes","messageBody":"","tags":["A-Jar","A-JUnit"],"fileTypesAndContributionMap":{"java":{"insertions":30,"deletions":3}}},{"hash":"abdbc904e6073d69beb14adf4f42b4237380d9c9","messageTitle":"checking updates","messageBody":"","fileTypesAndContributionMap":{"txt":{"insertions":2,"deletions":2}}},{"hash":"402d9a62724070e190629c3206c411d06b0ea828","messageTitle":"javadoc","messageBody":"","tags":["A-JavaDoc"],"fileTypesAndContributionMap":{"java":{"insertions":270,"deletions":3}}},{"hash":"846f070404326d2cadcf2cf06269b33893d1a6a8","messageTitle":"comlying coding standard","messageBody":"","tags":["A-CodingStandard"],"fileTypesAndContributionMap":{"java":{"insertions":43,"deletions":43}}},{"hash":"7a08d08fde5014349d8538c2cd56e8ac3f565804","messageTitle":"find feature","messageBody":"","tags":["Level-9"],"fileTypesAndContributionMap":{"txt":{"insertions":2,"deletions":1},"java":{"insertions":26,"deletions":3}}}]},{"date":"2021-02-03","commitResults":[{"hash":"592f9aa38bed765f65db7bd7307b71863042951e","messageTitle":"gui for duke","messageBody":"","tags":["Level-10"],"fileTypesAndContributionMap":{"gradle":{"insertions":16,"deletions":1},"txt":{"insertions":2,"deletions":3},"java":{"insertions":273,"deletions":127}}},{"hash":"0fd6ff4330d9ea3e8e72cf8646b0d7a20723ae40","messageTitle":"remove unused codes in main","messageBody":"","fileTypesAndContributionMap":{"txt":{"insertions":2,"deletions":2},"java":{"insertions":1,"deletions":14}}}]}]},"authorFileTypeContributionMap":{"austenjs":{"java":939,"md":0,"fxml":35,"sh":0,"bat":1,"gradle":16,"txt":3}},"authorContributionVariance":{"austenjs":67955.23},"authorDisplayNameMap":{"austenjs":"CS2103-T14-4 AUST..ARTO"}}
