{"authorDailyContributionsMap":{"austenjs":[{"date":"2021-01-18","commitResults":[{"hash":"2892b12a0b16e401b6910b91c2e58d715f93be8b","messageTitle":"Level-1","messageBody":"","fileTypesAndContributionMap":{"java":{"insertions":12,"deletions":0}}},{"hash":"327caa0f866d4aff259840bccdcd4ee76cfaf259","messageTitle":"Level-1","messageBody":"","fileTypesAndContributionMap":{"java":{"insertions":1,"deletions":0}}},{"hash":"25c8df0bbd2c05d183f20c2960ed569bf80826fd","messageTitle":"Level-2","messageBody":"","tags":["Level-2","Level-1`"],"fileTypesAndContributionMap":{"java":{"insertions":24,"deletions":8}}},{"hash":"6e6f8e24ad3e4649a926aabf7ac555fdd62fab2e","messageTitle":"Level-3","messageBody":"","tags":["Level-3"],"fileTypesAndContributionMap":{"java":{"insertions":40,"deletions":5}}},{"hash":"abea8bbc7337abc6decb18c316af17ae148b329c","messageTitle":"Level-4","messageBody":"","tags":["Level-4"],"fileTypesAndContributionMap":{"java":{"insertions":99,"deletions":5}}},{"hash":"3c09720fbaa10b27811bab6339b6337a9f700c0f","messageTitle":"change directory","messageBody":"","tags":["A-TextUiTesting"],"fileTypesAndContributionMap":{"bat":{"insertions":1,"deletions":1}}},{"hash":"08f7bb292fee904b11f98d8aff18a4769c15548b","messageTitle":"exception handlings","messageBody":"","tags":["Level-5"],"fileTypesAndContributionMap":{"java":{"insertions":55,"deletions":32}}},{"hash":"8e092f6586cc568970a314235197bbe25d873818","messageTitle":"delete feature","messageBody":"","tags":["Level-6"],"fileTypesAndContributionMap":{"java":{"insertions":14,"deletions":3}}}]},{"date":"2021-01-27","commitResults":[{"hash":"ec96d090171be13a756da5ad082b0024e6cf76a2","messageTitle":"refactor code","messageBody":"","fileTypesAndContributionMap":{"java":{"insertions":100,"deletions":75}}},{"hash":"e80cebf70d6ac10b9f4e83d3a787ee68e1d46a57","messageTitle":"Storage class","messageBody":"","fileTypesAndContributionMap":{"txt":{"insertions":4,"deletions":0},"java":{"insertions":133,"deletions":8}}},{"hash":"51e9558b7af569258e14cc931d3675ec46a8bd47","messageTitle":"datetime for deadline","messageBody":"","fileTypesAndContributionMap":{"java":{"insertions":77,"deletions":37}}},{"hash":"794975d4e263038e52334e7bfac80a748caadcf5","messageTitle":"remove debugger from deadline block of code","messageBody":"","fileTypesAndContributionMap":{"txt":{"insertions":3,"deletions":4},"java":{"insertions":0,"deletions":2}}},{"hash":"99af5d5614553b81dac3c7312af74c5bf3da01f9","messageTitle":"Parser, Ui, TaskList","messageBody":"","tags":["A-MoreOOP"],"fileTypesAndContributionMap":{"txt":{"insertions":3,"deletions":3},"java":{"insertions":223,"deletions":128}}},{"hash":"acac98345cd5bfbd0e926ae7a5c952d78e624e84","messageTitle":"testing for event and todo classes","messageBody":"","tags":["A-Jar","A-JUnit"],"fileTypesAndContributionMap":{"java":{"insertions":30,"deletions":3}}},{"hash":"abdbc904e6073d69beb14adf4f42b4237380d9c9","messageTitle":"checking updates","messageBody":"","fileTypesAndContributionMap":{"txt":{"insertions":2,"deletions":2}}},{"hash":"402d9a62724070e190629c3206c411d06b0ea828","messageTitle":"javadoc","messageBody":"","tags":["A-JavaDoc"],"fileTypesAndContributionMap":{"java":{"insertions":270,"deletions":3}}},{"hash":"846f070404326d2cadcf2cf06269b33893d1a6a8","messageTitle":"comlying coding standard","messageBody":"","tags":["A-CodingStandard"],"fileTypesAndContributionMap":{"java":{"insertions":43,"deletions":43}}},{"hash":"7a08d08fde5014349d8538c2cd56e8ac3f565804","messageTitle":"find feature","messageBody":"","tags":["Level-9"],"fileTypesAndContributionMap":{"txt":{"insertions":2,"deletions":1},"java":{"insertions":26,"deletions":3}}}]},{"date":"2021-02-03","commitResults":[{"hash":"592f9aa38bed765f65db7bd7307b71863042951e","messageTitle":"gui for duke","messageBody":"","tags":["Level-10"],"fileTypesAndContributionMap":{"gradle":{"insertions":16,"deletions":1},"txt":{"insertions":2,"deletions":3},"java":{"insertions":273,"deletions":127}}},{"hash":"0fd6ff4330d9ea3e8e72cf8646b0d7a20723ae40","messageTitle":"remove unused codes in main","messageBody":"","fileTypesAndContributionMap":{"txt":{"insertions":2,"deletions":2},"java":{"insertions":1,"deletions":14}}}]},{"date":"2021-02-08","commitResults":[{"hash":"601ef6ba34d53ce0d987dbfc01aa7753997129bc","messageTitle":"jar file","messageBody":"","fileTypesAndContributionMap":{"gradle":{"insertions":1,"deletions":0},"txt":{"insertions":1,"deletions":2}}},{"hash":"b5948e8ce0e2f10e29457e62f83eae8c77ffcb58","messageTitle":"assertions added","messageBody":"","fileTypesAndContributionMap":{"txt":{"insertions":1,"deletions":0},"java":{"insertions":13,"deletions":5}}},{"hash":"8187117cc17e80ec36c31026aa44486cd8a12e08","messageTitle":"code quality checks","messageBody":"","fileTypesAndContributionMap":{"txt":{"insertions":5,"deletions":3},"java":{"insertions":82,"deletions":58}}},{"hash":"0db2186e2aca77d64582d14462b8bdd327f060f3","messageTitle":"lambda for tasklist","messageBody":"","fileTypesAndContributionMap":{"java":{"insertions":3,"deletions":1}}},{"hash":"ccbaa6664a74975bb67913e8f31a0f189acfe913","messageTitle":"streams for tasklist","messageBody":"","fileTypesAndContributionMap":{"java":{"insertions":4,"deletions":10}}},{"hash":"1c271f204475bf88453f265d53add7fff4e6d9d5","messageTitle":"cleaning minor bugs and refactoring","messageBody":"","fileTypesAndContributionMap":{"txt":{"insertions":4,"deletions":6},"java":{"insertions":13,"deletions":14}}},{"hash":"673d952bef51fa5b917ccd3969d68ec506a985d9","messageTitle":"extensions detectduplicates and undo","messageBody":"","fileTypesAndContributionMap":{"txt":{"insertions":3,"deletions":3},"java":{"insertions":118,"deletions":69}}}]},{"date":"2021-02-09","commitResults":[{"hash":"e87c7177521b27e404354b2f23286025d4133233","messageTitle":"better undo, adding sort","messageBody":"","fileTypesAndContributionMap":{"txt":{"insertions":3,"deletions":3},"java":{"insertions":51,"deletions":28}}},{"hash":"506c4a3e9d404b4e74378de9c66562bb3a4a0dc3","messageTitle":"change duke show message and add extensions","messageBody":"","fileTypesAndContributionMap":{"txt":{"insertions":2,"deletions":0},"java":{"insertions":44,"deletions":6}}}]},{"date":"2021-02-10","commitResults":[{"hash":"8836bdf803a2336dc619e35391c142623f5155f6","messageTitle":"extract stack from tasklist, contact detail class\"","messageBody":"","tags":["BCD-Extension"],"fileTypesAndContributionMap":{"txt":{"insertions":1,"deletions":3},"java":{"insertions":195,"deletions":19}}}]},{"date":"2021-02-15","commitResults":[{"hash":"f6001dcc654e7ed3e36f66875345e41fbeaf3de0","messageTitle":"better gui for duke","messageBody":"","tags":["A-BetterGUI"],"fileTypesAndContributionMap":{"txt":{"insertions":2,"deletions":1},"java":{"insertions":0,"deletions":3}}},{"hash":"ff66119020d44454a68455a216ea00c7b16c9e3a","messageTitle":"Adding User Guide","messageBody":"","fileTypesAndContributionMap":{"md":{"insertions":49,"deletions":8}}},{"hash":"52caabaea595f9b95b828853ac5d2366e07474f9","messageTitle":"Modify image","messageBody":"","fileTypesAndContributionMap":{"md":{"insertions":1,"deletions":2}}},{"hash":"e60df145e3f4fbb9ea5915191aadb8216ae467b4","messageTitle":"remove typo","messageBody":"","fileTypesAndContributionMap":{"md":{"insertions":2,"deletions":1}}},{"hash":"9e04e71c093bcb15a616e0e513aab393a191661f","messageTitle":"Showing image","messageBody":"","tags":["A-UserGuide"],"fileTypesAndContributionMap":{"md":{"insertions":2,"deletions":1}}},{"hash":"bce41780c63c4dede3d4185b5f5fa9424e6f5e5d","messageTitle":"allow storage to make new dir\"","messageBody":"","fileTypesAndContributionMap":{"txt":{"insertions":1,"deletions":1},"java":{"insertions":10,"deletions":7}}},{"hash":"f80d98db85ee911da1220d4fe27cece8f1fb321d","messageTitle":"remove bug","messageBody":"","tags":["A-Release"],"fileTypesAndContributionMap":{"java":{"insertions":0,"deletions":1}}}]},{"date":"2021-02-17","commitResults":[{"hash":"a2a06b40ff0a622e86b39d0c0ca38213b2c5f36d","messageTitle":"add javadocs and refactoring","messageBody":"","fileTypesAndContributionMap":{"txt":{"insertions":1,"deletions":1},"java":{"insertions":88,"deletions":53}}}]}]},"authorFileTypeContributionMap":{"austenjs":{"java":1285,"md":45,"fxml":43,"sh":0,"bat":1,"gradle":17,"txt":5}},"authorContributionVariance":{"austenjs":48153.977},"authorDisplayNameMap":{"austenjs":"CS2103-T14-4 AUST..ARTO"}}
