{"authorDailyContributionsMap":{"internityz":[{"date":"2021-01-17","commitResults":[{"hash":"e2ce8263bfcb7ea65f15800852b23239d1cfd4f0","messageTitle":"add Greet, Echo, Exit","messageBody":"","tags":["Level-1"],"fileTypesAndContributionMap":{"java":{"insertions":32,"deletions":7}}},{"hash":"b83c7a957bffa7cf10c5a450a4bcb5bce3bc72e3","messageTitle":"add Add, List","messageBody":"","tags":["Level-2"],"fileTypesAndContributionMap":{"java":{"insertions":33,"deletions":8}}},{"hash":"6c00f0e488709867f2669618441caae7084204c0","messageTitle":"add Mark as Done","messageBody":"","tags":["Level-3"],"fileTypesAndContributionMap":{"java":{"insertions":47,"deletions":17}}},{"hash":"49850d5eae11168b67825d4fce763987d370ea8a","messageTitle":"add ToDo, Event, Deadline","messageBody":"","tags":["Level-4"],"fileTypesAndContributionMap":{"java":{"insertions":109,"deletions":17}}},{"hash":"5710c9bed48c130efc78a123ab2c94fea8c67ecd","messageTitle":"add Handle Errors","messageBody":"","tags":["Level-5"],"fileTypesAndContributionMap":{"java":{"insertions":74,"deletions":45}}},{"hash":"a7babd767d2545c966ec95c5f57ef0605d563e12","messageTitle":"add Delete","messageBody":"","tags":["Level-6"],"fileTypesAndContributionMap":{"java":{"insertions":15,"deletions":6}}},{"hash":"91441c298c73c88f619ab3cefa3a39982e56718b","messageTitle":"add A-TextUiTesting","messageBody":"","tags":["A-TextUiTesting"],"fileTypesAndContributionMap":{"txt":{"insertions":5,"deletions":0},"java":{"insertions":1,"deletions":1}}}]},{"date":"2021-01-23","commitResults":[{"hash":"146cbacf43111b422e027c74508d20ea23bed6f2","messageTitle":"Update file format","messageBody":"","fileTypesAndContributionMap":{"java":{"insertions":158,"deletions":111}}}]},{"date":"2021-01-26","commitResults":[{"hash":"dd431635313f15e8dbf3e73d4b927e5c4bc234b5","messageTitle":"Add Save feature","messageBody":"","fileTypesAndContributionMap":{"java":{"insertions":192,"deletions":45}}}]},{"date":"2021-01-27","commitResults":[{"hash":"fc837ce4ba768eb54378594fc1e78b739b8e7105","messageTitle":"Add Dates and Times feature","messageBody":"","fileTypesAndContributionMap":{"java":{"insertions":69,"deletions":20}}},{"hash":"5f21fb80a09ad8c772ba88b25796d6ff3d14cc28","messageTitle":"Use More OOP","messageBody":"","tags":["A-MoreOOP"],"fileTypesAndContributionMap":{"java":{"insertions":267,"deletions":170}}},{"hash":"4f52346a3c55fb0d14d24a40f8d02d0a3d6cd610","messageTitle":"Add JUnit Tests","messageBody":"","tags":["A-JUnit"],"fileTypesAndContributionMap":{"java":{"insertions":119,"deletions":10}}},{"hash":"012a9c8af6dd87f9d59c2a106ea13911489a4f43","messageTitle":"Divide classes into packages","messageBody":"","tags":["A-Packages"],"fileTypesAndContributionMap":{"java":{"insertions":27,"deletions":20}}},{"hash":"b93010478c17cd9446092139e8a37622007131c8","messageTitle":"Fix welcome message indentation","messageBody":"","fileTypesAndContributionMap":{"java":{"insertions":1,"deletions":1}}}]},{"date":"2021-01-28","commitResults":[{"hash":"f6972f2ac7f6bdbeba75be14c4c189e72f91f698","messageTitle":"Add java documentation","messageBody":"","fileTypesAndContributionMap":{"java":{"insertions":189,"deletions":6}}},{"hash":"1eba7f986e755e3d58006bb3082027aff3eb0064","messageTitle":"Add Find feature","messageBody":"","fileTypesAndContributionMap":{"java":{"insertions":36,"deletions":9}}},{"hash":"fcd0198297546d5d49e0841f813d8c084d02571c","messageTitle":"Implement coding standard","messageBody":"","fileTypesAndContributionMap":{"java":{"insertions":35,"deletions":30}}}]},{"date":"2021-01-31","commitResults":[{"hash":"2c6e058f5ac8d056c1b74eb63033be5cbdcf0650","messageTitle":"Automate project builds using Gradle","messageBody":"","fileTypesAndContributionMap":{"gradle":{"insertions":6,"deletions":33}}},{"hash":"f69ef5bd67055506bcd6d72c0626a98afa6af5e7","messageTitle":"Add CheckStyle","messageBody":"","fileTypesAndContributionMap":{"java":{"insertions":87,"deletions":77}}},{"hash":"bfdc489a4d1d4c8d8ce36bc5b19f05fad95b7d4a","messageTitle":"Add GUI","messageBody":"","fileTypesAndContributionMap":{"java":{"insertions":381,"deletions":194}}},{"hash":"2918b2b0bcfd36b8cd60b110eb1b3b1659f8fe53","messageTitle":"Use var-args","messageBody":"","fileTypesAndContributionMap":{"java":{"insertions":10,"deletions":12}}}]},{"date":"2021-02-04","commitResults":[{"hash":"395d5b43400cb40ee41043bee9563bd0e5d4aaf3","messageTitle":"Fix coding standard and naming convention","messageBody":"","fileTypesAndContributionMap":{"gradle":{"insertions":14,"deletions":2},"java":{"insertions":155,"deletions":78}}}]},{"date":"2021-02-09","commitResults":[{"hash":"4ca9b35938891e33462c54f3b9ecef3c1b96fd27","messageTitle":"Include assertions","messageBody":"","fileTypesAndContributionMap":{"java":{"insertions":30,"deletions":24}}}]},{"date":"2021-02-10","commitResults":[{"hash":"db6de96fe4faf7641a67ba453f651e656c00cc55","messageTitle":"Refactor code to improve the code quality","messageBody":"","fileTypesAndContributionMap":{"java":{"insertions":71,"deletions":62}}},{"hash":"ee2773f80527766b13dd16a5ea82037470759147","messageTitle":"Implement feature to detect scheduling anomalies","messageBody":"","fileTypesAndContributionMap":{"java":{"insertions":70,"deletions":5}}}]},{"date":"2021-02-11","commitResults":[{"hash":"255975d538c47f7b861a84e4190223989e4cf345","messageTitle":"Refactor detect anomalies feature","messageBody":"","fileTypesAndContributionMap":{"java":{"insertions":91,"deletions":38}}}]},{"date":"2021-02-12","commitResults":[{"hash":"7fc3fcb27069eb24fef7613150563c93704e4d8d","messageTitle":"Refactor detect anomalies","messageBody":"","fileTypesAndContributionMap":{"java":{"insertions":93,"deletions":94}}},{"hash":"dc393f0930591bd2c58be2f5d5c576e6ac927c8d","messageTitle":"Refactor parser","messageBody":"","fileTypesAndContributionMap":{"java":{"insertions":44,"deletions":26}}}]},{"date":"2021-02-16","commitResults":[{"hash":"7774b16c492bfca7b6359cbb0c4600f2383e7400","messageTitle":"Add representative screenshot of product","messageBody":"","fileTypesAndContributionMap":{"java":{"insertions":4,"deletions":2}}},{"hash":"0b8b73280acd3fb030c631dd47af1f362de01673","messageTitle":"Add a User Guide","messageBody":"","fileTypesAndContributionMap":{"md":{"insertions":147,"deletions":9}}},{"hash":"2fa761c4de5ba4d890b6e69709225dd12283bd67","messageTitle":"Fix user guide formatting","messageBody":"","fileTypesAndContributionMap":{"md":{"insertions":4,"deletions":0}}},{"hash":"5f91f311346e5ffcca3b7288c33e71534feb7d0c","messageTitle":"Fix User guide indentations","messageBody":"","fileTypesAndContributionMap":{"md":{"insertions":5,"deletions":1}}},{"hash":"cf8d753f254d3cbc38050d71f7300fbb309b82d3","messageTitle":"Fix emoji not showing in user guide","messageBody":"","tags":["A-UserGuide"],"fileTypesAndContributionMap":{"md":{"insertions":2,"deletions":2}}},{"hash":"09bacdeb0b3eb5bc734ab4291ad786853d4b24b0","messageTitle":"Fix gradle bugs","messageBody":"","tags":["A-Release"],"fileTypesAndContributionMap":{"gradle":{"insertions":34,"deletions":4},"bat":{"insertions":4,"deletions":18}}}]}]},"authorFileTypeContributionMap":{"internityz":{"java":1338,"md":149,"fxml":35,"sh":0,"bat":4,"gradle":17,"txt":5}},"authorContributionVariance":{"internityz":37132.188},"authorDisplayNameMap":{"internityz":"CS2103T-T11-3 HAN ..G YU"}}
