{"authorDailyContributionsMap":{"nicholasnge":[{"date":"2021-01-21","commitResults":[{"hash":"eb2421ac4a4a8d73e921449a0c22b547b131fbc4","messageTitle":"Level-1","messageBody":"","tags":["Level-2"],"fileTypesAndContributionMap":{"java":{"insertions":85,"deletions":10},"bat":{"insertions":1,"deletions":1},"md":{"insertions":2,"deletions":2}}},{"hash":"266d21279f62371cb7814360c5e81249aa6f92b0","messageTitle":"Level-2","messageBody":"","tags":["Level-3"],"fileTypesAndContributionMap":{"java":{"insertions":8,"deletions":9}}},{"hash":"98eb5c0aed452374dde8c220b39ba7b00facc470","messageTitle":"Level-3","messageBody":"","tags":["Level-4"],"fileTypesAndContributionMap":{"java":{"insertions":30,"deletions":6}}},{"hash":"55bc2e6dc4401d346147bd803a4a21309ff22846","messageTitle":"Level-4","messageBody":"","tags":["A-TextUiTesting"],"fileTypesAndContributionMap":{"java":{"insertions":60,"deletions":24}}},{"hash":"abb364ea1d127114b3458a585d0a2356391dec02","messageTitle":"A-TextUiTesting","messageBody":"","tags":["Level-5"],"fileTypesAndContributionMap":{"txt":{"insertions":9,"deletions":0},"java":{"insertions":1,"deletions":1}}},{"hash":"ce1cba5a8139c71b5e143e55c6953718b2f8c8ca","messageTitle":"Update README.md","messageBody":"","fileTypesAndContributionMap":{"md":{"insertions":24,"deletions":11}}},{"hash":"cc257925152a3e97e2d2718e56d0ac359389e9e8","messageTitle":"Update README.md","messageBody":"","fileTypesAndContributionMap":{"md":{"insertions":2,"deletions":1}}},{"hash":"36ab66bfab5ff1d566c94ae5809fadb76d8845a5","messageTitle":"Update README.md","messageBody":"","fileTypesAndContributionMap":{"md":{"insertions":1,"deletions":1}}},{"hash":"0ff9ec734e8ac6b24619c3d45ffdf2febd39ee80","messageTitle":"Update README.md","messageBody":"","fileTypesAndContributionMap":{"md":{"insertions":2,"deletions":2}}},{"hash":"5f13fcc78eb8a18da4e701561920f102a369755b","messageTitle":"Update README.md","messageBody":"","fileTypesAndContributionMap":{"md":{"insertions":2,"deletions":2}}},{"hash":"d329a63f519b95d13ce5652799f724bacc9a9a4c","messageTitle":"Level-5","messageBody":"","tags":["Level-6"],"fileTypesAndContributionMap":{"txt":{"insertions":8,"deletions":0},"java":{"insertions":43,"deletions":12}}},{"hash":"a4fa2234a3d33bfcdc03c3b9aee269bfd8d69236","messageTitle":"Level-6","messageBody":"","fileTypesAndContributionMap":{"java":{"insertions":90,"deletions":47}}}]},{"date":"2021-02-03","commitResults":[{"hash":"3542d5fe6f129dff30187ffb6de44b166b09641b","messageTitle":"Level-7","messageBody":"","fileTypesAndContributionMap":{"java":{"insertions":122,"deletions":4}}},{"hash":"c96e24b243a674bb622a32f707f8fe2a3409ec9e","messageTitle":"Level-7","messageBody":"","fileTypesAndContributionMap":{"txt":{"insertions":0,"deletions":0}}},{"hash":"0dca6ded124a034fa93fd31c85221276f07c0040","messageTitle":"Level-7","messageBody":"","tags":["Level-8"],"fileTypesAndContributionMap":{"java":{"insertions":44,"deletions":9}}},{"hash":"b9dec690afd1eb40fc420910cce65f9798d146ba","messageTitle":"Level-8","messageBody":"","fileTypesAndContributionMap":{"java":{"insertions":4,"deletions":0}}},{"hash":"cacb22aa29a53fa29bd48992d9f9c10483153f5b","messageTitle":"Level-7 Level-8","messageBody":"","tags":["A-MoreOOP"],"fileTypesAndContributionMap":{"txt":{"insertions":6,"deletions":0},"java":{"insertions":42,"deletions":26}}},{"hash":"c90d25b238061fed3ed63f0bdd5ac0ff900d5a6c","messageTitle":"A-MoreOOP","messageBody":"","tags":["A-Packages"],"fileTypesAndContributionMap":{"txt":{"insertions":12,"deletions":10},"java":{"insertions":493,"deletions":181}}},{"hash":"f4721d6c51a66fda94b7a1bb7fa0d9216e9b4142","messageTitle":"A-Packages","messageBody":"","tags":["A-JUnit"],"fileTypesAndContributionMap":{"java":{"insertions":104,"deletions":32},"md":{"insertions":3,"deletions":3}}},{"hash":"def2021a96af067a359ad317b64de4d3aed59ce4","messageTitle":"A-JUnit","messageBody":"","tags":["v0.1"],"fileTypesAndContributionMap":{"gradle":{"insertions":1,"deletions":10},"txt":{"insertions":3,"deletions":7},"java":{"insertions":72,"deletions":12}}}]},{"date":"2021-02-04","commitResults":[{"hash":"628ee4793e82448788d971f0279c6b6f6f60b034","messageTitle":"A-JavaDoc","messageBody":"","fileTypesAndContributionMap":{"gradle":{"insertions":2,"deletions":2},"java":{"insertions":209,"deletions":6}}},{"hash":"0cfaca49d82d3bfcb4298181cf7ad4fdd971f77e","messageTitle":"A-JavaDoc A-Jar","messageBody":"","fileTypesAndContributionMap":{"java":{"insertions":10,"deletions":0}}},{"hash":"7c2ced867746ada27187dc38e803e64d64c2bf80","messageTitle":"Level-9","messageBody":"","fileTypesAndContributionMap":{"txt":{"insertions":3,"deletions":0},"java":{"insertions":57,"deletions":6}}},{"hash":"cb1bd6dee7a412b26cffd576b9a309fef1e6ba45","messageTitle":"A-CodingStandard","messageBody":"","fileTypesAndContributionMap":{"java":{"insertions":0,"deletions":4}}},{"hash":"216cd622b3895c29dec1733c75b0b13f256c9eb6","messageTitle":"A-Gradle","messageBody":"","fileTypesAndContributionMap":{"java":{"insertions":5,"deletions":6}}},{"hash":"4ea02bda2a6718867813ad78547c8854b6bd8605","messageTitle":"Level-10 A-CheckStyle","messageBody":"","fileTypesAndContributionMap":{"gradle":{"insertions":15,"deletions":1},"java":{"insertions":181,"deletions":4}}},{"hash":"b9b6ab31c178ebbcd1929b819ab9a31f7ec52f67","messageTitle":"A-CodingStandard","messageBody":"","fileTypesAndContributionMap":{"java":{"insertions":73,"deletions":89}}}]}]},"authorFileTypeContributionMap":{"nicholasnge":{"java":1261,"md":26,"fxml":35,"sh":0,"bat":1,"gradle":17,"txt":24}},"authorContributionVariance":{"nicholasnge":76610.48},"authorDisplayNameMap":{"nicholasnge":"CS2103T-W12-1 NICH..SHOU"}}
