[{"path":"src/main/java/Deadline.java","fileType":"java","lines":[{"lineNumber":1,"author":{"gitId":"jay9645"},"content":"public class Deadline extends Task {"},{"lineNumber":2,"author":{"gitId":"jay9645"},"content":""},{"lineNumber":3,"author":{"gitId":"jay9645"},"content":"    protected String by;"},{"lineNumber":4,"author":{"gitId":"jay9645"},"content":""},{"lineNumber":5,"author":{"gitId":"jay9645"},"content":"    public Deadline(String name, String by) {"},{"lineNumber":6,"author":{"gitId":"jay9645"},"content":"        super(name);"},{"lineNumber":7,"author":{"gitId":"jay9645"},"content":"        this.by \u003d by;"},{"lineNumber":8,"author":{"gitId":"jay9645"},"content":"    }"},{"lineNumber":9,"author":{"gitId":"jay9645"},"content":""},{"lineNumber":10,"author":{"gitId":"jay9645"},"content":"    @Override"},{"lineNumber":11,"author":{"gitId":"jay9645"},"content":"    public Deadline setDone() {"},{"lineNumber":12,"author":{"gitId":"jay9645"},"content":"        Deadline doneTask \u003d new Deadline(this.name, this.by);"},{"lineNumber":13,"author":{"gitId":"jay9645"},"content":"        doneTask.isDone \u003d true;"},{"lineNumber":14,"author":{"gitId":"jay9645"},"content":"        return doneTask;"},{"lineNumber":15,"author":{"gitId":"jay9645"},"content":"    }"},{"lineNumber":16,"author":{"gitId":"jay9645"},"content":""},{"lineNumber":17,"author":{"gitId":"jay9645"},"content":"    @Override"},{"lineNumber":18,"author":{"gitId":"jay9645"},"content":"    public String getSaveText() {"},{"lineNumber":19,"author":{"gitId":"jay9645"},"content":"        return \"D | \" + super.getSaveText() + \" /by \" + this.by;"},{"lineNumber":20,"author":{"gitId":"jay9645"},"content":"    }"},{"lineNumber":21,"author":{"gitId":"jay9645"},"content":""},{"lineNumber":22,"author":{"gitId":"jay9645"},"content":"    @Override"},{"lineNumber":23,"author":{"gitId":"jay9645"},"content":"    public String toString() {"},{"lineNumber":24,"author":{"gitId":"jay9645"},"content":"        return \"[D]\" + super.toString() + \" (by: \" + this.by + \")\";"},{"lineNumber":25,"author":{"gitId":"jay9645"},"content":"    }"},{"lineNumber":26,"author":{"gitId":"jay9645"},"content":""},{"lineNumber":27,"author":{"gitId":"jay9645"},"content":"}"}],"authorContributionMap":{"jay9645":27}},{"path":"src/main/java/Event.java","fileType":"java","lines":[{"lineNumber":1,"author":{"gitId":"jay9645"},"content":"public class Event extends Task {"},{"lineNumber":2,"author":{"gitId":"jay9645"},"content":""},{"lineNumber":3,"author":{"gitId":"jay9645"},"content":"    protected String at;"},{"lineNumber":4,"author":{"gitId":"jay9645"},"content":""},{"lineNumber":5,"author":{"gitId":"jay9645"},"content":"    public Event(String name, String at) {"},{"lineNumber":6,"author":{"gitId":"jay9645"},"content":"        super(name);"},{"lineNumber":7,"author":{"gitId":"jay9645"},"content":"        this.at \u003d at;"},{"lineNumber":8,"author":{"gitId":"jay9645"},"content":"    }"},{"lineNumber":9,"author":{"gitId":"jay9645"},"content":""},{"lineNumber":10,"author":{"gitId":"jay9645"},"content":"    @Override"},{"lineNumber":11,"author":{"gitId":"jay9645"},"content":"    public Event setDone() {"},{"lineNumber":12,"author":{"gitId":"jay9645"},"content":"        Event doneTask \u003d new Event(this.name, this.at);"},{"lineNumber":13,"author":{"gitId":"jay9645"},"content":"        doneTask.isDone \u003d true;"},{"lineNumber":14,"author":{"gitId":"jay9645"},"content":"        return doneTask;"},{"lineNumber":15,"author":{"gitId":"jay9645"},"content":"    }"},{"lineNumber":16,"author":{"gitId":"jay9645"},"content":""},{"lineNumber":17,"author":{"gitId":"jay9645"},"content":"    @Override"},{"lineNumber":18,"author":{"gitId":"jay9645"},"content":"    public String getSaveText() {"},{"lineNumber":19,"author":{"gitId":"jay9645"},"content":"        return \"E | \" + super.getSaveText() + \" /at \" + this.at;"},{"lineNumber":20,"author":{"gitId":"jay9645"},"content":"    }"},{"lineNumber":21,"author":{"gitId":"jay9645"},"content":""},{"lineNumber":22,"author":{"gitId":"jay9645"},"content":"    @Override"},{"lineNumber":23,"author":{"gitId":"jay9645"},"content":"    public String toString() {"},{"lineNumber":24,"author":{"gitId":"jay9645"},"content":"        return \"[E]\" + super.toString() + \" (at: \" + this.at + \")\";"},{"lineNumber":25,"author":{"gitId":"jay9645"},"content":"    }"},{"lineNumber":26,"author":{"gitId":"jay9645"},"content":""},{"lineNumber":27,"author":{"gitId":"jay9645"},"content":"}"}],"authorContributionMap":{"jay9645":27}},{"path":"src/main/java/Main.java","fileType":"java","lines":[{"lineNumber":1,"author":{"gitId":"jay9645"},"content":"public class Main {"},{"lineNumber":2,"author":{"gitId":"jay9645"},"content":"    public static void main(String[] args) {"},{"lineNumber":3,"author":{"gitId":"jay9645"},"content":"        Seashell seashell \u003d new Seashell();"},{"lineNumber":4,"author":{"gitId":"jay9645"},"content":"        seashell.start();"},{"lineNumber":5,"author":{"gitId":"jay9645"},"content":"    }"},{"lineNumber":6,"author":{"gitId":"jay9645"},"content":"}"}],"authorContributionMap":{"jay9645":6}},{"path":"src/main/java/SaveHandler.java","fileType":"java","lines":[{"lineNumber":1,"author":{"gitId":"jay9645"},"content":"import java.io.File;"},{"lineNumber":2,"author":{"gitId":"jay9645"},"content":"import java.io.FileWriter;"},{"lineNumber":3,"author":{"gitId":"jay9645"},"content":"import java.io.IOException;"},{"lineNumber":4,"author":{"gitId":"jay9645"},"content":"import java.util.ArrayList;"},{"lineNumber":5,"author":{"gitId":"jay9645"},"content":"import java.util.Scanner;"},{"lineNumber":6,"author":{"gitId":"jay9645"},"content":""},{"lineNumber":7,"author":{"gitId":"jay9645"},"content":"public class SaveHandler {"},{"lineNumber":8,"author":{"gitId":"jay9645"},"content":"    public static final String DIR_PATH \u003d \"data\";"},{"lineNumber":9,"author":{"gitId":"jay9645"},"content":"    public static final String FILE_PATH \u003d DIR_PATH + \"/saveFile.txt\";"},{"lineNumber":10,"author":{"gitId":"jay9645"},"content":""},{"lineNumber":11,"author":{"gitId":"jay9645"},"content":"    /**"},{"lineNumber":12,"author":{"gitId":"jay9645"},"content":"     * If"},{"lineNumber":13,"author":{"gitId":"jay9645"},"content":"     * @return"},{"lineNumber":14,"author":{"gitId":"jay9645"},"content":"     */"},{"lineNumber":15,"author":{"gitId":"jay9645"},"content":"    public ArrayList\u003cTask\u003e loadSave() {"},{"lineNumber":16,"author":{"gitId":"jay9645"},"content":"        try {"},{"lineNumber":17,"author":{"gitId":"jay9645"},"content":"            if (!this.isDirExist()) {"},{"lineNumber":18,"author":{"gitId":"jay9645"},"content":"                File dir \u003d new File(DIR_PATH);"},{"lineNumber":19,"author":{"gitId":"jay9645"},"content":"                dir.mkdir();"},{"lineNumber":20,"author":{"gitId":"jay9645"},"content":"                File saveFile \u003d new File(FILE_PATH);"},{"lineNumber":21,"author":{"gitId":"jay9645"},"content":"                saveFile.createNewFile();"},{"lineNumber":22,"author":{"gitId":"jay9645"},"content":"                return new ArrayList\u003c\u003e();"},{"lineNumber":23,"author":{"gitId":"jay9645"},"content":"            } else { // dir exists already"},{"lineNumber":24,"author":{"gitId":"jay9645"},"content":"                File saveFile \u003d new File(FILE_PATH);"},{"lineNumber":25,"author":{"gitId":"jay9645"},"content":"                if (saveFile.createNewFile()) { // file doesn\u0027t exist yet -\u003e create new file"},{"lineNumber":26,"author":{"gitId":"jay9645"},"content":"                    System.out.println(\"Save file was not found, new file created: \" + saveFile.getName());"},{"lineNumber":27,"author":{"gitId":"jay9645"},"content":"                    return new ArrayList\u003c\u003e();"},{"lineNumber":28,"author":{"gitId":"jay9645"},"content":"                } else {"},{"lineNumber":29,"author":{"gitId":"jay9645"},"content":"                    System.out.println(\"Existing file loaded\");"},{"lineNumber":30,"author":{"gitId":"jay9645"},"content":"                    Scanner sc \u003d new Scanner(saveFile);"},{"lineNumber":31,"author":{"gitId":"jay9645"},"content":"                    ArrayList\u003cTask\u003e loadedTaskList \u003d new ArrayList\u003c\u003e();"},{"lineNumber":32,"author":{"gitId":"jay9645"},"content":"                    while (sc.hasNextLine()) {"},{"lineNumber":33,"author":{"gitId":"jay9645"},"content":"                        String currentTask \u003d sc.nextLine();"},{"lineNumber":34,"author":{"gitId":"jay9645"},"content":"                        if (!currentTask.equals(\"\")) {"},{"lineNumber":35,"author":{"gitId":"jay9645"},"content":"                            loadedTaskList.add(textToTask(currentTask));"},{"lineNumber":36,"author":{"gitId":"jay9645"},"content":"                        }"},{"lineNumber":37,"author":{"gitId":"jay9645"},"content":"                    }"},{"lineNumber":38,"author":{"gitId":"jay9645"},"content":"                    sc.close();"},{"lineNumber":39,"author":{"gitId":"jay9645"},"content":"                    return loadedTaskList;"},{"lineNumber":40,"author":{"gitId":"jay9645"},"content":"                }"},{"lineNumber":41,"author":{"gitId":"jay9645"},"content":"            }"},{"lineNumber":42,"author":{"gitId":"jay9645"},"content":"        } catch (IOException e) {"},{"lineNumber":43,"author":{"gitId":"jay9645"},"content":"            System.out.println(\"An error occurred while trying to open save file, tasks cannot be saved\");"},{"lineNumber":44,"author":{"gitId":"jay9645"},"content":"            e.printStackTrace();"},{"lineNumber":45,"author":{"gitId":"jay9645"},"content":"            return new ArrayList\u003c\u003e();"},{"lineNumber":46,"author":{"gitId":"jay9645"},"content":"        }"},{"lineNumber":47,"author":{"gitId":"jay9645"},"content":"    }"},{"lineNumber":48,"author":{"gitId":"jay9645"},"content":""},{"lineNumber":49,"author":{"gitId":"jay9645"},"content":"    public void addTaskToSaveFile(Task task) {"},{"lineNumber":50,"author":{"gitId":"jay9645"},"content":"        try {"},{"lineNumber":51,"author":{"gitId":"jay9645"},"content":"            FileWriter fileWriter \u003d new FileWriter(FILE_PATH, true);"},{"lineNumber":52,"author":{"gitId":"jay9645"},"content":"            fileWriter.write(task.getSaveText() + \"\\n\");"},{"lineNumber":53,"author":{"gitId":"jay9645"},"content":"            fileWriter.close();"},{"lineNumber":54,"author":{"gitId":"jay9645"},"content":"        } catch (IOException e) {"},{"lineNumber":55,"author":{"gitId":"jay9645"},"content":"            System.out.println(\"Error while trying to write to save file\");"},{"lineNumber":56,"author":{"gitId":"jay9645"},"content":"            e.printStackTrace();"},{"lineNumber":57,"author":{"gitId":"jay9645"},"content":"        }"},{"lineNumber":58,"author":{"gitId":"jay9645"},"content":"    }"},{"lineNumber":59,"author":{"gitId":"jay9645"},"content":""},{"lineNumber":60,"author":{"gitId":"jay9645"},"content":"    public void updateSaveFile(ArrayList\u003cTask\u003e taskList) {"},{"lineNumber":61,"author":{"gitId":"jay9645"},"content":"        try {"},{"lineNumber":62,"author":{"gitId":"jay9645"},"content":"            clearSaveFile();"},{"lineNumber":63,"author":{"gitId":"jay9645"},"content":"            FileWriter fileWriter \u003d new FileWriter(FILE_PATH, true);"},{"lineNumber":64,"author":{"gitId":"jay9645"},"content":"            for (Task t : taskList) {"},{"lineNumber":65,"author":{"gitId":"jay9645"},"content":"                fileWriter.write(t.getSaveText() + \"\\n\");"},{"lineNumber":66,"author":{"gitId":"jay9645"},"content":"            }"},{"lineNumber":67,"author":{"gitId":"jay9645"},"content":"            fileWriter.close();"},{"lineNumber":68,"author":{"gitId":"jay9645"},"content":"        } catch (IOException e) {"},{"lineNumber":69,"author":{"gitId":"jay9645"},"content":"            System.out.println(\"Error while trying to write to save file\");"},{"lineNumber":70,"author":{"gitId":"jay9645"},"content":"            e.printStackTrace();"},{"lineNumber":71,"author":{"gitId":"jay9645"},"content":"        }"},{"lineNumber":72,"author":{"gitId":"jay9645"},"content":"    }"},{"lineNumber":73,"author":{"gitId":"jay9645"},"content":""},{"lineNumber":74,"author":{"gitId":"jay9645"},"content":"    public void clearSaveFile() {"},{"lineNumber":75,"author":{"gitId":"jay9645"},"content":"        try {"},{"lineNumber":76,"author":{"gitId":"jay9645"},"content":"            FileWriter fileEraser \u003d new FileWriter(FILE_PATH);"},{"lineNumber":77,"author":{"gitId":"jay9645"},"content":"            fileEraser.write(\"\");"},{"lineNumber":78,"author":{"gitId":"jay9645"},"content":"            fileEraser.close();"},{"lineNumber":79,"author":{"gitId":"jay9645"},"content":"        } catch (IOException e) {"},{"lineNumber":80,"author":{"gitId":"jay9645"},"content":"            e.printStackTrace();"},{"lineNumber":81,"author":{"gitId":"jay9645"},"content":"        }"},{"lineNumber":82,"author":{"gitId":"jay9645"},"content":"    }"},{"lineNumber":83,"author":{"gitId":"jay9645"},"content":""},{"lineNumber":84,"author":{"gitId":"jay9645"},"content":"    private Task textToTask(String saveText) {"},{"lineNumber":85,"author":{"gitId":"jay9645"},"content":"        if (saveText.startsWith(\"T | \")) {"},{"lineNumber":86,"author":{"gitId":"jay9645"},"content":"            String taskName \u003d saveText.substring(8);"},{"lineNumber":87,"author":{"gitId":"jay9645"},"content":"            Todo todoTask \u003d new Todo(taskName);"},{"lineNumber":88,"author":{"gitId":"jay9645"},"content":"            if (saveText.substring(4, 5).equals(\"1\")) {"},{"lineNumber":89,"author":{"gitId":"jay9645"},"content":"                todoTask \u003d todoTask.setDone();"},{"lineNumber":90,"author":{"gitId":"jay9645"},"content":"            }"},{"lineNumber":91,"author":{"gitId":"jay9645"},"content":"            return todoTask;"},{"lineNumber":92,"author":{"gitId":"jay9645"},"content":"        } else if (saveText.startsWith(\"D | \")) {"},{"lineNumber":93,"author":{"gitId":"jay9645"},"content":"            int nameEndIndex \u003d saveText.indexOf(\"/by \") - 1;"},{"lineNumber":94,"author":{"gitId":"jay9645"},"content":"            String taskName \u003d saveText.substring(8, nameEndIndex);"},{"lineNumber":95,"author":{"gitId":"jay9645"},"content":"            String by \u003d saveText.substring(nameEndIndex + 5);"},{"lineNumber":96,"author":{"gitId":"jay9645"},"content":"            Deadline deadlineTask \u003d new Deadline(taskName, by);"},{"lineNumber":97,"author":{"gitId":"jay9645"},"content":"            if (saveText.substring(4, 5).equals(\"1\")) {"},{"lineNumber":98,"author":{"gitId":"jay9645"},"content":"                deadlineTask \u003d deadlineTask.setDone();"},{"lineNumber":99,"author":{"gitId":"jay9645"},"content":"            }"},{"lineNumber":100,"author":{"gitId":"jay9645"},"content":"            return deadlineTask;"},{"lineNumber":101,"author":{"gitId":"jay9645"},"content":"        } else {"},{"lineNumber":102,"author":{"gitId":"jay9645"},"content":"            int nameEndIndex \u003d saveText.indexOf(\"/at \") - 1;"},{"lineNumber":103,"author":{"gitId":"jay9645"},"content":"            String taskName \u003d saveText.substring(8, nameEndIndex);"},{"lineNumber":104,"author":{"gitId":"jay9645"},"content":"            String at \u003d saveText.substring(nameEndIndex + 5);"},{"lineNumber":105,"author":{"gitId":"jay9645"},"content":"            Event eventTask \u003d new Event(taskName, at);"},{"lineNumber":106,"author":{"gitId":"jay9645"},"content":"            if (saveText.substring(4, 5).equals(\"1\")) {"},{"lineNumber":107,"author":{"gitId":"jay9645"},"content":"                eventTask \u003d eventTask.setDone();"},{"lineNumber":108,"author":{"gitId":"jay9645"},"content":"            }"},{"lineNumber":109,"author":{"gitId":"jay9645"},"content":"            return eventTask;"},{"lineNumber":110,"author":{"gitId":"jay9645"},"content":"        }"},{"lineNumber":111,"author":{"gitId":"jay9645"},"content":"    }"},{"lineNumber":112,"author":{"gitId":"jay9645"},"content":""},{"lineNumber":113,"author":{"gitId":"jay9645"},"content":"    /**"},{"lineNumber":114,"author":{"gitId":"jay9645"},"content":"     * If data directory exists, return false. Else if data directory does not exist, create new data directory and"},{"lineNumber":115,"author":{"gitId":"jay9645"},"content":"     * return true"},{"lineNumber":116,"author":{"gitId":"jay9645"},"content":"     * @return false if data directory exists and true if directory does not exist"},{"lineNumber":117,"author":{"gitId":"jay9645"},"content":"     */"},{"lineNumber":118,"author":{"gitId":"jay9645"},"content":"    private boolean isDirExist() {"},{"lineNumber":119,"author":{"gitId":"jay9645"},"content":"        File dir \u003d new File(DIR_PATH);"},{"lineNumber":120,"author":{"gitId":"jay9645"},"content":"        return dir.isDirectory();"},{"lineNumber":121,"author":{"gitId":"jay9645"},"content":"    }"},{"lineNumber":122,"author":{"gitId":"jay9645"},"content":"}"}],"authorContributionMap":{"jay9645":122}},{"path":"src/main/java/Seashell.java","fileType":"java","lines":[{"lineNumber":1,"author":{"gitId":"jay9645"},"content":"import java.util.ArrayList;"},{"lineNumber":2,"author":{"gitId":"jay9645"},"content":"import java.util.Scanner;"},{"lineNumber":3,"author":{"gitId":"jay9645"},"content":""},{"lineNumber":4,"author":{"gitId":"jay9645"},"content":"public class Seashell {"},{"lineNumber":5,"author":{"gitId":"jay9645"},"content":""},{"lineNumber":6,"author":{"gitId":"jay9645"},"content":"    private ArrayList\u003cTask\u003e taskList;"},{"lineNumber":7,"author":{"gitId":"jay9645"},"content":"    private final static String HELP_TEXT \u003d \"\"\""},{"lineNumber":8,"author":{"gitId":"jay9645"},"content":"            Welcome to Seashells! You can start by trying out some of these commands"},{"lineNumber":9,"author":{"gitId":"jay9645"},"content":"            "},{"lineNumber":10,"author":{"gitId":"jay9645"},"content":"            todo \u003ctask name\u003e - add a todo task"},{"lineNumber":11,"author":{"gitId":"jay9645"},"content":"            deadline \u003ctask name\u003e /by \u003cdatetime\u003e - add a deadline task"},{"lineNumber":12,"author":{"gitId":"jay9645"},"content":"            event \u003ctask name\u003e /at \u003cdatetime\u003e - add an event task"},{"lineNumber":13,"author":{"gitId":"jay9645"},"content":"            done \u003ctask index\u003e - mark the task at the specified index as done"},{"lineNumber":14,"author":{"gitId":"jay9645"},"content":"            delete \u003ctask index\u003e - remove the task at the specified index from the list"},{"lineNumber":15,"author":{"gitId":"jay9645"},"content":"            bye - exits the program\"\"\";"},{"lineNumber":16,"author":{"gitId":"jay9645"},"content":"    private final SaveHandler saveHandler;"},{"lineNumber":17,"author":{"gitId":"jay9645"},"content":""},{"lineNumber":18,"author":{"gitId":"jay9645"},"content":"    public Seashell() {"},{"lineNumber":19,"author":{"gitId":"jay9645"},"content":"        this.saveHandler \u003d new SaveHandler();"},{"lineNumber":20,"author":{"gitId":"jay9645"},"content":"        this.taskList \u003d this.saveHandler.loadSave();"},{"lineNumber":21,"author":{"gitId":"jay9645"},"content":"    }"},{"lineNumber":22,"author":{"gitId":"jay9645"},"content":""},{"lineNumber":23,"author":{"gitId":"jay9645"},"content":"    public void start() {"},{"lineNumber":24,"author":{"gitId":"jay9645"},"content":"        System.out.println(\"Hello I\u0027m Seashell, a task manager! What can I do for you? Type \\\"help\\\" for more \" +"},{"lineNumber":25,"author":{"gitId":"jay9645"},"content":"                \"information on the commands you can give me!\");"},{"lineNumber":26,"author":{"gitId":"jay9645"},"content":"        Scanner sc \u003d new Scanner(System.in);"},{"lineNumber":27,"author":{"gitId":"jay9645"},"content":"        while (true) {"},{"lineNumber":28,"author":{"gitId":"jay9645"},"content":"            String command \u003d sc.nextLine();"},{"lineNumber":29,"author":{"gitId":"jay9645"},"content":"            try {"},{"lineNumber":30,"author":{"gitId":"jay9645"},"content":"                if (command.equals(\"bye\")) {"},{"lineNumber":31,"author":{"gitId":"jay9645"},"content":"                    System.out.println(\"Bye. Hope to see you again soon!\");"},{"lineNumber":32,"author":{"gitId":"jay9645"},"content":"                    break;"},{"lineNumber":33,"author":{"gitId":"jay9645"},"content":"                } else if (command.stripTrailing().equals(\"list\")) {"},{"lineNumber":34,"author":{"gitId":"jay9645"},"content":"                    listTasks(taskList);"},{"lineNumber":35,"author":{"gitId":"jay9645"},"content":"                } else if (command.startsWith(\"done \")) {"},{"lineNumber":36,"author":{"gitId":"jay9645"},"content":"                    done(command, taskList);"},{"lineNumber":37,"author":{"gitId":"jay9645"},"content":"                } else if (command.startsWith(\"delete \")) {"},{"lineNumber":38,"author":{"gitId":"jay9645"},"content":"                    delete(command, taskList);"},{"lineNumber":39,"author":{"gitId":"jay9645"},"content":"                } else if (command.startsWith(\"todo\")) {"},{"lineNumber":40,"author":{"gitId":"jay9645"},"content":"                    createTodo(command, taskList);"},{"lineNumber":41,"author":{"gitId":"jay9645"},"content":"                } else if (command.startsWith(\"deadline\")) {"},{"lineNumber":42,"author":{"gitId":"jay9645"},"content":"                    createDeadline(command, taskList);"},{"lineNumber":43,"author":{"gitId":"jay9645"},"content":"                } else if (command.startsWith(\"event\")) {"},{"lineNumber":44,"author":{"gitId":"jay9645"},"content":"                    createEvent(command, taskList);"},{"lineNumber":45,"author":{"gitId":"jay9645"},"content":"                } else if (command.stripTrailing().equals(\"help\")) {"},{"lineNumber":46,"author":{"gitId":"jay9645"},"content":"                    System.out.println(HELP_TEXT);"},{"lineNumber":47,"author":{"gitId":"jay9645"},"content":"                } else {"},{"lineNumber":48,"author":{"gitId":"jay9645"},"content":"                    throw new SeashellException(\"OOPS!!! I\u0027m sorry, but I don\u0027t know what that means :-(\");"},{"lineNumber":49,"author":{"gitId":"jay9645"},"content":"                }"},{"lineNumber":50,"author":{"gitId":"jay9645"},"content":"            } catch (SeashellException e) {"},{"lineNumber":51,"author":{"gitId":"jay9645"},"content":"                System.out.println(e);"},{"lineNumber":52,"author":{"gitId":"jay9645"},"content":"            }"},{"lineNumber":53,"author":{"gitId":"jay9645"},"content":"        }"},{"lineNumber":54,"author":{"gitId":"jay9645"},"content":"    }"},{"lineNumber":55,"author":{"gitId":"jay9645"},"content":""},{"lineNumber":56,"author":{"gitId":"jay9645"},"content":"    private void listTasks(ArrayList\u003cTask\u003e taskList) throws SeashellException {"},{"lineNumber":57,"author":{"gitId":"jay9645"},"content":"        if (taskList.isEmpty()) {"},{"lineNumber":58,"author":{"gitId":"jay9645"},"content":"            throw new SeashellException(\"OOPS!!! Task list is currently still empty!\");"},{"lineNumber":59,"author":{"gitId":"jay9645"},"content":"        } else {"},{"lineNumber":60,"author":{"gitId":"jay9645"},"content":"            for (int i \u003d 1; i \u003c\u003d taskList.size(); i++) {"},{"lineNumber":61,"author":{"gitId":"jay9645"},"content":"                Task t \u003d taskList.get(i - 1);"},{"lineNumber":62,"author":{"gitId":"jay9645"},"content":"                System.out.println(i + \". \" + t);"},{"lineNumber":63,"author":{"gitId":"jay9645"},"content":"            }"},{"lineNumber":64,"author":{"gitId":"jay9645"},"content":"        }"},{"lineNumber":65,"author":{"gitId":"jay9645"},"content":"    }"},{"lineNumber":66,"author":{"gitId":"jay9645"},"content":""},{"lineNumber":67,"author":{"gitId":"jay9645"},"content":"    private void done(String command, ArrayList\u003cTask\u003e taskList) throws SeashellException {"},{"lineNumber":68,"author":{"gitId":"jay9645"},"content":"        String num \u003d command.substring(5);"},{"lineNumber":69,"author":{"gitId":"jay9645"},"content":"        int taskNum \u003d Integer.parseInt(num);"},{"lineNumber":70,"author":{"gitId":"jay9645"},"content":"        if (taskList.size() \u003c taskNum) {"},{"lineNumber":71,"author":{"gitId":"jay9645"},"content":"            throw new SeashellException(\"OOPS!!! Task does not exist!\");"},{"lineNumber":72,"author":{"gitId":"jay9645"},"content":"        } else {"},{"lineNumber":73,"author":{"gitId":"jay9645"},"content":"            Task updated \u003d taskList.get(taskNum - 1).setDone();"},{"lineNumber":74,"author":{"gitId":"jay9645"},"content":"            taskList.set(taskNum - 1, updated);"},{"lineNumber":75,"author":{"gitId":"jay9645"},"content":"            System.out.println(\"Nice! I\u0027ve marked this task as done: \\n\" + updated);"},{"lineNumber":76,"author":{"gitId":"jay9645"},"content":"        }"},{"lineNumber":77,"author":{"gitId":"jay9645"},"content":"        this.saveHandler.updateSaveFile(this.taskList);"},{"lineNumber":78,"author":{"gitId":"jay9645"},"content":"    }"},{"lineNumber":79,"author":{"gitId":"jay9645"},"content":""},{"lineNumber":80,"author":{"gitId":"jay9645"},"content":"    private void delete(String command, ArrayList\u003cTask\u003e taskList) throws SeashellException {"},{"lineNumber":81,"author":{"gitId":"jay9645"},"content":"        String num \u003d command.substring(7);"},{"lineNumber":82,"author":{"gitId":"jay9645"},"content":"        int taskNum \u003d Integer.parseInt(num);"},{"lineNumber":83,"author":{"gitId":"jay9645"},"content":"        if (taskList.size() \u003c taskNum) {"},{"lineNumber":84,"author":{"gitId":"jay9645"},"content":"            throw new SeashellException(\"OOPS!!! Task does not exist!\");"},{"lineNumber":85,"author":{"gitId":"jay9645"},"content":"        } else {"},{"lineNumber":86,"author":{"gitId":"jay9645"},"content":"            Task toRemove \u003d taskList.remove(taskNum - 1);"},{"lineNumber":87,"author":{"gitId":"jay9645"},"content":"            System.out.println(\"Noted. I have removed \" + toRemove);"},{"lineNumber":88,"author":{"gitId":"jay9645"},"content":"            System.out.println(\"You now have \" + taskList.size() + \" items in the task list\");"},{"lineNumber":89,"author":{"gitId":"jay9645"},"content":"        }"},{"lineNumber":90,"author":{"gitId":"jay9645"},"content":"        this.saveHandler.updateSaveFile(this.taskList);"},{"lineNumber":91,"author":{"gitId":"jay9645"},"content":"    }"},{"lineNumber":92,"author":{"gitId":"jay9645"},"content":""},{"lineNumber":93,"author":{"gitId":"jay9645"},"content":"    private void createTodo(String command, ArrayList\u003cTask\u003e taskList) throws SeashellException {"},{"lineNumber":94,"author":{"gitId":"jay9645"},"content":"        String taskName \u003d command.substring(4).stripLeading();"},{"lineNumber":95,"author":{"gitId":"jay9645"},"content":"        if (taskName.equals(\"\")) {"},{"lineNumber":96,"author":{"gitId":"jay9645"},"content":"            throw new SeashellException(\"OOPS!!! The description of a task cannot be empty.\");"},{"lineNumber":97,"author":{"gitId":"jay9645"},"content":"        } else {"},{"lineNumber":98,"author":{"gitId":"jay9645"},"content":"            Todo newTask \u003d new Todo(taskName);"},{"lineNumber":99,"author":{"gitId":"jay9645"},"content":"            taskList.add(newTask);"},{"lineNumber":100,"author":{"gitId":"jay9645"},"content":"            System.out.println(\"Added \" + newTask + \" to the task list!\");"},{"lineNumber":101,"author":{"gitId":"jay9645"},"content":"            System.out.println(\"You now have \" + taskList.size() + \" items in the task list\");"},{"lineNumber":102,"author":{"gitId":"jay9645"},"content":"            this.saveHandler.addTaskToSaveFile(newTask);"},{"lineNumber":103,"author":{"gitId":"jay9645"},"content":"        }"},{"lineNumber":104,"author":{"gitId":"jay9645"},"content":"    }"},{"lineNumber":105,"author":{"gitId":"jay9645"},"content":""},{"lineNumber":106,"author":{"gitId":"jay9645"},"content":"    private void createDeadline(String command, ArrayList\u003cTask\u003e taskList) throws SeashellException {"},{"lineNumber":107,"author":{"gitId":"jay9645"},"content":"        String taskName \u003d command.substring(8).stripLeading();"},{"lineNumber":108,"author":{"gitId":"jay9645"},"content":"        if (taskName.equals(\"\")) {"},{"lineNumber":109,"author":{"gitId":"jay9645"},"content":"            throw new SeashellException(\"OOPS!!! The description of a task cannot be empty.\");"},{"lineNumber":110,"author":{"gitId":"jay9645"},"content":"        } else if (command.indexOf(\"/by\") \u003d\u003d -1) {"},{"lineNumber":111,"author":{"gitId":"jay9645"},"content":"            throw new SeashellException(\"OOPS!!! The syntax of adding a deadline should be [name] /by [date/time]\");"},{"lineNumber":112,"author":{"gitId":"jay9645"},"content":"        } else {"},{"lineNumber":113,"author":{"gitId":"jay9645"},"content":"            taskName \u003d command.substring(8, command.indexOf(\"/by\") - 1).stripLeading();"},{"lineNumber":114,"author":{"gitId":"jay9645"},"content":"            String by \u003d command.substring(command.indexOf(\"/by\") + 4);"},{"lineNumber":115,"author":{"gitId":"jay9645"},"content":"            Deadline newTask \u003d new Deadline(taskName, by);"},{"lineNumber":116,"author":{"gitId":"jay9645"},"content":"            taskList.add(newTask);"},{"lineNumber":117,"author":{"gitId":"jay9645"},"content":"            System.out.println(\"Added \" + newTask + \" to the task list!\");"},{"lineNumber":118,"author":{"gitId":"jay9645"},"content":"            System.out.println(\"You now have \" + taskList.size() + \" items in the task list\");"},{"lineNumber":119,"author":{"gitId":"jay9645"},"content":"            this.saveHandler.addTaskToSaveFile(newTask);"},{"lineNumber":120,"author":{"gitId":"jay9645"},"content":"        }"},{"lineNumber":121,"author":{"gitId":"jay9645"},"content":"    }"},{"lineNumber":122,"author":{"gitId":"jay9645"},"content":""},{"lineNumber":123,"author":{"gitId":"jay9645"},"content":"    private void createEvent(String command, ArrayList\u003cTask\u003e taskList) throws SeashellException {"},{"lineNumber":124,"author":{"gitId":"jay9645"},"content":"        String taskName \u003d command.substring(5).stripLeading();"},{"lineNumber":125,"author":{"gitId":"jay9645"},"content":"        if (taskName.equals(\"\")) {"},{"lineNumber":126,"author":{"gitId":"jay9645"},"content":"            throw new SeashellException(\"OOPS!!! The description of a task cannot be empty.\");"},{"lineNumber":127,"author":{"gitId":"jay9645"},"content":"        } else if (command.indexOf(\"/at\") \u003d\u003d -1) {"},{"lineNumber":128,"author":{"gitId":"jay9645"},"content":"            throw new SeashellException(\"OOPS!!! The syntax of adding an event should be [name] /at [date/time]\");"},{"lineNumber":129,"author":{"gitId":"jay9645"},"content":"        } else {"},{"lineNumber":130,"author":{"gitId":"jay9645"},"content":"            taskName \u003d command.substring(5, command.indexOf(\"/at\") - 1).stripLeading();"},{"lineNumber":131,"author":{"gitId":"jay9645"},"content":"            String at \u003d command.substring(command.indexOf(\"/at\") + 4);"},{"lineNumber":132,"author":{"gitId":"jay9645"},"content":"            Event newTask \u003d new Event(taskName, at);"},{"lineNumber":133,"author":{"gitId":"jay9645"},"content":"            taskList.add(newTask);"},{"lineNumber":134,"author":{"gitId":"jay9645"},"content":"            System.out.println(\"Added \" + newTask + \" to the task list!\");"},{"lineNumber":135,"author":{"gitId":"jay9645"},"content":"            System.out.println(\"You now have \" + taskList.size() + \" items in the task list\");"},{"lineNumber":136,"author":{"gitId":"jay9645"},"content":"            this.saveHandler.addTaskToSaveFile(newTask);"},{"lineNumber":137,"author":{"gitId":"jay9645"},"content":"        }"},{"lineNumber":138,"author":{"gitId":"jay9645"},"content":"    }"},{"lineNumber":139,"author":{"gitId":"jay9645"},"content":"}"}],"authorContributionMap":{"jay9645":139}},{"path":"src/main/java/SeashellException.java","fileType":"java","lines":[{"lineNumber":1,"author":{"gitId":"jay9645"},"content":"public class SeashellException extends Exception {"},{"lineNumber":2,"author":{"gitId":"jay9645"},"content":"    SeashellException(String errorMessage){"},{"lineNumber":3,"author":{"gitId":"jay9645"},"content":"        super(errorMessage);"},{"lineNumber":4,"author":{"gitId":"jay9645"},"content":"    }"},{"lineNumber":5,"author":{"gitId":"jay9645"},"content":"}"}],"authorContributionMap":{"jay9645":5}},{"path":"src/main/java/Task.java","fileType":"java","lines":[{"lineNumber":1,"author":{"gitId":"jay9645"},"content":"public class Task {"},{"lineNumber":2,"author":{"gitId":"jay9645"},"content":"    public boolean isDone;"},{"lineNumber":3,"author":{"gitId":"jay9645"},"content":"    public String name;"},{"lineNumber":4,"author":{"gitId":"jay9645"},"content":""},{"lineNumber":5,"author":{"gitId":"jay9645"},"content":"    // constructor"},{"lineNumber":6,"author":{"gitId":"jay9645"},"content":"    public Task(String name) {"},{"lineNumber":7,"author":{"gitId":"jay9645"},"content":"        this.name \u003d name;"},{"lineNumber":8,"author":{"gitId":"jay9645"},"content":"        this.isDone \u003d false;"},{"lineNumber":9,"author":{"gitId":"jay9645"},"content":"    }"},{"lineNumber":10,"author":{"gitId":"jay9645"},"content":""},{"lineNumber":11,"author":{"gitId":"jay9645"},"content":"    public Task setDone() {"},{"lineNumber":12,"author":{"gitId":"jay9645"},"content":"        Task doneTask \u003d new Task(this.name);"},{"lineNumber":13,"author":{"gitId":"jay9645"},"content":"        doneTask.isDone \u003d true;"},{"lineNumber":14,"author":{"gitId":"jay9645"},"content":"        return doneTask;"},{"lineNumber":15,"author":{"gitId":"jay9645"},"content":"    }"},{"lineNumber":16,"author":{"gitId":"jay9645"},"content":""},{"lineNumber":17,"author":{"gitId":"jay9645"},"content":"    public String getSaveText() {"},{"lineNumber":18,"author":{"gitId":"jay9645"},"content":"        StringBuilder sb \u003d new StringBuilder();"},{"lineNumber":19,"author":{"gitId":"jay9645"},"content":"        if (this.isDone) {"},{"lineNumber":20,"author":{"gitId":"jay9645"},"content":"            sb.append(\"1 | \");"},{"lineNumber":21,"author":{"gitId":"jay9645"},"content":"        } else {"},{"lineNumber":22,"author":{"gitId":"jay9645"},"content":"            sb.append(\"0 | \");"},{"lineNumber":23,"author":{"gitId":"jay9645"},"content":"        }"},{"lineNumber":24,"author":{"gitId":"jay9645"},"content":"        sb.append(this.name);"},{"lineNumber":25,"author":{"gitId":"jay9645"},"content":"        return sb.toString();"},{"lineNumber":26,"author":{"gitId":"jay9645"},"content":"    }"},{"lineNumber":27,"author":{"gitId":"jay9645"},"content":""},{"lineNumber":28,"author":{"gitId":"jay9645"},"content":"    public String getStatusIcon() {"},{"lineNumber":29,"author":{"gitId":"jay9645"},"content":"        return (this.isDone ? \"\\u2713\" : \"\\u2718\"); //return tick or X symbols"},{"lineNumber":30,"author":{"gitId":"jay9645"},"content":"    }"},{"lineNumber":31,"author":{"gitId":"jay9645"},"content":""},{"lineNumber":32,"author":{"gitId":"jay9645"},"content":"    @Override"},{"lineNumber":33,"author":{"gitId":"jay9645"},"content":"    public String toString() {"},{"lineNumber":34,"author":{"gitId":"jay9645"},"content":"        return \"[\" + this.getStatusIcon() + \"] \" + this.name;"},{"lineNumber":35,"author":{"gitId":"jay9645"},"content":"    }"},{"lineNumber":36,"author":{"gitId":"jay9645"},"content":"}"}],"authorContributionMap":{"jay9645":36}},{"path":"src/main/java/Todo.java","fileType":"java","lines":[{"lineNumber":1,"author":{"gitId":"jay9645"},"content":"public class Todo extends Task {"},{"lineNumber":2,"author":{"gitId":"jay9645"},"content":""},{"lineNumber":3,"author":{"gitId":"jay9645"},"content":"    public Todo(String name) {"},{"lineNumber":4,"author":{"gitId":"jay9645"},"content":"        super(name);"},{"lineNumber":5,"author":{"gitId":"jay9645"},"content":"    }"},{"lineNumber":6,"author":{"gitId":"jay9645"},"content":""},{"lineNumber":7,"author":{"gitId":"jay9645"},"content":"    @Override"},{"lineNumber":8,"author":{"gitId":"jay9645"},"content":"    public Todo setDone() {"},{"lineNumber":9,"author":{"gitId":"jay9645"},"content":"        Todo doneTask \u003d new Todo(this.name);"},{"lineNumber":10,"author":{"gitId":"jay9645"},"content":"        doneTask.isDone \u003d true;"},{"lineNumber":11,"author":{"gitId":"jay9645"},"content":"        return doneTask;"},{"lineNumber":12,"author":{"gitId":"jay9645"},"content":"    }"},{"lineNumber":13,"author":{"gitId":"jay9645"},"content":""},{"lineNumber":14,"author":{"gitId":"jay9645"},"content":"    @Override"},{"lineNumber":15,"author":{"gitId":"jay9645"},"content":"    public String getSaveText() {"},{"lineNumber":16,"author":{"gitId":"jay9645"},"content":"        return \"T | \" + super.getSaveText();"},{"lineNumber":17,"author":{"gitId":"jay9645"},"content":"    }"},{"lineNumber":18,"author":{"gitId":"jay9645"},"content":""},{"lineNumber":19,"author":{"gitId":"jay9645"},"content":"    @Override"},{"lineNumber":20,"author":{"gitId":"jay9645"},"content":"    public String toString() {"},{"lineNumber":21,"author":{"gitId":"jay9645"},"content":"        return \"[T]\" + super.toString();"},{"lineNumber":22,"author":{"gitId":"jay9645"},"content":"    }"},{"lineNumber":23,"author":{"gitId":"jay9645"},"content":"}"}],"authorContributionMap":{"jay9645":23}}]
