{"authorDailyContributionsMap":{"jay9645":[{"date":"2021-01-21","commitResults":[{"hash":"5bb2bd94683b39177bd35118af8b6f8a1f2de2c7","messageTitle":"Level 1","messageBody":"","tags":["Level-1"],"fileTypesAndContributionMap":{"java":{"insertions":17,"deletions":1}}},{"hash":"55a5dbdbd6b5b2cb010f9d120926c2d6fa26a279","messageTitle":"Level 2","messageBody":"","tags":["Level-2"],"fileTypesAndContributionMap":{"java":{"insertions":8,"deletions":1}}},{"hash":"94788662132809f782bd6ec93c30c72b1351fc59","messageTitle":"Level 3","messageBody":"","tags":["Level-3"],"fileTypesAndContributionMap":{"java":{"insertions":32,"deletions":4}}},{"hash":"50c28d919bc75ec1de5614a8904ad178ca4ce4e7","messageTitle":"Level 4","messageBody":"","tags":["Level-4"],"fileTypesAndContributionMap":{"java":{"insertions":88,"deletions":5}}},{"hash":"bd3f65f1a8433b429e8fc55698841206c4949333","messageTitle":"Level 6: delete function","messageBody":"","tags":["Level-6"],"fileTypesAndContributionMap":{"java":{"insertions":6,"deletions":0}}}]},{"date":"2021-01-22","commitResults":[{"hash":"be1bcb2177094d3495161d65b0df7ac8c3e48817","messageTitle":"Level 5: Handle Errors","messageBody":"","tags":["Level-5"],"fileTypesAndContributionMap":{"java":{"insertions":34,"deletions":18}}}]},{"date":"2021-01-26","commitResults":[{"hash":"b04dc5bd0afd6ccb82652f6b11068a3dea8523b6","messageTitle":"refactor code","messageBody":"","fileTypesAndContributionMap":{"java":{"insertions":76,"deletions":50}}},{"hash":"8989f70901e6cf800a2ff45d97b1075b4a4bffa1","messageTitle":"Added and handled more exceptions","messageBody":"","fileTypesAndContributionMap":{"java":{"insertions":121,"deletions":105}}}]},{"date":"2021-01-29","commitResults":[{"hash":"5e79ceda479a7649d70e90de2f12dd55c5688dc9","messageTitle":"Create saveFile.txt","messageBody":"","fileTypesAndContributionMap":{"txt":{"insertions":0,"deletions":0}}}]},{"date":"2021-02-02","commitResults":[{"hash":"16ee7ffcc7ca43bcf312635681fcf78f52ad030f","messageTitle":"Fix deadline and event name bugs","messageBody":"","fileTypesAndContributionMap":{"java":{"insertions":69,"deletions":51}}},{"hash":"d10e1ec412a5a909c8ff333513e215ff401c62a4","messageTitle":"Add getSaveText method to Task objects","messageBody":"","fileTypesAndContributionMap":{"java":{"insertions":26,"deletions":0}}}]},{"date":"2021-02-04","commitResults":[{"hash":"31a2f32b19eb810f6f810b09de4be8f8d36fff87","messageTitle":"Add save functionality","messageBody":"","tags":["Level-7"],"fileTypesAndContributionMap":{"txt":{"insertions":0,"deletions":0},"java":{"insertions":137,"deletions":16}}},{"hash":"c416fb3c15ad4602d1e037f047873486c6912480","messageTitle":"Add help command","messageBody":"","fileTypesAndContributionMap":{"java":{"insertions":13,"deletions":1}}},{"hash":"843d8d0eefa922392e91643c23798034ae1de524","messageTitle":"Add date to program","messageBody":"","tags":["Level-8"],"fileTypesAndContributionMap":{"txt":{"insertions":2,"deletions":0},"java":{"insertions":23,"deletions":4}}}]},{"date":"2021-02-06","commitResults":[{"hash":"8edfcc89f5804055154af4e9e72870a64c271fa4","messageTitle":"Add parser class","messageBody":"","tags":["A-MoreOOP"],"fileTypesAndContributionMap":{"txt":{"insertions":0,"deletions":1},"java":{"insertions":65,"deletions":21}}},{"hash":"1a02efa3559a8a8951c6ecc9cc5ba022194be004","messageTitle":"Create TaskList class","messageBody":"","fileTypesAndContributionMap":{"java":{"insertions":102,"deletions":0}}},{"hash":"71202b824142adb72faabefd02d23b282c2953d5","messageTitle":"Create Ui class","messageBody":"","fileTypesAndContributionMap":{"java":{"insertions":36,"deletions":107}}},{"hash":"208e3468c6a4c4f90545eb9fb581c4c4a046314d","messageTitle":"Organise classes into packages","messageBody":"","tags":["A-Packages"],"fileTypesAndContributionMap":{"java":{"insertions":40,"deletions":3}}},{"hash":"67bad0c64628b5b9e689ccae46997b6ecff38643","messageTitle":"Update TaskList.java","messageBody":"","fileTypesAndContributionMap":{"java":{"insertions":7,"deletions":0}}},{"hash":"98a5e0812782b190d836f1d69bbf9d9bac894fe8","messageTitle":"Revert \"Update TaskList.java\"","messageBody":"This reverts commit 67bad0c64628b5b9e689ccae46997b6ecff38643.\n","fileTypesAndContributionMap":{"java":{"insertions":0,"deletions":7}}},{"hash":"4af46ca1dc2af5b0b64a359a6d0f10241ed6d636","messageTitle":"Redo packages","messageBody":"","tags":["1.0"],"fileTypesAndContributionMap":{"java":{"insertions":47,"deletions":46},"bat":{"insertions":2,"deletions":2}}}]},{"date":"2021-02-07","commitResults":[{"hash":"ceee55df51a4f96040efea129976b27e03f2051c","messageTitle":"Update Ui class","messageBody":"","fileTypesAndContributionMap":{"txt":{"insertions":0,"deletions":1},"java":{"insertions":2,"deletions":4}}},{"hash":"1228075e64745fe3ceb7957e6154d2b19eb7825c","messageTitle":"Add JavaDoc comments to TaskList","messageBody":"","fileTypesAndContributionMap":{"java":{"insertions":47,"deletions":2}}},{"hash":"0570b0f1c12bc3f0a45c5a45dcda1c92f0a88d1f","messageTitle":"Add JavaDoc comments to SaveHandler","messageBody":"","fileTypesAndContributionMap":{"java":{"insertions":13,"deletions":2}}},{"hash":"4de867bfdaafd155a7010dc683a8f88ef00595fb","messageTitle":"Add find command","messageBody":"","fileTypesAndContributionMap":{"txt":{"insertions":2,"deletions":0},"java":{"insertions":28,"deletions":1}}},{"hash":"c3d4f574335bf062ca750f3a157c68464e895a89","messageTitle":"Fix error messages","messageBody":"","fileTypesAndContributionMap":{"java":{"insertions":3,"deletions":3}}},{"hash":"0e6e494f2e4abd88b2a5ff4b4e03b33ed4e53854","messageTitle":"Follow coding standard","messageBody":"","tags":["A-CodingStandard"],"fileTypesAndContributionMap":{"java":{"insertions":104,"deletions":67}}},{"hash":"fcf13c92b2bb9f51d79decae2ff0146ecc8ac430","messageTitle":"Update build.gradle","messageBody":"","tags":["A-Gradle"],"fileTypesAndContributionMap":{"gradle":{"insertions":1,"deletions":1}}},{"hash":"03f4e430868fca5d787c5288fc032440cfdecdbe","messageTitle":"Add checkstyle","messageBody":"","tags":["A-CheckStyle"],"fileTypesAndContributionMap":{"sh":{"insertions":74,"deletions":0}}},{"hash":"0d4431a28e45aa2b94ab97b1ee828dddac57a81f","messageTitle":"Add GUI","messageBody":"","tags":["Level-10"],"fileTypesAndContributionMap":{"gradle":{"insertions":15,"deletions":0},"txt":{"insertions":4,"deletions":2},"java":{"insertions":747,"deletions":273},"bat":{"insertions":1,"deletions":1}}}]},{"date":"2021-02-21","commitResults":[{"hash":"400559950563e6b95c52fa3fe84fd952c7e11527","messageTitle":"Change var type","messageBody":"","fileTypesAndContributionMap":{"java":{"insertions":1,"deletions":1}}}]},{"date":"2021-02-22","commitResults":[{"hash":"cb1d5a76853ed859279be0983f6809d87e2f8b47","messageTitle":"Add welcome message","messageBody":"","fileTypesAndContributionMap":{"java":{"insertions":13,"deletions":21}}},{"hash":"3462de8555dc4f88c1e8a65f5a6119044115d89e","messageTitle":"Add Javadoc comments for GUI methods","messageBody":"","fileTypesAndContributionMap":{"java":{"insertions":24,"deletions":183}}},{"hash":"cfe16027f67493fe68d594c57e2e3409d2cac835","messageTitle":"Update exit command to close application","messageBody":"","fileTypesAndContributionMap":{"java":{"insertions":2,"deletions":5}}},{"hash":"785b478de524b240007c2209a6ce82d6f03f944f","messageTitle":"Add assertions in saveHandler","messageBody":"","fileTypesAndContributionMap":{"gradle":{"insertions":1,"deletions":0},"java":{"insertions":4,"deletions":0}}},{"hash":"f3a88de82c5697bbc31d184dc9a14b27f2ed3681","messageTitle":"Encapsulate methods in Parser class to follow SLAP","messageBody":"","fileTypesAndContributionMap":{"java":{"insertions":59,"deletions":35}}},{"hash":"082b554602619f193597fb4d4f5aa08684cfd886","messageTitle":"Update feature","messageBody":"","fileTypesAndContributionMap":{"java":{"insertions":0,"deletions":20}}},{"hash":"c9b321e876863327ba07d8db53bc13b5220a1a7b","messageTitle":"Add help feature","messageBody":"","tags":["BCD-Extension"],"fileTypesAndContributionMap":{"java":{"insertions":20,"deletions":0}}},{"hash":"24acc1b8c7c52d5863f9a7b3e368821073efe77d","messageTitle":"A-UserGuide","messageBody":"","fileTypesAndContributionMap":{"md":{"insertions":163,"deletions":0}}},{"hash":"f8ffb55776bec7825d8fe11de58f28d37a36822f","messageTitle":"Update README.md","messageBody":"","tags":["A-UserGuide"],"fileTypesAndContributionMap":{"md":{"insertions":0,"deletions":21}}},{"hash":"f251bd1a57a81081816774e7b3386911a37c79b5","messageTitle":"Improve GUI","messageBody":"","tags":["A-BetterGui","1.1"],"fileTypesAndContributionMap":{"gradle":{"insertions":2,"deletions":2},"java":{"insertions":3,"deletions":3}}}]},{"date":"2021-02-28","commitResults":[{"hash":"e9510fe53d766f012bbf4732d4058a518a8d1e6c","messageTitle":"Add introduction and quick start","messageBody":"","fileTypesAndContributionMap":{"md":{"insertions":11,"deletions":0}}},{"hash":"22cf17a2192d92bdd3b83ac234ff0a6772c5e714","messageTitle":"Update README.md","messageBody":"","fileTypesAndContributionMap":{"md":{"insertions":9,"deletions":21}}},{"hash":"361f90540703da97154138b163a2dfe6a09d573d","messageTitle":"Update README.md","messageBody":"","fileTypesAndContributionMap":{"md":{"insertions":1,"deletions":1}}}]}]},"authorFileTypeContributionMap":{"jay9645":{"java":967,"md":171,"fxml":42,"sh":74,"bat":2,"gradle":18,"txt":4}},"authorContributionVariance":{"jay9645":51105.6},"authorDisplayNameMap":{"jay9645":"CS2103T-W15-2 JASO.. TAY"}}
