{"authorDailyContributionsMap":{"wangtao0717":[{"date":"2021-01-18","commitResults":[{"hash":"2892febf1da05d2a1a2e23c86bd369939bda7886","messageTitle":"Level 1","messageBody":"","tags":["Level-1"],"fileTypesAndContributionMap":{"java":{"insertions":25,"deletions":0}}},{"hash":"263e9087dc9dd5ae5a8efd2c0c5eeb5e98e4dee8","messageTitle":"Level-2","messageBody":"","tags":["Level-2"],"fileTypesAndContributionMap":{"java":{"insertions":31,"deletions":13}}}]},{"date":"2021-01-19","commitResults":[{"hash":"aea4f2b1cdcba4fbb9eb3b3649a8e24be7f3b387","messageTitle":"Leve-3","messageBody":"","tags":["Level-3"],"fileTypesAndContributionMap":{"java":{"insertions":57,"deletions":10}}},{"hash":"9fdba01a40a94c2a8b1de7ef0d154aa188b8340a","messageTitle":"Level-4","messageBody":"","tags":["Level-4"],"fileTypesAndContributionMap":{"java":{"insertions":64,"deletions":13}}},{"hash":"17702dc0ad8a9db4ae00aa4dae792ab1f7b2f319","messageTitle":"A-TextUiTesting","messageBody":"","tags":["A-TextUiTesting"],"fileTypesAndContributionMap":{"txt":{"insertions":9,"deletions":0}}},{"hash":"24e1b5f32a130e005c921ad3841234a815d38950","messageTitle":"Level-5","messageBody":"","tags":["Level-5"],"fileTypesAndContributionMap":{"java":{"insertions":71,"deletions":7}}},{"hash":"732c28c5f19f59a19d33512508c80380ac239021","messageTitle":"Level-6","messageBody":"","tags":["Level-6"],"fileTypesAndContributionMap":{"java":{"insertions":38,"deletions":18}}}]},{"date":"2021-01-24","commitResults":[{"hash":"5ab23d3be4b8284b6a773445b839fd8714477a28","messageTitle":"Adjust the code format to meet the coding standard","messageBody":"","fileTypesAndContributionMap":{"txt":{"insertions":5,"deletions":0},"java":{"insertions":153,"deletions":155}}}]},{"date":"2021-01-25","commitResults":[{"hash":"778ecab87c2d73e733221b5960a61edcc93c95b3","messageTitle":"Realiz that process can save the tasks in the hard disk automatically","messageBody":"","tags":["Level-7"],"fileTypesAndContributionMap":{"txt":{"insertions":5,"deletions":0},"java":{"insertions":69,"deletions":2}}},{"hash":"78287650b62902cfccefd4fff0a823d0a328806c","messageTitle":"Teach Duke how to understand dates and times","messageBody":"","tags":["Level-8"],"fileTypesAndContributionMap":{"txt":{"insertions":4,"deletions":2},"java":{"insertions":79,"deletions":15}}},{"hash":"61e878cfa5190f10070c0c4fe60096f666c68927","messageTitle":"Make the code more OOP，add class Ui, Storage, Parser, TaskList","messageBody":"","tags":["A-MoreOOP"],"fileTypesAndContributionMap":{"txt":{"insertions":4,"deletions":4},"java":{"insertions":343,"deletions":241}}},{"hash":"f09987b68d9a4a9bc23d06dd559b3e74d28e2d27","messageTitle":" Divide classes into packages","messageBody":"","tags":["A-Packages"],"fileTypesAndContributionMap":{"txt":{"insertions":1,"deletions":0},"java":{"insertions":48,"deletions":4},"md":{"insertions":2,"deletions":2}}},{"hash":"4bc8997b0c69da6d295efb7d78a412871c5b325e","messageTitle":"Add JUnit tests","messageBody":"","tags":["v1.0","A-Jar","A-JUnit"],"fileTypesAndContributionMap":{"java":{"insertions":63,"deletions":0}}}]},{"date":"2021-01-26","commitResults":[{"hash":"66af9b2649812fd952265f9c419ab49ceb5099a4","messageTitle":"Add JavaDoc comments","messageBody":"","tags":["A-JavaDoc"],"fileTypesAndContributionMap":{"java":{"insertions":176,"deletions":7}}},{"hash":"7c818bdb6c8414fdb0f1b36a628b6b9bcbf52c1b","messageTitle":" Follow the Coding Standard","messageBody":"","tags":["A-CodingStandard"],"fileTypesAndContributionMap":{"txt":{"insertions":1,"deletions":1},"java":{"insertions":6,"deletions":19}}},{"hash":"6a710f3fc5cdff1347119717b27144cdfcd46301","messageTitle":"add the fuction to find a task by searching for a keyword.","messageBody":"","tags":["Level-9"],"fileTypesAndContributionMap":{"txt":{"insertions":1,"deletions":1},"java":{"insertions":34,"deletions":0}}},{"hash":"70789accbb62c9c2753cf43799efb4df9fef7e14","messageTitle":"merge brance \"branch-A-CodingStandard\"","messageBody":"","fileTypesAndContributionMap":{"txt":{"insertions":1,"deletions":1}}}]},{"date":"2021-01-31","commitResults":[{"hash":"35e5b83cccf8a38675a0e55cce131e0a81a12e3c","messageTitle":"Set up gradle to achieve automate project build","messageBody":"","fileTypesAndContributionMap":{"bat":{"insertions":178,"deletions":0}}}]},{"date":"2021-02-01","commitResults":[{"hash":"d2aa18eaa5412609ca41896dba3d69d1498e4689","messageTitle":"Add a GUI to Duke","messageBody":"","tags":["Level-10"],"fileTypesAndContributionMap":{"gradle":{"insertions":16,"deletions":2},"txt":{"insertions":3,"deletions":1},"java":{"insertions":480,"deletions":29},"bat":{"insertions":0,"deletions":89}}}]},{"date":"2021-02-08","commitResults":[{"hash":"8df10cecd1b2c7f2564cc7243e0002f227e975db","messageTitle":"some supplement for program","messageBody":"","fileTypesAndContributionMap":{"txt":{"insertions":2,"deletions":0},"java":{"insertions":83,"deletions":31}}},{"hash":"3d68ebf4d69e871fcb79bf433f3f26e6da16bbbe","messageTitle":"Use checkStyle to detect coding style violations","messageBody":"","tags":["v2.0","A-CheckStyle"],"fileTypesAndContributionMap":{"gradle":{"insertions":6,"deletions":2},"java":{"insertions":9,"deletions":1}}}]},{"date":"2021-02-09","commitResults":[{"hash":"dffee0da381c0f4961b8c92038d84e2b89b35c82","messageTitle":"Use assert feature to realize some test","messageBody":"","tags":["A-Assertions"],"fileTypesAndContributionMap":{"txt":{"insertions":2,"deletions":1},"java":{"insertions":34,"deletions":15}}},{"hash":"eca6060b417fdb3605caf525e05f7da76db9b43c","messageTitle":" Improve code quality","messageBody":"","tags":["A-CodeQuality"],"fileTypesAndContributionMap":{"java":{"insertions":120,"deletions":69}}},{"hash":"d9c8c9df55dfd6434967925b0d26d2b334285bdd","messageTitle":"some supplement of code quality and assertion","messageBody":"","fileTypesAndContributionMap":{"java":{"insertions":2,"deletions":3}}},{"hash":"9be6dd1edd8358e0b3c265f77ba7a468ffffe7de","messageTitle":"add the function to view tasks in the form of a schedule","messageBody":"","tags":["BCD-Extension","B-ViewSchedules"],"fileTypesAndContributionMap":{"txt":{"insertions":3,"deletions":3},"java":{"insertions":127,"deletions":40}}}]},{"date":"2021-02-13","commitResults":[{"hash":"97615b5da74617bf1e28cb62a490efc34800b33b","messageTitle":" Improve the GUI (backgound,color,text and so on)","messageBody":"","tags":["A-BetterGui"],"fileTypesAndContributionMap":{"java":{"insertions":85,"deletions":64}}}]},{"date":"2021-02-15","commitResults":[{"hash":"13f96f70b3ab531ea20bd04b59edb5e7b14bdb5f","messageTitle":"Add a User Guide and  improve code quality","messageBody":"","tags":["A-UserGuide"],"fileTypesAndContributionMap":{"gradle":{"insertions":5,"deletions":4},"txt":{"insertions":7,"deletions":10},"java":{"insertions":273,"deletions":473},"md":{"insertions":131,"deletions":9}}},{"hash":"bab618f8a015efda4b48c21262e75e722d8ea5eb","messageTitle":"Update README.md","messageBody":"","tags":["v3.0","A-Release"],"fileTypesAndContributionMap":{"md":{"insertions":1,"deletions":1}}}]},{"date":"2021-02-16","commitResults":[{"hash":"ecba74906fa0f2ce92ddb6cf86e11d63db8988e5","messageTitle":"Update README.md","messageBody":"","fileTypesAndContributionMap":{"md":{"insertions":1,"deletions":1}}}]},{"date":"2021-02-27","commitResults":[{"hash":"a7442cd269f86957b225238adbfed05f24c9e4bb","messageTitle":"solve the problem that Duck can not run normal  in Linux system","messageBody":"","fileTypesAndContributionMap":{"java":{"insertions":1,"deletions":1}}}]}]},"authorFileTypeContributionMap":{"wangtao0717":{"java":1251,"md":133,"fxml":0,"sh":0,"bat":0,"gradle":25,"txt":23}},"authorContributionVariance":{"wangtao0717":44392.027},"authorDisplayNameMap":{"wangtao0717":"CS2103-T16-3 WANG.. TAO"}}
