{"authorDailyContributionsMap":{"Donavanty":[{"date":"2021-01-19","commitResults":[{"hash":"9545b44519b7c03a585b084804462188e46dc35e","messageTitle":"Kobe intro message","messageBody":"","fileTypesAndContributionMap":{"java":{"insertions":15,"deletions":6}}},{"hash":"608d87167c1edce7cf30890ce81c2e5dc732d5cf","messageTitle":"Added Echo, Exit","messageBody":"","fileTypesAndContributionMap":{"java":{"insertions":26,"deletions":6}}},{"hash":"d1507fd6a129f3d538e3d23d2d85bd7faa032bec","messageTitle":"Updated Exit","messageBody":"","tags":["Level-1"],"fileTypesAndContributionMap":{"java":{"insertions":0,"deletions":1}}}]},{"date":"2021-01-20","commitResults":[{"hash":"8813d47958527f13bee6b644958d4bf27398587d","messageTitle":"Added Add, Exit","messageBody":"","tags":["Level-2"],"fileTypesAndContributionMap":{"java":{"insertions":15,"deletions":3}}},{"hash":"3960e559e787c4964f1ec5bbeb15820f783c988a","messageTitle":"Added Task class","messageBody":"","tags":["A-Classes"],"fileTypesAndContributionMap":{"java":{"insertions":23,"deletions":3}}},{"hash":"5bdc11b11f8c433af8f03602089e5ce9cc40757b","messageTitle":"Added Mark as Done","messageBody":"","tags":["Level-3"],"fileTypesAndContributionMap":{"java":{"insertions":15,"deletions":1}}},{"hash":"e97f587c111bc407503de410e3cd5640fd3a598e","messageTitle":"Added task types, modified addItem","messageBody":"","fileTypesAndContributionMap":{"java":{"insertions":21,"deletions":8}}},{"hash":"20f613d670b94691ff302f1b780102d28c57a70f","messageTitle":"addItem now tracks number of tasks","messageBody":"","fileTypesAndContributionMap":{"java":{"insertions":3,"deletions":2}}},{"hash":"1c65c7ce33c0d052a1262422c674a9c38ba51171","messageTitle":"Modified to read conditions \u0026 add them to tasks","messageBody":"","tags":["Level-4"],"fileTypesAndContributionMap":{"java":{"insertions":53,"deletions":8}}},{"hash":"22f7fd84c05c7b801e6d6845f105a8a21fbcbe7a","messageTitle":"Change main class name to Kobe","messageBody":"","fileTypesAndContributionMap":{"java":{"insertions":1,"deletions":1}}},{"hash":"96fcc6d822c5f034a4da0485689ac2c965ef5dd0","messageTitle":"Added Error Handling, catches errors in Kobe class","messageBody":"","tags":["Level-5","A-Exceptions"],"fileTypesAndContributionMap":{"java":{"insertions":121,"deletions":42}}},{"hash":"071eb21f3e7eacc6b4836235bbf1161be700980a","messageTitle":"Added Delete function","messageBody":"","tags":["Level-6","A-Collections"],"fileTypesAndContributionMap":{"java":{"insertions":25,"deletions":6}}},{"hash":"39b7938ec494834a2b4bc519d7662ddd98c8c3b0","messageTitle":"Added I/O redirection testing","messageBody":"","tags":["A-TextUiTesting"],"fileTypesAndContributionMap":{"txt":{"insertions":8,"deletions":0},"sh":{"insertions":1,"deletions":1}}}]},{"date":"2021-01-25","commitResults":[{"hash":"e2bd1ba9a797b966b78e7decb4245f78eaa8e057","messageTitle":"Added Saving and Retrieval (strings only)","messageBody":"","fileTypesAndContributionMap":{"txt":{"insertions":3,"deletions":0},"java":{"insertions":55,"deletions":19}}},{"hash":"ccba5f149300864541d832d9d3a7ab58958a14c0","messageTitle":"Retrieving list adds tasks back legitimately","messageBody":"","fileTypesAndContributionMap":{"txt":{"insertions":3,"deletions":3},"java":{"insertions":58,"deletions":2}}},{"hash":"b6da4e0f0adc878daa312b5179e97703a521590b","messageTitle":"Fixed initial empty saved file bug","messageBody":"","tags":["Level-7"],"fileTypesAndContributionMap":{"txt":{"insertions":3,"deletions":3},"java":{"insertions":8,"deletions":3}}},{"hash":"a86f36b45b82a00b18e624fc0c8a50c441b9f723","messageTitle":"Added Date recognition for deadline tasks","messageBody":"","tags":["Level-8"],"fileTypesAndContributionMap":{"txt":{"insertions":5,"deletions":3},"java":{"insertions":89,"deletions":19}}}]},{"date":"2021-01-27","commitResults":[{"hash":"bbbd929f96abd33f5899b4c7156458c30122e8c6","messageTitle":"Refactored into Parser, TaskList, Ui, Storage, Commands","messageBody":"","tags":["A-MoreOOP"],"fileTypesAndContributionMap":{"java":{"insertions":415,"deletions":269}}}]},{"date":"2021-01-28","commitResults":[{"hash":"a0f1b8981270f4dcb1379850c9605775e5e0f8df","messageTitle":"Fixed Bugs","messageBody":"","fileTypesAndContributionMap":{"txt":{"insertions":5,"deletions":5},"java":{"insertions":73,"deletions":69}}}]},{"date":"2021-01-29","commitResults":[{"hash":"c8272c617b3f751555797c6a36c65917376e58d6","messageTitle":"Added more tests","messageBody":"","fileTypesAndContributionMap":{"java":{"insertions":170,"deletions":62}}},{"hash":"fb3cfa90cdc646332ea91936a32500ef25a4d5d6","messageTitle":"Added more tests again","messageBody":"","tags":["A-JUnit"],"fileTypesAndContributionMap":{"java":{"insertions":8,"deletions":0}}}]},{"date":"2021-02-01","commitResults":[{"hash":"e73d6e03d3c45da9cb038bdd9b60801d742e6143","messageTitle":"Added JavaDoc comments for Task and KobeN","messageBody":"","fileTypesAndContributionMap":{"txt":{"insertions":3,"deletions":5},"java":{"insertions":46,"deletions":1}}},{"hash":"5ea47ed55bb31e8c6602a1223098dcc0959e7242","messageTitle":"Added JavaDoc descriptions for TaskList class","messageBody":"","fileTypesAndContributionMap":{"java":{"insertions":42,"deletions":1}}},{"hash":"df4df1e6a58d64d971160a4967ba58437a865a57","messageTitle":"Added JavaDoc for Commands and CustomException classes","messageBody":"","fileTypesAndContributionMap":{"java":{"insertions":26,"deletions":1}}},{"hash":"4ac9c30cc6e4abbf1dd32dae6d1d9f581c95754a","messageTitle":"Added JavaDoc for the rest of the classes","messageBody":"","fileTypesAndContributionMap":{"java":{"insertions":44,"deletions":13}}},{"hash":"399a12ba83a9bb59a6f85a7a8451b4a6c2169934","messageTitle":"Fixed Jar File creation","messageBody":"","tags":["A-JavaDoc","A-Jar"],"fileTypesAndContributionMap":{"java":{"insertions":1,"deletions":1}}},{"hash":"2a5864709f058b958fbaa77e2bb16241709aa89d","messageTitle":"Deleted dead code to comply with coding standards","messageBody":"","tags":["A-CodingStandard"],"fileTypesAndContributionMap":{"java":{"insertions":2,"deletions":44}}},{"hash":"abde0f1da526398a6871c297916b2e39ec1a8dba","messageTitle":"Found out that switch-case doesn\u0027t work for readInput in Parser class","messageBody":"","fileTypesAndContributionMap":{"java":{"insertions":6,"deletions":0}}},{"hash":"0b51f8d760b96015e24f2b19d523a81b7f347686","messageTitle":"Added Find method","messageBody":"","tags":["Level-9"],"fileTypesAndContributionMap":{"txt":{"insertions":1,"deletions":1},"java":{"insertions":37,"deletions":6}}}]},{"date":"2021-02-02","commitResults":[{"hash":"3cb9f4103442aa031733f1fa094308b5c6186f02","messageTitle":"Edited JavaDoc","messageBody":"","fileTypesAndContributionMap":{"java":{"insertions":2,"deletions":1}}},{"hash":"2df6af814a28ecc087e97415317dcb36da0e9db8","messageTitle":"Edited to fit Coding Standards","messageBody":"","fileTypesAndContributionMap":{"java":{"insertions":2,"deletions":2}}},{"hash":"2232bca7956e67ebbc4be00279d051a8a0160bca","messageTitle":"Edited Level 9 (find method)","messageBody":"","fileTypesAndContributionMap":{"java":{"insertions":6,"deletions":0}}}]},{"date":"2021-02-04","commitResults":[{"hash":"c9b329e9c4396338a8001dd0d074f36ee16347c8","messageTitle":"Changed mainClassName to point Gradle to Kobe","messageBody":"","tags":["Level-10","A-Gradle"],"fileTypesAndContributionMap":{"gradle":{"insertions":2,"deletions":2},"txt":{"insertions":1,"deletions":1}}}]},{"date":"2021-02-08","commitResults":[{"hash":"5b289ade627d6fc0f917cb8e6cc6f0cd02e373c0","messageTitle":"Added Launcher to launch JavaFX","messageBody":"","fileTypesAndContributionMap":{"gradle":{"insertions":15,"deletions":0},"java":{"insertions":29,"deletions":1}}},{"hash":"f2f3bdc2686d0cf0b9cc965f6b5266c77dc354d7","messageTitle":"Designed AnchorPane and ScrollPane","messageBody":"","fileTypesAndContributionMap":{"java":{"insertions":57,"deletions":2}}},{"hash":"a5a1cb120e7b2a138936f07234161533a8793520","messageTitle":"Added handlers that allow for user input text to be entered","messageBody":"","fileTypesAndContributionMap":{"java":{"insertions":27,"deletions":0}}},{"hash":"d88ad903a846b1716b6f13281c7bd6e90cf41b58","messageTitle":"Kobe and User images added to GUI (Iteration 2)","messageBody":"","fileTypesAndContributionMap":{"java":{"insertions":72,"deletions":15}}}]},{"date":"2021-02-09","commitResults":[{"hash":"7d8c22ee2291d84c824e05f16cf2c4a7e91d8b5c","messageTitle":"Flipped Dialog box for Kobe (Iteration 3)","messageBody":"","fileTypesAndContributionMap":{"java":{"insertions":45,"deletions":2}}},{"hash":"400db2b3a7f76d8a6f83e281e3dd4cd940413e51","messageTitle":"Refactored code to include FXML (Iteration 4)","messageBody":"","fileTypesAndContributionMap":{"java":{"insertions":123,"deletions":142}}}]},{"date":"2021-02-15","commitResults":[{"hash":"ef74f44ce626397800cc35d1a41700e06bbc04cb","messageTitle":"Added error-handling responses for Kobe","messageBody":"","fileTypesAndContributionMap":{"java":{"insertions":86,"deletions":56}}},{"hash":"155c41cdced579542573424195493a621775280d","messageTitle":"Added ability for Kobe to detect unnecessary extra spacing in command","messageBody":"","fileTypesAndContributionMap":{"java":{"insertions":32,"deletions":6}}},{"hash":"16f148a290521482c2edbf3b5dfda45009309a42","messageTitle":"Added Kobe\u0027s response to bye","messageBody":"","fileTypesAndContributionMap":{"txt":{"insertions":4,"deletions":1},"java":{"insertions":40,"deletions":19}}},{"hash":"800c9138183822057413ec19bf50423f28ba4215","messageTitle":"Added Kobe\u0027s response to list","messageBody":"","fileTypesAndContributionMap":{"java":{"insertions":12,"deletions":7}}},{"hash":"330d5ad096850175049e6d0ff119595b447194e2","messageTitle":"Added Kobe\u0027s response to todo, deadline, and event","messageBody":"","fileTypesAndContributionMap":{"java":{"insertions":39,"deletions":12}}},{"hash":"6813fb99b4413e6ce9d0c9c46a2de3d6ca71bb31","messageTitle":"Added Kobe\u0027s response to tasks that are done","messageBody":"","fileTypesAndContributionMap":{"java":{"insertions":16,"deletions":9}}},{"hash":"7786098d38fe044a57df04be0260a42320979159","messageTitle":"Added Kobe\u0027s response to task deletion","messageBody":"","fileTypesAndContributionMap":{"java":{"insertions":30,"deletions":10}}},{"hash":"22d838034b20d0e635ab9e067537aad482da0c4d","messageTitle":"Added Kobe\u0027s response to find command","messageBody":"","fileTypesAndContributionMap":{"java":{"insertions":22,"deletions":9}}}]},{"date":"2021-02-16","commitResults":[{"hash":"75f0375605b348e16d39030f16d66f4bcdf6132f","messageTitle":"Added Kobe\u0027s response to help, added JavaDocs","messageBody":"","fileTypesAndContributionMap":{"txt":{"insertions":2,"deletions":1},"java":{"insertions":66,"deletions":3}}},{"hash":"e5596fed50493517e722531587a45b621c7fcc5c","messageTitle":"Created assertions","messageBody":"","fileTypesAndContributionMap":{"java":{"insertions":5,"deletions":0}}}]},{"date":"2021-02-19","commitResults":[{"hash":"8bc12ff5d41183f334efaca30697e9113dc28f82","messageTitle":"Improved code quality","messageBody":"","fileTypesAndContributionMap":{"java":{"insertions":56,"deletions":30}}},{"hash":"d5f4de4fdfe3f28e42b74748b99109ae93cb3bac","messageTitle":"Improved code quality again.","messageBody":"","fileTypesAndContributionMap":{"txt":{"insertions":1,"deletions":2},"java":{"insertions":0,"deletions":16}}},{"hash":"5932757813a1c61c5be38f87d1667f0ef6b33a0c","messageTitle":"addItem method in TaskList now checks for duplicated tasks before adding that task.","messageBody":"","fileTypesAndContributionMap":{"java":{"insertions":46,"deletions":6}}},{"hash":"852e01561ae36c89a1ecfa833b5700a4acaa52ca","messageTitle":"Fixed a bug where initial tasks pre-loaded at start-up had trailing whitespaces.","messageBody":"","fileTypesAndContributionMap":{"java":{"insertions":2,"deletions":1}}},{"hash":"902fce473335c0ac4a137856742e9021ef532b64","messageTitle":"Added credits.","messageBody":"","fileTypesAndContributionMap":{"java":{"insertions":6,"deletions":1}}},{"hash":"a12957748432b9bf3b6884b1bb4e2dda04073c40","messageTitle":"Added Documentation","messageBody":"","tags":["A-Release"],"fileTypesAndContributionMap":{"md":{"insertions":78,"deletions":7}}},{"hash":"dcfa26554691ce510aeecd355f956db2bf485a93","messageTitle":"Added more description in Readme.md.","messageBody":"","tags":["A-UserGuide"],"fileTypesAndContributionMap":{"gradle":{"insertions":8,"deletions":3},"txt":{"insertions":5,"deletions":6},"java":{"insertions":0,"deletions":1},"md":{"insertions":78,"deletions":0}}}]},{"date":"2021-02-20","commitResults":[{"hash":"871b2dd5c0f08d43245aa6edd1bf8b9df832efdc","messageTitle":"Fixed to include relative path.","messageBody":"","fileTypesAndContributionMap":{"txt":{"insertions":3,"deletions":2},"java":{"insertions":4,"deletions":2}}},{"hash":"e25643b3153e268f4ced9b8c23f20ef90bb6da46","messageTitle":"Handles File creation if there is no initial text file for list","messageBody":"","fileTypesAndContributionMap":{"txt":{"insertions":1,"deletions":1},"java":{"insertions":20,"deletions":4}}},{"hash":"479ac60b85ae633c0878d7f34005f1cad613bc45","messageTitle":"Fixed file creation again.","messageBody":"","fileTypesAndContributionMap":{"txt":{"insertions":2,"deletions":3},"java":{"insertions":1,"deletions":0}}},{"hash":"e97a0500da1e926e7f4b5226f125b00af34361b8","messageTitle":"Fixed file loading issue with br.close() bw.close()","messageBody":"","fileTypesAndContributionMap":{"txt":{"insertions":3,"deletions":2},"java":{"insertions":2,"deletions":2}}},{"hash":"84f274cc1de61c8e90206746a84c3d107c0095d0","messageTitle":"Added mkdirs() call to accommodate for Windows","messageBody":"","fileTypesAndContributionMap":{"java":{"insertions":6,"deletions":5}}}]},{"date":"2021-02-22","commitResults":[{"hash":"b8c4073a9526059be6af06a08d6819f64b92772a","messageTitle":"Attempt to fix non-updated ReadMe and UI.png","messageBody":"","fileTypesAndContributionMap":{"md":{"insertions":3,"deletions":1}}},{"hash":"205b83a9d79e1231d8dca6f1a55198e21f16b909","messageTitle":"Fixed Markdown","messageBody":"","fileTypesAndContributionMap":{"md":{"insertions":0,"deletions":1}}}]}]},"authorFileTypeContributionMap":{"Donavanty":{"java":1301,"md":150,"fxml":39,"sh":1,"bat":0,"gradle":23,"txt":14}},"authorContributionVariance":{"Donavanty":23231.174},"authorDisplayNameMap":{"Donavanty":"CS2103-T14-2 DONA.. HUI"}}
