{"authorDailyContributionsMap":{"sylviaokt":[{"date":"2021-01-21","commitResults":[{"hash":"2bfb7153d7860f5402429d46423035ba0926bc25","messageTitle":"Completed Level 1","messageBody":"","tags":["Level-1"],"fileTypesAndContributionMap":{"java":{"insertions":14,"deletions":6}}},{"hash":"70eed998f5a9483415e9f3e64cd6e3117e2c1d3f","messageTitle":"Completed Level 2. Add, List","messageBody":"","tags":["Level-2"],"fileTypesAndContributionMap":{"java":{"insertions":12,"deletions":2}}},{"hash":"54115f6c533c5c6ba74f11581d2a743883ec1e62","messageTitle":"Completed Level 3. Added new Task class.","messageBody":"","tags":["Level-3"],"fileTypesAndContributionMap":{"java":{"insertions":40,"deletions":5}}},{"hash":"d49057ee3985b107a2a60c4a2fffa16a29360741","messageTitle":"Completed Level 4. Added Deadline, Event, Todo classes.","messageBody":"","tags":["Level-4"],"fileTypesAndContributionMap":{"java":{"insertions":102,"deletions":16}}},{"hash":"94a65591442f9b0dd0066190027a36cab01f1fc2","messageTitle":"Completed A-TextUiTesting.","messageBody":"","tags":["A-TextUiTesting"],"fileTypesAndContributionMap":{"txt":{"insertions":25,"deletions":0},"java":{"insertions":9,"deletions":7}}},{"hash":"4339ec8e36413a26600701c701c951f790187103","messageTitle":"Completed Level 5. Added DukeException class.","messageBody":"","tags":["Level-5"],"fileTypesAndContributionMap":{"java":{"insertions":48,"deletions":32}}},{"hash":"6b1305d1854396722ffb409ffa87863778613583","messageTitle":"Completed Level 6.","messageBody":"","tags":["Level-6"],"fileTypesAndContributionMap":{"java":{"insertions":20,"deletions":7}}}]},{"date":"2021-01-27","commitResults":[{"hash":"64f2b3f2772a4b91797bbe94a9ff00cd050aa80d","messageTitle":"Complete Level 7.","messageBody":"Save the tasks in the hard disk automatically whenever the task list changes. Load the data from the hard disk when Duke starts up.\n","tags":["Level-7"],"fileTypesAndContributionMap":{"java":{"insertions":91,"deletions":5}}},{"hash":"011e14f921d47ca5f60b5c73ff3603c026c430ec","messageTitle":"Complete Level 8.","messageBody":"Teach Duke how to understand dates and times.\n","tags":["level-8"],"fileTypesAndContributionMap":{"java":{"insertions":32,"deletions":12}}}]},{"date":"2021-01-28","commitResults":[{"hash":"3ab7de231d24bb9f2fe80b095957dda8c6316769","messageTitle":"Resolve merge conflicts.","messageBody":"","fileTypesAndContributionMap":{"txt":{"insertions":6,"deletions":18},"java":{"insertions":66,"deletions":32}}},{"hash":"224d7ae7b3f3b3143f5aa2aee10a8f14f42c9789","messageTitle":"Complete A-MoreOOP.","messageBody":"Added Ui, Storage, Parser, TaskList, Command class.\n","tags":["A-MoreOOP"],"fileTypesAndContributionMap":{"java":{"insertions":394,"deletions":176}}},{"hash":"4ea4e6302fdbdc1bf090321e6f031425f9b74794","messageTitle":"Complete A-JUnit.","messageBody":"Added ParserTest and StorageTest.\n","tags":["A-Jar","A-JUnit"],"fileTypesAndContributionMap":{"txt":{"insertions":0,"deletions":0},"java":{"insertions":48,"deletions":15}}},{"hash":"483b8d0d468f913991db044fcb6e0a092bd68fa6","messageTitle":"Complete A-JavaDoc.","messageBody":"Added Javadoc comments.\n","tags":["A-JavaDoc"],"fileTypesAndContributionMap":{"java":{"insertions":237,"deletions":15}}},{"hash":"b7adf8b7dff1ba590c4de0dcebb3f418aa1e4ef5","messageTitle":"Complete Level 9","messageBody":"Added a new feature for users to find a task by searching for a keyword\n","fileTypesAndContributionMap":{"txt":{"insertions":3,"deletions":0},"java":{"insertions":112,"deletions":79}}},{"hash":"1441b1b24955a97c86f1a779528ade0bfbb58d65","messageTitle":"Revert \"Complete Level 9\"","messageBody":"This reverts commit b7adf8b7dff1ba590c4de0dcebb3f418aa1e4ef5.\n","fileTypesAndContributionMap":{"txt":{"insertions":0,"deletions":3},"java":{"insertions":79,"deletions":112}}},{"hash":"aa7d652c8095d89e180a0ada9e8a5991428bc629","messageTitle":"Complete Level 9","messageBody":"Added a new feature that enables user to find a task\nby searching for a keyword\n","tags":["Level-9"],"fileTypesAndContributionMap":{"java":{"insertions":112,"deletions":79}}}]},{"date":"2021-01-29","commitResults":[{"hash":"9b897d2bacee194a866b125b1ecd5807e4083e40","messageTitle":"Resolve merge conflicts","messageBody":"","fileTypesAndContributionMap":{"java":{"insertions":80,"deletions":79}}}]},{"date":"2021-02-03","commitResults":[{"hash":"f1bec30617b832a9b591760c8a2343fb88cbf545","messageTitle":"Tweak code to fix checkstyle violations using Gradle and CheckStyle","messageBody":"","tags":["A-Gradle","A-CheckStyle"],"fileTypesAndContributionMap":{"gradle":{"insertions":1,"deletions":1},"txt":{"insertions":0,"deletions":0},"java":{"insertions":50,"deletions":13}}}]},{"date":"2021-02-05","commitResults":[{"hash":"ed81509549a48dbe4fd73998b8fe959cca47517a","messageTitle":"Complete Level 10 GUI","messageBody":"Added GUI using JavaFX\n","tags":["Level-10"],"fileTypesAndContributionMap":{"gradle":{"insertions":16,"deletions":1},"txt":{"insertions":6,"deletions":0},"java":{"insertions":468,"deletions":234}}}]}]},"authorFileTypeContributionMap":{"sylviaokt":{"java":1088,"md":0,"fxml":35,"sh":0,"bat":0,"gradle":16,"txt":19}},"authorContributionVariance":{"sylviaokt":109937.21},"authorDisplayNameMap":{"sylviaokt":"CS2103T-T11-3 SYLV..TING"}}
