{"authorDailyContributionsMap":{"nicoleang09":[{"date":"2021-01-20","commitResults":[{"hash":"0c200eaa6cfb2d5e5b13bb5517a54c2dc29e7661","messageTitle":"Add Duke Level 1","messageBody":"","tags":["Level-1"],"fileTypesAndContributionMap":{"java":{"insertions":17,"deletions":0}}},{"hash":"7f77c25ded08e745da482020cf53ccf5d6386373","messageTitle":"Completed Duke Level 2","messageBody":"","tags":["Level-2"],"fileTypesAndContributionMap":{"java":{"insertions":11,"deletions":1}}},{"hash":"636bedac1445cba010a97b0e527da7f30b64be97","messageTitle":"Completed Duke Level 3","messageBody":"","tags":["Level-3"],"fileTypesAndContributionMap":{"java":{"insertions":31,"deletions":3}}},{"hash":"e7f1cb2c19dbcec7f2289562ecc17030b74d945c","messageTitle":"Completed Level 4","messageBody":"","tags":["Level-4"],"fileTypesAndContributionMap":{"java":{"insertions":74,"deletions":2}}},{"hash":"bea2c354c84ae892b7277f5f7d02e0e73c23c5f0","messageTitle":"Completed Text UI Testing","messageBody":"","tags":["A-TextUiTesting"],"fileTypesAndContributionMap":{"txt":{"insertions":10,"deletions":0},"java":{"insertions":5,"deletions":5},"sh":{"insertions":2,"deletions":2}}},{"hash":"e4c5e74ac0bc6e87386f6d309126b64e75fd0058","messageTitle":"Created new java files for each task class","messageBody":"","fileTypesAndContributionMap":{"java":{"insertions":80,"deletions":84}}}]},{"date":"2021-01-21","commitResults":[{"hash":"6865494fc1cf707f07ef85e1cef57dfedb7c0770","messageTitle":"Completed Level 5","messageBody":"","tags":["Level-5"],"fileTypesAndContributionMap":{"java":{"insertions":251,"deletions":22}}},{"hash":"dd1d18dc8e6e749fcbd7b4b6950bc9bdc40e01c1","messageTitle":"Completed Level 6","messageBody":"","tags":["Level-6"],"fileTypesAndContributionMap":{"txt":{"insertions":19,"deletions":1},"java":{"insertions":50,"deletions":21},"bat":{"insertions":7,"deletions":0}}},{"hash":"e16034c2b928105eeefb1e83d5d36a1a5398151c","messageTitle":"Edited display of bot","messageBody":"","fileTypesAndContributionMap":{"txt":{"insertions":2,"deletions":1},"java":{"insertions":29,"deletions":121}}}]},{"date":"2021-01-25","commitResults":[{"hash":"043098d4e15ef8c51bc6f98ec7fb19281c975e4c","messageTitle":"Add ability for Duke to save files when list is edited","messageBody":"","tags":["Level-7"],"fileTypesAndContributionMap":{"txt":{"insertions":12,"deletions":0},"java":{"insertions":51,"deletions":2}}},{"hash":"283c0eb9a796fade03ed58c68925576ac4921123","messageTitle":"Add ability to understand date and time Strings","messageBody":"","tags":["Level-8"],"fileTypesAndContributionMap":{"txt":{"insertions":6,"deletions":3},"java":{"insertions":149,"deletions":29}}},{"hash":"1f07a6825d99a1ccd6ac8d891808df9adb48c8ab","messageTitle":"Divide classes into packages and fix problem with saving list to file","messageBody":"","tags":["A-Packages"],"fileTypesAndContributionMap":{"txt":{"insertions":4,"deletions":4},"java":{"insertions":59,"deletions":19}}}]},{"date":"2021-01-26","commitResults":[{"hash":"d60b16f9b982a9baf018159e2f1f46fb505b1451","messageTitle":"Add JUnit tests for DateTimeConverter class and ErrorChecker class","messageBody":"","tags":["v1.0","A-JUnit"],"fileTypesAndContributionMap":{"java":{"insertions":81,"deletions":23}}},{"hash":"adf1a0aa5a1a1daae9434d95c3c3bf03db2fe73e","messageTitle":"Add JavaDoc comments for Duke class, as well as datetime and error packages","messageBody":"","tags":["A-JavaDoc"],"fileTypesAndContributionMap":{"java":{"insertions":75,"deletions":8}}},{"hash":"9e5f805e0326a88809a31c7773d9273e241abc2b","messageTitle":"Edit code to comply with coding standard","messageBody":"","fileTypesAndContributionMap":{"java":{"insertions":27,"deletions":29}}},{"hash":"cacad0e1072ca07f7e6789a40f41989654511750","messageTitle":"Add ability for Duke to find tasks containing keyword","messageBody":"","tags":["Level-9"],"fileTypesAndContributionMap":{"java":{"insertions":46,"deletions":2}}}]}]},"authorFileTypeContributionMap":{"nicoleang09":{"java":609,"md":0,"fxml":0,"sh":1,"bat":7,"gradle":0,"txt":44}},"authorContributionVariance":{"nicoleang09":27720.625},"authorDisplayNameMap":{"nicoleang09":"CS2103T-W13-3 ANG ..COLE"}}
