[{"path":"src/main/java/AlphabetsInsteadOfNumberException.java","fileType":"java","lines":[{"lineNumber":1,"author":{"gitId":"JodyLorah"},"content":"public class AlphabetsInsteadOfNumberException /*extends Exception*/ {"},{"lineNumber":2,"author":{"gitId":"JodyLorah"},"content":"    public AlphabetsInsteadOfNumberException() {"},{"lineNumber":3,"author":{"gitId":"JodyLorah"},"content":"        System.out.println(\"------------------------------------------\\n\" +"},{"lineNumber":4,"author":{"gitId":"JodyLorah"},"content":"                \"☹ OOPS!!! I\u0027m sorry, but you keyed in an alphabet. You can only delete a number from the list.\\n\" +"},{"lineNumber":5,"author":{"gitId":"JodyLorah"},"content":"                \"------------------------------------------\");"},{"lineNumber":6,"author":{"gitId":"JodyLorah"},"content":"    }"},{"lineNumber":7,"author":{"gitId":"JodyLorah"},"content":"}"}],"authorContributionMap":{"JodyLorah":7}},{"path":"src/main/java/Deadline.java","fileType":"java","lines":[{"lineNumber":1,"author":{"gitId":"JodyLorah"},"content":"public class Deadline extends Task {"},{"lineNumber":2,"author":{"gitId":"JodyLorah"},"content":"    protected String by;"},{"lineNumber":3,"author":{"gitId":"JodyLorah"},"content":""},{"lineNumber":4,"author":{"gitId":"JodyLorah"},"content":"    public Deadline(String description, String by) {"},{"lineNumber":5,"author":{"gitId":"JodyLorah"},"content":"        super(description);"},{"lineNumber":6,"author":{"gitId":"JodyLorah"},"content":"        this.by \u003d by;"},{"lineNumber":7,"author":{"gitId":"JodyLorah"},"content":"    }"},{"lineNumber":8,"author":{"gitId":"JodyLorah"},"content":""},{"lineNumber":9,"author":{"gitId":"JodyLorah"},"content":"    @Override"},{"lineNumber":10,"author":{"gitId":"JodyLorah"},"content":"    public String toString() {"},{"lineNumber":11,"author":{"gitId":"JodyLorah"},"content":"        return \"[D]\" + super.toString() + \" (by: \" + by + \")\";"},{"lineNumber":12,"author":{"gitId":"JodyLorah"},"content":"    }"},{"lineNumber":13,"author":{"gitId":"JodyLorah"},"content":""},{"lineNumber":14,"author":{"gitId":"JodyLorah"},"content":"}"}],"authorContributionMap":{"JodyLorah":14}},{"path":"src/main/java/Duke.java","fileType":"java","lines":[{"lineNumber":1,"author":{"gitId":"JodyLorah"},"content":"import java.util.ArrayList;"},{"lineNumber":2,"author":{"gitId":"JodyLorah"},"content":"import java.util.Scanner;"},{"lineNumber":3,"author":{"gitId":"JodyLorah"},"content":""},{"lineNumber":4,"author":{"gitId":"-"},"content":"public class Duke {"},{"lineNumber":5,"author":{"gitId":"JodyLorah"},"content":"    public static void main(String[] args) throws Exception {"},{"lineNumber":6,"author":{"gitId":"JodyLorah"},"content":"        String line \u003d \"------------------------------------------\";"},{"lineNumber":7,"author":{"gitId":"JodyLorah"},"content":""},{"lineNumber":8,"author":{"gitId":"JodyLorah"},"content":"        //introduction"},{"lineNumber":9,"author":{"gitId":"JodyLorah"},"content":"        System.out.println(line);"},{"lineNumber":10,"author":{"gitId":"JodyLorah"},"content":"        System.out.println(\"Hello! I\u0027m Duke\");"},{"lineNumber":11,"author":{"gitId":"JodyLorah"},"content":"        System.out.println(\"What can I do for you?\");"},{"lineNumber":12,"author":{"gitId":"JodyLorah"},"content":"        System.out.println(line);"},{"lineNumber":13,"author":{"gitId":"JodyLorah"},"content":""},{"lineNumber":14,"author":{"gitId":"JodyLorah"},"content":"        //start reading data from user"},{"lineNumber":15,"author":{"gitId":"JodyLorah"},"content":"        Scanner sc \u003d new Scanner(System.in);"},{"lineNumber":16,"author":{"gitId":"JodyLorah"},"content":"        boolean flagger \u003d true;"},{"lineNumber":17,"author":{"gitId":"JodyLorah"},"content":"        ArrayList\u003cTask\u003e list \u003d new ArrayList\u003cTask\u003e();"},{"lineNumber":18,"author":{"gitId":"JodyLorah"},"content":""},{"lineNumber":19,"author":{"gitId":"JodyLorah"},"content":"        while (flagger) {"},{"lineNumber":20,"author":{"gitId":"JodyLorah"},"content":"            String input \u003d sc.nextLine();"},{"lineNumber":21,"author":{"gitId":"JodyLorah"},"content":"            String action \u003d input.split(\" \")[0];"},{"lineNumber":22,"author":{"gitId":"JodyLorah"},"content":"            if (input.equals(\"bye\")) {"},{"lineNumber":23,"author":{"gitId":"JodyLorah"},"content":"                System.out.println(line);"},{"lineNumber":24,"author":{"gitId":"JodyLorah"},"content":"                System.out.println(\"Bye. Hope to see you again soon!\");"},{"lineNumber":25,"author":{"gitId":"JodyLorah"},"content":"                System.out.println(line);"},{"lineNumber":26,"author":{"gitId":"JodyLorah"},"content":"                flagger \u003d false;"},{"lineNumber":27,"author":{"gitId":"JodyLorah"},"content":""},{"lineNumber":28,"author":{"gitId":"JodyLorah"},"content":"            } else if (input.equals(\"list\")) {"},{"lineNumber":29,"author":{"gitId":"JodyLorah"},"content":"                System.out.println(line);"},{"lineNumber":30,"author":{"gitId":"JodyLorah"},"content":"                System.out.println(\"Here are the tasks in your list:\");"},{"lineNumber":31,"author":{"gitId":"JodyLorah"},"content":"                for (int i \u003d 1; i \u003c list.size() + 1; i++) {"},{"lineNumber":32,"author":{"gitId":"JodyLorah"},"content":"                        System.out.println(i + \".\" + list.get(i - 1));"},{"lineNumber":33,"author":{"gitId":"JodyLorah"},"content":"                }"},{"lineNumber":34,"author":{"gitId":"JodyLorah"},"content":"                System.out.println(line);"},{"lineNumber":35,"author":{"gitId":"JodyLorah"},"content":""},{"lineNumber":36,"author":{"gitId":"JodyLorah"},"content":"            } else if (action.equals(\"done\")) {"},{"lineNumber":37,"author":{"gitId":"JodyLorah"},"content":"                System.out.println(line);"},{"lineNumber":38,"author":{"gitId":"JodyLorah"},"content":"                int index \u003d Integer.parseInt(input.split(\" \")[1]) - 1;"},{"lineNumber":39,"author":{"gitId":"JodyLorah"},"content":"                System.out.println(\"Nice! I\u0027ve marked this task as done:\");"},{"lineNumber":40,"author":{"gitId":"JodyLorah"},"content":"                list.get(index).setDone();"},{"lineNumber":41,"author":{"gitId":"JodyLorah"},"content":"                System.out.println(list.get(index));"},{"lineNumber":42,"author":{"gitId":"JodyLorah"},"content":"                System.out.println(line);"},{"lineNumber":43,"author":{"gitId":"JodyLorah"},"content":""},{"lineNumber":44,"author":{"gitId":"JodyLorah"},"content":"            } else if (action.equals(\"todo\")) {"},{"lineNumber":45,"author":{"gitId":"JodyLorah"},"content":"                String[] temp \u003d input.split(\" \", 2);"},{"lineNumber":46,"author":{"gitId":"JodyLorah"},"content":"                try {"},{"lineNumber":47,"author":{"gitId":"JodyLorah"},"content":"                    Task t \u003d new Todo(temp[1]);"},{"lineNumber":48,"author":{"gitId":"JodyLorah"},"content":"                } catch (ArrayIndexOutOfBoundsException e) {"},{"lineNumber":49,"author":{"gitId":"JodyLorah"},"content":"                    new EmptyToDoException();"},{"lineNumber":50,"author":{"gitId":"JodyLorah"},"content":"                    return;"},{"lineNumber":51,"author":{"gitId":"JodyLorah"},"content":"                }"},{"lineNumber":52,"author":{"gitId":"JodyLorah"},"content":"                Task t \u003d new Todo(temp[1]);"},{"lineNumber":53,"author":{"gitId":"JodyLorah"},"content":"                System.out.println(line);"},{"lineNumber":54,"author":{"gitId":"JodyLorah"},"content":"                System.out.println(\"Got it. I\u0027ve added this task:\");"},{"lineNumber":55,"author":{"gitId":"JodyLorah"},"content":"                list.add(t);"},{"lineNumber":56,"author":{"gitId":"JodyLorah"},"content":"                System.out.println(t);"},{"lineNumber":57,"author":{"gitId":"JodyLorah"},"content":"                System.out.println(\"Now you have \" + list.size() + \" tasks in the list.\");"},{"lineNumber":58,"author":{"gitId":"JodyLorah"},"content":"                System.out.println(line);"},{"lineNumber":59,"author":{"gitId":"JodyLorah"},"content":""},{"lineNumber":60,"author":{"gitId":"JodyLorah"},"content":"            } else if (action.equals(\"deadline\")) {"},{"lineNumber":61,"author":{"gitId":"JodyLorah"},"content":"                String[] temp \u003d input.split(\" \", 2);"},{"lineNumber":62,"author":{"gitId":"JodyLorah"},"content":"                try {"},{"lineNumber":63,"author":{"gitId":"JodyLorah"},"content":"                    Task t \u003d new Todo(temp[1]);"},{"lineNumber":64,"author":{"gitId":"JodyLorah"},"content":"                } catch (ArrayIndexOutOfBoundsException e) {"},{"lineNumber":65,"author":{"gitId":"JodyLorah"},"content":"                    new EmptyDeadlineException();"},{"lineNumber":66,"author":{"gitId":"JodyLorah"},"content":"                    return;"},{"lineNumber":67,"author":{"gitId":"JodyLorah"},"content":"                }"},{"lineNumber":68,"author":{"gitId":"JodyLorah"},"content":"                String data \u003d temp[1];"},{"lineNumber":69,"author":{"gitId":"JodyLorah"},"content":"                String description \u003d data.split(\" /by \", 2)[0];"},{"lineNumber":70,"author":{"gitId":"JodyLorah"},"content":"                String by \u003d data.split(\" /by \", 2)[1];"},{"lineNumber":71,"author":{"gitId":"JodyLorah"},"content":""},{"lineNumber":72,"author":{"gitId":"JodyLorah"},"content":"                System.out.println(line);"},{"lineNumber":73,"author":{"gitId":"JodyLorah"},"content":"                System.out.println(\"Got it. I\u0027ve added this task:\");"},{"lineNumber":74,"author":{"gitId":"JodyLorah"},"content":"                Task t \u003d new Deadline(description, by);"},{"lineNumber":75,"author":{"gitId":"JodyLorah"},"content":"                list.add(t);"},{"lineNumber":76,"author":{"gitId":"JodyLorah"},"content":"                System.out.println(t);"},{"lineNumber":77,"author":{"gitId":"JodyLorah"},"content":"                System.out.println(\"Now you have \" + list.size() + \" tasks in the list.\");"},{"lineNumber":78,"author":{"gitId":"JodyLorah"},"content":"                System.out.println(line);"},{"lineNumber":79,"author":{"gitId":"JodyLorah"},"content":""},{"lineNumber":80,"author":{"gitId":"JodyLorah"},"content":"            } else if (action.equals(\"event\")) {"},{"lineNumber":81,"author":{"gitId":"JodyLorah"},"content":"                String[] temp \u003d input.split(\" \", 2);"},{"lineNumber":82,"author":{"gitId":"JodyLorah"},"content":"                try {"},{"lineNumber":83,"author":{"gitId":"JodyLorah"},"content":"                    Task t \u003d new Todo(temp[1]);"},{"lineNumber":84,"author":{"gitId":"JodyLorah"},"content":"                } catch (ArrayIndexOutOfBoundsException e) {"},{"lineNumber":85,"author":{"gitId":"JodyLorah"},"content":"                    new EmptyEventException();"},{"lineNumber":86,"author":{"gitId":"JodyLorah"},"content":"                    return;"},{"lineNumber":87,"author":{"gitId":"JodyLorah"},"content":"                }"},{"lineNumber":88,"author":{"gitId":"JodyLorah"},"content":"                String data \u003d temp[1];"},{"lineNumber":89,"author":{"gitId":"JodyLorah"},"content":"                String description \u003d data.split(\" /at \", 2)[0];"},{"lineNumber":90,"author":{"gitId":"JodyLorah"},"content":"                String at \u003d data.split(\" /at \", 2)[1];"},{"lineNumber":91,"author":{"gitId":"JodyLorah"},"content":""},{"lineNumber":92,"author":{"gitId":"JodyLorah"},"content":"                System.out.println(line);"},{"lineNumber":93,"author":{"gitId":"JodyLorah"},"content":"                System.out.println(\"Got it. I\u0027ve added this task:\");"},{"lineNumber":94,"author":{"gitId":"JodyLorah"},"content":"                Task t \u003d new Event(description, at);"},{"lineNumber":95,"author":{"gitId":"JodyLorah"},"content":"                list.add(t);"},{"lineNumber":96,"author":{"gitId":"JodyLorah"},"content":"                System.out.println(t);"},{"lineNumber":97,"author":{"gitId":"JodyLorah"},"content":"                System.out.println(\"Now you have \" + list.size() + \" tasks in the list.\");"},{"lineNumber":98,"author":{"gitId":"JodyLorah"},"content":"                System.out.println(line);"},{"lineNumber":99,"author":{"gitId":"JodyLorah"},"content":""},{"lineNumber":100,"author":{"gitId":"JodyLorah"},"content":"            } else if (action.equals(\"delete\")) {"},{"lineNumber":101,"author":{"gitId":"JodyLorah"},"content":"                String[] temp \u003d input.split(\" \", 2);"},{"lineNumber":102,"author":{"gitId":"JodyLorah"},"content":""},{"lineNumber":103,"author":{"gitId":"JodyLorah"},"content":"                try {"},{"lineNumber":104,"author":{"gitId":"JodyLorah"},"content":"                    Task t \u003d new Todo(temp[1]);"},{"lineNumber":105,"author":{"gitId":"JodyLorah"},"content":"                } catch (ArrayIndexOutOfBoundsException e) {"},{"lineNumber":106,"author":{"gitId":"JodyLorah"},"content":"                    new EmptyDeleteException();"},{"lineNumber":107,"author":{"gitId":"JodyLorah"},"content":"                    return;"},{"lineNumber":108,"author":{"gitId":"JodyLorah"},"content":"                }"},{"lineNumber":109,"author":{"gitId":"JodyLorah"},"content":""},{"lineNumber":110,"author":{"gitId":"JodyLorah"},"content":"                try {"},{"lineNumber":111,"author":{"gitId":"JodyLorah"},"content":"                    list.get(Integer.parseInt(temp[1]));"},{"lineNumber":112,"author":{"gitId":"JodyLorah"},"content":"                } catch (NumberFormatException e) {"},{"lineNumber":113,"author":{"gitId":"JodyLorah"},"content":"                    new AlphabetsInsteadOfNumberException();"},{"lineNumber":114,"author":{"gitId":"JodyLorah"},"content":"                    return;"},{"lineNumber":115,"author":{"gitId":"JodyLorah"},"content":"                }"},{"lineNumber":116,"author":{"gitId":"JodyLorah"},"content":""},{"lineNumber":117,"author":{"gitId":"JodyLorah"},"content":"                try {"},{"lineNumber":118,"author":{"gitId":"JodyLorah"},"content":"                    list.get(Integer.parseInt(temp[1]));"},{"lineNumber":119,"author":{"gitId":"JodyLorah"},"content":"                } catch (IndexOutOfBoundsException e) {"},{"lineNumber":120,"author":{"gitId":"JodyLorah"},"content":"                    new EmptyListDeletionException();"},{"lineNumber":121,"author":{"gitId":"JodyLorah"},"content":"                    return;"},{"lineNumber":122,"author":{"gitId":"JodyLorah"},"content":"                }"},{"lineNumber":123,"author":{"gitId":"JodyLorah"},"content":""},{"lineNumber":124,"author":{"gitId":"JodyLorah"},"content":"                System.out.println(line);"},{"lineNumber":125,"author":{"gitId":"JodyLorah"},"content":"                System.out.println(\"Noted. I\u0027ve removed this task:\");"},{"lineNumber":126,"author":{"gitId":"JodyLorah"},"content":"                int index \u003d Integer.parseInt(temp[1]) - 1;"},{"lineNumber":127,"author":{"gitId":"JodyLorah"},"content":"                System.out.println(list.get(index));"},{"lineNumber":128,"author":{"gitId":"JodyLorah"},"content":"                list.remove(index);"},{"lineNumber":129,"author":{"gitId":"JodyLorah"},"content":"                System.out.println(\"Now you have \" + list.size() + \" tasks in the list.\");"},{"lineNumber":130,"author":{"gitId":"JodyLorah"},"content":"                System.out.println(line);"},{"lineNumber":131,"author":{"gitId":"JodyLorah"},"content":""},{"lineNumber":132,"author":{"gitId":"JodyLorah"},"content":"            } else {"},{"lineNumber":133,"author":{"gitId":"JodyLorah"},"content":"                new InvalidInstructionException();"},{"lineNumber":134,"author":{"gitId":"JodyLorah"},"content":"                return;"},{"lineNumber":135,"author":{"gitId":"JodyLorah"},"content":"            }"},{"lineNumber":136,"author":{"gitId":"JodyLorah"},"content":"        }"},{"lineNumber":137,"author":{"gitId":"-"},"content":"    }"},{"lineNumber":138,"author":{"gitId":"-"},"content":"}"}],"authorContributionMap":{"JodyLorah":135,"-":3}},{"path":"src/main/java/EmptyDeadlineException.java","fileType":"java","lines":[{"lineNumber":1,"author":{"gitId":"JodyLorah"},"content":"public class EmptyDeadlineException /*extends Exception*/ {"},{"lineNumber":2,"author":{"gitId":"JodyLorah"},"content":"    public EmptyDeadlineException() {"},{"lineNumber":3,"author":{"gitId":"JodyLorah"},"content":"        System.out.println(\"------------------------------------------\\n\" +"},{"lineNumber":4,"author":{"gitId":"JodyLorah"},"content":"                \"☹ OOPS!!! The description of a deadline cannot be empty.\\n\" +"},{"lineNumber":5,"author":{"gitId":"JodyLorah"},"content":"                \"------------------------------------------\");"},{"lineNumber":6,"author":{"gitId":"JodyLorah"},"content":"    }"},{"lineNumber":7,"author":{"gitId":"JodyLorah"},"content":"}"}],"authorContributionMap":{"JodyLorah":7}},{"path":"src/main/java/EmptyDeleteException.java","fileType":"java","lines":[{"lineNumber":1,"author":{"gitId":"JodyLorah"},"content":"public class EmptyDeleteException /*extends Exception*/ {"},{"lineNumber":2,"author":{"gitId":"JodyLorah"},"content":"    public EmptyDeleteException() {"},{"lineNumber":3,"author":{"gitId":"JodyLorah"},"content":"        System.out.println(\"------------------------------------------\\n\" +"},{"lineNumber":4,"author":{"gitId":"JodyLorah"},"content":"                \"☹ OOPS!!! The description of a delete cannot be empty.\\n\" +"},{"lineNumber":5,"author":{"gitId":"JodyLorah"},"content":"                \"------------------------------------------\");"},{"lineNumber":6,"author":{"gitId":"JodyLorah"},"content":"    }"},{"lineNumber":7,"author":{"gitId":"JodyLorah"},"content":"}"}],"authorContributionMap":{"JodyLorah":7}},{"path":"src/main/java/EmptyEventException.java","fileType":"java","lines":[{"lineNumber":1,"author":{"gitId":"JodyLorah"},"content":"public class EmptyEventException /*extends Exception*/ {"},{"lineNumber":2,"author":{"gitId":"JodyLorah"},"content":"    public EmptyEventException() {"},{"lineNumber":3,"author":{"gitId":"JodyLorah"},"content":"        System.out.println(\"------------------------------------------\\n\" +"},{"lineNumber":4,"author":{"gitId":"JodyLorah"},"content":"                \"☹ OOPS!!! The description of an event cannot be empty.\\n\" +"},{"lineNumber":5,"author":{"gitId":"JodyLorah"},"content":"                \"------------------------------------------\");"},{"lineNumber":6,"author":{"gitId":"JodyLorah"},"content":"    }"},{"lineNumber":7,"author":{"gitId":"JodyLorah"},"content":"}"}],"authorContributionMap":{"JodyLorah":7}},{"path":"src/main/java/EmptyListDeletionException.java","fileType":"java","lines":[{"lineNumber":1,"author":{"gitId":"JodyLorah"},"content":"public class EmptyListDeletionException /*extends Exception*/ {"},{"lineNumber":2,"author":{"gitId":"JodyLorah"},"content":"public EmptyListDeletionException() {"},{"lineNumber":3,"author":{"gitId":"JodyLorah"},"content":"        System.out.println(\"------------------------------------------\\n\" +"},{"lineNumber":4,"author":{"gitId":"JodyLorah"},"content":"        \"☹ OOPS!!! I\u0027m sorry, but list is empty. You have to add an item before you can delete it.\\n\" +"},{"lineNumber":5,"author":{"gitId":"JodyLorah"},"content":"        \"------------------------------------------\");"},{"lineNumber":6,"author":{"gitId":"JodyLorah"},"content":"        }"},{"lineNumber":7,"author":{"gitId":"JodyLorah"},"content":"        }"}],"authorContributionMap":{"JodyLorah":7}},{"path":"src/main/java/EmptyToDoException.java","fileType":"java","lines":[{"lineNumber":1,"author":{"gitId":"JodyLorah"},"content":"public class EmptyToDoException /*extends Exception*/ {"},{"lineNumber":2,"author":{"gitId":"JodyLorah"},"content":"    public EmptyToDoException() {"},{"lineNumber":3,"author":{"gitId":"JodyLorah"},"content":"        System.out.println(\"------------------------------------------\\n\" +"},{"lineNumber":4,"author":{"gitId":"JodyLorah"},"content":"                \"☹ OOPS!!! The description of a todo cannot be empty.\\n\" +"},{"lineNumber":5,"author":{"gitId":"JodyLorah"},"content":"                \"------------------------------------------\");"},{"lineNumber":6,"author":{"gitId":"JodyLorah"},"content":"    }"},{"lineNumber":7,"author":{"gitId":"JodyLorah"},"content":"}"}],"authorContributionMap":{"JodyLorah":7}},{"path":"src/main/java/Event.java","fileType":"java","lines":[{"lineNumber":1,"author":{"gitId":"JodyLorah"},"content":"public class Event extends Task {"},{"lineNumber":2,"author":{"gitId":"JodyLorah"},"content":"    protected String at;"},{"lineNumber":3,"author":{"gitId":"JodyLorah"},"content":""},{"lineNumber":4,"author":{"gitId":"JodyLorah"},"content":"    public Event(String description, String at) {"},{"lineNumber":5,"author":{"gitId":"JodyLorah"},"content":"        super(description);"},{"lineNumber":6,"author":{"gitId":"JodyLorah"},"content":"        this.at \u003d at;"},{"lineNumber":7,"author":{"gitId":"JodyLorah"},"content":"    }"},{"lineNumber":8,"author":{"gitId":"JodyLorah"},"content":""},{"lineNumber":9,"author":{"gitId":"JodyLorah"},"content":"    @Override"},{"lineNumber":10,"author":{"gitId":"JodyLorah"},"content":"    public String toString() {"},{"lineNumber":11,"author":{"gitId":"JodyLorah"},"content":"        return \"[E]\" + super.toString() + \" (at: \" + at + \")\";"},{"lineNumber":12,"author":{"gitId":"JodyLorah"},"content":"    }"},{"lineNumber":13,"author":{"gitId":"JodyLorah"},"content":"}"}],"authorContributionMap":{"JodyLorah":13}},{"path":"src/main/java/InvalidInstructionException.java","fileType":"java","lines":[{"lineNumber":1,"author":{"gitId":"JodyLorah"},"content":"public class InvalidInstructionException /*extends Exception*/ {"},{"lineNumber":2,"author":{"gitId":"JodyLorah"},"content":"    public InvalidInstructionException() {"},{"lineNumber":3,"author":{"gitId":"JodyLorah"},"content":"        System.out.println(\"------------------------------------------\\n\" +"},{"lineNumber":4,"author":{"gitId":"JodyLorah"},"content":"                \"☹ OOPS!!! I\u0027m sorry, but I don\u0027t know what that means :-(\\n\" +"},{"lineNumber":5,"author":{"gitId":"JodyLorah"},"content":"                \"------------------------------------------\");"},{"lineNumber":6,"author":{"gitId":"JodyLorah"},"content":"    }"},{"lineNumber":7,"author":{"gitId":"JodyLorah"},"content":"}"}],"authorContributionMap":{"JodyLorah":7}},{"path":"src/main/java/Task.java","fileType":"java","lines":[{"lineNumber":1,"author":{"gitId":"JodyLorah"},"content":"public class Task {"},{"lineNumber":2,"author":{"gitId":"JodyLorah"},"content":"    private String name;"},{"lineNumber":3,"author":{"gitId":"JodyLorah"},"content":"    private boolean done;"},{"lineNumber":4,"author":{"gitId":"JodyLorah"},"content":""},{"lineNumber":5,"author":{"gitId":"JodyLorah"},"content":"    public Task(String name) {"},{"lineNumber":6,"author":{"gitId":"JodyLorah"},"content":"        this.name \u003d name;"},{"lineNumber":7,"author":{"gitId":"JodyLorah"},"content":"        this.done \u003d false;"},{"lineNumber":8,"author":{"gitId":"JodyLorah"},"content":"    }"},{"lineNumber":9,"author":{"gitId":"JodyLorah"},"content":""},{"lineNumber":10,"author":{"gitId":"JodyLorah"},"content":"    @Override"},{"lineNumber":11,"author":{"gitId":"JodyLorah"},"content":"    public String toString() {"},{"lineNumber":12,"author":{"gitId":"JodyLorah"},"content":"        if (this.done) {"},{"lineNumber":13,"author":{"gitId":"JodyLorah"},"content":"            return String.format(\"[X] %s\", this.name);"},{"lineNumber":14,"author":{"gitId":"JodyLorah"},"content":"        } else {"},{"lineNumber":15,"author":{"gitId":"JodyLorah"},"content":"            return String.format(\"[ ] %s\", this.name);"},{"lineNumber":16,"author":{"gitId":"JodyLorah"},"content":"        }"},{"lineNumber":17,"author":{"gitId":"JodyLorah"},"content":"    }"},{"lineNumber":18,"author":{"gitId":"JodyLorah"},"content":""},{"lineNumber":19,"author":{"gitId":"JodyLorah"},"content":"    public void setDone() {"},{"lineNumber":20,"author":{"gitId":"JodyLorah"},"content":"        this.done \u003d true;"},{"lineNumber":21,"author":{"gitId":"JodyLorah"},"content":"    }"},{"lineNumber":22,"author":{"gitId":"JodyLorah"},"content":"}"}],"authorContributionMap":{"JodyLorah":22}},{"path":"src/main/java/Todo.java","fileType":"java","lines":[{"lineNumber":1,"author":{"gitId":"JodyLorah"},"content":"public class Todo extends Task {"},{"lineNumber":2,"author":{"gitId":"JodyLorah"},"content":"    private String task;"},{"lineNumber":3,"author":{"gitId":"JodyLorah"},"content":""},{"lineNumber":4,"author":{"gitId":"JodyLorah"},"content":"    public Todo(String task) {"},{"lineNumber":5,"author":{"gitId":"JodyLorah"},"content":"        super(task);"},{"lineNumber":6,"author":{"gitId":"JodyLorah"},"content":"    }"},{"lineNumber":7,"author":{"gitId":"JodyLorah"},"content":""},{"lineNumber":8,"author":{"gitId":"JodyLorah"},"content":"    @Override"},{"lineNumber":9,"author":{"gitId":"JodyLorah"},"content":"    public String toString() {"},{"lineNumber":10,"author":{"gitId":"JodyLorah"},"content":"        return \"[T]\" + super.toString();"},{"lineNumber":11,"author":{"gitId":"JodyLorah"},"content":"    }"},{"lineNumber":12,"author":{"gitId":"JodyLorah"},"content":"}"}],"authorContributionMap":{"JodyLorah":12}}]
