{"authorDailyContributionsMap":{"ninijiaying":[{"date":"2021-01-21","commitResults":[{"hash":"2ddb56c34d7a9b7d3fe8cf1adb794beb662201ae","messageTitle":"add Level 1","messageBody":"","tags":["Level-1"],"fileTypesAndContributionMap":{"java":{"insertions":19,"deletions":6}}},{"hash":"7b2295171c8b42e310e12d24adad60c6a3ad6323","messageTitle":"customised Level 1","messageBody":"","fileTypesAndContributionMap":{"java":{"insertions":2,"deletions":0}}},{"hash":"114540988f2104d319938f195b83d0488a4a5a92","messageTitle":"add Level 2","messageBody":"","tags":["Level-2"],"fileTypesAndContributionMap":{"java":{"insertions":24,"deletions":5}}},{"hash":"8d2b3e79f2672813b44a273742e4e54093e3b923","messageTitle":"modified Duck.java, create Task class","messageBody":"","tags":["Level-3"],"fileTypesAndContributionMap":{"java":{"insertions":38,"deletions":4}}},{"hash":"881be4e53ac14f8a4978e9e272c3a9339eb4f3e2","messageTitle":"add ToDo, Event, Deadline class; modify Task and Duke class","messageBody":"","tags":["Level-4"],"fileTypesAndContributionMap":{"java":{"insertions":90,"deletions":11}}},{"hash":"cca46dc4e9175ebf214b6e661b2e524eca8a3743","messageTitle":"add new line at the end of the file","messageBody":"","fileTypesAndContributionMap":{"java":{"insertions":3,"deletions":3}}}]}]},"authorFileTypeContributionMap":{"ninijiaying":{"java":153,"md":0,"fxml":0,"sh":0,"bat":0,"gradle":0,"txt":0}},"authorContributionVariance":{"ninijiaying":3473.1404},"authorDisplayNameMap":{"ninijiaying":"NI J..YING"}}
