{"authorDailyContributionsMap":{"JerardSoh":[{"date":"2021-01-18","commitResults":[{"hash":"8ed09d903ba762dcdbe9cda2e4b769b50213edec","messageTitle":"Level 1. Greet, Echo, Exit","messageBody":"","tags":["Level-1"],"fileTypesAndContributionMap":{"java":{"insertions":14,"deletions":6}}},{"hash":"a803509d99f2af02d1da67455ec26f8f7e7fc676","messageTitle":"Level 2. Add, List","messageBody":"","tags":["Level-2"],"fileTypesAndContributionMap":{"java":{"insertions":18,"deletions":4}}},{"hash":"d0160480f63c434125ac4c982be383944474265e","messageTitle":"Level 3. Mark as Done","messageBody":"","tags":["Level-3"],"fileTypesAndContributionMap":{"java":{"insertions":40,"deletions":6}}},{"hash":"0f41598ae51733393996941a777dc0c0baa3ca65","messageTitle":"Level 4. ToDos, Events, Deadlines","messageBody":"","tags":["Level-4","A-TextUiTesting"],"fileTypesAndContributionMap":{"txt":{"insertions":10,"deletions":0},"java":{"insertions":75,"deletions":4},"bat":{"insertions":2,"deletions":2}}}]},{"date":"2021-01-19","commitResults":[{"hash":"e2a6cc77caa483e357ccb06db898a6773b7c6c5c","messageTitle":"Level 5. Handle Errors","messageBody":"","tags":["Level-5"],"fileTypesAndContributionMap":{"java":{"insertions":161,"deletions":49}}},{"hash":"fc1523dbb1debe4e9519f5f64c18e1165f7e2a2b","messageTitle":"Level 6. Delete","messageBody":"","tags":["Level-6"],"fileTypesAndContributionMap":{"txt":{"insertions":4,"deletions":1},"java":{"insertions":29,"deletions":10}}}]},{"date":"2021-01-25","commitResults":[{"hash":"2169cc798b2670d09fc314fc678b7548c36e7420","messageTitle":"Organise code","messageBody":"Organised the code and created Timmy object\n","fileTypesAndContributionMap":{"txt":{"insertions":2,"deletions":1},"java":{"insertions":212,"deletions":175},"bat":{"insertions":2,"deletions":0}}},{"hash":"5e3724dc8fd218e337d3ce49036fb4c3597c92c4","messageTitle":"Add save function","messageBody":"The tasklist of the user is saved onto the harddisk and is able to reload the next time the program is open\n","fileTypesAndContributionMap":{"java":{"insertions":73,"deletions":0}}},{"hash":"d0947aa10704d618967ebc6e52d255921c25a3c6","messageTitle":"Add date and time parser","messageBody":"Timmy is now able to understand date and time formats\n","fileTypesAndContributionMap":{"java":{"insertions":32,"deletions":9}}}]},{"date":"2021-01-26","commitResults":[{"hash":"d1663fa07436bb50a9636af77070207d46a441a7","messageTitle":"Fix bugs","messageBody":"Fixed error when opening program\n","tags":["Level-8","Level-7"],"fileTypesAndContributionMap":{"java":{"insertions":8,"deletions":6}}},{"hash":"b230884e0e7c000e5909ba6c7fcc90b737c04a48","messageTitle":"Use more OOP","messageBody":"Added more OOP classes\n","tags":["A-MoreOOP"],"fileTypesAndContributionMap":{"java":{"insertions":398,"deletions":143}}},{"hash":"fe92bc91449c5758f4f6ebbf8350735799ddd822","messageTitle":"Add JUnit and removed Timmy","messageBody":"added JUnit tests and removed Timmy.java\n","tags":["A-Jar","A-JUnit"],"fileTypesAndContributionMap":{"java":{"insertions":78,"deletions":175}}},{"hash":"4a009be7092b77c2b32b64f7db38d19286c853a1","messageTitle":"Add JavaDoc comments","messageBody":"Added JavaDoc comments to many methods and classes\n","fileTypesAndContributionMap":{"java":{"insertions":195,"deletions":0}}},{"hash":"97d459d248ff63c3bb8bcf7f55e1d8a2eb5ca6d5","messageTitle":"Improve Coding Standard","messageBody":"Added indent lines between methods and after classes\n","fileTypesAndContributionMap":{"java":{"insertions":30,"deletions":1}}},{"hash":"1fcbc37d07a92d65fc070d8d9804c7c74e4f542a","messageTitle":"Add find command","messageBody":"Added a find command to be able to use keywords and find matching tasks in the task list\n","fileTypesAndContributionMap":{"java":{"insertions":54,"deletions":1}}}]},{"date":"2021-01-31","commitResults":[{"hash":"67b2468afeed8be2480bce86af829b329c3ee93a","messageTitle":"Add Gradle, remove DukeTest, reformat code","messageBody":"Added gradle, removed useless duke test and reformatted code\n","tags":["A-Gradle"],"fileTypesAndContributionMap":{"gradle":{"insertions":38,"deletions":0},"java":{"insertions":67,"deletions":56},"bat":{"insertions":89,"deletions":0}}}]},{"date":"2021-02-02","commitResults":[{"hash":"a861b924991629da0749fe2a05ca0c02780744c8","messageTitle":"Add GUI","messageBody":"Added GUI to duke and some additional classes\n","tags":["Level-10"],"fileTypesAndContributionMap":{"gradle":{"insertions":9,"deletions":1},"java":{"insertions":270,"deletions":84}}}]},{"date":"2021-02-07","commitResults":[{"hash":"35e529de8769feab1d0c79a2bc05e34f5eb5f369","messageTitle":"Add packages","messageBody":"Added packages\n","tags":["A-Packages"],"fileTypesAndContributionMap":{"gradle":{"insertions":2,"deletions":1},"java":{"insertions":174,"deletions":80},"bat":{"insertions":1,"deletions":1},"md":{"insertions":2,"deletions":2}}},{"hash":"e180674e62f30fbbafdd0edc6674223f4bb8fbb8","messageTitle":"Improve Code Quality","messageBody":"Improved code and added more methods\n","fileTypesAndContributionMap":{"java":{"insertions":88,"deletions":54}}},{"hash":"4fe07acea2257eb30df45a349613ad108bac9d3d","messageTitle":"Add Assertions","messageBody":"FIxed typos and added assertions\n","fileTypesAndContributionMap":{"java":{"insertions":54,"deletions":55}}}]},{"date":"2021-02-09","commitResults":[{"hash":"997fde2bf71ca845c9a591aa1e53ee021f39869c","messageTitle":"Add Priority","messageBody":"Added priority and fixed bugs and enum\n","tags":["BCD-Extension","A-Enums"],"fileTypesAndContributionMap":{"java":{"insertions":122,"deletions":36}}}]},{"date":"2021-02-16","commitResults":[{"hash":"6fd1bb0b4f16bd2d99675dc2652183dfc74743bc","messageTitle":"Fix bugs","messageBody":"","fileTypesAndContributionMap":{"gradle":{"insertions":2,"deletions":2},"java":{"insertions":75,"deletions":75},"bat":{"insertions":1,"deletions":1},"md":{"insertions":2,"deletions":2}}},{"hash":"d72ae146e47bca2b7ec1c75d91bac5ebc997b16d","messageTitle":"Change Duke and User pic","messageBody":"","fileTypesAndContributionMap":{"java":{"insertions":1,"deletions":0}}},{"hash":"808f4cb4f3f27d9f193f527f29cfd3bde508c7f3","messageTitle":"Add Ui.png and update README.md","messageBody":"","fileTypesAndContributionMap":{"java":{"insertions":4,"deletions":8},"md":{"insertions":114,"deletions":8}}},{"hash":"0919f2a488e2351e249eb18e43a6c8a9a90230a2","messageTitle":"Update README","messageBody":"","fileTypesAndContributionMap":{"md":{"insertions":12,"deletions":5}}},{"hash":"99c8e893215f6c207efada530aeb2cfaa7fa6ea6","messageTitle":"Update README","messageBody":"","tags":["A-UserGuide"],"fileTypesAndContributionMap":{"md":{"insertions":29,"deletions":25}}},{"hash":"1b591f40a11c83a3250c70f80cb3bac70839791f","messageTitle":"Fix bugs","messageBody":"","fileTypesAndContributionMap":{"txt":{"insertions":1,"deletions":0},"java":{"insertions":52,"deletions":41}}}]},{"date":"2021-02-22","commitResults":[{"hash":"8b2bd62515f676d47dd275061531468c7c96d3ba","messageTitle":"Fix bugs","messageBody":"","tags":["A-Release","A-CodeQuality","A-Assertions"],"fileTypesAndContributionMap":{"gradle":{"insertions":8,"deletions":0},"java":{"insertions":5,"deletions":6}}}]}]},"authorFileTypeContributionMap":{"JerardSoh":{"java":1260,"md":116,"fxml":46,"sh":0,"bat":93,"gradle":55,"txt":15}},"authorContributionVariance":{"JerardSoh":44195.836},"authorDisplayNameMap":{"JerardSoh":"CS2103T-W15-4 JERA..N YI"}}
