{"authorDailyContributionsMap":{"CSmortal":[{"date":"2021-01-17","commitResults":[{"hash":"1bb6256baf7bdeb130ed642c169a5166168d6b13","messageTitle":"Level 1 1st change","messageBody":"","tags":["Level-1"],"fileTypesAndContributionMap":{"java":{"insertions":33,"deletions":6}}},{"hash":"2c6c8ad951ee905a7af0262290459d602f05b2d6","messageTitle":"Level 2: 1st change","messageBody":"","tags":["Level-2"],"fileTypesAndContributionMap":{"java":{"insertions":18,"deletions":5}}},{"hash":"203e83631919a99806282675105a5673d34e04d7","messageTitle":"Level 3: 1st change","messageBody":"","fileTypesAndContributionMap":{"java":{"insertions":27,"deletions":5}}}]},{"date":"2021-01-18","commitResults":[{"hash":"91e1cd544fc6ebcc9d792dcaa6598febeab3b097","messageTitle":"added Task.java for level 3","messageBody":"","tags":["A-Classes"],"fileTypesAndContributionMap":{"java":{"insertions":30,"deletions":0}}},{"hash":"9cd259afa319d4391b51e8cfe034d149aa774cbc","messageTitle":"changed Duke.java to work with Task.java: 2nd change to Level 3","messageBody":"","tags":["Level-3"],"fileTypesAndContributionMap":{"java":{"insertions":23,"deletions":16}}},{"hash":"fac31c97a45097074e87b9e7471272569b7c9217","messageTitle":"added Todo.java","messageBody":"","fileTypesAndContributionMap":{"java":{"insertions":26,"deletions":0}}},{"hash":"cf00b8f273a29c8e8b3a667be21cda6a94b67dc7","messageTitle":"added Deadline.java","messageBody":"","fileTypesAndContributionMap":{"java":{"insertions":25,"deletions":1}}},{"hash":"5b226b1bcf56707d57efd1b99d60d96189238111","messageTitle":"added Event.java","messageBody":"","tags":["A-Inheritance"],"fileTypesAndContributionMap":{"java":{"insertions":24,"deletions":1}}},{"hash":"5ad7cdf0bd6a4b7e39d3dcd0c54a043d89890293","messageTitle":"changed Duke.java for Level 4","messageBody":"","tags":["Level-4"],"fileTypesAndContributionMap":{"java":{"insertions":36,"deletions":12}}}]},{"date":"2021-01-20","commitResults":[{"hash":"2d6b1e6c8628097bb2996217d486c0b0d53e4f0d","messageTitle":"added DukeException.java","messageBody":"","tags":["A-Exceptions"],"fileTypesAndContributionMap":{"java":{"insertions":14,"deletions":0}}},{"hash":"33151aaf660982f74f083cefbf773d4f244f4597","messageTitle":"added some error handling","messageBody":"","tags":["Level-5"],"fileTypesAndContributionMap":{"java":{"insertions":105,"deletions":55}}},{"hash":"0b166134aebf341ebbb28b81ee5ffda6f7f76cce","messageTitle":"removed unnecessary println()","messageBody":"","fileTypesAndContributionMap":{"java":{"insertions":3,"deletions":3}}},{"hash":"9f59d7450c3c3a2c363d6588aea217419a85aabc","messageTitle":"changed for Level-6","messageBody":"","tags":["Level-6"],"fileTypesAndContributionMap":{"java":{"insertions":28,"deletions":4}}},{"hash":"5cd1ef150d6f1ab4ac85bab9d636dd01ce7f7999","messageTitle":"minor changes, not important at all","messageBody":"","tags":["A-Collections"],"fileTypesAndContributionMap":{"txt":{"insertions":6,"deletions":0}}}]},{"date":"2021-01-21","commitResults":[{"hash":"939f9ef8714743deb75967518c71f9c08b956a1b","messageTitle":"added DukeCommand enum","messageBody":"","tags":["A-Enums"],"fileTypesAndContributionMap":{"java":{"insertions":9,"deletions":0}}},{"hash":"d1d555b37decf491b7fe3a50e1b7afd44f78f67b","messageTitle":"abstracted most println() in Duke to a logging function","messageBody":"","fileTypesAndContributionMap":{"java":{"insertions":34,"deletions":34}}}]},{"date":"2021-01-25","commitResults":[{"hash":"e3a0e81a7ec203fe6662c11fedcc4f30bb0cadfa","messageTitle":"add save functionality","messageBody":"","fileTypesAndContributionMap":{"java":{"insertions":52,"deletions":5}}},{"hash":"94c0e0112b0d85169d7fa8bb7e9fd54e6322ad6f","messageTitle":"add fileFormat method","messageBody":"","fileTypesAndContributionMap":{"java":{"insertions":15,"deletions":3}}},{"hash":"bcea326b4bf9fa127b7f7c0312d19472ef6db92c","messageTitle":"updated save functionality","messageBody":"","fileTypesAndContributionMap":{"java":{"insertions":110,"deletions":55}}}]},{"date":"2021-01-26","commitResults":[{"hash":"3f6b327b021b6eb8d5ca2acb3f39d7af503c075e","messageTitle":"modify Deadline and Event to store dates as LocalDate instead","messageBody":"","fileTypesAndContributionMap":{"java":{"insertions":23,"deletions":12}}},{"hash":"25ce85e6b93078b068bf02b99b5ebab798775663","messageTitle":"modify Duke.java to work with LocalDate for Deadline and Event","messageBody":"","fileTypesAndContributionMap":{"java":{"insertions":23,"deletions":16}}},{"hash":"6bc5943c5629c317a75ef0cb4407316bc39e72bb","messageTitle":"remove println in Duke\u0027s delete handler","messageBody":"","fileTypesAndContributionMap":{"java":{"insertions":0,"deletions":1}}},{"hash":"d3f657f11a70cbfcfaf10a3c5c04687ab960de94","messageTitle":"manage import statements in Duke","messageBody":"","tags":["Level-8"],"fileTypesAndContributionMap":{"java":{"insertions":19,"deletions":4}}},{"hash":"1ee1bc38e11236a1d6197df08aa59045f68c2b19","messageTitle":"add additional classes for OOP refactoring","messageBody":"","fileTypesAndContributionMap":{"java":{"insertions":356,"deletions":6}}},{"hash":"3c39415e57b07e96d804384f2a8dc80ced939f0c","messageTitle":"update Duke for OOP refactoring","messageBody":"","tags":["A-MoreOOP"],"fileTypesAndContributionMap":{"txt":{"insertions":9,"deletions":4},"java":{"insertions":31,"deletions":243}}},{"hash":"0d2b01181c90379c4aeeb00a9c90b59c2cb954a4","messageTitle":"move all classes into new package","messageBody":"","tags":["A-Packages"],"fileTypesAndContributionMap":{"java":{"insertions":12,"deletions":27},"md":{"insertions":2,"deletions":2}}},{"hash":"05197e0eb8e275512be76dc47413864836739994","messageTitle":"add ParserTest, update Duke and Parser","messageBody":"","tags":["v0.1","A-Jar","A-JUnit"],"fileTypesAndContributionMap":{"java":{"insertions":123,"deletions":55}}}]}]},"authorFileTypeContributionMap":{"CSmortal":{"java":647,"md":2,"fxml":0,"sh":0,"bat":0,"gradle":0,"txt":11}},"authorContributionVariance":{"CSmortal":55879.31},"authorDisplayNameMap":{"CSmortal":"CS2103T-W14-4 JOVE..IONG"}}
