{"authorDailyContributionsMap":{"Jacob-Pang":[{"date":"2021-01-21","commitResults":[{"hash":"37fbc4f48cad5f554ece0dad507cc86e5010bf52","messageTitle":"Level-1: Greet, Echo, Exit","messageBody":"","tags":["Level-1"],"fileTypesAndContributionMap":{"java":{"insertions":30,"deletions":0}}},{"hash":"106160eaeea6a24f5fe0c1ba80b5c9ca73e6c18e","messageTitle":"Level-2: Add, List","messageBody":"","tags":["Level-2"],"fileTypesAndContributionMap":{"java":{"insertions":16,"deletions":4}}},{"hash":"3878024d738386d01f28cc00c00670204a2bf2bc","messageTitle":"Level-3: Mark as Done","messageBody":"","tags":["Level-3"],"fileTypesAndContributionMap":{"java":{"insertions":49,"deletions":10}}},{"hash":"92a9de3dc86ba6183e58e1b55e9dd9eab12a740c","messageTitle":"Level-4: ToDos, Events, Deadlines","messageBody":"","tags":["Level-4"],"fileTypesAndContributionMap":{"java":{"insertions":83,"deletions":14}}},{"hash":"a4caa07f48ad0c2389accbd99d2d243944458f2a","messageTitle":"A-TextUiTesting: Automated Text UI Testing","messageBody":"","tags":["A-TextUiTesting"],"fileTypesAndContributionMap":{"txt":{"insertions":16,"deletions":0},"bat":{"insertions":1,"deletions":0}}},{"hash":"e12fe18f927bab239bbdd92103ea00e081217201","messageTitle":"Level-5: Handle Errors","messageBody":"","tags":["Level-5"],"fileTypesAndContributionMap":{"java":{"insertions":63,"deletions":51}}},{"hash":"d4c57f9a751f5682660b708fd511d80ed628d0c1","messageTitle":"Level-6: Delete","messageBody":"","tags":["Level-6","A-Enums"],"fileTypesAndContributionMap":{"txt":{"insertions":12,"deletions":4},"java":{"insertions":18,"deletions":2}}}]},{"date":"2021-01-25","commitResults":[{"hash":"1748a4d8d3d30fe5c96a5fe3e8e076e3b08ca2e8","messageTitle":"Level-7: Save","messageBody":"","tags":["Level-7"],"fileTypesAndContributionMap":{"txt":{"insertions":4,"deletions":0},"java":{"insertions":120,"deletions":10}}},{"hash":"76364cf2218460fac9ca7bb015e7b1cd7b5a26bd","messageTitle":"Level-7: Save","messageBody":"","fileTypesAndContributionMap":{"java":{"insertions":7,"deletions":2}}}]},{"date":"2021-01-26","commitResults":[{"hash":"c6d1a11f5a98feb24095c300078fb754d942502e","messageTitle":"Level-8: Dates and Times","messageBody":"","tags":["Level-8"],"fileTypesAndContributionMap":{"txt":{"insertions":0,"deletions":4},"java":{"insertions":261,"deletions":199}}},{"hash":"26af6d59589b7dd4b5c73e2faad86efa1d126ad0","messageTitle":"UpdateOOP","messageBody":"","fileTypesAndContributionMap":{"txt":{"insertions":2,"deletions":0},"java":{"insertions":378,"deletions":273}}},{"hash":"e3ae6169a412acaf123598f2ee85ef3320b5dc5a","messageTitle":"A-MoreOOP: More OOP","messageBody":"","tags":["A-MoreOOP"],"fileTypesAndContributionMap":{"java":{"insertions":11,"deletions":0}}},{"hash":"3cce21162d20fc0d64b235599f2de2bb2d1ca37e","messageTitle":"A-Packages: Divide into Packages","messageBody":"","tags":["A-Packages"],"fileTypesAndContributionMap":{"java":{"insertions":24,"deletions":0}}}]},{"date":"2021-01-29","commitResults":[{"hash":"3f20e3f2397f5be8dfbbc1b2acb283588f1c48b5","messageTitle":"A-JUnit: Add JUnit Tests","messageBody":"","tags":["A-JUnit"],"fileTypesAndContributionMap":{"txt":{"insertions":0,"deletions":2},"java":{"insertions":100,"deletions":14},"bat":{"insertions":2,"deletions":2}}},{"hash":"672e8cdf5f5941a811ebef36dd489c7b26810c34","messageTitle":"A-CodingStandard","messageBody":"","tags":["A-CodingStandard"],"fileTypesAndContributionMap":{"txt":{"insertions":0,"deletions":0},"java":{"insertions":106,"deletions":59}}}]},{"date":"2021-01-30","commitResults":[{"hash":"001c21a5dd0af1bd9289fe4c44e0b2a906a00e7f","messageTitle":"A-CodingStandards","messageBody":"","fileTypesAndContributionMap":{"java":{"insertions":11,"deletions":9}}},{"hash":"360aac33e2ae753dfdf932f31cc99ac5f81121fc","messageTitle":"A-Javadoc: Add Javadoc Comments","messageBody":"","tags":["A-Javadoc"],"fileTypesAndContributionMap":{"java":{"insertions":86,"deletions":2}}},{"hash":"aacff2aeaacf44214dbf9a8e82b873e0d1dafa8d","messageTitle":"A-Jar: Added Jar File","messageBody":"","fileTypesAndContributionMap":{"java":{"insertions":4,"deletions":0}}},{"hash":"cc570116b0f3b1e8d5fc8f4fe7e189ad17487313","messageTitle":"A-Jar: Added Jar File","messageBody":"","fileTypesAndContributionMap":{"java":{"insertions":4,"deletions":0}}},{"hash":"a42fbb40c8c2520ebe75c2037f3f17bdd2d2b129","messageTitle":"Level-9: FInd","messageBody":"","tags":["Level-9"],"fileTypesAndContributionMap":{"java":{"insertions":35,"deletions":17}}}]},{"date":"2021-02-01","commitResults":[{"hash":"c4551e81ba439df75ea672af4970b62702cb596e","messageTitle":"A-Gradle: Use Gradle","messageBody":"","tags":["A-Gradle"],"fileTypesAndContributionMap":{"gradle":{"insertions":47,"deletions":0},"txt":{"insertions":0,"deletions":0},"bat":{"insertions":103,"deletions":0}}},{"hash":"2f9631a7abd6e0acfa13c7d8039949d3c89673ea","messageTitle":"A-CheckStyle: \"Use CheckStyle\"","messageBody":"","tags":["A-CheckStyle"],"fileTypesAndContributionMap":{"java":{"insertions":98,"deletions":79}}},{"hash":"8af0f7359581c3701519d38394bd5fa1b9d7ce8c","messageTitle":"A-JavaFx: \"Build javafx\"","messageBody":"","tags":["A-JavaFx"],"fileTypesAndContributionMap":{"gradle":{"insertions":14,"deletions":0},"java":{"insertions":10,"deletions":4}}}]},{"date":"2021-02-02","commitResults":[{"hash":"420f807f1d571bcb3ead27ef8466c5ffea35a5db","messageTitle":"Level-10: GUI","messageBody":"","tags":["Level-10"],"fileTypesAndContributionMap":{"java":{"insertions":415,"deletions":305}}}]},{"date":"2021-02-06","commitResults":[{"hash":"af7483bb7e693ba5e9c20000c848fe792f86e473","messageTitle":"A-GUI: Added FXML Loader","messageBody":"","fileTypesAndContributionMap":{"txt":{"insertions":0,"deletions":0},"java":{"insertions":171,"deletions":175}}},{"hash":"8805a7f7c8d1b23250188f6dd0b53fb9c4bfeb27","messageTitle":"A-Assertions: Added assert directory for Database","messageBody":"","tags":["A-Assertions"],"fileTypesAndContributionMap":{"java":{"insertions":3,"deletions":3}}}]},{"date":"2021-02-07","commitResults":[{"hash":"541a3b761b6662260cd90254a0a7ebdd8b4cf06e","messageTitle":"A-CodeQuality: Added More Javadoc \u0026 Changed Naming","messageBody":"","tags":["A-CodeQuality"],"fileTypesAndContributionMap":{"java":{"insertions":123,"deletions":26}}},{"hash":"f380e1616e0f5f5d567254951c25815db8621860","messageTitle":"C-FlexibleDataSource: Added /read_from command","messageBody":"","tags":["C-FlexibleDataSource"],"fileTypesAndContributionMap":{"java":{"insertions":125,"deletions":102}}},{"hash":"c8df9344cc6d4478f829ec84889a2a376ad8789c","messageTitle":"Level-10: GUI","messageBody":"","fileTypesAndContributionMap":{"java":{"insertions":7,"deletions":0}}},{"hash":"ac9de168c40e9dbbfae654cbd252499d9dc270f5","messageTitle":"A-CodingStandard","messageBody":"","fileTypesAndContributionMap":{"java":{"insertions":5,"deletions":0}}}]},{"date":"2021-02-12","commitResults":[{"hash":"2e84f4c46f2ebd4b87ff2d35d0275afa4c7ec156","messageTitle":"BCD-Extension: C-FlexibleDataSource","messageBody":"","tags":["BCD-Extension"],"fileTypesAndContributionMap":{"java":{"insertions":3,"deletions":0}}}]},{"date":"2021-02-17","commitResults":[{"hash":"286c1ae03e545248f5ff2696bbbc77fe8c558bd5","messageTitle":"A-UserGuide: Added User Guide and Ui","messageBody":"","tags":["A-UserGuide"],"fileTypesAndContributionMap":{"txt":{"insertions":2,"deletions":0},"java":{"insertions":7,"deletions":3},"md":{"insertions":112,"deletions":9}}},{"hash":"0436b568467ff93631c00a29bdb1b87ef3600452","messageTitle":"A-UserGuide:  Amended Readme and Added Jar","messageBody":"","tags":["A-Release"],"fileTypesAndContributionMap":{"gradle":{"insertions":1,"deletions":1},"txt":{"insertions":0,"deletions":0},"java":{"insertions":8,"deletions":8},"md":{"insertions":12,"deletions":6}}}]}]},"authorFileTypeContributionMap":{"Jacob-Pang":{"java":1020,"md":118,"fxml":35,"sh":0,"bat":106,"gradle":61,"txt":26}},"authorContributionVariance":{"Jacob-Pang":55249.414},"authorDisplayNameMap":{"Jacob-Pang":"CS2103-W17-2 PANG..ACOB"}}
