[{"path":"src/main/java/Deadline.java","fileType":"java","lines":[{"lineNumber":1,"author":{"gitId":"nicholastanvis"},"content":"public class Deadline extends Task {"},{"lineNumber":2,"author":{"gitId":"nicholastanvis"},"content":"    private String timestamp;"},{"lineNumber":3,"author":{"gitId":"nicholastanvis"},"content":""},{"lineNumber":4,"author":{"gitId":"nicholastanvis"},"content":"    public Deadline(String n, String t) {"},{"lineNumber":5,"author":{"gitId":"nicholastanvis"},"content":"        isDone \u003d false;"},{"lineNumber":6,"author":{"gitId":"nicholastanvis"},"content":"        name \u003d n;"},{"lineNumber":7,"author":{"gitId":"nicholastanvis"},"content":"        timestamp \u003d t;"},{"lineNumber":8,"author":{"gitId":"nicholastanvis"},"content":"    }"},{"lineNumber":9,"author":{"gitId":"nicholastanvis"},"content":""},{"lineNumber":10,"author":{"gitId":"nicholastanvis"},"content":"    @Override"},{"lineNumber":11,"author":{"gitId":"nicholastanvis"},"content":"    public String toString() {"},{"lineNumber":12,"author":{"gitId":"nicholastanvis"},"content":"        return (isDone ? \"[X]\" : \"[ ]\")"},{"lineNumber":13,"author":{"gitId":"nicholastanvis"},"content":"                + \" Deadline: \""},{"lineNumber":14,"author":{"gitId":"nicholastanvis"},"content":"                + name"},{"lineNumber":15,"author":{"gitId":"nicholastanvis"},"content":"                + \" by \""},{"lineNumber":16,"author":{"gitId":"nicholastanvis"},"content":"                + timestamp;"},{"lineNumber":17,"author":{"gitId":"nicholastanvis"},"content":"    }"},{"lineNumber":18,"author":{"gitId":"nicholastanvis"},"content":"}"}],"authorContributionMap":{"nicholastanvis":18}},{"path":"src/main/java/Duke.java","fileType":"java","lines":[{"lineNumber":1,"author":{"gitId":"nicholastanvis"},"content":"import java.util.ArrayList;"},{"lineNumber":2,"author":{"gitId":"nicholastanvis"},"content":"import java.util.Arrays;"},{"lineNumber":3,"author":{"gitId":"nicholastanvis"},"content":"import java.util.Scanner;"},{"lineNumber":4,"author":{"gitId":"nicholastanvis"},"content":""},{"lineNumber":5,"author":{"gitId":"-"},"content":"public class Duke {"},{"lineNumber":6,"author":{"gitId":"nicholastanvis"},"content":"    public static ArrayList\u003cTask\u003e tasks \u003d new ArrayList\u003c\u003e();"},{"lineNumber":7,"author":{"gitId":"nicholastanvis"},"content":"    public static String GREETING \u003d \"Hi, I am Sonia! How can I help you?\";"},{"lineNumber":8,"author":{"gitId":"nicholastanvis"},"content":"    public static String CLOSING \u003d \"Goodbye!\";"},{"lineNumber":9,"author":{"gitId":"nicholastanvis"},"content":""},{"lineNumber":10,"author":{"gitId":"nicholastanvis"},"content":"    public static void terminate() {"},{"lineNumber":11,"author":{"gitId":"nicholastanvis"},"content":"        echo(CLOSING);"},{"lineNumber":12,"author":{"gitId":"nicholastanvis"},"content":"        System.exit(0);"},{"lineNumber":13,"author":{"gitId":"nicholastanvis"},"content":"    }"},{"lineNumber":14,"author":{"gitId":"nicholastanvis"},"content":""},{"lineNumber":15,"author":{"gitId":"nicholastanvis"},"content":"    public static void addTodo(String[] args) throws DukeInvalidArgumentException {"},{"lineNumber":16,"author":{"gitId":"nicholastanvis"},"content":"        String task \u003d String.join(\" \", args);"},{"lineNumber":17,"author":{"gitId":"nicholastanvis"},"content":"        if (task.length() \u003d\u003d 0) throw new DukeInvalidArgumentException();"},{"lineNumber":18,"author":{"gitId":"nicholastanvis"},"content":""},{"lineNumber":19,"author":{"gitId":"nicholastanvis"},"content":"        Task t \u003d new Todo(task);"},{"lineNumber":20,"author":{"gitId":"nicholastanvis"},"content":"        tasks.add(t);"},{"lineNumber":21,"author":{"gitId":"nicholastanvis"},"content":""},{"lineNumber":22,"author":{"gitId":"nicholastanvis"},"content":"        echo(\"I added this to-do to the task list!\");"},{"lineNumber":23,"author":{"gitId":"nicholastanvis"},"content":"        System.out.println(\"   \" + t);"},{"lineNumber":24,"author":{"gitId":"nicholastanvis"},"content":"    }"},{"lineNumber":25,"author":{"gitId":"nicholastanvis"},"content":""},{"lineNumber":26,"author":{"gitId":"nicholastanvis"},"content":"    public static void addDeadline(String[] args) throws DukeInvalidArgumentException {"},{"lineNumber":27,"author":{"gitId":"nicholastanvis"},"content":"        String input \u003d String.join(\" \", args);"},{"lineNumber":28,"author":{"gitId":"nicholastanvis"},"content":"        String[] pair \u003d input.split(\" /by \");"},{"lineNumber":29,"author":{"gitId":"nicholastanvis"},"content":"        if (pair.length !\u003d 2) throw new DukeInvalidArgumentException();"},{"lineNumber":30,"author":{"gitId":"nicholastanvis"},"content":""},{"lineNumber":31,"author":{"gitId":"nicholastanvis"},"content":"        String name \u003d pair[0];"},{"lineNumber":32,"author":{"gitId":"nicholastanvis"},"content":"        String timestamp \u003d pair[1];"},{"lineNumber":33,"author":{"gitId":"nicholastanvis"},"content":"        if (name.length() * timestamp.length() \u003d\u003d 0) throw new DukeInvalidArgumentException();"},{"lineNumber":34,"author":{"gitId":"nicholastanvis"},"content":""},{"lineNumber":35,"author":{"gitId":"nicholastanvis"},"content":"        Task t \u003d new Deadline(name, timestamp);"},{"lineNumber":36,"author":{"gitId":"nicholastanvis"},"content":"        tasks.add(t);"},{"lineNumber":37,"author":{"gitId":"nicholastanvis"},"content":""},{"lineNumber":38,"author":{"gitId":"nicholastanvis"},"content":"        echo(\"I added this deadline to the task list!\");"},{"lineNumber":39,"author":{"gitId":"nicholastanvis"},"content":"        System.out.println(\"   \" + t);"},{"lineNumber":40,"author":{"gitId":"nicholastanvis"},"content":"    }"},{"lineNumber":41,"author":{"gitId":"nicholastanvis"},"content":""},{"lineNumber":42,"author":{"gitId":"nicholastanvis"},"content":"    public static void addEvent(String[] args) throws DukeInvalidArgumentException {"},{"lineNumber":43,"author":{"gitId":"nicholastanvis"},"content":"        String input \u003d String.join(\" \", args);"},{"lineNumber":44,"author":{"gitId":"nicholastanvis"},"content":"        String[] pair \u003d input.split(\" /at \");"},{"lineNumber":45,"author":{"gitId":"nicholastanvis"},"content":"        if (pair.length !\u003d 2) throw new DukeInvalidArgumentException();"},{"lineNumber":46,"author":{"gitId":"nicholastanvis"},"content":""},{"lineNumber":47,"author":{"gitId":"nicholastanvis"},"content":"        String name \u003d pair[0];"},{"lineNumber":48,"author":{"gitId":"nicholastanvis"},"content":"        String timestamp \u003d pair[1];"},{"lineNumber":49,"author":{"gitId":"nicholastanvis"},"content":"        if (name.length() * timestamp.length() \u003d\u003d 0) throw new DukeInvalidArgumentException();"},{"lineNumber":50,"author":{"gitId":"nicholastanvis"},"content":""},{"lineNumber":51,"author":{"gitId":"nicholastanvis"},"content":"        Task t \u003d new Event(name, timestamp);"},{"lineNumber":52,"author":{"gitId":"nicholastanvis"},"content":"        tasks.add(t);"},{"lineNumber":53,"author":{"gitId":"nicholastanvis"},"content":""},{"lineNumber":54,"author":{"gitId":"nicholastanvis"},"content":"        echo(\"I added this event to the task list!\");"},{"lineNumber":55,"author":{"gitId":"nicholastanvis"},"content":"        System.out.println(\"   \" + t);"},{"lineNumber":56,"author":{"gitId":"nicholastanvis"},"content":"    }"},{"lineNumber":57,"author":{"gitId":"nicholastanvis"},"content":""},{"lineNumber":58,"author":{"gitId":"nicholastanvis"},"content":"    public static void showTasks() {"},{"lineNumber":59,"author":{"gitId":"nicholastanvis"},"content":"        echo(\"Here are your tasks!\");"},{"lineNumber":60,"author":{"gitId":"nicholastanvis"},"content":"        if (tasks.size() \u003e 0) {"},{"lineNumber":61,"author":{"gitId":"nicholastanvis"},"content":"            for (int i \u003d 1; i \u003c\u003d tasks.size(); i++) {"},{"lineNumber":62,"author":{"gitId":"nicholastanvis"},"content":"                System.out.println(\"   \" + i + \": \" + tasks.get(i - 1));"},{"lineNumber":63,"author":{"gitId":"nicholastanvis"},"content":"            }"},{"lineNumber":64,"author":{"gitId":"nicholastanvis"},"content":"        } else {"},{"lineNumber":65,"author":{"gitId":"nicholastanvis"},"content":"            System.out.println(\"   Looks like you haven\u0027t added any tasks.\");"},{"lineNumber":66,"author":{"gitId":"nicholastanvis"},"content":"        }"},{"lineNumber":67,"author":{"gitId":"nicholastanvis"},"content":"    }"},{"lineNumber":68,"author":{"gitId":"nicholastanvis"},"content":""},{"lineNumber":69,"author":{"gitId":"nicholastanvis"},"content":"    public static void completeTask(int id) {"},{"lineNumber":70,"author":{"gitId":"nicholastanvis"},"content":"        Task t \u003d tasks.get(id - 1);"},{"lineNumber":71,"author":{"gitId":"nicholastanvis"},"content":"        t.markAsDone();"},{"lineNumber":72,"author":{"gitId":"nicholastanvis"},"content":"        echo(\"I marked the following task as done!\");"},{"lineNumber":73,"author":{"gitId":"nicholastanvis"},"content":"        System.out.println(\"   \" + t);"},{"lineNumber":74,"author":{"gitId":"nicholastanvis"},"content":"    }"},{"lineNumber":75,"author":{"gitId":"nicholastanvis"},"content":""},{"lineNumber":76,"author":{"gitId":"nicholastanvis"},"content":"    public static void deleteTask(int id) {"},{"lineNumber":77,"author":{"gitId":"nicholastanvis"},"content":"        Task t \u003d tasks.get(id - 1);"},{"lineNumber":78,"author":{"gitId":"nicholastanvis"},"content":"        tasks.remove(id - 1);"},{"lineNumber":79,"author":{"gitId":"nicholastanvis"},"content":"        echo(\"I deleted the following task!\");"},{"lineNumber":80,"author":{"gitId":"nicholastanvis"},"content":"        System.out.println(\"   \" + t);"},{"lineNumber":81,"author":{"gitId":"nicholastanvis"},"content":"    }"},{"lineNumber":82,"author":{"gitId":"nicholastanvis"},"content":""},{"lineNumber":83,"author":{"gitId":"nicholastanvis"},"content":"    public static void parse(String[] input) throws DukeInvalidCommandException, DukeInvalidArgumentException {"},{"lineNumber":84,"author":{"gitId":"nicholastanvis"},"content":"        String command \u003d input[0];"},{"lineNumber":85,"author":{"gitId":"nicholastanvis"},"content":"        String[] args \u003d Arrays.copyOfRange(input, 1, input.length);"},{"lineNumber":86,"author":{"gitId":"nicholastanvis"},"content":""},{"lineNumber":87,"author":{"gitId":"nicholastanvis"},"content":"        if (command.equals(\"bye\")) {"},{"lineNumber":88,"author":{"gitId":"nicholastanvis"},"content":"            terminate();"},{"lineNumber":89,"author":{"gitId":"nicholastanvis"},"content":"        } else if (command.equals(\"list\")) {"},{"lineNumber":90,"author":{"gitId":"nicholastanvis"},"content":"            showTasks();"},{"lineNumber":91,"author":{"gitId":"nicholastanvis"},"content":"        } else if (command.equals(\"done\")) {"},{"lineNumber":92,"author":{"gitId":"nicholastanvis"},"content":"            int id \u003d Integer.parseInt(input[1]);"},{"lineNumber":93,"author":{"gitId":"nicholastanvis"},"content":"            completeTask(id);"},{"lineNumber":94,"author":{"gitId":"nicholastanvis"},"content":"        } else if (command.equals(\"todo\")) {"},{"lineNumber":95,"author":{"gitId":"nicholastanvis"},"content":"            addTodo(args);"},{"lineNumber":96,"author":{"gitId":"nicholastanvis"},"content":"        } else if (command.equals(\"deadline\")) {"},{"lineNumber":97,"author":{"gitId":"nicholastanvis"},"content":"            addDeadline(args);"},{"lineNumber":98,"author":{"gitId":"nicholastanvis"},"content":"        } else if (command.equals(\"event\")) {"},{"lineNumber":99,"author":{"gitId":"nicholastanvis"},"content":"            addEvent(args);"},{"lineNumber":100,"author":{"gitId":"nicholastanvis"},"content":"        } else if (command.equals(\"delete\")) {"},{"lineNumber":101,"author":{"gitId":"nicholastanvis"},"content":"            int id \u003d Integer.parseInt(input[1]);"},{"lineNumber":102,"author":{"gitId":"nicholastanvis"},"content":"            deleteTask(id);"},{"lineNumber":103,"author":{"gitId":"nicholastanvis"},"content":"        } else {"},{"lineNumber":104,"author":{"gitId":"nicholastanvis"},"content":"            throw new DukeInvalidCommandException();"},{"lineNumber":105,"author":{"gitId":"nicholastanvis"},"content":"        }"},{"lineNumber":106,"author":{"gitId":"nicholastanvis"},"content":"    }"},{"lineNumber":107,"author":{"gitId":"nicholastanvis"},"content":""},{"lineNumber":108,"author":{"gitId":"nicholastanvis"},"content":"    public static void echo(String message) {"},{"lineNumber":109,"author":{"gitId":"nicholastanvis"},"content":"        System.out.println(\"Sonia: \" + message);"},{"lineNumber":110,"author":{"gitId":"nicholastanvis"},"content":"    }"},{"lineNumber":111,"author":{"gitId":"nicholastanvis"},"content":""},{"lineNumber":112,"author":{"gitId":"nicholastanvis"},"content":"    public static void prompt() {"},{"lineNumber":113,"author":{"gitId":"nicholastanvis"},"content":"        System.out.print(\"You: \");"},{"lineNumber":114,"author":{"gitId":"nicholastanvis"},"content":"        Scanner sc \u003d new Scanner(System.in);"},{"lineNumber":115,"author":{"gitId":"nicholastanvis"},"content":"        while (sc.hasNextLine()) {"},{"lineNumber":116,"author":{"gitId":"nicholastanvis"},"content":"            String[] input \u003d sc.nextLine().split(\" \");"},{"lineNumber":117,"author":{"gitId":"nicholastanvis"},"content":""},{"lineNumber":118,"author":{"gitId":"nicholastanvis"},"content":"            try {"},{"lineNumber":119,"author":{"gitId":"nicholastanvis"},"content":"                parse(input);"},{"lineNumber":120,"author":{"gitId":"nicholastanvis"},"content":"            } catch (DukeException e) {"},{"lineNumber":121,"author":{"gitId":"nicholastanvis"},"content":"                echo(e.toString());"},{"lineNumber":122,"author":{"gitId":"nicholastanvis"},"content":"            }"},{"lineNumber":123,"author":{"gitId":"nicholastanvis"},"content":""},{"lineNumber":124,"author":{"gitId":"nicholastanvis"},"content":"            System.out.print(\"You: \");"},{"lineNumber":125,"author":{"gitId":"nicholastanvis"},"content":"        }"},{"lineNumber":126,"author":{"gitId":"nicholastanvis"},"content":"    }"},{"lineNumber":127,"author":{"gitId":"nicholastanvis"},"content":""},{"lineNumber":128,"author":{"gitId":"-"},"content":"    public static void main(String[] args) {"},{"lineNumber":129,"author":{"gitId":"nicholastanvis"},"content":"        echo(GREETING);"},{"lineNumber":130,"author":{"gitId":"nicholastanvis"},"content":"        prompt();"},{"lineNumber":131,"author":{"gitId":"-"},"content":"    }"},{"lineNumber":132,"author":{"gitId":"-"},"content":"}"}],"authorContributionMap":{"nicholastanvis":128,"-":4}},{"path":"src/main/java/DukeException.java","fileType":"java","lines":[{"lineNumber":1,"author":{"gitId":"nicholastanvis"},"content":"public class DukeException extends Exception {}"}],"authorContributionMap":{"nicholastanvis":1}},{"path":"src/main/java/DukeInvalidArgumentException.java","fileType":"java","lines":[{"lineNumber":1,"author":{"gitId":"nicholastanvis"},"content":"public class DukeInvalidArgumentException extends DukeException {"},{"lineNumber":2,"author":{"gitId":"nicholastanvis"},"content":"    @Override"},{"lineNumber":3,"author":{"gitId":"nicholastanvis"},"content":"    public String toString() {"},{"lineNumber":4,"author":{"gitId":"nicholastanvis"},"content":"        return \"Sorry, you have supplied invalid arguments!\";"},{"lineNumber":5,"author":{"gitId":"nicholastanvis"},"content":"    }"},{"lineNumber":6,"author":{"gitId":"nicholastanvis"},"content":"}"}],"authorContributionMap":{"nicholastanvis":6}},{"path":"src/main/java/DukeInvalidCommandException.java","fileType":"java","lines":[{"lineNumber":1,"author":{"gitId":"nicholastanvis"},"content":"public class DukeInvalidCommandException extends DukeException {"},{"lineNumber":2,"author":{"gitId":"nicholastanvis"},"content":"    @Override"},{"lineNumber":3,"author":{"gitId":"nicholastanvis"},"content":"    public String toString() {"},{"lineNumber":4,"author":{"gitId":"nicholastanvis"},"content":"        return \"Sorry, I don\u0027t understand the command!\";"},{"lineNumber":5,"author":{"gitId":"nicholastanvis"},"content":"    }"},{"lineNumber":6,"author":{"gitId":"nicholastanvis"},"content":"}"}],"authorContributionMap":{"nicholastanvis":6}},{"path":"src/main/java/Event.java","fileType":"java","lines":[{"lineNumber":1,"author":{"gitId":"nicholastanvis"},"content":"public class Event extends Task {"},{"lineNumber":2,"author":{"gitId":"nicholastanvis"},"content":"    private String timestamp;"},{"lineNumber":3,"author":{"gitId":"nicholastanvis"},"content":""},{"lineNumber":4,"author":{"gitId":"nicholastanvis"},"content":"    public Event(String n, String t) {"},{"lineNumber":5,"author":{"gitId":"nicholastanvis"},"content":"        isDone \u003d false;"},{"lineNumber":6,"author":{"gitId":"nicholastanvis"},"content":"        name \u003d n;"},{"lineNumber":7,"author":{"gitId":"nicholastanvis"},"content":"        timestamp \u003d t;"},{"lineNumber":8,"author":{"gitId":"nicholastanvis"},"content":"    }"},{"lineNumber":9,"author":{"gitId":"nicholastanvis"},"content":""},{"lineNumber":10,"author":{"gitId":"nicholastanvis"},"content":"    @Override"},{"lineNumber":11,"author":{"gitId":"nicholastanvis"},"content":"    public String toString() {"},{"lineNumber":12,"author":{"gitId":"nicholastanvis"},"content":"        return (isDone ? \"[X]\" : \"[ ]\")"},{"lineNumber":13,"author":{"gitId":"nicholastanvis"},"content":"                + \" Event: \""},{"lineNumber":14,"author":{"gitId":"nicholastanvis"},"content":"                + name"},{"lineNumber":15,"author":{"gitId":"nicholastanvis"},"content":"                + \" by \""},{"lineNumber":16,"author":{"gitId":"nicholastanvis"},"content":"                + timestamp;"},{"lineNumber":17,"author":{"gitId":"nicholastanvis"},"content":"    }"},{"lineNumber":18,"author":{"gitId":"nicholastanvis"},"content":"}"}],"authorContributionMap":{"nicholastanvis":18}},{"path":"src/main/java/Task.java","fileType":"java","lines":[{"lineNumber":1,"author":{"gitId":"nicholastanvis"},"content":"abstract public class Task {"},{"lineNumber":2,"author":{"gitId":"nicholastanvis"},"content":"    protected boolean isDone;"},{"lineNumber":3,"author":{"gitId":"nicholastanvis"},"content":"    protected String name;"},{"lineNumber":4,"author":{"gitId":"nicholastanvis"},"content":""},{"lineNumber":5,"author":{"gitId":"nicholastanvis"},"content":"    public void markAsDone() {"},{"lineNumber":6,"author":{"gitId":"nicholastanvis"},"content":"        isDone \u003d true;"},{"lineNumber":7,"author":{"gitId":"nicholastanvis"},"content":"    }"},{"lineNumber":8,"author":{"gitId":"nicholastanvis"},"content":"}"}],"authorContributionMap":{"nicholastanvis":8}},{"path":"src/main/java/Todo.java","fileType":"java","lines":[{"lineNumber":1,"author":{"gitId":"nicholastanvis"},"content":"public class Todo extends Task {"},{"lineNumber":2,"author":{"gitId":"nicholastanvis"},"content":"    public Todo(String n) {"},{"lineNumber":3,"author":{"gitId":"nicholastanvis"},"content":"        isDone \u003d false;"},{"lineNumber":4,"author":{"gitId":"nicholastanvis"},"content":"        name \u003d n;"},{"lineNumber":5,"author":{"gitId":"nicholastanvis"},"content":"    }"},{"lineNumber":6,"author":{"gitId":"nicholastanvis"},"content":""},{"lineNumber":7,"author":{"gitId":"nicholastanvis"},"content":"    @Override"},{"lineNumber":8,"author":{"gitId":"nicholastanvis"},"content":"    public String toString() {"},{"lineNumber":9,"author":{"gitId":"nicholastanvis"},"content":"        return (isDone ? \"[X]\" : \"[ ]\")"},{"lineNumber":10,"author":{"gitId":"nicholastanvis"},"content":"             + \" Todo: \""},{"lineNumber":11,"author":{"gitId":"nicholastanvis"},"content":"             + name;"},{"lineNumber":12,"author":{"gitId":"nicholastanvis"},"content":"    }"},{"lineNumber":13,"author":{"gitId":"nicholastanvis"},"content":"}"}],"authorContributionMap":{"nicholastanvis":13}},{"path":"text-ui-test/input.txt","fileType":"txt","lines":[{"lineNumber":1,"author":{"gitId":"nicholastanvis"},"content":"list"},{"lineNumber":2,"author":{"gitId":"nicholastanvis"},"content":"todo a"},{"lineNumber":3,"author":{"gitId":"nicholastanvis"},"content":"list"},{"lineNumber":4,"author":{"gitId":"nicholastanvis"},"content":"deadline b /by c"},{"lineNumber":5,"author":{"gitId":"nicholastanvis"},"content":"deadline d /by e"},{"lineNumber":6,"author":{"gitId":"nicholastanvis"},"content":"done 2"},{"lineNumber":7,"author":{"gitId":"nicholastanvis"},"content":"list"},{"lineNumber":8,"author":{"gitId":"nicholastanvis"},"content":"event f /at g"},{"lineNumber":9,"author":{"gitId":"nicholastanvis"},"content":"event h /at i"},{"lineNumber":10,"author":{"gitId":"nicholastanvis"},"content":"done 3"},{"lineNumber":11,"author":{"gitId":"nicholastanvis"},"content":"list"},{"lineNumber":12,"author":{"gitId":"nicholastanvis"},"content":"bye"}],"authorContributionMap":{"nicholastanvis":12}}]
