{"authorDailyContributionsMap":{"nicholastanvis":[{"date":"2021-01-15","commitResults":[{"hash":"ceac4510a88717a6867ddeb7efc453f750369dd7","messageTitle":"feat(Duke): implement chatbot skeleton","messageBody":"","tags":["Level-1"],"fileTypesAndContributionMap":{"java":{"insertions":28,"deletions":6}}},{"hash":"4b9eb079937f8e0c796d032a0b2af7485d549875","messageTitle":"feat(Duke): implement non-persistent storage for texts","messageBody":"BREAKING CHANGE: no longer echo commands\n","tags":["Level-2"],"fileTypesAndContributionMap":{"java":{"insertions":17,"deletions":1}}}]},{"date":"2021-01-16","commitResults":[{"hash":"896281f54cb38e34d8ff2175211d12c350a7425e","messageTitle":"refactor: move tasks to a separate class","messageBody":"","fileTypesAndContributionMap":{"java":{"insertions":18,"deletions":0}}},{"hash":"9e8b82006a11d205fe85105b01ad4003191d031e","messageTitle":"refactor(Duke): improve command parsing","messageBody":"","fileTypesAndContributionMap":{"java":{"insertions":32,"deletions":20}}},{"hash":"87f0f34ac549550b9569b5c33d3a7bb0480b70f9","messageTitle":"refactor(Duke): wrap tasks in a class","messageBody":"","fileTypesAndContributionMap":{"java":{"insertions":3,"deletions":2}}},{"hash":"d6113b79285e4c6986222eee16487c7fd785f75d","messageTitle":"feat(Duke): implement task completion","messageBody":"","tags":["Level-3"],"fileTypesAndContributionMap":{"java":{"insertions":10,"deletions":0}}},{"hash":"9eb4b491c206042979721a7400b9b3f8cb382bed","messageTitle":"refactor(Duke): remove adding tasks feature","messageBody":"BREAKING CHANGE: tasks can no longer be added in a catch-all manner\n","fileTypesAndContributionMap":{"java":{"insertions":0,"deletions":9}}}]},{"date":"2021-01-17","commitResults":[{"hash":"557091b8c1c6e1ea01c6fd11ab1c0cc52ab0480a","messageTitle":"feat(Task): add subclass for to-dos","messageBody":"","fileTypesAndContributionMap":{"java":{"insertions":16,"deletions":13}}},{"hash":"0488e43dd0f4d00be31e2724c2c47f6f290c72c9","messageTitle":"feat(Duke): add support for to-dos","messageBody":"","fileTypesAndContributionMap":{"java":{"insertions":12,"deletions":0}}},{"hash":"de2cc68b46ad8b15b22572dd0154b5d8f03713ef","messageTitle":"feat(Duke): add support for deadlines","messageBody":"","fileTypesAndContributionMap":{"java":{"insertions":31,"deletions":0}}},{"hash":"f11ed80d67ac508adef1085032ba36b88f7368b0","messageTitle":"feat(Duke): add support for events","messageBody":"","fileTypesAndContributionMap":{"java":{"insertions":31,"deletions":0}}},{"hash":"f07db0fa7a6334b0d3979e8ea22a079f756777fa","messageTitle":"style(Duke): add whitespace","messageBody":"","fileTypesAndContributionMap":{"java":{"insertions":6,"deletions":0}}},{"hash":"c0d022c5ce4c590df897c7bb652c38d202427ea4","messageTitle":"refactor(Duke): modify confirmation message after adding tasks","messageBody":"","tags":["Level-4"],"fileTypesAndContributionMap":{"java":{"insertions":3,"deletions":3}}},{"hash":"471b08de3f7298449d55302324c1b7f0026d480d","messageTitle":"refactor(Duke): revamp prompt method","messageBody":"","fileTypesAndContributionMap":{"java":{"insertions":7,"deletions":6}}},{"hash":"94a703a01e4a7513e47cab325b1df8680c46b3f2","messageTitle":"test: include a simple i/o redirection test","messageBody":"","tags":["A-TextUiTesting"],"fileTypesAndContributionMap":{"txt":{"insertions":12,"deletions":0}}},{"hash":"f404d0051390391932c1aabd470e0272cbbcc95e","messageTitle":"feat(Duke): handle invalid commands with error message","messageBody":"","fileTypesAndContributionMap":{"java":{"insertions":17,"deletions":2}}},{"hash":"a38ce6a97c62bbc87f7c7d44b20620fd32fcc252","messageTitle":"feat(Duke): handle invalid arguments with error message","messageBody":"","tags":["Level-5"],"fileTypesAndContributionMap":{"java":{"insertions":17,"deletions":4}}},{"hash":"d8f1b32271091b8275188dd061ce65f91f075715","messageTitle":"feat(Duke): add support for deleting tasks","messageBody":"","tags":["Level-6"],"fileTypesAndContributionMap":{"java":{"insertions":10,"deletions":0}}}]},{"date":"2021-01-26","commitResults":[{"hash":"05a55b81f957cd0b0c248937710e7de1e737b8a9","messageTitle":"feat(Task): add string representation for storage","messageBody":"","fileTypesAndContributionMap":{"java":{"insertions":17,"deletions":0}}},{"hash":"fbde0929fc3a01348c74600607b5593396c6bf7e","messageTitle":"feat: use helper class to handle storage","messageBody":"","fileTypesAndContributionMap":{"java":{"insertions":67,"deletions":0}}},{"hash":"4432fd5853ed4c4116c3bc869a6ff13e2f8e6bad","messageTitle":"feat(Duke): load and save data capabilities","messageBody":"","fileTypesAndContributionMap":{"java":{"insertions":2,"deletions":0}}}]},{"date":"2021-01-27","commitResults":[{"hash":"bf45aa4767b6343428d0aef43b0629f0387c0c69","messageTitle":"feat(Task): use LocalDate for timestamps","messageBody":"","fileTypesAndContributionMap":{"java":{"insertions":23,"deletions":13}}},{"hash":"7661e4c45b597b2ce69b8d0c1a6674bb0f3e0c64","messageTitle":"refactor(Task): almost a full OOP rewrite","messageBody":"","tags":["A-MoreOOP"],"fileTypesAndContributionMap":{"java":{"insertions":226,"deletions":124}}},{"hash":"550b78a98e536a664604403112fa134a4b4a8385","messageTitle":"fix(Duke): invalid argument condition","messageBody":"","fileTypesAndContributionMap":{"java":{"insertions":14,"deletions":2}}},{"hash":"d68b2136b099beb3d800c9f9c43b4e2abf967975","messageTitle":"fix(TaskList): invalid argument condition","messageBody":"","fileTypesAndContributionMap":{"java":{"insertions":4,"deletions":2}}},{"hash":"d7c666c59436cd7114e28ca52b8a2c291b1695da","messageTitle":"refactor(Ui): remove unnecessary methods","messageBody":"","fileTypesAndContributionMap":{"java":{"insertions":0,"deletions":8}}},{"hash":"e9590f489578a505013aac156d4343a01d9ab7f6","messageTitle":"test: include a few JUnit tests","messageBody":"","tags":["A-Jar","A-JUnit"],"fileTypesAndContributionMap":{"java":{"insertions":29,"deletions":0}}},{"hash":"9657dca64bf0b3a6efb5de88afa6156c6704b234","messageTitle":"docs: include Javadoc comments","messageBody":"","tags":["A-JavaDoc"],"fileTypesAndContributionMap":{"java":{"insertions":167,"deletions":2}}},{"hash":"1a19f6053c92d26ec1a05bf3ae349221e7855d4a","messageTitle":"style: curly braces for if statement","messageBody":"","tags":["A-CodingStandard"],"fileTypesAndContributionMap":{"java":{"insertions":3,"deletions":1}}},{"hash":"0fba068aee3f7b84e9f1dadaf3a5d2b9178b8063","messageTitle":"feat(Duke): task search capability","messageBody":"","tags":["Level-9"],"fileTypesAndContributionMap":{"java":{"insertions":21,"deletions":0}}},{"hash":"1dd2f9df1d2497fd897d0c00c62817744cdc99a1","messageTitle":"docs(TaskList): include another Javadoc comment","messageBody":"","fileTypesAndContributionMap":{"java":{"insertions":4,"deletions":1}}}]},{"date":"2021-02-04","commitResults":[{"hash":"bad6c78964e9f54fc0df31e5f7ba66c44322c0df","messageTitle":"refactor(Duke): implement GUI with JavaFX","messageBody":"","tags":["Level-10"],"fileTypesAndContributionMap":{"gradle":{"insertions":14,"deletions":0},"java":{"insertions":176,"deletions":26}}}]}]},"authorFileTypeContributionMap":{"nicholastanvis":{"java":773,"md":0,"fxml":0,"sh":0,"bat":0,"gradle":14,"txt":12}},"authorContributionVariance":{"nicholastanvis":18027.477},"authorDisplayNameMap":{"nicholastanvis":"CS2103T-W13-4 NICH..NVIS"}}
