{"repoSenseVersion":"fc288b461f","reportGeneratedTime":"Mon Mar 1 16:11:36 2021 UTC+08:00","reportGenerationTime":" 3 minute(s) 16.18 second(s)","zoneId":"UTC+08:00","reportTitle":"RepoSense Report","repos":[{"location":{"location":"https://github.com/hengyiqun/ip.git","repoName":"ip","organization":"hengyiqun"},"branch":"master","displayName":"hengyiqun/ip[master]","outputFolderName":"hengyiqun_ip_master"},{"location":{"location":"https://github.com/daniellau88/ip.git","repoName":"ip","organization":"daniellau88"},"branch":"master","displayName":"daniellau88/ip[master]","outputFolderName":"daniellau88_ip_master"},{"location":{"location":"https://github.com/weixue123/ip.git","repoName":"ip","organization":"weixue123"},"branch":"master","displayName":"weixue123/ip[master]","outputFolderName":"weixue123_ip_master"},{"location":{"location":"https://github.com/pyuxiang/ip.git","repoName":"ip","organization":"pyuxiang"},"branch":"master","displayName":"pyuxiang/ip[master]","outputFolderName":"pyuxiang_ip_master"},{"location":{"location":"https://github.com/awzhenyi/ip.git","repoName":"ip","organization":"awzhenyi"},"branch":"master","displayName":"awzhenyi/ip[master]","outputFolderName":"awzhenyi_ip_master"},{"location":{"location":"https://github.com/geraldfan/ip.git","repoName":"ip","organization":"geraldfan"},"branch":"master","displayName":"geraldfan/ip[master]","outputFolderName":"geraldfan_ip_master"},{"location":{"location":"https://github.com/totoyoyo/ip.git","repoName":"ip","organization":"totoyoyo"},"branch":"master","displayName":"totoyoyo/ip[master]","outputFolderName":"totoyoyo_ip_master"},{"location":{"location":"https://github.com/yutingzou/ip.git","repoName":"ip","organization":"yutingzou"},"branch":"master","displayName":"yutingzou/ip[master]","outputFolderName":"yutingzou_ip_master"},{"location":{"location":"https://github.com/litone01/ip.git","repoName":"ip","organization":"litone01"},"branch":"master","displayName":"litone01/ip[master]","outputFolderName":"litone01_ip_master"},{"location":{"location":"https://github.com/VRSoorya/ip.git","repoName":"ip","organization":"VRSoorya"},"branch":"master","displayName":"VRSoorya/ip[master]","outputFolderName":"VRSoorya_ip_master"},{"location":{"location":"https://github.com/cnlinh/ip.git","repoName":"ip","organization":"cnlinh"},"branch":"master","displayName":"cnlinh/ip[master]","outputFolderName":"cnlinh_ip_master"},{"location":{"location":"https://github.com/icytornado/ip.git","repoName":"ip","organization":"icytornado"},"branch":"master","displayName":"icytornado/ip[master]","outputFolderName":"icytornado_ip_master"},{"location":{"location":"https://github.com/aaronsms/ip.git","repoName":"ip","organization":"aaronsms"},"branch":"master","displayName":"aaronsms/ip[master]","outputFolderName":"aaronsms_ip_master"},{"location":{"location":"https://github.com/Prabhakaran-Gokul/ip.git","repoName":"ip","organization":"Prabhakaran-Gokul"},"branch":"master","displayName":"Prabhakaran-Gokul/ip[master]","outputFolderName":"Prabhakaran-Gokul_ip_master"},{"location":{"location":"https://github.com/nickyfoo/ip.git","repoName":"ip","organization":"nickyfoo"},"branch":"master","displayName":"nickyfoo/ip[master]","outputFolderName":"nickyfoo_ip_master"},{"location":{"location":"https://github.com/DineshMagesvaran/ip.git","repoName":"ip","organization":"DineshMagesvaran"},"branch":"master","displayName":"DineshMagesvaran/ip[master]","outputFolderName":"DineshMagesvaran_ip_master"},{"location":{"location":"https://github.com/garyljj/ip.git","repoName":"ip","organization":"garyljj"},"branch":"master","displayName":"garyljj/ip[master]","outputFolderName":"garyljj_ip_master"},{"location":{"location":"https://github.com/onnwards/ip.git","repoName":"ip","organization":"onnwards"},"branch":"master","displayName":"onnwards/ip[master]","outputFolderName":"onnwards_ip_master"},{"location":{"location":"https://github.com/Jacob-Pang/ip.git","repoName":"ip","organization":"Jacob-Pang"},"branch":"master","displayName":"Jacob-Pang/ip[master]","outputFolderName":"Jacob-Pang_ip_master"},{"location":{"location":"https://github.com/douglaswja/ip.git","repoName":"ip","organization":"douglaswja"},"branch":"master","displayName":"douglaswja/ip[master]","outputFolderName":"douglaswja_ip_master"},{"location":{"location":"https://github.com/Maurice2n97/ip.git","repoName":"ip","organization":"Maurice2n97"},"branch":"master","displayName":"Maurice2n97/ip[master]","outputFolderName":"Maurice2n97_ip_master"},{"location":{"location":"https://github.com/jaredtengsw/ip.git","repoName":"ip","organization":"jaredtengsw"},"branch":"master","displayName":"jaredtengsw/ip[master]","outputFolderName":"jaredtengsw_ip_master"},{"location":{"location":"https://github.com/Ellevy/ip.git","repoName":"ip","organization":"Ellevy"},"branch":"master","displayName":"Ellevy/ip[master]","outputFolderName":"Ellevy_ip_master"},{"location":{"location":"https://github.com/zhengruoxin/ip.git","repoName":"ip","organization":"zhengruoxin"},"branch":"master","displayName":"zhengruoxin/ip[master]","outputFolderName":"zhengruoxin_ip_master"},{"location":{"location":"https://github.com/jingxueguo/ip.git","repoName":"ip","organization":"jingxueguo"},"branch":"master","displayName":"jingxueguo/ip[master]","outputFolderName":"jingxueguo_ip_master"},{"location":{"location":"https://github.com/JQchong/ip.git","repoName":"ip","organization":"JQchong"},"branch":"master","displayName":"JQchong/ip[master]","outputFolderName":"JQchong_ip_master"},{"location":{"location":"https://github.com/ljhgab/ip.git","repoName":"ip","organization":"ljhgab"},"branch":"master","displayName":"ljhgab/ip[master]","outputFolderName":"ljhgab_ip_master"},{"location":{"location":"https://github.com/colintkn/ip.git","repoName":"ip","organization":"colintkn"},"branch":"master","displayName":"colintkn/ip[master]","outputFolderName":"colintkn_ip_master"},{"location":{"location":"https://github.com/IceBear789/ip.git","repoName":"ip","organization":"IceBear789"},"branch":"master","displayName":"IceBear789/ip[master]","outputFolderName":"IceBear789_ip_master"},{"location":{"location":"https://github.com/zoeykobe/ip.git","repoName":"ip","organization":"zoeykobe"},"branch":"master","displayName":"zoeykobe/ip[master]","outputFolderName":"zoeykobe_ip_master"},{"location":{"location":"https://github.com/xuanqi966/ip.git","repoName":"ip","organization":"xuanqi966"},"branch":"master","displayName":"xuanqi966/ip[master]","outputFolderName":"xuanqi966_ip_master"},{"location":{"location":"https://github.com/hojiefeng/ip.git","repoName":"ip","organization":"hojiefeng"},"branch":"master","displayName":"hojiefeng/ip[master]","outputFolderName":"hojiefeng_ip_master"},{"location":{"location":"https://github.com/stein414/ip.git","repoName":"ip","organization":"stein414"},"branch":"master","displayName":"stein414/ip[master]","outputFolderName":"stein414_ip_master"},{"location":{"location":"https://github.com/Tomashiwa/ip.git","repoName":"ip","organization":"Tomashiwa"},"branch":"master","displayName":"Tomashiwa/ip[master]","outputFolderName":"Tomashiwa_ip_master"},{"location":{"location":"https://github.com/kingsleykuan/ip.git","repoName":"ip","organization":"kingsleykuan"},"branch":"master","displayName":"kingsleykuan/ip[master]","outputFolderName":"kingsleykuan_ip_master"},{"location":{"location":"https://github.com/seaniy/ip.git","repoName":"ip","organization":"seaniy"},"branch":"master","displayName":"seaniy/ip[master]","outputFolderName":"seaniy_ip_master"},{"location":{"location":"https://github.com/DrWala/ip.git","repoName":"ip","organization":"DrWala"},"branch":"master","displayName":"DrWala/ip[master]","outputFolderName":"DrWala_ip_master"},{"location":{"location":"https://github.com/ssagit/ip.git","repoName":"ip","organization":"ssagit"},"branch":"master","displayName":"ssagit/ip[master]","outputFolderName":"ssagit_ip_master"},{"location":{"location":"https://github.com/BenedictBCJJ/ip.git","repoName":"ip","organization":"BenedictBCJJ"},"branch":"master","displayName":"BenedictBCJJ/ip[master]","outputFolderName":"BenedictBCJJ_ip_master"},{"location":{"location":"https://github.com/AhQuanz/ip.git","repoName":"ip","organization":"AhQuanz"},"branch":"master","displayName":"AhQuanz/ip[master]","outputFolderName":"AhQuanz_ip_master"},{"location":{"location":"https://github.com/glennljs/ip.git","repoName":"ip","organization":"glennljs"},"branch":"master","displayName":"glennljs/ip[master]","outputFolderName":"glennljs_ip_master"},{"location":{"location":"https://github.com/ampan98/ip.git","repoName":"ip","organization":"ampan98"},"branch":"master","displayName":"ampan98/ip[master]","outputFolderName":"ampan98_ip_master"},{"location":{"location":"https://github.com/austenjs/ip.git","repoName":"ip","organization":"austenjs"},"branch":"master","displayName":"austenjs/ip[master]","outputFolderName":"austenjs_ip_master"},{"location":{"location":"https://github.com/Zaiah0505/ip.git","repoName":"ip","organization":"Zaiah0505"},"branch":"master","displayName":"Zaiah0505/ip[master]","outputFolderName":"Zaiah0505_ip_master"},{"location":{"location":"https://github.com/jared98lyj/ip.git","repoName":"ip","organization":"jared98lyj"},"branch":"master","displayName":"jared98lyj/ip[master]","outputFolderName":"jared98lyj_ip_master"},{"location":{"location":"https://github.com/rjeez/ip.git","repoName":"ip","organization":"rjeez"},"branch":"master","displayName":"rjeez/ip[master]","outputFolderName":"rjeez_ip_master"},{"location":{"location":"https://github.com/pngsebastian/ip.git","repoName":"ip","organization":"pngsebastian"},"branch":"master","displayName":"pngsebastian/ip[master]","outputFolderName":"pngsebastian_ip_master"},{"location":{"location":"https://github.com/SoulUseless/ip.git","repoName":"ip","organization":"SoulUseless"},"branch":"master","displayName":"SoulUseless/ip[master]","outputFolderName":"SoulUseless_ip_master"},{"location":{"location":"https://github.com/marcusleeeugene/ip.git","repoName":"ip","organization":"marcusleeeugene"},"branch":"master","displayName":"marcusleeeugene/ip[master]","outputFolderName":"marcusleeeugene_ip_master"},{"location":{"location":"https://github.com/glatiuden/ip.git","repoName":"ip","organization":"glatiuden"},"branch":"master","displayName":"glatiuden/ip[master]","outputFolderName":"glatiuden_ip_master"},{"location":{"location":"https://github.com/benedictkhoomw/ip.git","repoName":"ip","organization":"benedictkhoomw"},"branch":"master","displayName":"benedictkhoomw/ip[master]","outputFolderName":"benedictkhoomw_ip_master"},{"location":{"location":"https://github.com/NiniJiaying/ip.git","repoName":"ip","organization":"NiniJiaying"},"branch":"master","displayName":"NiniJiaying/ip[master]","outputFolderName":"NiniJiaying_ip_master"},{"location":{"location":"https://github.com/kwmiw/ip.git","repoName":"ip","organization":"kwmiw"},"branch":"master","displayName":"kwmiw/ip[master]","outputFolderName":"kwmiw_ip_master"},{"location":{"location":"https://github.com/Juzzanoob/ip.git","repoName":"ip","organization":"Juzzanoob"},"branch":"master","displayName":"Juzzanoob/ip[master]","outputFolderName":"Juzzanoob_ip_master"},{"location":{"location":"https://github.com/chanellNg/ip.git","repoName":"ip","organization":"chanellNg"},"branch":"master","displayName":"chanellNg/ip[master]","outputFolderName":"chanellNg_ip_master"},{"location":{"location":"https://github.com/Yihe-Harry/ip.git","repoName":"ip","organization":"Yihe-Harry"},"branch":"master","displayName":"Yihe-Harry/ip[master]","outputFolderName":"Yihe-Harry_ip_master"},{"location":{"location":"https://github.com/mrweikiat/ip.git","repoName":"ip","organization":"mrweikiat"},"branch":"master","displayName":"mrweikiat/ip[master]","outputFolderName":"mrweikiat_ip_master"},{"location":{"location":"https://github.com/laurenlhy/ip.git","repoName":"ip","organization":"laurenlhy"},"branch":"master","displayName":"laurenlhy/ip[master]","outputFolderName":"laurenlhy_ip_master"},{"location":{"location":"https://github.com/car155/ip.git","repoName":"ip","organization":"car155"},"branch":"master","displayName":"car155/ip[master]","outputFolderName":"car155_ip_master"},{"location":{"location":"https://github.com/yanlingkuek/ip.git","repoName":"ip","organization":"yanlingkuek"},"branch":"master","displayName":"yanlingkuek/ip[master]","outputFolderName":"yanlingkuek_ip_master"},{"location":{"location":"https://github.com/danielonges/ip.git","repoName":"ip","organization":"danielonges"},"branch":"master","displayName":"danielonges/ip[master]","outputFolderName":"danielonges_ip_master"},{"location":{"location":"https://github.com/vvan-essa/ip.git","repoName":"ip","organization":"vvan-essa"},"branch":"master","displayName":"vvan-essa/ip[master]","outputFolderName":"vvan-essa_ip_master"},{"location":{"location":"https://github.com/Winniehyx/ip.git","repoName":"ip","organization":"Winniehyx"},"branch":"master","displayName":"Winniehyx/ip[master]","outputFolderName":"Winniehyx_ip_master"},{"location":{"location":"https://github.com/JodyLorah/ip.git","repoName":"ip","organization":"JodyLorah"},"branch":"master","displayName":"JodyLorah/ip[master]","outputFolderName":"JodyLorah_ip_master"},{"location":{"location":"https://github.com/Sidney011100/ip.git","repoName":"ip","organization":"Sidney011100"},"branch":"master","displayName":"Sidney011100/ip[master]","outputFolderName":"Sidney011100_ip_master"},{"location":{"location":"https://github.com/Donavanty/ip.git","repoName":"ip","organization":"Donavanty"},"branch":"master","displayName":"Donavanty/ip[master]","outputFolderName":"Donavanty_ip_master"},{"location":{"location":"https://github.com/icelenaugust/ip.git","repoName":"ip","organization":"icelenaugust"},"branch":"master","displayName":"icelenaugust/ip[master]","outputFolderName":"icelenaugust_ip_master"},{"location":{"location":"https://github.com/Bennyphoe/ip.git","repoName":"ip","organization":"Bennyphoe"},"branch":"master","displayName":"Bennyphoe/ip[master]","outputFolderName":"Bennyphoe_ip_master"},{"location":{"location":"https://github.com/frisciliasultan/ip.git","repoName":"ip","organization":"frisciliasultan"},"branch":"master","displayName":"frisciliasultan/ip[master]","outputFolderName":"frisciliasultan_ip_master"},{"location":{"location":"https://github.com/ming-00/ip.git","repoName":"ip","organization":"ming-00"},"branch":"master","displayName":"ming-00/ip[master]","outputFolderName":"ming-00_ip_master"},{"location":{"location":"https://github.com/whatthelump/ip.git","repoName":"ip","organization":"whatthelump"},"branch":"master","displayName":"whatthelump/ip[master]","outputFolderName":"whatthelump_ip_master"},{"location":{"location":"https://github.com/YuFeng0930/ip.git","repoName":"ip","organization":"YuFeng0930"},"branch":"master","displayName":"YuFeng0930/ip[master]","outputFolderName":"YuFeng0930_ip_master"},{"location":{"location":"https://github.com/skinnychenpi/ip.git","repoName":"ip","organization":"skinnychenpi"},"branch":"master","displayName":"skinnychenpi/ip[master]","outputFolderName":"skinnychenpi_ip_master"},{"location":{"location":"https://github.com/wangtao0717/ip.git","repoName":"ip","organization":"wangtao0717"},"branch":"master","displayName":"wangtao0717/ip[master]","outputFolderName":"wangtao0717_ip_master"},{"location":{"location":"https://github.com/internityz/ip.git","repoName":"ip","organization":"internityz"},"branch":"master","displayName":"internityz/ip[master]","outputFolderName":"internityz_ip_master"},{"location":{"location":"https://github.com/Shizheng001/ip.git","repoName":"ip","organization":"Shizheng001"},"branch":"master","displayName":"Shizheng001/ip[master]","outputFolderName":"Shizheng001_ip_master"},{"location":{"location":"https://github.com/godjuansan/ip.git","repoName":"ip","organization":"godjuansan"},"branch":"master","displayName":"godjuansan/ip[master]","outputFolderName":"godjuansan_ip_master"},{"location":{"location":"https://github.com/CSjiade/ip.git","repoName":"ip","organization":"CSjiade"},"branch":"master","displayName":"CSjiade/ip[master]","outputFolderName":"CSjiade_ip_master"},{"location":{"location":"https://github.com/kangtinglee/ip.git","repoName":"ip","organization":"kangtinglee"},"branch":"master","displayName":"kangtinglee/ip[master]","outputFolderName":"kangtinglee_ip_master"},{"location":{"location":"https://github.com/Cp-John/ip.git","repoName":"ip","organization":"Cp-John"},"branch":"master","displayName":"Cp-John/ip[master]","outputFolderName":"Cp-John_ip_master"},{"location":{"location":"https://github.com/chesterhow/ip.git","repoName":"ip","organization":"chesterhow"},"branch":"master","displayName":"chesterhow/ip[master]","outputFolderName":"chesterhow_ip_master"},{"location":{"location":"https://github.com/ivantjh/ip.git","repoName":"ip","organization":"ivantjh"},"branch":"master","displayName":"ivantjh/ip[master]","outputFolderName":"ivantjh_ip_master"},{"location":{"location":"https://github.com/Assyarul/ip.git","repoName":"ip","organization":"Assyarul"},"branch":"master","displayName":"Assyarul/ip[master]","outputFolderName":"Assyarul_ip_master"},{"location":{"location":"https://github.com/IanCKW/ip.git","repoName":"ip","organization":"IanCKW"},"branch":"master","displayName":"IanCKW/ip[master]","outputFolderName":"IanCKW_ip_master"},{"location":{"location":"https://github.com/OhJunMing/ip.git","repoName":"ip","organization":"OhJunMing"},"branch":"master","displayName":"OhJunMing/ip[master]","outputFolderName":"OhJunMing_ip_master"},{"location":{"location":"https://github.com/samuelfangjw/ip.git","repoName":"ip","organization":"samuelfangjw"},"branch":"master","displayName":"samuelfangjw/ip[master]","outputFolderName":"samuelfangjw_ip_master"},{"location":{"location":"https://github.com/banchiang/ip.git","repoName":"ip","organization":"banchiang"},"branch":"master","displayName":"banchiang/ip[master]","outputFolderName":"banchiang_ip_master"},{"location":{"location":"https://github.com/Stratostorm/ip.git","repoName":"ip","organization":"Stratostorm"},"branch":"master","displayName":"Stratostorm/ip[master]","outputFolderName":"Stratostorm_ip_master"},{"location":{"location":"https://github.com/fairyinabottle4/ip.git","repoName":"ip","organization":"fairyinabottle4"},"branch":"master","displayName":"fairyinabottle4/ip[master]","outputFolderName":"fairyinabottle4_ip_master"},{"location":{"location":"https://github.com/Jonathan-Cao/ip.git","repoName":"ip","organization":"Jonathan-Cao"},"branch":"master","displayName":"Jonathan-Cao/ip[master]","outputFolderName":"Jonathan-Cao_ip_master"},{"location":{"location":"https://github.com/JayChenYJ/ip.git","repoName":"ip","organization":"JayChenYJ"},"branch":"master","displayName":"JayChenYJ/ip[master]","outputFolderName":"JayChenYJ_ip_master"},{"location":{"location":"https://github.com/tjtanjin/ip.git","repoName":"ip","organization":"tjtanjin"},"branch":"master","displayName":"tjtanjin/ip[master]","outputFolderName":"tjtanjin_ip_master"},{"location":{"location":"https://github.com/nicholasnge/ip.git","repoName":"ip","organization":"nicholasnge"},"branch":"master","displayName":"nicholasnge/ip[master]","outputFolderName":"nicholasnge_ip_master"},{"location":{"location":"https://github.com/lrj689/ip.git","repoName":"ip","organization":"lrj689"},"branch":"master","displayName":"lrj689/ip[master]","outputFolderName":"lrj689_ip_master"},{"location":{"location":"https://github.com/RuiXiong2211/ip.git","repoName":"ip","organization":"RuiXiong2211"},"branch":"master","displayName":"RuiXiong2211/ip[master]","outputFolderName":"RuiXiong2211_ip_master"},{"location":{"location":"https://github.com/habi39/ip.git","repoName":"ip","organization":"habi39"},"branch":"master","displayName":"habi39/ip[master]","outputFolderName":"habi39_ip_master"},{"location":{"location":"https://github.com/xiinweii98/ip.git","repoName":"ip","organization":"xiinweii98"},"branch":"master","displayName":"xiinweii98/ip[master]","outputFolderName":"xiinweii98_ip_master"},{"location":{"location":"https://github.com/swayongshen/ip.git","repoName":"ip","organization":"swayongshen"},"branch":"master","displayName":"swayongshen/ip[master]","outputFolderName":"swayongshen_ip_master"},{"location":{"location":"https://github.com/jellymias/ip.git","repoName":"ip","organization":"jellymias"},"branch":"master","displayName":"jellymias/ip[master]","outputFolderName":"jellymias_ip_master"},{"location":{"location":"https://github.com/nhzaci/ip.git","repoName":"ip","organization":"nhzaci"},"branch":"master","displayName":"nhzaci/ip[master]","outputFolderName":"nhzaci_ip_master"},{"location":{"location":"https://github.com/NBH99/ip.git","repoName":"ip","organization":"NBH99"},"branch":"master","displayName":"NBH99/ip[master]","outputFolderName":"NBH99_ip_master"},{"location":{"location":"https://github.com/KnitidCeladon23/ip.git","repoName":"ip","organization":"KnitidCeladon23"},"branch":"master","displayName":"KnitidCeladon23/ip[master]","outputFolderName":"KnitidCeladon23_ip_master"},{"location":{"location":"https://github.com/markuz5116/ip.git","repoName":"ip","organization":"markuz5116"},"branch":"master","displayName":"markuz5116/ip[master]","outputFolderName":"markuz5116_ip_master"},{"location":{"location":"https://github.com/w-yuchen/ip.git","repoName":"ip","organization":"w-yuchen"},"branch":"master","displayName":"w-yuchen/ip[master]","outputFolderName":"w-yuchen_ip_master"},{"location":{"location":"https://github.com/kumsssss/ip.git","repoName":"ip","organization":"kumsssss"},"branch":"master","displayName":"kumsssss/ip[master]","outputFolderName":"kumsssss_ip_master"},{"location":{"location":"https://github.com/TeoHoeKeat/ip.git","repoName":"ip","organization":"TeoHoeKeat"},"branch":"master","displayName":"TeoHoeKeat/ip[master]","outputFolderName":"TeoHoeKeat_ip_master"},{"location":{"location":"https://github.com/kaixiangtay/ip.git","repoName":"ip","organization":"kaixiangtay"},"branch":"master","displayName":"kaixiangtay/ip[master]","outputFolderName":"kaixiangtay_ip_master"},{"location":{"location":"https://github.com/enhao25/ip.git","repoName":"ip","organization":"enhao25"},"branch":"master","displayName":"enhao25/ip[master]","outputFolderName":"enhao25_ip_master"},{"location":{"location":"https://github.com/SoonKeatNeo/ip.git","repoName":"ip","organization":"SoonKeatNeo"},"branch":"master","displayName":"SoonKeatNeo/ip[master]","outputFolderName":"SoonKeatNeo_ip_master"},{"location":{"location":"https://github.com/yeoutzer/ip.git","repoName":"ip","organization":"yeoutzer"},"branch":"master","displayName":"yeoutzer/ip[master]","outputFolderName":"yeoutzer_ip_master"},{"location":{"location":"https://github.com/Sharptail/ip.git","repoName":"ip","organization":"Sharptail"},"branch":"master","displayName":"Sharptail/ip[master]","outputFolderName":"Sharptail_ip_master"},{"location":{"location":"https://github.com/lue97/ip.git","repoName":"ip","organization":"lue97"},"branch":"master","displayName":"lue97/ip[master]","outputFolderName":"lue97_ip_master"},{"location":{"location":"https://github.com/lyueyang/ip.git","repoName":"ip","organization":"lyueyang"},"branch":"master","displayName":"lyueyang/ip[master]","outputFolderName":"lyueyang_ip_master"},{"location":{"location":"https://github.com/jamesleeht/ip.git","repoName":"ip","organization":"jamesleeht"},"branch":"master","displayName":"jamesleeht/ip[master]","outputFolderName":"jamesleeht_ip_master"},{"location":{"location":"https://github.com/yaowei-soc/ip.git","repoName":"ip","organization":"yaowei-soc"},"branch":"master","displayName":"yaowei-soc/ip[master]","outputFolderName":"yaowei-soc_ip_master"},{"location":{"location":"https://github.com/Marc-97/ip.git","repoName":"ip","organization":"Marc-97"},"branch":"master","displayName":"Marc-97/ip[master]","outputFolderName":"Marc-97_ip_master"},{"location":{"location":"https://github.com/WeiLiangLOL/ip.git","repoName":"ip","organization":"WeiLiangLOL"},"branch":"master","displayName":"WeiLiangLOL/ip[master]","outputFolderName":"WeiLiangLOL_ip_master"},{"location":{"location":"https://github.com/tanboonji/ip.git","repoName":"ip","organization":"tanboonji"},"branch":"master","displayName":"tanboonji/ip[master]","outputFolderName":"tanboonji_ip_master"},{"location":{"location":"https://github.com/vevek/ip.git","repoName":"ip","organization":"vevek"},"branch":"master","displayName":"vevek/ip[master]","outputFolderName":"vevek_ip_master"},{"location":{"location":"https://github.com/ssoonwee/ip.git","repoName":"ip","organization":"ssoonwee"},"branch":"master","displayName":"ssoonwee/ip[master]","outputFolderName":"ssoonwee_ip_master"},{"location":{"location":"https://github.com/JoelHo/ip.git","repoName":"ip","organization":"JoelHo"},"branch":"master","displayName":"JoelHo/ip[master]","outputFolderName":"JoelHo_ip_master"},{"location":{"location":"https://github.com/chewterence/ip.git","repoName":"ip","organization":"chewterence"},"branch":"master","displayName":"chewterence/ip[master]","outputFolderName":"chewterence_ip_master"},{"location":{"location":"https://github.com/deyixtan/ip.git","repoName":"ip","organization":"deyixtan"},"branch":"master","displayName":"deyixtan/ip[master]","outputFolderName":"deyixtan_ip_master"},{"location":{"location":"https://github.com/DarkDestry-t/ip.git","repoName":"ip","organization":"DarkDestry-t"},"branch":"master","displayName":"DarkDestry-t/ip[master]","outputFolderName":"DarkDestry-t_ip_master"},{"location":{"location":"https://github.com/jasaaanlim/ip.git","repoName":"ip","organization":"jasaaanlim"},"branch":"master","displayName":"jasaaanlim/ip[master]","outputFolderName":"jasaaanlim_ip_master"},{"location":{"location":"https://github.com/guanyz/ip.git","repoName":"ip","organization":"guanyz"},"branch":"master","displayName":"guanyz/ip[master]","outputFolderName":"guanyz_ip_master"},{"location":{"location":"https://github.com/adidoesnt/ip.git","repoName":"ip","organization":"adidoesnt"},"branch":"master","displayName":"adidoesnt/ip[master]","outputFolderName":"adidoesnt_ip_master"},{"location":{"location":"https://github.com/cheunggalen/ip.git","repoName":"ip","organization":"cheunggalen"},"branch":"master","displayName":"cheunggalen/ip[master]","outputFolderName":"cheunggalen_ip_master"},{"location":{"location":"https://github.com/jay9645/ip.git","repoName":"ip","organization":"jay9645"},"branch":"master","displayName":"jay9645/ip[master]","outputFolderName":"jay9645_ip_master"},{"location":{"location":"https://github.com/jessen11/ip.git","repoName":"ip","organization":"jessen11"},"branch":"master","displayName":"jessen11/ip[master]","outputFolderName":"jessen11_ip_master"},{"location":{"location":"https://github.com/Eriksen2411/ip.git","repoName":"ip","organization":"Eriksen2411"},"branch":"master","displayName":"Eriksen2411/ip[master]","outputFolderName":"Eriksen2411_ip_master"},{"location":{"location":"https://github.com/vuminhhieunus2019/ip.git","repoName":"ip","organization":"vuminhhieunus2019"},"branch":"master","displayName":"vuminhhieunus2019/ip[master]","outputFolderName":"vuminhhieunus2019_ip_master"},{"location":{"location":"https://github.com/linhns/ip.git","repoName":"ip","organization":"linhns"},"branch":"master","displayName":"linhns/ip[master]","outputFolderName":"linhns_ip_master"},{"location":{"location":"https://github.com/GJ0407790/ip.git","repoName":"ip","organization":"GJ0407790"},"branch":"master","displayName":"GJ0407790/ip[master]","outputFolderName":"GJ0407790_ip_master"},{"location":{"location":"https://github.com/riyadh-h/ip.git","repoName":"ip","organization":"riyadh-h"},"branch":"master","displayName":"riyadh-h/ip[master]","outputFolderName":"riyadh-h_ip_master"},{"location":{"location":"https://github.com/prerthan99/ip.git","repoName":"ip","organization":"prerthan99"},"branch":"master","displayName":"prerthan99/ip[master]","outputFolderName":"prerthan99_ip_master"},{"location":{"location":"https://github.com/vivegank/ip.git","repoName":"ip","organization":"vivegank"},"branch":"master","displayName":"vivegank/ip[master]","outputFolderName":"vivegank_ip_master"},{"location":{"location":"https://github.com/khiaxeng/ip.git","repoName":"ip","organization":"khiaxeng"},"branch":"master","displayName":"khiaxeng/ip[master]","outputFolderName":"khiaxeng_ip_master"},{"location":{"location":"https://github.com/simran-bhadani3/ip.git","repoName":"ip","organization":"simran-bhadani3"},"branch":"master","displayName":"simran-bhadani3/ip[master]","outputFolderName":"simran-bhadani3_ip_master"},{"location":{"location":"https://github.com/yuheem/ip.git","repoName":"ip","organization":"yuheem"},"branch":"master","displayName":"yuheem/ip[master]","outputFolderName":"yuheem_ip_master"},{"location":{"location":"https://github.com/pPris/ip.git","repoName":"ip","organization":"pPris"},"branch":"master","displayName":"pPris/ip[master]","outputFolderName":"pPris_ip_master"},{"location":{"location":"https://github.com/nighoggDatatype/ip.git","repoName":"ip","organization":"nighoggDatatype"},"branch":"master","displayName":"nighoggDatatype/ip[master]","outputFolderName":"nighoggDatatype_ip_master"},{"location":{"location":"https://github.com/AiwassPrime/ip.git","repoName":"ip","organization":"AiwassPrime"},"branch":"master","displayName":"AiwassPrime/ip[master]","outputFolderName":"AiwassPrime_ip_master"},{"location":{"location":"https://github.com/Jellybeano/ip.git","repoName":"ip","organization":"Jellybeano"},"branch":"master","displayName":"Jellybeano/ip[master]","outputFolderName":"Jellybeano_ip_master"},{"location":{"location":"https://github.com/jrvslam/ip.git","repoName":"ip","organization":"jrvslam"},"branch":"master","displayName":"jrvslam/ip[master]","outputFolderName":"jrvslam_ip_master"},{"location":{"location":"https://github.com/mechastriker3/ip.git","repoName":"ip","organization":"mechastriker3"},"branch":"master","displayName":"mechastriker3/ip[master]","outputFolderName":"mechastriker3_ip_master"},{"location":{"location":"https://github.com/branzuelajohn/ip.git","repoName":"ip","organization":"branzuelajohn"},"branch":"master","displayName":"branzuelajohn/ip[master]","outputFolderName":"branzuelajohn_ip_master"},{"location":{"location":"https://github.com/arihantjain97/ip.git","repoName":"ip","organization":"arihantjain97"},"branch":"master","displayName":"arihantjain97/ip[master]","outputFolderName":"arihantjain97_ip_master"},{"location":{"location":"https://github.com/Yanneko/ip.git","repoName":"ip","organization":"Yanneko"},"branch":"master","displayName":"Yanneko/ip[master]","outputFolderName":"Yanneko_ip_master"},{"location":{"location":"https://github.com/zatkiller/ip.git","repoName":"ip","organization":"zatkiller"},"branch":"master","displayName":"zatkiller/ip[master]","outputFolderName":"zatkiller_ip_master"},{"location":{"location":"https://github.com/NightRaven49/ip.git","repoName":"ip","organization":"NightRaven49"},"branch":"master","displayName":"NightRaven49/ip[master]","outputFolderName":"NightRaven49_ip_master"},{"location":{"location":"https://github.com/CSmortal/ip.git","repoName":"ip","organization":"CSmortal"},"branch":"master","displayName":"CSmortal/ip[master]","outputFolderName":"CSmortal_ip_master"},{"location":{"location":"https://github.com/ZhangAnli/ip.git","repoName":"ip","organization":"ZhangAnli"},"branch":"master","displayName":"ZhangAnli/ip[master]","outputFolderName":"ZhangAnli_ip_master"},{"location":{"location":"https://github.com/BigDoot/ip.git","repoName":"ip","organization":"BigDoot"},"branch":"master","displayName":"BigDoot/ip[master]","outputFolderName":"BigDoot_ip_master"},{"location":{"location":"https://github.com/Md-Fazil/ip.git","repoName":"ip","organization":"Md-Fazil"},"branch":"master","displayName":"Md-Fazil/ip[master]","outputFolderName":"Md-Fazil_ip_master"},{"location":{"location":"https://github.com/umergta/ip.git","repoName":"ip","organization":"umergta"},"branch":"master","displayName":"umergta/ip[master]","outputFolderName":"umergta_ip_master"},{"location":{"location":"https://github.com/toahi/ip.git","repoName":"ip","organization":"toahi"},"branch":"master","displayName":"toahi/ip[master]","outputFolderName":"toahi_ip_master"},{"location":{"location":"https://github.com/JonahhGohh/ip.git","repoName":"ip","organization":"JonahhGohh"},"branch":"master","displayName":"JonahhGohh/ip[master]","outputFolderName":"JonahhGohh_ip_master"},{"location":{"location":"https://github.com/jxrrelo/ip.git","repoName":"ip","organization":"jxrrelo"},"branch":"master","displayName":"jxrrelo/ip[master]","outputFolderName":"jxrrelo_ip_master"},{"location":{"location":"https://github.com/samleewy/ip.git","repoName":"ip","organization":"samleewy"},"branch":"master","displayName":"samleewy/ip[master]","outputFolderName":"samleewy_ip_master"},{"location":{"location":"https://github.com/JerardSoh/ip.git","repoName":"ip","organization":"JerardSoh"},"branch":"master","displayName":"JerardSoh/ip[master]","outputFolderName":"JerardSoh_ip_master"},{"location":{"location":"https://github.com/sjq-sohjunqi/ip.git","repoName":"ip","organization":"sjq-sohjunqi"},"branch":"master","displayName":"sjq-sohjunqi/ip[master]","outputFolderName":"sjq-sohjunqi_ip_master"},{"location":{"location":"https://github.com/ZechariahTan/ip.git","repoName":"ip","organization":"ZechariahTan"},"branch":"master","displayName":"ZechariahTan/ip[master]","outputFolderName":"ZechariahTan_ip_master"},{"location":{"location":"https://github.com/justgnohUG/ip.git","repoName":"ip","organization":"justgnohUG"},"branch":"master","displayName":"justgnohUG/ip[master]","outputFolderName":"justgnohUG_ip_master"},{"location":{"location":"https://github.com/noelmathewisaac/ip.git","repoName":"ip","organization":"noelmathewisaac"},"branch":"master","displayName":"noelmathewisaac/ip[master]","outputFolderName":"noelmathewisaac_ip_master"},{"location":{"location":"https://github.com/yungweezy/ip.git","repoName":"ip","organization":"yungweezy"},"branch":"master","displayName":"yungweezy/ip[master]","outputFolderName":"yungweezy_ip_master"},{"location":{"location":"https://github.com/zenlyj/ip.git","repoName":"ip","organization":"zenlyj"},"branch":"master","displayName":"zenlyj/ip[master]","outputFolderName":"zenlyj_ip_master"},{"location":{"location":"https://github.com/chewwh09/ip.git","repoName":"ip","organization":"chewwh09"},"branch":"master","displayName":"chewwh09/ip[master]","outputFolderName":"chewwh09_ip_master"},{"location":{"location":"https://github.com/wongkokian/ip.git","repoName":"ip","organization":"wongkokian"},"branch":"master","displayName":"wongkokian/ip[master]","outputFolderName":"wongkokian_ip_master"},{"location":{"location":"https://github.com/SiTingST/ip.git","repoName":"ip","organization":"SiTingST"},"branch":"master","displayName":"SiTingST/ip[master]","outputFolderName":"SiTingST_ip_master"},{"location":{"location":"https://github.com/oeiyiping/ip.git","repoName":"ip","organization":"oeiyiping"},"branch":"master","displayName":"oeiyiping/ip[master]","outputFolderName":"oeiyiping_ip_master"},{"location":{"location":"https://github.com/picasdan9/ip.git","repoName":"ip","organization":"picasdan9"},"branch":"master","displayName":"picasdan9/ip[master]","outputFolderName":"picasdan9_ip_master"},{"location":{"location":"https://github.com/figo2127/ip.git","repoName":"ip","organization":"figo2127"},"branch":"master","displayName":"figo2127/ip[master]","outputFolderName":"figo2127_ip_master"},{"location":{"location":"https://github.com/shaelynl/ip.git","repoName":"ip","organization":"shaelynl"},"branch":"master","displayName":"shaelynl/ip[master]","outputFolderName":"shaelynl_ip_master"},{"location":{"location":"https://github.com/lirc572/ip.git","repoName":"ip","organization":"lirc572"},"branch":"master","displayName":"lirc572/ip[master]","outputFolderName":"lirc572_ip_master"},{"location":{"location":"https://github.com/eksinyue/ip.git","repoName":"ip","organization":"eksinyue"},"branch":"master","displayName":"eksinyue/ip[master]","outputFolderName":"eksinyue_ip_master"},{"location":{"location":"https://github.com/gycc7253/ip.git","repoName":"ip","organization":"gycc7253"},"branch":"master","displayName":"gycc7253/ip[master]","outputFolderName":"gycc7253_ip_master"},{"location":{"location":"https://github.com/chenzaza/ip.git","repoName":"ip","organization":"chenzaza"},"branch":"master","displayName":"chenzaza/ip[master]","outputFolderName":"chenzaza_ip_master"},{"location":{"location":"https://github.com/nicholastanvis/ip.git","repoName":"ip","organization":"nicholastanvis"},"branch":"master","displayName":"nicholastanvis/ip[master]","outputFolderName":"nicholastanvis_ip_master"},{"location":{"location":"https://github.com/VisnuRavi/ip.git","repoName":"ip","organization":"VisnuRavi"},"branch":"master","displayName":"VisnuRavi/ip[master]","outputFolderName":"VisnuRavi_ip_master"},{"location":{"location":"https://github.com/LimJunxue/ip.git","repoName":"ip","organization":"LimJunxue"},"branch":"master","displayName":"LimJunxue/ip[master]","outputFolderName":"LimJunxue_ip_master"},{"location":{"location":"https://github.com/xyzhang00/ip.git","repoName":"ip","organization":"xyzhang00"},"branch":"master","displayName":"xyzhang00/ip[master]","outputFolderName":"xyzhang00_ip_master"},{"location":{"location":"https://github.com/sylviaokt/ip.git","repoName":"ip","organization":"sylviaokt"},"branch":"master","displayName":"sylviaokt/ip[master]","outputFolderName":"sylviaokt_ip_master"},{"location":{"location":"https://github.com/tashawan23/ip.git","repoName":"ip","organization":"tashawan23"},"branch":"master","displayName":"tashawan23/ip[master]","outputFolderName":"tashawan23_ip_master"},{"location":{"location":"https://github.com/Hzxin/ip.git","repoName":"ip","organization":"Hzxin"},"branch":"master","displayName":"Hzxin/ip[master]","outputFolderName":"Hzxin_ip_master"},{"location":{"location":"https://github.com/mesyeux/ip.git","repoName":"ip","organization":"mesyeux"},"branch":"master","displayName":"mesyeux/ip[master]","outputFolderName":"mesyeux_ip_master"},{"location":{"location":"https://github.com/yienyoong/ip.git","repoName":"ip","organization":"yienyoong"},"branch":"master","displayName":"yienyoong/ip[master]","outputFolderName":"yienyoong_ip_master"},{"location":{"location":"https://github.com/nicoleang09/ip.git","repoName":"ip","organization":"nicoleang09"},"branch":"master","displayName":"nicoleang09/ip[master]","outputFolderName":"nicoleang09_ip_master"},{"location":{"location":"https://github.com/clarlzx/ip.git","repoName":"ip","organization":"clarlzx"},"branch":"master","displayName":"clarlzx/ip[master]","outputFolderName":"clarlzx_ip_master"},{"location":{"location":"https://github.com/andrea-twl/ip.git","repoName":"ip","organization":"andrea-twl"},"branch":"master","displayName":"andrea-twl/ip[master]","outputFolderName":"andrea-twl_ip_master"},{"location":{"location":"https://github.com/cheeerynne/ip.git","repoName":"ip","organization":"cheeerynne"},"branch":"master","displayName":"cheeerynne/ip[master]","outputFolderName":"cheeerynne_ip_master"},{"location":{"location":"https://github.com/tsh22/ip.git","repoName":"ip","organization":"tsh22"},"branch":"master","displayName":"tsh22/ip[master]","outputFolderName":"tsh22_ip_master"},{"location":{"location":"https://github.com/mabel-kang/ip.git","repoName":"ip","organization":"mabel-kang"},"branch":"master","displayName":"mabel-kang/ip[master]","outputFolderName":"mabel-kang_ip_master"},{"location":{"location":"https://github.com/github-amanda/ip.git","repoName":"ip","organization":"github-amanda"},"branch":"master","displayName":"github-amanda/ip[master]","outputFolderName":"github-amanda_ip_master"},{"location":{"location":"https://github.com/Andrewzhang217/ip.git","repoName":"ip","organization":"Andrewzhang217"},"branch":"master","displayName":"Andrewzhang217/ip[master]","outputFolderName":"Andrewzhang217_ip_master"},{"location":{"location":"https://github.com/goatygoatygoat/ip.git","repoName":"ip","organization":"goatygoatygoat"},"branch":"master","displayName":"goatygoatygoat/ip[master]","outputFolderName":"goatygoatygoat_ip_master"},{"location":{"location":"https://github.com/rachelljt/ip.git","repoName":"ip","organization":"rachelljt"},"branch":"master","displayName":"rachelljt/ip[master]","outputFolderName":"rachelljt_ip_master"},{"location":{"location":"https://github.com/jlxw48/ip.git","repoName":"ip","organization":"jlxw48"},"branch":"master","displayName":"jlxw48/ip[master]","outputFolderName":"jlxw48_ip_master"},{"location":{"location":"https://github.com/hengyongming/ip.git","repoName":"ip","organization":"hengyongming"},"branch":"master","displayName":"hengyongming/ip[master]","outputFolderName":"hengyongming_ip_master"},{"location":{"location":"https://github.com/XindiTian/ip.git","repoName":"ip","organization":"XindiTian"},"branch":"master","displayName":"XindiTian/ip[master]","outputFolderName":"XindiTian_ip_master"},{"location":{"location":"https://github.com/kieron560/ip.git","repoName":"ip","organization":"kieron560"},"branch":"master","displayName":"kieron560/ip[master]","outputFolderName":"kieron560_ip_master"},{"location":{"location":"https://github.com/maxxng/ip.git","repoName":"ip","organization":"maxxng"},"branch":"master","displayName":"maxxng/ip[master]","outputFolderName":"maxxng_ip_master"},{"location":{"location":"https://github.com/candyhy/ip.git","repoName":"ip","organization":"candyhy"},"branch":"master","displayName":"candyhy/ip[master]","outputFolderName":"candyhy_ip_master"},{"location":{"location":"https://github.com/Nanxi-Huang/ip.git","repoName":"ip","organization":"Nanxi-Huang"},"branch":"master","displayName":"Nanxi-Huang/ip[master]","outputFolderName":"Nanxi-Huang_ip_master"},{"location":{"location":"https://github.com/w2vgd/ip.git","repoName":"ip","organization":"w2vgd"},"branch":"master","displayName":"w2vgd/ip[master]","outputFolderName":"w2vgd_ip_master"},{"location":{"location":"https://github.com/arsatis/ip.git","repoName":"ip","organization":"arsatis"},"branch":"master","displayName":"arsatis/ip[master]","outputFolderName":"arsatis_ip_master"},{"location":{"location":"https://github.com/maikongeh/ip.git","repoName":"ip","organization":"maikongeh"},"branch":"master","displayName":"maikongeh/ip[master]","outputFolderName":"maikongeh_ip_master"},{"location":{"location":"https://github.com/edelinetenges/ip.git","repoName":"ip","organization":"edelinetenges"},"branch":"master","displayName":"edelinetenges/ip[master]","outputFolderName":"edelinetenges_ip_master"},{"location":{"location":"https://github.com/xinweit/ip.git","repoName":"ip","organization":"xinweit"},"branch":"master","displayName":"xinweit/ip[master]","outputFolderName":"xinweit_ip_master"},{"location":{"location":"https://github.com/HuaiZe/ip.git","repoName":"ip","organization":"HuaiZe"},"branch":"master","displayName":"HuaiZe/ip[master]","outputFolderName":"HuaiZe_ip_master"},{"location":{"location":"https://github.com/Shuyang0/ip.git","repoName":"ip","organization":"Shuyang0"},"branch":"master","displayName":"Shuyang0/ip[master]","outputFolderName":"Shuyang0_ip_master"},{"location":{"location":"https://github.com/wei-yutong/ip.git","repoName":"ip","organization":"wei-yutong"},"branch":"master","displayName":"wei-yutong/ip[master]","outputFolderName":"wei-yutong_ip_master"},{"location":{"location":"https://github.com/JulietTeoh/ip.git","repoName":"ip","organization":"JulietTeoh"},"branch":"master","displayName":"JulietTeoh/ip[master]","outputFolderName":"JulietTeoh_ip_master"},{"location":{"location":"https://github.com/pasha-292/ip.git","repoName":"ip","organization":"pasha-292"},"branch":"master","displayName":"pasha-292/ip[master]","outputFolderName":"pasha-292_ip_master"},{"location":{"location":"https://github.com/KevinLohJunYong/ip.git","repoName":"ip","organization":"KevinLohJunYong"},"branch":"master","displayName":"KevinLohJunYong/ip[master]","outputFolderName":"KevinLohJunYong_ip_master"},{"location":{"location":"https://github.com/natosy/ip.git","repoName":"ip","organization":"natosy"},"branch":"master","displayName":"natosy/ip[master]","outputFolderName":"natosy_ip_master"},{"location":{"location":"https://github.com/dvdweien/ip.git","repoName":"ip","organization":"dvdweien"},"branch":"master","displayName":"dvdweien/ip[master]","outputFolderName":"dvdweien_ip_master"},{"location":{"location":"https://github.com/nowknowing/ip.git","repoName":"ip","organization":"nowknowing"},"branch":"master","displayName":"nowknowing/ip[master]","outputFolderName":"nowknowing_ip_master"},{"location":{"location":"https://github.com/Jacob-109/ip.git","repoName":"ip","organization":"Jacob-109"},"branch":"master","displayName":"Jacob-109/ip[master]","outputFolderName":"Jacob-109_ip_master"},{"location":{"location":"https://github.com/CharlesLee01/ip.git","repoName":"ip","organization":"CharlesLee01"},"branch":"master","displayName":"CharlesLee01/ip[master]","outputFolderName":"CharlesLee01_ip_master"},{"location":{"location":"https://github.com/Cheng20010201/ip.git","repoName":"ip","organization":"Cheng20010201"},"branch":"master","displayName":"Cheng20010201/ip[master]","outputFolderName":"Cheng20010201_ip_master"},{"location":{"location":"https://github.com/QY-H00/ip.git","repoName":"ip","organization":"QY-H00"},"branch":"master","displayName":"QY-H00/ip[master]","outputFolderName":"QY-H00_ip_master"},{"location":{"location":"https://github.com/pavz02/ip.git","repoName":"ip","organization":"pavz02"},"branch":"master","displayName":"pavz02/ip[master]","outputFolderName":"pavz02_ip_master"},{"location":{"location":"https://github.com/tlylt/ip.git","repoName":"ip","organization":"tlylt"},"branch":"master","displayName":"tlylt/ip[master]","outputFolderName":"tlylt_ip_master"},{"location":{"location":"https://github.com/ong6/ip.git","repoName":"ip","organization":"ong6"},"branch":"master","displayName":"ong6/ip[master]","outputFolderName":"ong6_ip_master"},{"location":{"location":"https://github.com/yhtMinceraft1010X/ip.git","repoName":"ip","organization":"yhtMinceraft1010X"},"branch":"master","displayName":"yhtMinceraft1010X/ip[master]","outputFolderName":"yhtMinceraft1010X_ip_master"},{"location":{"location":"https://github.com/rajobasu/ip.git","repoName":"ip","organization":"rajobasu"},"branch":"master","displayName":"rajobasu/ip[master]","outputFolderName":"rajobasu_ip_master"},{"location":{"location":"https://github.com/markmcwong/ip.git","repoName":"ip","organization":"markmcwong"},"branch":"master","displayName":"markmcwong/ip[master]","outputFolderName":"markmcwong_ip_master"},{"location":{"location":"https://github.com/georgepwhuang/ip.git","repoName":"ip","organization":"georgepwhuang"},"branch":"master","displayName":"georgepwhuang/ip[master]","outputFolderName":"georgepwhuang_ip_master"},{"location":{"location":"https://github.com/kouyk/ip.git","repoName":"ip","organization":"kouyk"},"branch":"master","displayName":"kouyk/ip[master]","outputFolderName":"kouyk_ip_master"}],"errorList":[{"repoName":"OhEyeSee/ip[master]","errorMessage":"Failed to clone from https://github.com/OhEyeSee/ip.git"}],"sinceDate":"2021-01-11","untilDate":"2021-03-01","isSinceDateProvided":true,"isUntilDateProvided":false}
