{"authorDailyContributionsMap":{"AhQuanz":[{"date":"2021-01-18","commitResults":[{"hash":"c81f130fb9209ed5cbf087c3ee83ffa3e3dbda22","messageTitle":"Duke.java : Add Greet , Echo and Exit features","messageBody":"","tags":["Level-1"],"fileTypesAndContributionMap":{"java":{"insertions":26,"deletions":0}}},{"hash":"9e63a3e1eb0c57713d9721d5f09404d7ce2759f6","messageTitle":"Duke.java : Add List command history and add command to command history features.","messageBody":"","tags":["Level-2"],"fileTypesAndContributionMap":{"java":{"insertions":21,"deletions":2}}},{"hash":"981f8bfd61b4c42b494e5e60c6fc1b6d97068aa2","messageTitle":"Add Task.java","messageBody":"","fileTypesAndContributionMap":{"java":{"insertions":25,"deletions":0}}},{"hash":"9f47daa74aa8d6d0bd3ced243649ba5852061d45","messageTitle":"Task.java : Fixed incorrect return for markAsDone function","messageBody":"","fileTypesAndContributionMap":{"java":{"insertions":2,"deletions":1}}},{"hash":"8a3ca6d1acf4f84866d3b82cf7505e5c98d925cb","messageTitle":"Duke.java : Added feature to mark task as done","messageBody":"","tags":["Level-3"],"fileTypesAndContributionMap":{"java":{"insertions":42,"deletions":13}}},{"hash":"c8a954834717151a8fbb58e72c5f55f1ebbf56d3","messageTitle":"Task.java : Changed class to abstract Add Todo.java","messageBody":"","fileTypesAndContributionMap":{"java":{"insertions":11,"deletions":1}}},{"hash":"48b078fc7f9f85d81535d3e6daaaefdd18d13e89","messageTitle":"Duke.java: Add support for todo task","messageBody":"","fileTypesAndContributionMap":{"java":{"insertions":23,"deletions":11}}},{"hash":"3f365ac7806de73db6c98313afc11de9f0baee7e","messageTitle":"Add Deadline.java","messageBody":"","fileTypesAndContributionMap":{"java":{"insertions":13,"deletions":0}}},{"hash":"947394d9428d22a604095e2bc5b3f5db75cedc3b","messageTitle":"Duke.java : Add support for deadline task","messageBody":"","fileTypesAndContributionMap":{"java":{"insertions":37,"deletions":5}}},{"hash":"110770768da1b698459ceabd9de59a8369e4189b","messageTitle":"Add Event.java Deadline.java : minor formatting change","messageBody":"","fileTypesAndContributionMap":{"java":{"insertions":14,"deletions":1}}},{"hash":"02191b275529f18417954852c16032d0f82b19b0","messageTitle":"Duke.java : Add support for event task","messageBody":"","tags":["Level-4"],"fileTypesAndContributionMap":{"java":{"insertions":11,"deletions":7}}},{"hash":"bf944c1a399390166d3235e54146a540fe1e1501","messageTitle":"Expected.txt : Add expected result for input input.txt: Add input for testing","messageBody":"","tags":["A-TextUiTesting"],"fileTypesAndContributionMap":{"txt":{"insertions":11,"deletions":0}}},{"hash":"e4713c54271b2a11a4a0fbd0fae9d2eb70618671","messageTitle":"Add DukeException.java Duke.java : Add feature to deal with incorrect inputs and insuffient inputs","messageBody":"","tags":["Level-5"],"fileTypesAndContributionMap":{"java":{"insertions":53,"deletions":33}}},{"hash":"ec5df917d12a7cbab803cc76a0875b79c9f64a10","messageTitle":"Add new task case for level-5","messageBody":"","fileTypesAndContributionMap":{"txt":{"insertions":7,"deletions":1}}}]},{"date":"2021-01-19","commitResults":[{"hash":"1b3daae522f0c1ab2677f8e00a823ab4670ad5e0","messageTitle":"Minor formatting changes","messageBody":"","fileTypesAndContributionMap":{"java":{"insertions":1,"deletions":1}}},{"hash":"62060a7d13f58c02545c4a62a81b1e134f45863a","messageTitle":"Duck.java : Add support for deletion of task , deleted findSlash function.","messageBody":"","tags":["Level-6"],"fileTypesAndContributionMap":{"java":{"insertions":19,"deletions":8}}}]},{"date":"2021-01-26","commitResults":[{"hash":"d8c0264a81fac1c19b2ed60f947c93215b831d7c","messageTitle":"Duke.java : modify code formating","messageBody":"","fileTypesAndContributionMap":{"java":{"insertions":43,"deletions":40}}},{"hash":"2528630cdb4d0c683db90d570cfc264a349c939b","messageTitle":"Add save method for task format when saved to text file","messageBody":"","fileTypesAndContributionMap":{"java":{"insertions":25,"deletions":2}}},{"hash":"203ac8b65644c28d6ec777e5645c44a2240b4159","messageTitle":"Duke.java : Add Save and Load of Task from and to text file","messageBody":"","fileTypesAndContributionMap":{"java":{"insertions":57,"deletions":1}}},{"hash":"69faa18ccac9148d9a4d756013ba4568f7491646","messageTitle":"Modify Task and sub-classes deadline from String to LocalDateTime","messageBody":"","fileTypesAndContributionMap":{"java":{"insertions":19,"deletions":7}}},{"hash":"4348884190ed44862a6aa949d1109b3bd03066e0","messageTitle":"Add new DukeDeadlineException.java","messageBody":"","fileTypesAndContributionMap":{"java":{"insertions":5,"deletions":0}}},{"hash":"16f0224cb33f4f90fdd4a9399abaecf6399979ed","messageTitle":"Update test and expected for level-8","messageBody":"","fileTypesAndContributionMap":{"txt":{"insertions":6,"deletions":3}}},{"hash":"1da288bfb671264aec43c594ca606ac8b07cf3f2","messageTitle":"Duke.java : Modify function that retrieveDeadline from command , Added support for deadline in LocalDateTime","messageBody":"","fileTypesAndContributionMap":{"java":{"insertions":39,"deletions":14}}},{"hash":"20891709316fde74816b7cb1e101ed5e4ea402df","messageTitle":"Task.java : Add function for LocalDateTime save format","messageBody":"","fileTypesAndContributionMap":{"java":{"insertions":4,"deletions":0}}},{"hash":"441209bb53cfa012dde92053c00ef52e39394adf","messageTitle":"Duke.java : Modify Code to fix bugs due to merging level-7 and level-8 to master","messageBody":"","fileTypesAndContributionMap":{"java":{"insertions":14,"deletions":5}}},{"hash":"63f655b1d0ac5b6b39887ddbb318b17121f4db0c","messageTitle":"Update test for level-7","messageBody":"(cherry picked from commit 974a72b20596cbfc929edc28ed10d4bce7324779)\n","fileTypesAndContributionMap":{"txt":{"insertions":1,"deletions":0}}},{"hash":"a313f8f07a1c692d580f3a07bce28636a76bd061","messageTitle":"Add Parser.java , Storage.java , TaskList.java , Ui.java","messageBody":"","fileTypesAndContributionMap":{"java":{"insertions":112,"deletions":0}}},{"hash":"337e281db738f29b83097836261871f5bcb47ad9","messageTitle":"Add Command.java , ListCommand.java","messageBody":"","fileTypesAndContributionMap":{"java":{"insertions":8,"deletions":0}}},{"hash":"ac29ef5bf8cd5945303ea426e5d28b6fd2b34ce4","messageTitle":"Add DoneCommand.java","messageBody":"","fileTypesAndContributionMap":{"java":{"insertions":16,"deletions":0}}},{"hash":"bef63a2b6b4c5a647e525590b55a86c5e7e46885","messageTitle":"Add support for List and Done Commands","messageBody":"","fileTypesAndContributionMap":{"java":{"insertions":92,"deletions":87}}},{"hash":"f9c81e51eda42d0b862361be48ceab1b70c70df0","messageTitle":"Add DeleteCommmand.java","messageBody":"","fileTypesAndContributionMap":{"java":{"insertions":11,"deletions":0}}},{"hash":"558536429fb33aee9c56bb389eb405c3b24d94ee","messageTitle":"Rename function execute to excute","messageBody":"","fileTypesAndContributionMap":{"java":{"insertions":4,"deletions":9}}},{"hash":"ec0f371025059d2aea027a6b47c52ad5f591a83b","messageTitle":"Add support for delete command","messageBody":"","fileTypesAndContributionMap":{"java":{"insertions":41,"deletions":9}}},{"hash":"832c337c8af4a6d4e504bb89e23dc0e3a1382b62","messageTitle":"Add SaveCommand.java","messageBody":"","fileTypesAndContributionMap":{"java":{"insertions":20,"deletions":0}}},{"hash":"9b5078734473719d70aba77b73820e97b9675979","messageTitle":"Add AddCommand.java","messageBody":"","fileTypesAndContributionMap":{"java":{"insertions":11,"deletions":0}}},{"hash":"5e1b4bdbac5f23f938aa023053223717f88bb67c","messageTitle":"Command.java : Add isExit function","messageBody":"","fileTypesAndContributionMap":{"java":{"insertions":4,"deletions":0}}},{"hash":"6e0102a44af6b8c67dcda250d162bc8bc25983d2","messageTitle":"UI.java : Refactor functions","messageBody":"","fileTypesAndContributionMap":{"java":{"insertions":13,"deletions":8}}},{"hash":"e2edb293849cb60c8a96ec26da6e8a276ae2619e","messageTitle":"Add support for Task Addition","messageBody":"","fileTypesAndContributionMap":{"java":{"insertions":21,"deletions":2}}},{"hash":"676270a4ee580a218497b5d683f8ae78f0f37559","messageTitle":"Minor changes","messageBody":"","fileTypesAndContributionMap":{"java":{"insertions":3,"deletions":2}}},{"hash":"2915b3181149486c775daa05f3f33fb8cc1f428f","messageTitle":"TaskList.java : Fix bug for done (valid index but display \"Invalid Task Option\")","messageBody":"","fileTypesAndContributionMap":{"java":{"insertions":3,"deletions":3}}},{"hash":"f48c7c2ea3826fb05784d782531642bf63fe23f0","messageTitle":"Refactor load to Parser.java","messageBody":"","fileTypesAndContributionMap":{"java":{"insertions":66,"deletions":29}}},{"hash":"a13b3fd8c52108f305614dd2710c652c0292471a","messageTitle":"Update test case for A-MoreOOP","messageBody":"","fileTypesAndContributionMap":{"txt":{"insertions":2,"deletions":1}}},{"hash":"ef0cfc5ecaf2d99e9371bf5ef725031562ef45b2","messageTitle":"Duke.java : Clean up of unused code , minor format changes","messageBody":"","fileTypesAndContributionMap":{"java":{"insertions":3,"deletions":170}}},{"hash":"c4f7ed4b1c2a30be76175752459e4020857aa823","messageTitle":"Minor format change and Add close file","messageBody":"","fileTypesAndContributionMap":{"java":{"insertions":3,"deletions":2}}},{"hash":"73a3471a90d58ce35cdf09c9df529135be46f155","messageTitle":"Complete Refactor of Duke.java","messageBody":"","tags":["A-MoreOOP"],"fileTypesAndContributionMap":{"java":{"insertions":43,"deletions":12}}}]},{"date":"2021-01-27","commitResults":[{"hash":"4a8e2265748d4dc303e5363f212984fb11deb19b","messageTitle":"Add test for Deadline and TaskList class","messageBody":"","tags":["A-Jar","A-JUnit"],"fileTypesAndContributionMap":{"java":{"insertions":36,"deletions":0}}}]},{"date":"2021-01-28","commitResults":[{"hash":"bce6701b85d9bae65c1842a3cdb886ae4a60a7f5","messageTitle":"Add new Command Type (FindCommand)","messageBody":"","fileTypesAndContributionMap":{"java":{"insertions":11,"deletions":0}}},{"hash":"00f3fc4ec1602bb17be923341af63c193278a102","messageTitle":"Extend existing class to support new command type (FindCommand)","messageBody":"","fileTypesAndContributionMap":{"java":{"insertions":37,"deletions":5}}},{"hash":"ee3d9dc24447442304a5b52d1ac3ccee24da237f","messageTitle":"Add JavaDoc comments","messageBody":"","fileTypesAndContributionMap":{"java":{"insertions":105,"deletions":0}}},{"hash":"9333c9dd260d0649ef8abd0796dffbffc1736c7f","messageTitle":"Deadline.java : Add javadoc comments Task.java: Add javadoc comments","messageBody":"","fileTypesAndContributionMap":{"java":{"insertions":51,"deletions":0}}},{"hash":"210d18d6595a00ef05411ee2811f3cea9398e708","messageTitle":"Add javadoc comments for Event.java and Todo.java","messageBody":"","fileTypesAndContributionMap":{"java":{"insertions":34,"deletions":1}}},{"hash":"fd3e887a8ad3779ad220dfafde47c30d8edfc15d","messageTitle":"Modify Code to meet Coding Standard. TaskList -\u003e Tasks","messageBody":"","fileTypesAndContributionMap":{"java":{"insertions":14,"deletions":15}}}]},{"date":"2021-02-02","commitResults":[{"hash":"572141fae5aba02a5624693a7f5d6cb3bf8f22f8","messageTitle":"Add gradle files for JavaFX tutorial","messageBody":"","fileTypesAndContributionMap":{"gradle":{"insertions":33,"deletions":0},"java":{"insertions":5,"deletions":0},"bat":{"insertions":89,"deletions":0}}},{"hash":"52375c1bd2987d8a86f13b5b3f2332f715a82c4e","messageTitle":"Revert \"Add gradle files for JavaFX tutorial\"","messageBody":"This reverts commit 572141fae5aba02a5624693a7f5d6cb3bf8f22f8.\n","fileTypesAndContributionMap":{"gradle":{"insertions":0,"deletions":33},"java":{"insertions":0,"deletions":5},"bat":{"insertions":0,"deletions":89}}},{"hash":"5decf92557c26e4d100e4586cfbd4c8c6196c500","messageTitle":"Set up for JavaFX tutorial (Part 1)","messageBody":"","fileTypesAndContributionMap":{"gradle":{"insertions":14,"deletions":28},"java":{"insertions":25,"deletions":1}}},{"hash":"c416f2a148e7dafdcf7308e813c0fc1a7953f26b","messageTitle":"TaskList.java : Bug Fix taskList -\u003e tasks","messageBody":"","fileTypesAndContributionMap":{"java":{"insertions":2,"deletions":2}}},{"hash":"5bcd3aaa2fe485e48426160bcf591c20c0a4a032","messageTitle":"Complete javaFx tutorial Part 3","messageBody":"","fileTypesAndContributionMap":{"java":{"insertions":154,"deletions":5}}},{"hash":"106bbb9e459e13a130f21899d6326efe5e44944e","messageTitle":"Complete JavaFX tutorial - part 4","messageBody":"","fileTypesAndContributionMap":{"java":{"insertions":118,"deletions":181}}},{"hash":"64f88398d10af2bec0de80779965f2870c833f66","messageTitle":"Change printing on console to displaying on GUI (incomplete)","messageBody":"","fileTypesAndContributionMap":{"java":{"insertions":108,"deletions":65}}}]},{"date":"2021-02-03","commitResults":[{"hash":"7c290b1701c099ebb645b249e7d49cc5773293f8","messageTitle":"Implement load task from file","messageBody":"","fileTypesAndContributionMap":{"java":{"insertions":8,"deletions":4}}},{"hash":"9f000715a7928821a9b4672863e769bc39d75cd6","messageTitle":"Add missing lines for build.gradle","messageBody":"","fileTypesAndContributionMap":{"gradle":{"insertions":30,"deletions":0}}},{"hash":"27b1221f05998a258135de86b7eb87a1e3f37d62","messageTitle":"Convert Command line printing to GUI display","messageBody":"","fileTypesAndContributionMap":{"java":{"insertions":84,"deletions":105}}}]},{"date":"2021-02-08","commitResults":[{"hash":"2c3b0bfc3d3a0f298ec88169f20f046c36e4d7a3","messageTitle":"Include JUnit test in build.gradle","messageBody":"","fileTypesAndContributionMap":{"gradle":{"insertions":4,"deletions":2}}},{"hash":"f7f784b3569b44498ae0fb2e81554c44bc4eafaa","messageTitle":"Edit photo of duke and user to be circle and color user label","messageBody":"","fileTypesAndContributionMap":{"java":{"insertions":9,"deletions":1}}},{"hash":"55d31adab4e3a127b794f330ea37c6785fb6065c","messageTitle":"Fix Checkstyle rules violation","messageBody":"","fileTypesAndContributionMap":{"java":{"insertions":62,"deletions":34}}},{"hash":"f87b8139726f3543cf6562ef6fb476914300d81c","messageTitle":"Modify Ui.java attributes, methods to be non-static","messageBody":"","fileTypesAndContributionMap":{"java":{"insertions":18,"deletions":16}}},{"hash":"cf9b39906c2d0e9ded1f0dd833a3dc503e02ddc7","messageTitle":"Modify excite to execute","messageBody":"","fileTypesAndContributionMap":{"java":{"insertions":7,"deletions":7}}},{"hash":"969ff84363e08bd186cf27989fea5de5030ca87b","messageTitle":"Add assertions","messageBody":"","fileTypesAndContributionMap":{"java":{"insertions":13,"deletions":7}}}]},{"date":"2021-02-09","commitResults":[{"hash":"9be54541914578e81c3ceb14f1239769c1f611d2","messageTitle":"Apply SLAP on Duke.java","messageBody":"","fileTypesAndContributionMap":{"java":{"insertions":6,"deletions":2}}}]},{"date":"2021-02-10","commitResults":[{"hash":"33ddb025500a49b0b7a0579c37d1713bf881b5cd","messageTitle":"Apply SLAP on Parser.java","messageBody":"","fileTypesAndContributionMap":{"java":{"insertions":142,"deletions":41}}},{"hash":"6dc2bcc4b35c10338728c854ad6dd96368398db0","messageTitle":"Remove deep nesting","messageBody":"","fileTypesAndContributionMap":{"java":{"insertions":1,"deletions":4}}},{"hash":"a02420c1af70056af602992ab725449d782ce7d7","messageTitle":"Fix merge mistake","messageBody":"","fileTypesAndContributionMap":{"java":{"insertions":1,"deletions":4}}}]},{"date":"2021-02-13","commitResults":[{"hash":"897bcac7649f786f953039894c1c53ecbb43c189","messageTitle":"Add new UpdateCommand","messageBody":"","fileTypesAndContributionMap":{"java":{"insertions":15,"deletions":0}}},{"hash":"f4f21d38ab1c767d31d10480789efa0548592f90","messageTitle":"Add support for update command","messageBody":"","fileTypesAndContributionMap":{"java":{"insertions":52,"deletions":8}}},{"hash":"2ae73db4f463f56a9d6f2e279a3e3d5d606816b9","messageTitle":"Fix bug for update command","messageBody":"","fileTypesAndContributionMap":{"java":{"insertions":18,"deletions":13}}},{"hash":"41f1ee5645c78303d642bc62bebc81bfed61b683","messageTitle":"Extend update to extra fields in subclasses of Task","messageBody":"","fileTypesAndContributionMap":{"java":{"insertions":49,"deletions":0}}},{"hash":"c5d43a805fc6e104ed19d57ef1385a42c5103234","messageTitle":"Rewrite checkOption function","messageBody":"","fileTypesAndContributionMap":{"java":{"insertions":17,"deletions":4}}}]},{"date":"2021-02-16","commitResults":[{"hash":"9b0fc82dda5698d6e1cc87e0ed8d361234b922b0","messageTitle":"Add Fallthrough comment and fix CheckStyle errors for Praser.java","messageBody":"","fileTypesAndContributionMap":{"java":{"insertions":16,"deletions":5}}},{"hash":"29a36b443b836316d8c66208bcdfbee7a0346932","messageTitle":"Add javadocs , fixed magic Strings for parser.java","messageBody":"","fileTypesAndContributionMap":{"java":{"insertions":144,"deletions":38}}},{"hash":"faa3b5f641c1a24d1ff6b524101f6273a9d1ad8a","messageTitle":"Fix checkStyle error for parser.java","messageBody":"","fileTypesAndContributionMap":{"java":{"insertions":2,"deletions":2}}},{"hash":"11bfbf96a748b175e15ec653e5805aa88992b84f","messageTitle":"Fix magic string and javadoc for taskList.java","messageBody":"","fileTypesAndContributionMap":{"java":{"insertions":36,"deletions":17}}},{"hash":"7cbd37692784971652cafe155dbf61c04ae76385","messageTitle":"Fix checkStyle errors for UpdateCommand.java","messageBody":"","fileTypesAndContributionMap":{"java":{"insertions":8,"deletions":1}}},{"hash":"26c25706a009a5ac958caea2d3fb486f07b58b5a","messageTitle":"Remove not used method isExit();","messageBody":"","fileTypesAndContributionMap":{"java":{"insertions":0,"deletions":4}}},{"hash":"cda4dfcaae15ea4908f93852c784ed8c0a89ef31","messageTitle":"Modify display settings for DialogBox.java","messageBody":"","fileTypesAndContributionMap":{"java":{"insertions":4,"deletions":1}}},{"hash":"11df9ca3647ab603f1b1d987cda3bfb67f445709","messageTitle":"Removed unused method","messageBody":"","fileTypesAndContributionMap":{"java":{"insertions":0,"deletions":5}}},{"hash":"39fb3a19863c061f5ad7d7eff1d0ddd0ef47b229","messageTitle":"Fix magic strings for UI.java Add help message after loading","messageBody":"","fileTypesAndContributionMap":{"java":{"insertions":25,"deletions":11}}},{"hash":"3ea21223c42f4318076d54109926695efb40ffa7","messageTitle":"Add partial UserGuide","messageBody":"","fileTypesAndContributionMap":{"md":{"insertions":71,"deletions":5}}},{"hash":"204f76da74d9b20ac9b4b2de74184c67d6284c99","messageTitle":"Fix bug whereby bye command does not close window","messageBody":"","fileTypesAndContributionMap":{"java":{"insertions":5,"deletions":0}}},{"hash":"3a695d629298ace9352b07920cbe1f79ffb3783e","messageTitle":"Change access modifier of GOODBYE constrant fto fix the bug of application not closing after bye command","messageBody":"","fileTypesAndContributionMap":{"java":{"insertions":2,"deletions":1}}},{"hash":"514a7fbaf5d2c203b2fa33beb5542145ae0118f2","messageTitle":"Fix bug of application not closing after bye command","messageBody":"","fileTypesAndContributionMap":{"java":{"insertions":1,"deletions":1}}},{"hash":"76548a514e5587bf826877210e054cfdb861dbfd","messageTitle":"Finish User guide","messageBody":"","tags":["A-UserGuide"],"fileTypesAndContributionMap":{"md":{"insertions":72,"deletions":38}}},{"hash":"dbba85a3f9ca65bca89e1929499c4ecb9f24d51f","messageTitle":"Fix bug regarding date parsing for event task","messageBody":"","tags":["A-Release"],"fileTypesAndContributionMap":{"java":{"insertions":2,"deletions":2}}},{"hash":"314cdec0814231ebe647d5b0a5d8843652a1d06c","messageTitle":"Update MainClassName for running jar files","messageBody":"","tags":["v0.2"],"fileTypesAndContributionMap":{"gradle":{"insertions":1,"deletions":1}}}]}]},"authorFileTypeContributionMap":{"AhQuanz":{"java":1344,"md":104,"fxml":35,"sh":0,"bat":0,"gradle":18,"txt":22}},"authorContributionVariance":{"AhQuanz":62350.594},"authorDisplayNameMap":{"AhQuanz":"CS2103-W16-2 LIM ..QUAN"}}
