{"authorDailyContributionsMap":{"Eriksen2411":[{"date":"2021-01-19","commitResults":[{"hash":"8c235e7da00511f4d0a3a372f60fbbb4e9130cf5","messageTitle":"add a-","messageBody":"","tags":["Level-1"],"fileTypesAndContributionMap":{"java":{"insertions":25,"deletions":1}}},{"hash":"8f17443d18fb1196cc68463535323151405d683f","messageTitle":"add a-","messageBody":"","tags":["Level-2"],"fileTypesAndContributionMap":{"java":{"insertions":44,"deletions":7}}},{"hash":"fc127b7ba46d1d07d35c3152d46284088667b743","messageTitle":"add a-","messageBody":"","tags":["Level-3"],"fileTypesAndContributionMap":{"java":{"insertions":55,"deletions":14}}}]},{"date":"2021-01-20","commitResults":[{"hash":"4518517f97a158e83ca1fe0368612a85cb117afd","messageTitle":"add a-","messageBody":"","tags":["Level-4"],"fileTypesAndContributionMap":{"java":{"insertions":91,"deletions":32}}},{"hash":"311da7a7cd3063cc71c3a6bb8f1154e447cb135b","messageTitle":"add a-","messageBody":"","fileTypesAndContributionMap":{"txt":{"insertions":8,"deletions":0}}},{"hash":"1de635c4cbf600cf87ba8de23c18913d2f528d04","messageTitle":"add a-","messageBody":"","tags":["Level-5"],"fileTypesAndContributionMap":{"java":{"insertions":118,"deletions":7}}},{"hash":"b603b8a5819ea59a26652e313157eb47ff190938","messageTitle":"add a-","messageBody":"","tags":["Level-6"],"fileTypesAndContributionMap":{"java":{"insertions":29,"deletions":1}}}]},{"date":"2021-01-25","commitResults":[{"hash":"d007394111d32ccc2f3dbfb6d12827407b30edb6","messageTitle":"Finish increment on branch-Level-7","messageBody":"","fileTypesAndContributionMap":{"txt":{"insertions":4,"deletions":0},"java":{"insertions":97,"deletions":16}}}]},{"date":"2021-01-26","commitResults":[{"hash":"53f371076115e10671dcaa106345c0eb7d5ec22d","messageTitle":"finish increment for branch-Level-8","messageBody":"","fileTypesAndContributionMap":{"java":{"insertions":85,"deletions":14}}},{"hash":"a0bb1b939ad30424716108e15b357b92ff30a938","messageTitle":"finished refactoring to A-MoreOOP","messageBody":"","tags":["A-MoreOOP"],"fileTypesAndContributionMap":{"txt":{"insertions":5,"deletions":2},"java":{"insertions":386,"deletions":332}}},{"hash":"5480f95bea7abc631b35aa4632c73538a3be320a","messageTitle":"finished A-Packages","messageBody":"","tags":["A-Packages"],"fileTypesAndContributionMap":{"java":{"insertions":35,"deletions":5}}},{"hash":"606292254a20c0f89c65c88f72e1922717073cd0","messageTitle":"finished A-JUnit by doing unit testing on ToDo, Deadline, Event classes","messageBody":"","tags":["A-JUnit"],"fileTypesAndContributionMap":{"txt":{"insertions":1,"deletions":0},"java":{"insertions":47,"deletions":0}}},{"hash":"7046f6509cc0fd6f9facf53452adff35fae178b4","messageTitle":"finished increment to support JAR file","messageBody":"","tags":["v1.0","A-Jar"],"fileTypesAndContributionMap":{"java":{"insertions":10,"deletions":0}}},{"hash":"54a96d3e6b340a01144d2d3ac8d1111ec09a402d","messageTitle":"Finished adding JavaDoc to all methods and classes","messageBody":"","tags":["A-JavaDoc"],"fileTypesAndContributionMap":{"java":{"insertions":256,"deletions":0}}},{"hash":"c8e62afde72f2d45f4b1a892b3e827e83a89d97c","messageTitle":"finished A-CodingStandard by following the coding standard.","messageBody":"","tags":["A-CodingStandard"],"fileTypesAndContributionMap":{"java":{"insertions":95,"deletions":85}}},{"hash":"fe4a84bee670a615048fc30544db0b92b00893a8","messageTitle":"finished increment fro Level-9","messageBody":"","tags":["Level-9"],"fileTypesAndContributionMap":{"java":{"insertions":40,"deletions":12}}}]},{"date":"2021-02-03","commitResults":[{"hash":"000a1c4e7c1f5c73aa55733fbb5f44512c034290","messageTitle":"no message","messageBody":"","fileTypesAndContributionMap":{"sh":{"insertions":116,"deletions":0}}}]},{"date":"2021-02-04","commitResults":[{"hash":"2e8fa55949048b3d51e27963436795050af74418","messageTitle":"no message","messageBody":"","fileTypesAndContributionMap":{"txt":{"insertions":1,"deletions":2},"java":{"insertions":114,"deletions":53}}}]},{"date":"2021-02-05","commitResults":[{"hash":"eaf6d03f215af4829d166d2454ee159e412b3d3c","messageTitle":"no message","messageBody":"","fileTypesAndContributionMap":{"gradle":{"insertions":16,"deletions":1},"txt":{"insertions":3,"deletions":6},"java":{"insertions":263,"deletions":101}}}]}]},"authorFileTypeContributionMap":{"Eriksen2411":{"java":1122,"md":0,"fxml":37,"sh":116,"bat":0,"gradle":16,"txt":15}},"authorContributionVariance":{"Eriksen2411":78165.75},"authorDisplayNameMap":{"Eriksen2411":"CS2103T-T11-2 NGUY..DANH"}}
