{"authorDailyContributionsMap":{"kaixiangtay":[{"date":"2021-01-16","commitResults":[{"hash":"118b17b46b41d07f8d18f53bfe1fddc5cf32bf10","messageTitle":"Created Duke Project Level 1 with greet, echo and exit features","messageBody":"","fileTypesAndContributionMap":{"java":{"insertions":35,"deletions":7}}}]},{"date":"2021-01-17","commitResults":[{"hash":"bdd98d68819aed93ce7c1d9055a7da3fde85e408","messageTitle":"Improve code readability for Level 1","messageBody":"","fileTypesAndContributionMap":{"java":{"insertions":1,"deletions":0}}},{"hash":"63cada9c5ba3504794de7d766e3ff70096079dc2","messageTitle":"Revert \"Improve code readability for Level 1\"","messageBody":"This reverts commit bdd98d68819aed93ce7c1d9055a7da3fde85e408.\n","fileTypesAndContributionMap":{"java":{"insertions":0,"deletions":1}}},{"hash":"a900d8c574c610d1cd8d1591e071ebf7017a2775","messageTitle":"Revert \"Revert \"Improve code readability for Level 1\"\"","messageBody":"This reverts commit 63cada9c5ba3504794de7d766e3ff70096079dc2.\n","fileTypesAndContributionMap":{"java":{"insertions":1,"deletions":0}}},{"hash":"9074ac5ca9bc4634702506f80890610bd4b98f26","messageTitle":"Update naming convention and attribute for constant","messageBody":"","tags":["Level-1"],"fileTypesAndContributionMap":{"java":{"insertions":4,"deletions":4}}},{"hash":"4aec1c21c65fc077e32cf0b090ca16f86982e024","messageTitle":"Created Duke Project Level 2 with add and list features","messageBody":"","tags":["Level-2"],"fileTypesAndContributionMap":{"java":{"insertions":28,"deletions":8}}},{"hash":"ce2e222d22c8d520481cea11431495fa0de6c323","messageTitle":"Created Duke Project Level 3 with mark as done feature and added Task class","messageBody":"","tags":["Level-3"],"fileTypesAndContributionMap":{"java":{"insertions":37,"deletions":5}}}]},{"date":"2021-01-18","commitResults":[{"hash":"19baa6c6f504bf9c20dc480f39c1125e6f964387","messageTitle":"Created Duke Project Level 4 with ToDo, Event and Deadline features and optimised code from previous levels","messageBody":"","tags":["Level-4"],"fileTypesAndContributionMap":{"java":{"insertions":125,"deletions":32}}},{"hash":"f93385c7f0d01488f4757a71d859de8e690a1651","messageTitle":"Added in automated text ui test case and updated code structure to suit Level 4 integration","messageBody":"","tags":["A-TextUiTesting"],"fileTypesAndContributionMap":{"txt":{"insertions":10,"deletions":0},"java":{"insertions":9,"deletions":14}}},{"hash":"7462d664c57610d52451f8d4ae2e32942078fac6","messageTitle":"Refactor code and improve code readability by modularising code and cutting lines of code in methods to below 30","messageBody":"","fileTypesAndContributionMap":{"java":{"insertions":33,"deletions":24}}},{"hash":"7ef6b8fbc3e0c5dc1c19f950672a0a6d17047ebf","messageTitle":"Created Duke Project Level 5 with exception handling features","messageBody":"","tags":["Level-5"],"fileTypesAndContributionMap":{"java":{"insertions":38,"deletions":8}}},{"hash":"c5a89f158d8f50bf8bfead92e7f44450ce7c1b72","messageTitle":"Created Duke Project Level 6 with delete tasks feature","messageBody":"","fileTypesAndContributionMap":{"java":{"insertions":15,"deletions":2}}},{"hash":"ab15d241c17571a65daa1ed88257a9135a55f14e","messageTitle":"Modularise Code in DukeBot class","messageBody":"","fileTypesAndContributionMap":{"java":{"insertions":11,"deletions":9}}},{"hash":"39283dca5f9ca41d8e10fb3b93586e2bd52a7dba","messageTitle":"Added exception check for done and delete features to check whether a valid integer input is entered (greater than 0 or not greater than the number of tasks on hand)","messageBody":"","fileTypesAndContributionMap":{"java":{"insertions":37,"deletions":18}}}]},{"date":"2021-01-20","commitResults":[{"hash":"e456c7e73338272c8c6b435c85f3c2265071870c","messageTitle":"Added in ExceptionType enum class for the various types of exception, modularise code in DukeBot and update access modifiers (where applicable) in the Duke Project","messageBody":"","tags":["A-Enums"],"fileTypesAndContributionMap":{"java":{"insertions":46,"deletions":37}}},{"hash":"a733812a24055a2af9f96e1ad4edc860c1353aa0","messageTitle":"Added in documentation for all the classes in Duke Project","messageBody":"","fileTypesAndContributionMap":{"java":{"insertions":129,"deletions":9}}},{"hash":"f74490caa0b673a968f85c454c3822762a1de357","messageTitle":"Updated test case to check for negative input or list out of range","messageBody":"","fileTypesAndContributionMap":{"txt":{"insertions":3,"deletions":0}}}]},{"date":"2021-01-21","commitResults":[{"hash":"bd44f776ff25d307b680e5d1da5e8fe60bc19fbf","messageTitle":"Modified structure of exception handling, modularise code in DukeBot and added in extra test case to textUI","messageBody":"","tags":["Level-6"],"fileTypesAndContributionMap":{"txt":{"insertions":1,"deletions":0},"java":{"insertions":53,"deletions":67}}}]},{"date":"2021-01-24","commitResults":[{"hash":"96fd73a60484ea812d0eb0e512b74c7005688e64","messageTitle":"Improve code quality by updating the switch cases indentation (abiding to coding standard) and made string slicing technique more efficient to obtain the task description for event and deadline tasks in DukeBot class.","messageBody":"","fileTypesAndContributionMap":{"java":{"insertions":38,"deletions":71}}},{"hash":"b320c802f64f56a7bf5cb9e72c5255936c4ff5e2","messageTitle":"Create Level 7 Duke Project","messageBody":"","fileTypesAndContributionMap":{"java":{"insertions":87,"deletions":14}}}]},{"date":"2021-01-25","commitResults":[{"hash":"308b4bb53e36f8b9abe0cdb519baf800979b741a","messageTitle":"Rebuild whole project, resolve directory problem that causes FileNotFound exception and implement the save feature for Level 7 Duke Project","messageBody":"","fileTypesAndContributionMap":{"txt":{"insertions":17,"deletions":0},"java":{"insertions":427,"deletions":8}}},{"hash":"9f1d20f26924f93d7a8fb954ce84cd466a3264f8","messageTitle":"Update whole project base and reformat corrupted files along the way","messageBody":"","fileTypesAndContributionMap":{"java":{"insertions":388,"deletions":0}}},{"hash":"309473881b1599cbada49891d9b885cd2a7b45e2","messageTitle":"Update documentation for Level-7 Duke project","messageBody":"","fileTypesAndContributionMap":{"java":{"insertions":27,"deletions":0}}},{"hash":"0e9d95763090ae215feb18ae9d0932c1f5d1469c","messageTitle":"Update branch","messageBody":"","fileTypesAndContributionMap":{"java":{"insertions":0,"deletions":27}}},{"hash":"e9356e02c230bc8eb348be2c3f0edd6888c29259","messageTitle":"Revert \"Update branch\"","messageBody":"This reverts commit 0e9d95763090ae215feb18ae9d0932c1f5d1469c.\n","tags":["Level-7"],"fileTypesAndContributionMap":{"java":{"insertions":27,"deletions":0}}},{"hash":"0ebe373d8ce27829c9d10f5f3cf0ced19aa62c80","messageTitle":"Create branch-Level-8 and added dateTime feature conversion from MMM dd yyyy to dd-MM-yyyy format for Deadline and Event tasks in Duke Project","messageBody":"","tags":["Level-8"],"fileTypesAndContributionMap":{"txt":{"insertions":1,"deletions":3},"java":{"insertions":73,"deletions":30}}},{"hash":"b9466499311fb6a3a686b300458675dcfbf36180","messageTitle":"Add Storage.java, TaskList.java, UI.java and add in a few more custom exceptions to check for loading error, saving error and file configuration during start-up of Duke Bot","messageBody":"","fileTypesAndContributionMap":{"java":{"insertions":177,"deletions":6}}},{"hash":"580d2aa36f4abf26fbfff38a59f4dbfb28ba5208","messageTitle":"Create Command.java, TaskList.java and Ui.java for A-MoreOOP level and modified Duke.java accordingly","messageBody":"","fileTypesAndContributionMap":{"java":{"insertions":46,"deletions":14}}}]},{"date":"2021-01-26","commitResults":[{"hash":"1593b7cf455f5d552398da39cc94605ad1ac7ca5","messageTitle":"Add in Parser.java, ExitCommand.java, DeleteTask.java, ListCommand.java, DoneCommand.java and AddTask.java to A-MoreOOP level in Duke Project.","messageBody":"","tags":["A-MoreOOP"],"fileTypesAndContributionMap":{"txt":{"insertions":1,"deletions":1},"java":{"insertions":243,"deletions":37}}},{"hash":"544ae5e655f2de66926becb5eb4c258cc49bf380","messageTitle":"Organise Duke Project into a main folder duke with sub-packages of command, task and exception for A-Packages level. DukeBot.java also being removed since the codes no longer require it.","messageBody":"","tags":["A-Packages"],"fileTypesAndContributionMap":{"txt":{"insertions":1,"deletions":1},"java":{"insertions":80,"deletions":271}}},{"hash":"f5e92c34eb56fa5e0852193e08b63a91a4517114","messageTitle":"Add JUnit test file ParserTest.java to test for desired output in Parser.java and create StorageTest.java for Duke project A-JUnit level","messageBody":"","fileTypesAndContributionMap":{"txt":{"insertions":1,"deletions":1},"java":{"insertions":42,"deletions":10}}},{"hash":"0d74db3e15d9e83e4d2f718371e9b790a7635be7","messageTitle":"Implement test cases in StorageTest.java for automatic testing of public classes in Storage.java","messageBody":"","tags":["A-Jar","A-JUnit"],"fileTypesAndContributionMap":{"txt":{"insertions":0,"deletions":0},"java":{"insertions":82,"deletions":2}}},{"hash":"db8e1d4284c5c3e4bbb298f73addebb50f4967bc","messageTitle":"Create FindCommand.java for Duke Project Level 9 and fine-tune blank description handling in Parser.java","messageBody":"","tags":["Level-9"],"fileTypesAndContributionMap":{"txt":{"insertions":0,"deletions":1},"java":{"insertions":102,"deletions":7}}},{"hash":"d044180078b3ea1905b81e43a23f2c7aa00bed36","messageTitle":"Update indentation to follow Java coding standard in Duke Project A-CodingStandard level","messageBody":"","tags":["A-CodingStandard"],"fileTypesAndContributionMap":{"java":{"insertions":74,"deletions":72}}}]},{"date":"2021-01-27","commitResults":[{"hash":"914d1803c96d4042714c267149d48bf35be4bb21","messageTitle":"Add JavaDoc comments to all the files in Duke Project A-JavaDoc level while adhering to the recommended form","messageBody":"","tags":["A-JavaDoc"],"fileTypesAndContributionMap":{"java":{"insertions":292,"deletions":34}}}]},{"date":"2021-01-31","commitResults":[{"hash":"8054c01f578cd9dfb1778d10371b25e829a8858d","messageTitle":"Integrate CheckStyle in gradle to detect coding styles violation within the whole Duke project","messageBody":"","tags":["A-CheckStyle"],"fileTypesAndContributionMap":{"gradle":{"insertions":8,"deletions":0},"java":{"insertions":4,"deletions":0}}}]},{"date":"2021-02-01","commitResults":[{"hash":"2384355011393ab7243d83eff69520bfcd4d4efd","messageTitle":"Update checkstyle of files and added in javafx config to build.gradle","messageBody":"","fileTypesAndContributionMap":{"gradle":{"insertions":18,"deletions":1},"java":{"insertions":94,"deletions":132}}},{"hash":"4606d507798a02ae006f48ace1deed5d664fb363","messageTitle":"Add GUI to Duke and refactor previous levels code to integrate with javafx dialogBox and mainWindow","messageBody":"","fileTypesAndContributionMap":{"gradle":{"insertions":1,"deletions":1},"txt":{"insertions":1,"deletions":0},"java":{"insertions":232,"deletions":96}}},{"hash":"79c8a07374573c9ee61899e9a28b9afc8e935f0f","messageTitle":"Add in comments for public methods and corrected coding standard violations using intellij checkstyle tool","messageBody":"","fileTypesAndContributionMap":{"java":{"insertions":28,"deletions":6}}}]},{"date":"2021-02-02","commitResults":[{"hash":"c7486c24b537acb3778f4071acd25c87c6659e89","messageTitle":"Fix string splitting bug in Parser for event and deadline","messageBody":"","fileTypesAndContributionMap":{"txt":{"insertions":1,"deletions":1},"java":{"insertions":11,"deletions":18}}}]},{"date":"2021-02-03","commitResults":[{"hash":"74946b6c1565242f1310ec9be09dfb9eef8089c9","messageTitle":"Use gradle automation to perform static analysis on project and fix no white spaces before the + arithmetic sign in StorageTest.java","messageBody":"","tags":["Level-10"],"fileTypesAndContributionMap":{"java":{"insertions":3,"deletions":10}}}]},{"date":"2021-02-09","commitResults":[{"hash":"18f879e69272043ac9693ecbf891936279de76e8","messageTitle":"Enable assertion check in build.gradle and added assertion statements to Duke, Storage, DialogBox and MainWindow java files","messageBody":"","tags":["A-Assertions"],"fileTypesAndContributionMap":{"gradle":{"insertions":1,"deletions":0},"java":{"insertions":10,"deletions":3}}},{"hash":"646ac21c62b06cbbab75dfd6b673fde103faa715","messageTitle":"Improve code quality (naming, use of guard clauses, use of boolean variables) to enhance code readability","messageBody":"","tags":["A-CodeQuality"],"fileTypesAndContributionMap":{"txt":{"insertions":1,"deletions":1},"java":{"insertions":139,"deletions":90}}},{"hash":"82bfe8f0008f9270e6b89b6d1cf923298a630128","messageTitle":"Update trailing blank whitespace error","messageBody":"","fileTypesAndContributionMap":{"java":{"insertions":1,"deletions":1}}},{"hash":"098fe41e86a01b8bcc8c8c6b4070666760b4819c","messageTitle":"Create C-Sort extension feature to Duke Project and resolve InvocationTargetException error due to invalid deadline/event user input","messageBody":"","tags":["BCD-Extension"],"fileTypesAndContributionMap":{"txt":{"insertions":2,"deletions":1},"java":{"insertions":120,"deletions":9}}},{"hash":"863960919a9848b8450bad2e2ba6e18aaa372e92","messageTitle":"Resolve line longer than 120 characters error in DukeException","messageBody":"","fileTypesAndContributionMap":{"java":{"insertions":2,"deletions":1}}}]},{"date":"2021-02-16","commitResults":[{"hash":"40a7156995a118dd186f92d68de83394da1d0dfd","messageTitle":"Improve UI by changing default display pictures, color border for user and Duke","messageBody":"","fileTypesAndContributionMap":{"txt":{"insertions":0,"deletions":1},"java":{"insertions":20,"deletions":3}}},{"hash":"a6a882a48855dd73265b6be910dc8fd0723bbedb","messageTitle":"Add in a third color border to differentiate error messages","messageBody":"","tags":["A-BetterGui"],"fileTypesAndContributionMap":{"java":{"insertions":2,"deletions":1}}},{"hash":"919857022aa2661c3fa38fc92eb9e07ab75a1dc9","messageTitle":"Resolve saving error after reload and handle empty list loading exception","messageBody":"","fileTypesAndContributionMap":{"txt":{"insertions":0,"deletions":1},"java":{"insertions":46,"deletions":38}}},{"hash":"94f22b59c03276ca0c4537a1156f2cf1f5601717","messageTitle":"Resolve 120 lines error after gradle check on Duke project","messageBody":"","fileTypesAndContributionMap":{"java":{"insertions":2,"deletions":2}}},{"hash":"0cd3163a3044745bf39a09ffd934a4f86af70038","messageTitle":"Remove vertical height constraint of DialogBox","messageBody":"","fileTypesAndContributionMap":{"txt":{"insertions":4,"deletions":0}}},{"hash":"57aeab757b47d3f0104647fc837e380e97904e63","messageTitle":"Fix hidden bugs and add documentation to README.md","messageBody":"","tags":["A-UserGuide"],"fileTypesAndContributionMap":{"txt":{"insertions":2,"deletions":4},"java":{"insertions":22,"deletions":13},"md":{"insertions":126,"deletions":9}}},{"hash":"700fdf04c5de4af19719e593feb6b9f9447b822f","messageTitle":"Remove redundant debug lines","messageBody":"","tags":["A-Release"],"fileTypesAndContributionMap":{"java":{"insertions":1,"deletions":4}}}]}]},"authorFileTypeContributionMap":{"kaixiangtay":{"java":1495,"md":121,"fxml":35,"sh":0,"bat":0,"gradle":27,"txt":16}},"authorContributionVariance":{"kaixiangtay":80246.42},"authorDisplayNameMap":{"kaixiangtay":"CS2103T-T10-2 TAY ..IANG"}}
