{"authorDailyContributionsMap":{"w2vgd":[{"date":"2021-01-16","commitResults":[{"hash":"6a77ed3558e22259d4f346ed5846e479409bef7f","messageTitle":"Skeletal version","messageBody":"","tags":["Level-1"],"fileTypesAndContributionMap":{"java":{"insertions":39,"deletions":3}}},{"hash":"56c0b96e490175c7462f04398b4c5b72295e3623","messageTitle":"Add list functionality","messageBody":"","tags":["Level-2","A-Collections"],"fileTypesAndContributionMap":{"java":{"insertions":29,"deletions":9}}}]},{"date":"2021-01-17","commitResults":[{"hash":"b3de37ea88f8663a9d4b3853f229611cfd96f24a","messageTitle":"Add mark as done functionality","messageBody":"","tags":["Level-3"],"fileTypesAndContributionMap":{"java":{"insertions":63,"deletions":16}}},{"hash":"0a4b12894ef11de1b1c809311899cd6ac8d624e7","messageTitle":"Add different types of tasks","messageBody":"","tags":["Level-4","A-Inheritance","A-Classes"],"fileTypesAndContributionMap":{"java":{"insertions":114,"deletions":55}}},{"hash":"de0dd9f5d38c1dcb562cd354839e381067d734f8","messageTitle":"Update files for automated testing","messageBody":"","tags":["A-TextUiTesting"],"fileTypesAndContributionMap":{"txt":{"insertions":12,"deletions":0},"java":{"insertions":4,"deletions":2}}}]},{"date":"2021-01-18","commitResults":[{"hash":"56c1604272cd6d5f2a6a6fe5ecb135fa38f78875","messageTitle":"Refactor code in main function","messageBody":"","fileTypesAndContributionMap":{"java":{"insertions":76,"deletions":60}}},{"hash":"f7442bbaddfd2bbc5286405cde9c0160c10f5a0d","messageTitle":"Handle incorrect inputs","messageBody":"","tags":["Level-5","A-Exceptions"],"fileTypesAndContributionMap":{"txt":{"insertions":2,"deletions":0},"java":{"insertions":126,"deletions":47}}},{"hash":"41aa00c2a126e0de6e05bb5cd2234c00421d1037","messageTitle":"Create Main class to drive the chatbot program","messageBody":"","fileTypesAndContributionMap":{"java":{"insertions":35,"deletions":32}}},{"hash":"e0bd267013451a3597a0a78cc6bccc586edb701f","messageTitle":"Update runtest.bat to run program with Main","messageBody":"","fileTypesAndContributionMap":{"bat":{"insertions":1,"deletions":1}}},{"hash":"dde9a2ed39c3ac01cd21fb99a94477932429931c","messageTitle":"Add InvalidDescriptionException","messageBody":"","fileTypesAndContributionMap":{"java":{"insertions":25,"deletions":27}}},{"hash":"9da5d23f4c8ebe55b57c9836fad7d7f288560cfb","messageTitle":"Update test scripts","messageBody":"","fileTypesAndContributionMap":{"txt":{"insertions":2,"deletions":0}}},{"hash":"1bb565324bc541291fb5f1147dc95ffd8f7d62ed","messageTitle":"Add delete functionality","messageBody":"","fileTypesAndContributionMap":{"java":{"insertions":37,"deletions":12}}},{"hash":"bb7aa0b9b9a7d661ac110ad91f5bed5018c9ab50","messageTitle":"Handle IndexOutOfBoundsException","messageBody":"","fileTypesAndContributionMap":{"java":{"insertions":8,"deletions":2}}},{"hash":"d3a714772a4cf0b9a804f3eccacea45c86a191eb","messageTitle":"Update test scripts","messageBody":"","fileTypesAndContributionMap":{"txt":{"insertions":1,"deletions":0}}},{"hash":"008e20b2ae410a30be8b9926d50ff61bb35e8698","messageTitle":"Remove index field of Task","messageBody":"","fileTypesAndContributionMap":{"java":{"insertions":14,"deletions":18}}},{"hash":"0eb2f3ab3a0d30640167769307c4873f57f93124","messageTitle":"Update test scripts to include delete","messageBody":"","tags":["Level-6"],"fileTypesAndContributionMap":{"txt":{"insertions":4,"deletions":0}}}]},{"date":"2021-01-19","commitResults":[{"hash":"f504be210f7164a941e767e5d9b43154ce814c41","messageTitle":"Add enums Command and State","messageBody":"","tags":["A-Enums"],"fileTypesAndContributionMap":{"txt":{"insertions":1,"deletions":1},"java":{"insertions":55,"deletions":43}}},{"hash":"0f3598ea3e1844340501307a5d94631a4d1ae079","messageTitle":"Create Parser class to handle parsing of user command","messageBody":"","fileTypesAndContributionMap":{"java":{"insertions":11,"deletions":9}}}]},{"date":"2021-01-21","commitResults":[{"hash":"97f7fa04f6c73c0f8415fe676c4e0152fc614b4c","messageTitle":"Add help command","messageBody":"","fileTypesAndContributionMap":{"java":{"insertions":32,"deletions":7}}}]},{"date":"2021-01-23","commitResults":[{"hash":"a041ab3f91f8f7bf3171b1b9a0c75da3f0d9e546","messageTitle":"Change Task class to an abstract class","messageBody":"","fileTypesAndContributionMap":{"java":{"insertions":94,"deletions":56}}},{"hash":"1d40d202f178ec1e2351c58b6e83662833208575","messageTitle":"Refactor code from Duke class to Main class","messageBody":"","fileTypesAndContributionMap":{"java":{"insertions":234,"deletions":226}}},{"hash":"811d75e8fd9823df2e0d9815fab146707fcadad5","messageTitle":"Add storage functionality","messageBody":"Allow user to save and load tasks from their own local hard disk\n","fileTypesAndContributionMap":{"java":{"insertions":140,"deletions":14}}},{"hash":"00780da8755f071f04bc3d5acbdbe2878837fe40","messageTitle":"Update deadline attribute to use LocalDateTime from String","messageBody":"","fileTypesAndContributionMap":{"java":{"insertions":45,"deletions":23}}}]},{"date":"2021-01-24","commitResults":[{"hash":"aa410f60e8565211db0dbdb4da608e0d331ca352","messageTitle":"Create TaskList class","messageBody":"","fileTypesAndContributionMap":{"java":{"insertions":70,"deletions":42}}},{"hash":"4c8877a9898ae022ff1dc1ae9c04f5100d4e2994","messageTitle":"Update test scripts to reflect change in deadline task format","messageBody":"","fileTypesAndContributionMap":{"txt":{"insertions":2,"deletions":2}}},{"hash":"3ba6786260de1c462b7a6895d285f4152c4030d7","messageTitle":"Add Ui class to handle I/O","messageBody":"","fileTypesAndContributionMap":{"java":{"insertions":127,"deletions":85}}},{"hash":"6329d39009fe06fb1ab4ec7f0e526f0d0516e9ea","messageTitle":"Add abstract Command class with several subclasses","messageBody":"","fileTypesAndContributionMap":{"txt":{"insertions":1,"deletions":0},"java":{"insertions":457,"deletions":211}}},{"hash":"14baebd24086821eec676a8dfccae637ccdff862","messageTitle":"Fix invalid command output message and remove redundant comments","messageBody":"","tags":["A-MoreOOP"],"fileTypesAndContributionMap":{"txt":{"insertions":0,"deletions":1},"java":{"insertions":17,"deletions":151}}}]},{"date":"2021-01-25","commitResults":[{"hash":"3f403e39d78da33811761eb5bb9a1373ab214c1a","messageTitle":"Divide classes into packages","messageBody":"","tags":["A-Packages"],"fileTypesAndContributionMap":{"java":{"insertions":123,"deletions":26},"bat":{"insertions":2,"deletions":2}}}]},{"date":"2021-01-26","commitResults":[{"hash":"070d8bf00e8c97638809e170eff4d65a51cb52ca","messageTitle":"Add JUnit tests for tasks, ui and some commands","messageBody":"","tags":["A-Jar","A-JUnit"],"fileTypesAndContributionMap":{"java":{"insertions":378,"deletions":19}}}]},{"date":"2021-01-27","commitResults":[{"hash":"f792b0639baa99adcb4e8102cc37041af612843f","messageTitle":"Add JavaDocs for all classes","messageBody":"","fileTypesAndContributionMap":{"java":{"insertions":313,"deletions":16}}},{"hash":"3730bc40c0cd84881e614f196adb826b3a01c7ad","messageTitle":"Fix code style","messageBody":"","fileTypesAndContributionMap":{"java":{"insertions":153,"deletions":126}}},{"hash":"a948d21118e62d117bb7860bc7d13f6a493a3442","messageTitle":"Add find functionality to search for tasks with common keyword","messageBody":"","fileTypesAndContributionMap":{"txt":{"insertions":4,"deletions":0},"java":{"insertions":50,"deletions":6}}},{"hash":"d3f600c3dcbdf2208124d91e4d78a62db6604269","messageTitle":"Add an additional Ui test method and fix javadoc indentation","messageBody":"","fileTypesAndContributionMap":{"java":{"insertions":62,"deletions":13}}},{"hash":"f3ea9e6c2caf5e78b2bdd427c5d00b97b954eb05","messageTitle":"Add utility Messages class to avoid repeat declarations","messageBody":"","fileTypesAndContributionMap":{"java":{"insertions":70,"deletions":48}}},{"hash":"0f23beb94c762d6ef6868ab4fac149b020a84bed","messageTitle":"Add further input validation for deadline and event commands","messageBody":"","fileTypesAndContributionMap":{"java":{"insertions":22,"deletions":7}}}]},{"date":"2021-01-28","commitResults":[{"hash":"3a7650987cda066405ec99bfc813b573839d82f9","messageTitle":"Update message for help command","messageBody":"","fileTypesAndContributionMap":{"txt":{"insertions":0,"deletions":4},"java":{"insertions":50,"deletions":15}}}]},{"date":"2021-01-29","commitResults":[{"hash":"9c6a9a0e3d0c073dc9533d8577c96132fc4723bd","messageTitle":"Add additional deadline string formats for user to pass in","messageBody":"Deadline string parsing only has one single format that forces user\nto pass in a time component.\n\nSplitting the date component and the time component of the deadline\nattribute in DeadlineTask class allows for additional formats for\nthe user to pass in. This gives the the user more flexibility to\nindicate deadlines. For example, the user can now pass in either\nonly a date component or a date component with a time component.\n\nLet\u0027s split the deadline attribute of the DeadlineTask class into a\nLocalDate and a LocalTime component to store the date and time\nseparately.\n\nSplitting into separate attributes because a LocalDateTime object\nrequires both date and time components to initialize. Since the user\nhas the option to not pass in a time component, the date and time\ncomponents have to be stored separately.\n","fileTypesAndContributionMap":{"java":{"insertions":169,"deletions":68}}},{"hash":"a3ffc746ef8a78315105fe3fc222ca9c1e23ce3d","messageTitle":"Add more ways to separate date and time components for deadline","messageBody":"","fileTypesAndContributionMap":{"java":{"insertions":3,"deletions":2}}},{"hash":"ad8abb6988a4ba47cc057575fd701c7e430b8e65","messageTitle":"Update test scripts to test find and help commands","messageBody":"","fileTypesAndContributionMap":{"txt":{"insertions":10,"deletions":4}}},{"hash":"75a8600b6b2fa97f4fdd4be2ad6c6e33ad82e648","messageTitle":"Update default storage path","messageBody":"","fileTypesAndContributionMap":{"java":{"insertions":13,"deletions":8}}},{"hash":"2f3dfc2b1fbe8dbdbc57f3dd127d75307c155dd8","messageTitle":"Fix typo regarding error message for delete","messageBody":"","fileTypesAndContributionMap":{"java":{"insertions":10,"deletions":4}}}]},{"date":"2021-01-30","commitResults":[{"hash":"0108c208d849b66c2587ee1ab1f41cd0df3ad800","messageTitle":"Update build.gradle file","messageBody":"","fileTypesAndContributionMap":{"gradle":{"insertions":1,"deletions":1}}},{"hash":"c23fab987293afbcb5959929bcbd01e347755fa2","messageTitle":"Fix coding violations detected by checkstyle","messageBody":"","fileTypesAndContributionMap":{"java":{"insertions":167,"deletions":68}}}]},{"date":"2021-01-31","commitResults":[{"hash":"c3d70a15794843c6a89b2f6c3d0786d3c040cf7c","messageTitle":"Add minimum viable GUI using JavaFX","messageBody":"","fileTypesAndContributionMap":{"gradle":{"insertions":15,"deletions":0},"java":{"insertions":238,"deletions":79}}},{"hash":"cb2a0a52f22a6d9ab27d7ba1f9ef8aafa6a8b120","messageTitle":"Remove text-based UI components","messageBody":"","fileTypesAndContributionMap":{"java":{"insertions":5,"deletions":149}}},{"hash":"059cd179cd230d5633a6620a17c9c39436e8a3f9","messageTitle":"Refactor code from Ui class to MainWindow class","messageBody":"","fileTypesAndContributionMap":{"java":{"insertions":189,"deletions":158}}}]},{"date":"2021-02-01","commitResults":[{"hash":"c91df80a7414d4dcac8bfac62cb19f9a4e44670b","messageTitle":"Convert some UI components to use FXML","messageBody":"","fileTypesAndContributionMap":{"java":{"insertions":73,"deletions":92}}},{"hash":"0e6c4dffbfbc22cd7201874ea190fe64688d6c68","messageTitle":"Add chat avatars and background color to GUI","messageBody":"","fileTypesAndContributionMap":{"java":{"insertions":28,"deletions":12}}},{"hash":"6ce76012e603c4b011fed259a2b17374f3dfc043","messageTitle":"Add some css styling and adjust text messages to align to bottom","messageBody":"","fileTypesAndContributionMap":{"java":{"insertions":3,"deletions":5}}}]},{"date":"2021-02-02","commitResults":[{"hash":"72c152e608a2e16da2dbe5dacb9b0bb808335141","messageTitle":"Fix some minor coding standard violations","messageBody":"","fileTypesAndContributionMap":{"java":{"insertions":50,"deletions":69}}}]},{"date":"2021-02-03","commitResults":[{"hash":"13ed3f2abd417d0a37e9e460c63b363823e2e480","messageTitle":"Fix JavaDoc comments and variable namings","messageBody":"","fileTypesAndContributionMap":{"java":{"insertions":373,"deletions":268}}},{"hash":"bdec58624b15832d8c479be98609010446dc740e","messageTitle":"Update final member variable names to adhere to checkstyle instead","messageBody":"","fileTypesAndContributionMap":{"java":{"insertions":84,"deletions":87}}},{"hash":"e1463894a5d86bf0e90b4653034208090d4d4d91","messageTitle":"Update CommandResult constructor to take in varargs for messageForUser","messageBody":"","tags":["A-Varargs"],"fileTypesAndContributionMap":{"java":{"insertions":124,"deletions":108}}},{"hash":"1b2a9b513da31f62b32bc40e38ddd39f210463ae","messageTitle":"Update build.gradle mainClassName to launch program with duke.Launcher","messageBody":"","fileTypesAndContributionMap":{"gradle":{"insertions":1,"deletions":1},"java":{"insertions":1,"deletions":4}}},{"hash":"14f5b9d31729891542fbb680e96eb2a67a7323e7","messageTitle":"Rename Background.css to Styles.css","messageBody":"","fileTypesAndContributionMap":{"java":{"insertions":1,"deletions":1}}}]},{"date":"2021-02-04","commitResults":[{"hash":"2a426838a12f0cc7cf0ccbbccbf210c06317ab00","messageTitle":"Change background of application and avatar icons","messageBody":"","fileTypesAndContributionMap":{"java":{"insertions":31,"deletions":4}}},{"hash":"6dd7356072f5448613e0ea7a148afa51d2b85ea9","messageTitle":"Update background image","messageBody":"","fileTypesAndContributionMap":{"txt":{"insertions":1,"deletions":0},"java":{"insertions":4,"deletions":5}}},{"hash":"1d6b9ede63f6d62f821c05267302db8aeb7c9ca9","messageTitle":"Rename bot from Duke to Kuga and update README","messageBody":"","fileTypesAndContributionMap":{"gradle":{"insertions":2,"deletions":2},"txt":{"insertions":0,"deletions":1},"java":{"insertions":120,"deletions":120},"bat":{"insertions":2,"deletions":2},"md":{"insertions":8,"deletions":19}}}]},{"date":"2021-02-05","commitResults":[{"hash":"2a86cdfbfbeebebf8f7d5f47744c230d1f3386aa","messageTitle":"Rename bot from Kuga to Popo and update README","messageBody":"","fileTypesAndContributionMap":{"gradle":{"insertions":2,"deletions":2},"java":{"insertions":124,"deletions":126},"bat":{"insertions":2,"deletions":2},"md":{"insertions":6,"deletions":3}}}]},{"date":"2021-02-06","commitResults":[{"hash":"d49af11c4841864deb21afeb3e70854108b22859","messageTitle":"Fix a bug where createDirectories for user-specified filepath will fail","messageBody":"","tags":["v0.2"],"fileTypesAndContributionMap":{"java":{"insertions":3,"deletions":1}}}]},{"date":"2021-02-07","commitResults":[{"hash":"6ad724b4e564d6214a082566ff325975be24383e","messageTitle":"Add assertions to check for invariants","messageBody":"","fileTypesAndContributionMap":{"java":{"insertions":23,"deletions":10}}},{"hash":"4732894500aed5cf92642e1236275c9cdb9e06fe","messageTitle":"Improve code quality","messageBody":"","fileTypesAndContributionMap":{"java":{"insertions":75,"deletions":39}}},{"hash":"d2df86362035463cd82aa73419cad3be7d4d9ef4","messageTitle":"Add usage of streams","messageBody":"","fileTypesAndContributionMap":{"java":{"insertions":17,"deletions":7}}}]},{"date":"2021-02-08","commitResults":[{"hash":"f0c28323b325f2bb3f47c56849d7f09222922b98","messageTitle":"Show error message box when user pass in a corrupted storage file","messageBody":"","fileTypesAndContributionMap":{"java":{"insertions":105,"deletions":59}}},{"hash":"46eb426ae503cda00562ff839e4e0f42fdd2451b","messageTitle":"Add PeriodTask to support tasks with start and end dates","messageBody":"","fileTypesAndContributionMap":{"java":{"insertions":237,"deletions":48}}}]},{"date":"2021-02-09","commitResults":[{"hash":"5566fc2391c9e159e3d3836cfd5c97b6801c559c","messageTitle":"Fix checkstyle violations","messageBody":"","fileTypesAndContributionMap":{"java":{"insertions":5,"deletions":5}}},{"hash":"19a5039b4fca2073f4af82f3a1d9b66a7b62431b","messageTitle":"Add DurationTask to support tasks with a fixed amount of time","messageBody":"","fileTypesAndContributionMap":{"java":{"insertions":210,"deletions":0}}},{"hash":"38f8f80c655e345e9cbc68cbb0f150a5de9a0943","messageTitle":"Handle NumberFormatException when parsing data storage file","messageBody":"","fileTypesAndContributionMap":{"java":{"insertions":15,"deletions":11}}},{"hash":"7fd76aa2a40e974f8f95d4ba864d710be6c3df8f","messageTitle":"Refactor code from Storage to StorageUtil","messageBody":"","fileTypesAndContributionMap":{"java":{"insertions":280,"deletions":227}}}]},{"date":"2021-02-15","commitResults":[{"hash":"458c559830216690019d9fdcafc8be37a751b340","messageTitle":"Update GUI to show different color for error messages","messageBody":"","tags":["A-BetterGui"],"fileTypesAndContributionMap":{"java":{"insertions":41,"deletions":41}}},{"hash":"56b4631fdc91d4b2059e179b2ffb104edb63293f","messageTitle":"Update help message and fix message color for done and delete commands","messageBody":"","tags":["C-Help"],"fileTypesAndContributionMap":{"java":{"insertions":24,"deletions":26}}},{"hash":"5a7aad15ed294888ec16f9c610a2d1677ce1a333","messageTitle":"Update README, gitignore and add product screenshot","messageBody":"","fileTypesAndContributionMap":{"md":{"insertions":8,"deletions":2}}},{"hash":"56060f807e3119716cd274b136ece7fed6a847f3","messageTitle":"Update docs for user guide","messageBody":"","tags":["A-UserGuide"],"fileTypesAndContributionMap":{"md":{"insertions":120,"deletions":10}}},{"hash":"1850481bce37e7f9b8736d27e41be91ef7568850","messageTitle":"Fix missing spaces in user guide README","messageBody":"","fileTypesAndContributionMap":{"md":{"insertions":5,"deletions":5}}}]},{"date":"2021-02-16","commitResults":[{"hash":"9db507b14e10162f71931998740443af5dacbc5e","messageTitle":"Add FAQ section and task images for user guide","messageBody":"","fileTypesAndContributionMap":{"md":{"insertions":33,"deletions":3}}},{"hash":"cda5016fbfdd6b066a0873fe25f76f5def56f80f","messageTitle":"Update README and product screenshot","messageBody":"","fileTypesAndContributionMap":{"md":{"insertions":5,"deletions":3}}},{"hash":"41a74b6e4b5f534afb4f87ef5ab67f2bc2500b68","messageTitle":"Bold keywords in user guide for more emphasis","messageBody":"","fileTypesAndContributionMap":{"md":{"insertions":44,"deletions":33}}},{"hash":"8e6fa670e435c0cafbe8f00f73f8e33b24081be4","messageTitle":"Fix typo in message usage for deadline","messageBody":"","fileTypesAndContributionMap":{"java":{"insertions":1,"deletions":1}}},{"hash":"9a1b95a5fd78f0ef1cb43ae9d6e2b1380456cadc","messageTitle":"Add an additional check to prevent completing a task twice","messageBody":"","fileTypesAndContributionMap":{"gradle":{"insertions":1,"deletions":0},"java":{"insertions":15,"deletions":0}}},{"hash":"3576ae6026f382b5a569e6c86fdeb11e1d9e341b","messageTitle":"Add quick start section in user guide","messageBody":"","fileTypesAndContributionMap":{"md":{"insertions":18,"deletions":6}}},{"hash":"9e795bb721a5a5d40e5d3686e98db8faa869bc26","messageTitle":"Fix relative link in user guide not working","messageBody":"","fileTypesAndContributionMap":{"md":{"insertions":3,"deletions":2}}},{"hash":"dee38da89c3c2960c3c252fc69f2496728da70c0","messageTitle":"Format lines in user guide to improve readability","messageBody":"","fileTypesAndContributionMap":{"md":{"insertions":3,"deletions":2}}},{"hash":"fa9b368992b16606adc908a5db6554c6420dcb7f","messageTitle":"Update user guide FAQ section","messageBody":"","fileTypesAndContributionMap":{"md":{"insertions":6,"deletions":0}}}]},{"date":"2021-02-18","commitResults":[{"hash":"4c8f0f4c9c1d8ec2d7fef0e5880b24a0a7122621","messageTitle":"Remove redundant methods from CommandResult and TaskList","messageBody":"","fileTypesAndContributionMap":{"java":{"insertions":2,"deletions":63}}},{"hash":"e042cbccb7a5eaa031826cfd4aa979961ff90501","messageTitle":"Refactor exceptions into its own sub-package","messageBody":"","fileTypesAndContributionMap":{"java":{"insertions":80,"deletions":81}}},{"hash":"0b979ea9cb14912b61b536093826501b1087ea75","messageTitle":"Fix bug where user can enter a negative duration for DurationTask","messageBody":"","tags":["A-Release"],"fileTypesAndContributionMap":{"java":{"insertions":5,"deletions":0}}}]},{"date":"2021-02-19","commitResults":[{"hash":"f55f6b284f8fc29df9c2a1c8c5e303f195d5d5e4","messageTitle":"Add hyperlinks to user guide for easier navigation","messageBody":"","fileTypesAndContributionMap":{"md":{"insertions":5,"deletions":5}}}]}]},"authorFileTypeContributionMap":{"w2vgd":{"java":2552,"md":190,"fxml":41,"sh":0,"bat":2,"gradle":18,"txt":27}},"authorContributionVariance":{"w2vgd":101659.65},"authorDisplayNameMap":{"w2vgd":"CS2103T-T13-4 TAN .. WEI"}}
