{"authorDailyContributionsMap":{"umergta":[{"date":"2021-01-19","commitResults":[{"hash":"ec4f8b9520b0b5b67ae85296d1025287ce22899c","messageTitle":"completed level 1","messageBody":"","fileTypesAndContributionMap":{"java":{"insertions":20,"deletions":6}}},{"hash":"34f68b82eeaf8f53eaf115629e667bbb4b2f5ad6","messageTitle":"level 2: added store and display of user text functionality","messageBody":"","tags":["Level-2"],"fileTypesAndContributionMap":{"java":{"insertions":20,"deletions":3}}},{"hash":"826bf71865f1566184c4a3e5e20d49f206c0f0ae","messageTitle":"added level 3 function: marking task as done","messageBody":"","tags":["Level-3"],"fileTypesAndContributionMap":{"java":{"insertions":49,"deletions":4}}}]},{"date":"2021-01-20","commitResults":[{"hash":"77ed3373f6e87b6bc5f06f9c94140ec737a60273","messageTitle":"added level 4 functionality: toDo, deadlines \u0026 event types added for tasks.","messageBody":"","tags":["Level-4"],"fileTypesAndContributionMap":{"java":{"insertions":104,"deletions":24}}}]},{"date":"2021-01-21","commitResults":[{"hash":"1bb6e0ad1efde3f2a33038d94528c018760e61b6","messageTitle":"semi-automated text UI testing","messageBody":"","tags":["A-TextUiTesting"],"fileTypesAndContributionMap":{"txt":{"insertions":12,"deletions":0},"java":{"insertions":2,"deletions":1}}},{"hash":"e5bb4059ee62a51f65ad1254d573db2ba3a72ed3","messageTitle":"Level-5: error handling for todo command and invalid command","messageBody":"","tags":["Level-5"],"fileTypesAndContributionMap":{"java":{"insertions":54,"deletions":35}}},{"hash":"d95fef51056b747918d5155fff7e7e6d5b9c475a","messageTitle":"changed adding of task to userList into the printAddedTask method","messageBody":"","fileTypesAndContributionMap":{"java":{"insertions":17,"deletions":6}}},{"hash":"a11a8a2e433bca70e0e38737d8a0853d178cdb59","messageTitle":"Level-6: added deletion of tasks functionality","messageBody":"","tags":["Level-6"],"fileTypesAndContributionMap":{"java":{"insertions":2,"deletions":1}}}]}]},"authorFileTypeContributionMap":{"umergta":{"java":193,"md":0,"fxml":0,"sh":0,"bat":0,"gradle":0,"txt":12}},"authorContributionVariance":{"umergta":2900.5623},"authorDisplayNameMap":{"umergta":"CS2103T-T13-2 SIDD..ASAN"}}
