[{"path":"src/main/java/Deadline.java","fileType":"java","lines":[{"lineNumber":1,"author":{"gitId":"pngsebastian"},"content":"public class Deadline extends Task {"},{"lineNumber":2,"author":{"gitId":"pngsebastian"},"content":"    protected String period;"},{"lineNumber":3,"author":{"gitId":"pngsebastian"},"content":""},{"lineNumber":4,"author":{"gitId":"pngsebastian"},"content":"    public Deadline(String description, String period) {"},{"lineNumber":5,"author":{"gitId":"pngsebastian"},"content":"        super(description);"},{"lineNumber":6,"author":{"gitId":"pngsebastian"},"content":"        this.period \u003d period;"},{"lineNumber":7,"author":{"gitId":"pngsebastian"},"content":"    }"},{"lineNumber":8,"author":{"gitId":"pngsebastian"},"content":""},{"lineNumber":9,"author":{"gitId":"pngsebastian"},"content":"    @Override"},{"lineNumber":10,"author":{"gitId":"pngsebastian"},"content":"    public String toString() {"},{"lineNumber":11,"author":{"gitId":"pngsebastian"},"content":"        return \"[D]\" + super.toString() + \" (by: \" + period + \")\";"},{"lineNumber":12,"author":{"gitId":"pngsebastian"},"content":"    }"},{"lineNumber":13,"author":{"gitId":"pngsebastian"},"content":"}"}],"authorContributionMap":{"pngsebastian":13}},{"path":"src/main/java/Duke.java","fileType":"java","lines":[{"lineNumber":1,"author":{"gitId":"pngsebastian"},"content":"import java.awt.*;"},{"lineNumber":2,"author":{"gitId":"pngsebastian"},"content":"import java.util.ArrayList;"},{"lineNumber":3,"author":{"gitId":"pngsebastian"},"content":"import java.util.Scanner;"},{"lineNumber":4,"author":{"gitId":"pngsebastian"},"content":""},{"lineNumber":5,"author":{"gitId":"-"},"content":"public class Duke {"},{"lineNumber":6,"author":{"gitId":"pngsebastian"},"content":"    private static String separator \u003d \"____________________________________________________________\";"},{"lineNumber":7,"author":{"gitId":"pngsebastian"},"content":"    private static ArrayList\u003cTask\u003e tasksList;"},{"lineNumber":8,"author":{"gitId":"pngsebastian"},"content":"    private static int counter;"},{"lineNumber":9,"author":{"gitId":"pngsebastian"},"content":"    private static TaskType taskType;"},{"lineNumber":10,"author":{"gitId":"pngsebastian"},"content":""},{"lineNumber":11,"author":{"gitId":"pngsebastian"},"content":"    public enum TaskType {"},{"lineNumber":12,"author":{"gitId":"pngsebastian"},"content":"        TODO, DEADLINE, EVENT;"},{"lineNumber":13,"author":{"gitId":"pngsebastian"},"content":"    }"},{"lineNumber":14,"author":{"gitId":"pngsebastian"},"content":""},{"lineNumber":15,"author":{"gitId":"pngsebastian"},"content":"    private static void replyFormat(String reply) {"},{"lineNumber":16,"author":{"gitId":"pngsebastian"},"content":"        System.out.println(separator + \"\\n\" + reply + \"\\n\" + separator);"},{"lineNumber":17,"author":{"gitId":"pngsebastian"},"content":"    }"},{"lineNumber":18,"author":{"gitId":"pngsebastian"},"content":""},{"lineNumber":19,"author":{"gitId":"pngsebastian"},"content":"    private static void greet() {"},{"lineNumber":20,"author":{"gitId":"pngsebastian"},"content":"        String greeting \u003d \"Hello! I\u0027m Duke\\n\" + \"What can I do for you?\";"},{"lineNumber":21,"author":{"gitId":"pngsebastian"},"content":"        replyFormat(greeting);"},{"lineNumber":22,"author":{"gitId":"pngsebastian"},"content":"    }"},{"lineNumber":23,"author":{"gitId":"pngsebastian"},"content":""},{"lineNumber":24,"author":{"gitId":"pngsebastian"},"content":"    private static void bye() {"},{"lineNumber":25,"author":{"gitId":"pngsebastian"},"content":"        String byeMessage \u003d \"Bye. Hope to see you again soon!\";"},{"lineNumber":26,"author":{"gitId":"pngsebastian"},"content":"        replyFormat(byeMessage);"},{"lineNumber":27,"author":{"gitId":"pngsebastian"},"content":"    }"},{"lineNumber":28,"author":{"gitId":"pngsebastian"},"content":""},{"lineNumber":29,"author":{"gitId":"pngsebastian"},"content":"    private static void displayPrompts() {"},{"lineNumber":30,"author":{"gitId":"pngsebastian"},"content":"        String promptMessage \u003d \"☹ OOPS!!! I\u0027m sorry, but I don\u0027t know what that means :-(\\n\""},{"lineNumber":31,"author":{"gitId":"pngsebastian"},"content":"                                + \"List of recognised user prompts:\\n\""},{"lineNumber":32,"author":{"gitId":"pngsebastian"},"content":"                                + \"  1. todo - adds a todo (E.g. todo borrow book)\\n\""},{"lineNumber":33,"author":{"gitId":"pngsebastian"},"content":"                                + \"  2. deadline - adds a deadline (E.g. deadline return book /by Sunday\\n\""},{"lineNumber":34,"author":{"gitId":"pngsebastian"},"content":"                                + \"  3. event - adds an event (E.g. event project meeting /at Mon 2-4pm)\\n\""},{"lineNumber":35,"author":{"gitId":"pngsebastian"},"content":"                                + \"  4. delete - removes a task from the lists of task\\n\""},{"lineNumber":36,"author":{"gitId":"pngsebastian"},"content":"                                + \"  5. list - displays the list of tasks\\n\""},{"lineNumber":37,"author":{"gitId":"pngsebastian"},"content":"                                + \"  6. bye - terminates Duke ☹\";"},{"lineNumber":38,"author":{"gitId":"pngsebastian"},"content":""},{"lineNumber":39,"author":{"gitId":"pngsebastian"},"content":"        replyFormat(promptMessage);"},{"lineNumber":40,"author":{"gitId":"pngsebastian"},"content":"    }"},{"lineNumber":41,"author":{"gitId":"pngsebastian"},"content":""},{"lineNumber":42,"author":{"gitId":"pngsebastian"},"content":"    // Adds a task to tasksList"},{"lineNumber":43,"author":{"gitId":"pngsebastian"},"content":"    private static void addTask(String promptDescription) throws DukeException {"},{"lineNumber":44,"author":{"gitId":"pngsebastian"},"content":"        String[] strings;"},{"lineNumber":45,"author":{"gitId":"pngsebastian"},"content":"        String systemMessage;"},{"lineNumber":46,"author":{"gitId":"pngsebastian"},"content":"        String description;"},{"lineNumber":47,"author":{"gitId":"pngsebastian"},"content":"        String period;"},{"lineNumber":48,"author":{"gitId":"pngsebastian"},"content":"        Task newTask;"},{"lineNumber":49,"author":{"gitId":"pngsebastian"},"content":""},{"lineNumber":50,"author":{"gitId":"pngsebastian"},"content":"        // Checks if string is null or empty or contains only spaces"},{"lineNumber":51,"author":{"gitId":"pngsebastian"},"content":"        boolean isDescriptionFilled \u003d (promptDescription !\u003d null \u0026\u0026 !promptDescription.trim().isEmpty());"},{"lineNumber":52,"author":{"gitId":"pngsebastian"},"content":""},{"lineNumber":53,"author":{"gitId":"pngsebastian"},"content":"        switch (taskType) {"},{"lineNumber":54,"author":{"gitId":"pngsebastian"},"content":"            case TODO:"},{"lineNumber":55,"author":{"gitId":"pngsebastian"},"content":"                if (isDescriptionFilled) {"},{"lineNumber":56,"author":{"gitId":"pngsebastian"},"content":"                    counter++;"},{"lineNumber":57,"author":{"gitId":"pngsebastian"},"content":"                    newTask \u003d new ToDo(promptDescription);"},{"lineNumber":58,"author":{"gitId":"pngsebastian"},"content":"                    tasksList.add(newTask);"},{"lineNumber":59,"author":{"gitId":"pngsebastian"},"content":"                    systemMessage \u003d \"Got it. I\u0027ve added this task:\\n\" + \"  \" + newTask + \"\\n\" + \"Now you have \""},{"lineNumber":60,"author":{"gitId":"pngsebastian"},"content":"                                                + counter + (counter \u003c\u003d 1 ? \" task\" : \" tasks\") + \" in the list.\";"},{"lineNumber":61,"author":{"gitId":"pngsebastian"},"content":"                    replyFormat(systemMessage);"},{"lineNumber":62,"author":{"gitId":"pngsebastian"},"content":"                } else {"},{"lineNumber":63,"author":{"gitId":"pngsebastian"},"content":"                    throw new DukeException(\"☹ OOPS!!! The description of a todo cannot be empty.\");"},{"lineNumber":64,"author":{"gitId":"pngsebastian"},"content":"                }"},{"lineNumber":65,"author":{"gitId":"pngsebastian"},"content":"                break;"},{"lineNumber":66,"author":{"gitId":"pngsebastian"},"content":""},{"lineNumber":67,"author":{"gitId":"pngsebastian"},"content":"            case DEADLINE:"},{"lineNumber":68,"author":{"gitId":"pngsebastian"},"content":"                if (isDescriptionFilled) {"},{"lineNumber":69,"author":{"gitId":"pngsebastian"},"content":"                    try {"},{"lineNumber":70,"author":{"gitId":"pngsebastian"},"content":"                        strings \u003d promptDescription.split(\" /by\");"},{"lineNumber":71,"author":{"gitId":"pngsebastian"},"content":"                        description \u003d strings[0];"},{"lineNumber":72,"author":{"gitId":"pngsebastian"},"content":"                        period \u003d (strings.length \u003e 1 ? strings[1].split(\" \",2)[1] : \"\");"},{"lineNumber":73,"author":{"gitId":"pngsebastian"},"content":""},{"lineNumber":74,"author":{"gitId":"pngsebastian"},"content":"                        if (period !\u003d null \u0026\u0026 !period.trim().isEmpty()) {"},{"lineNumber":75,"author":{"gitId":"pngsebastian"},"content":"                            newTask \u003d new Deadline(description, period);"},{"lineNumber":76,"author":{"gitId":"pngsebastian"},"content":"                            tasksList.add(newTask);"},{"lineNumber":77,"author":{"gitId":"pngsebastian"},"content":"                            counter++;"},{"lineNumber":78,"author":{"gitId":"pngsebastian"},"content":"                            systemMessage \u003d \"Got it. I\u0027ve added this task:\\n\" + \"  \" + newTask + \"\\n\" + \"Now you have \""},{"lineNumber":79,"author":{"gitId":"pngsebastian"},"content":"                                                        + counter + (counter \u003c\u003d 1 ? \" task\" : \" tasks\") + \" in the list.\";"},{"lineNumber":80,"author":{"gitId":"pngsebastian"},"content":"                            replyFormat(systemMessage);"},{"lineNumber":81,"author":{"gitId":"pngsebastian"},"content":"                        } else {"},{"lineNumber":82,"author":{"gitId":"pngsebastian"},"content":"                            throw new DukeException(\"☹ OOPS!!! The date and/or time cannot be empty.\");"},{"lineNumber":83,"author":{"gitId":"pngsebastian"},"content":"                        }"},{"lineNumber":84,"author":{"gitId":"pngsebastian"},"content":"                    } catch (IndexOutOfBoundsException e) {"},{"lineNumber":85,"author":{"gitId":"pngsebastian"},"content":"                        throw new DukeException(\"☹ OOPS!!! Please specify the date and/or time in this format:\\n\""},{"lineNumber":86,"author":{"gitId":"pngsebastian"},"content":"                                                            + \"  deadline [task description] /by [date and/or time]\");"},{"lineNumber":87,"author":{"gitId":"pngsebastian"},"content":"                    }"},{"lineNumber":88,"author":{"gitId":"pngsebastian"},"content":"                } else {"},{"lineNumber":89,"author":{"gitId":"pngsebastian"},"content":"                    throw new DukeException(\"☹ OOPS!!! The description of a deadline cannot be empty.\");"},{"lineNumber":90,"author":{"gitId":"pngsebastian"},"content":"                }"},{"lineNumber":91,"author":{"gitId":"pngsebastian"},"content":"                break;"},{"lineNumber":92,"author":{"gitId":"pngsebastian"},"content":""},{"lineNumber":93,"author":{"gitId":"pngsebastian"},"content":"            case EVENT:"},{"lineNumber":94,"author":{"gitId":"pngsebastian"},"content":"                if (isDescriptionFilled) {"},{"lineNumber":95,"author":{"gitId":"pngsebastian"},"content":"                    try {"},{"lineNumber":96,"author":{"gitId":"pngsebastian"},"content":"                        strings \u003d promptDescription.split(\" /at\");"},{"lineNumber":97,"author":{"gitId":"pngsebastian"},"content":"                        description \u003d strings[0];"},{"lineNumber":98,"author":{"gitId":"pngsebastian"},"content":"                        period \u003d (strings.length \u003e 1 ? strings[1].split(\" \", 2)[1] : \"\");"},{"lineNumber":99,"author":{"gitId":"pngsebastian"},"content":""},{"lineNumber":100,"author":{"gitId":"pngsebastian"},"content":"                        if (period !\u003d null \u0026\u0026 !period.trim().isEmpty()) {"},{"lineNumber":101,"author":{"gitId":"pngsebastian"},"content":"                            newTask \u003d new Event(description, period);"},{"lineNumber":102,"author":{"gitId":"pngsebastian"},"content":"                            tasksList.add(newTask);"},{"lineNumber":103,"author":{"gitId":"pngsebastian"},"content":"                            counter++;"},{"lineNumber":104,"author":{"gitId":"pngsebastian"},"content":"                            systemMessage \u003d \"Got it. I\u0027ve added this task:\\n\" + \"  \" + newTask + \"\\n\" + \"Now you have \""},{"lineNumber":105,"author":{"gitId":"pngsebastian"},"content":"                                                        + counter + (counter \u003c\u003d 1 ? \" task\" : \" tasks\") + \" in the list.\";"},{"lineNumber":106,"author":{"gitId":"pngsebastian"},"content":"                            replyFormat(systemMessage);"},{"lineNumber":107,"author":{"gitId":"pngsebastian"},"content":"                        } else {"},{"lineNumber":108,"author":{"gitId":"pngsebastian"},"content":"                            throw new DukeException(\"☹ OOPS!!! The date and/or time cannot be empty.\");"},{"lineNumber":109,"author":{"gitId":"pngsebastian"},"content":"                        }"},{"lineNumber":110,"author":{"gitId":"pngsebastian"},"content":"                    } catch (IndexOutOfBoundsException e) {"},{"lineNumber":111,"author":{"gitId":"pngsebastian"},"content":"                        throw new DukeException(\"☹ OOPS!!! Please specify the date and/or time in this format:\\n\""},{"lineNumber":112,"author":{"gitId":"pngsebastian"},"content":"                                                            + \"  event [task description] /at [date and/or time]\");"},{"lineNumber":113,"author":{"gitId":"pngsebastian"},"content":"                    }"},{"lineNumber":114,"author":{"gitId":"pngsebastian"},"content":"                } else {"},{"lineNumber":115,"author":{"gitId":"pngsebastian"},"content":"                    throw new DukeException(\"☹ OOPS!!! The description of an event cannot be empty.\");"},{"lineNumber":116,"author":{"gitId":"pngsebastian"},"content":"                }"},{"lineNumber":117,"author":{"gitId":"pngsebastian"},"content":"                break;"},{"lineNumber":118,"author":{"gitId":"pngsebastian"},"content":""},{"lineNumber":119,"author":{"gitId":"pngsebastian"},"content":"            default:"},{"lineNumber":120,"author":{"gitId":"pngsebastian"},"content":"                displayPrompts();"},{"lineNumber":121,"author":{"gitId":"pngsebastian"},"content":"        }"},{"lineNumber":122,"author":{"gitId":"pngsebastian"},"content":"    }"},{"lineNumber":123,"author":{"gitId":"pngsebastian"},"content":""},{"lineNumber":124,"author":{"gitId":"pngsebastian"},"content":"    // Marks a task as done and informs the user about it"},{"lineNumber":125,"author":{"gitId":"pngsebastian"},"content":"    private static void completeTask(String promptDescription) throws DukeException {"},{"lineNumber":126,"author":{"gitId":"pngsebastian"},"content":"        try {"},{"lineNumber":127,"author":{"gitId":"pngsebastian"},"content":"            int taskNo \u003d Integer.valueOf(promptDescription);"},{"lineNumber":128,"author":{"gitId":"pngsebastian"},"content":"            if (taskNo \u003e 0 \u0026\u0026 taskNo \u003c\u003d tasksList.size()) {"},{"lineNumber":129,"author":{"gitId":"pngsebastian"},"content":"                Task taskToComplete \u003d tasksList.get(taskNo - 1);"},{"lineNumber":130,"author":{"gitId":"pngsebastian"},"content":"                taskToComplete.markAsDone();"},{"lineNumber":131,"author":{"gitId":"pngsebastian"},"content":"                String doneMessage \u003d \"Nice! I\u0027ve marked this task as done:\\n\" + \"  \" + taskToComplete;"},{"lineNumber":132,"author":{"gitId":"pngsebastian"},"content":"                replyFormat(doneMessage);"},{"lineNumber":133,"author":{"gitId":"pngsebastian"},"content":"            } else {"},{"lineNumber":134,"author":{"gitId":"pngsebastian"},"content":"                throw new DukeException(\"Task \" + taskNo + \" is not in the task list!\");"},{"lineNumber":135,"author":{"gitId":"pngsebastian"},"content":"            }"},{"lineNumber":136,"author":{"gitId":"pngsebastian"},"content":"        } catch (ArrayIndexOutOfBoundsException | NumberFormatException e) {"},{"lineNumber":137,"author":{"gitId":"pngsebastian"},"content":"            throw new DukeException(\"☹ OOPS!!! Please specify a task number. (E.g. done 2)\");"},{"lineNumber":138,"author":{"gitId":"pngsebastian"},"content":"        }"},{"lineNumber":139,"author":{"gitId":"pngsebastian"},"content":"    }"},{"lineNumber":140,"author":{"gitId":"pngsebastian"},"content":""},{"lineNumber":141,"author":{"gitId":"pngsebastian"},"content":"    // Deletes a task from the taskList"},{"lineNumber":142,"author":{"gitId":"pngsebastian"},"content":"    private static void deleteTask(String promptDescription) throws DukeException {"},{"lineNumber":143,"author":{"gitId":"pngsebastian"},"content":"        try {"},{"lineNumber":144,"author":{"gitId":"pngsebastian"},"content":"            int taskNo \u003d Integer.valueOf(promptDescription);"},{"lineNumber":145,"author":{"gitId":"pngsebastian"},"content":"            if (taskNo \u003e 0 \u0026\u0026 taskNo \u003c\u003d tasksList.size()) {"},{"lineNumber":146,"author":{"gitId":"pngsebastian"},"content":"                counter--;"},{"lineNumber":147,"author":{"gitId":"pngsebastian"},"content":"                Task taskToDelete \u003d tasksList.get(taskNo - 1);"},{"lineNumber":148,"author":{"gitId":"pngsebastian"},"content":"                String deletedMessage \u003d \"Noted. I\u0027ve removed this task:\\n\" + \"  \" + taskToDelete + \"\\n\""},{"lineNumber":149,"author":{"gitId":"pngsebastian"},"content":"                                                        + \"Now you have \" + counter + \" tasks in the list\";"},{"lineNumber":150,"author":{"gitId":"pngsebastian"},"content":"                tasksList.remove(taskNo - 1);"},{"lineNumber":151,"author":{"gitId":"pngsebastian"},"content":"                replyFormat(deletedMessage);"},{"lineNumber":152,"author":{"gitId":"pngsebastian"},"content":"            } else {"},{"lineNumber":153,"author":{"gitId":"pngsebastian"},"content":"                throw new DukeException(\"Task \" + taskNo + \" is not in the task list!\");"},{"lineNumber":154,"author":{"gitId":"pngsebastian"},"content":"            }"},{"lineNumber":155,"author":{"gitId":"pngsebastian"},"content":"        } catch (ArrayIndexOutOfBoundsException | NumberFormatException e) {"},{"lineNumber":156,"author":{"gitId":"pngsebastian"},"content":"            throw new DukeException(\"☹ OOPS!!! Please specify a task number. (E.g. delete 2)\");"},{"lineNumber":157,"author":{"gitId":"pngsebastian"},"content":"        }"},{"lineNumber":158,"author":{"gitId":"pngsebastian"},"content":"    }"},{"lineNumber":159,"author":{"gitId":"pngsebastian"},"content":""},{"lineNumber":160,"author":{"gitId":"pngsebastian"},"content":"    // Displays all the tasks in tasksList to the user"},{"lineNumber":161,"author":{"gitId":"pngsebastian"},"content":"    private static void displayTasks(ArrayList\u003cTask\u003e tasksList) {"},{"lineNumber":162,"author":{"gitId":"pngsebastian"},"content":"        if (tasksList.size() \u003c\u003d 0) {"},{"lineNumber":163,"author":{"gitId":"pngsebastian"},"content":"            replyFormat(\"There are no tasks at the moment.\");"},{"lineNumber":164,"author":{"gitId":"pngsebastian"},"content":"        } else {"},{"lineNumber":165,"author":{"gitId":"pngsebastian"},"content":"            System.out.println(separator);"},{"lineNumber":166,"author":{"gitId":"pngsebastian"},"content":"            System.out.println(\"Here are the tasks in your list:\");"},{"lineNumber":167,"author":{"gitId":"pngsebastian"},"content":""},{"lineNumber":168,"author":{"gitId":"pngsebastian"},"content":"            for (int i \u003d 1; i \u003c\u003d tasksList.size(); i++) {"},{"lineNumber":169,"author":{"gitId":"pngsebastian"},"content":"                Task currentTask \u003d tasksList.get(i - 1);"},{"lineNumber":170,"author":{"gitId":"pngsebastian"},"content":"                System.out.println(\"  \" + i + \". \" + currentTask);"},{"lineNumber":171,"author":{"gitId":"pngsebastian"},"content":"            }"},{"lineNumber":172,"author":{"gitId":"pngsebastian"},"content":""},{"lineNumber":173,"author":{"gitId":"pngsebastian"},"content":"            System.out.println(separator + \"\\n\");"},{"lineNumber":174,"author":{"gitId":"pngsebastian"},"content":"        }"},{"lineNumber":175,"author":{"gitId":"pngsebastian"},"content":"    }"},{"lineNumber":176,"author":{"gitId":"pngsebastian"},"content":""},{"lineNumber":177,"author":{"gitId":"-"},"content":"    public static void main(String[] args) {"},{"lineNumber":178,"author":{"gitId":"pngsebastian"},"content":"        Scanner sc \u003d new Scanner(System.in);"},{"lineNumber":179,"author":{"gitId":"pngsebastian"},"content":"        tasksList \u003d new ArrayList\u003c\u003e();"},{"lineNumber":180,"author":{"gitId":"pngsebastian"},"content":"        counter \u003d 0;"},{"lineNumber":181,"author":{"gitId":"pngsebastian"},"content":""},{"lineNumber":182,"author":{"gitId":"pngsebastian"},"content":"        greet();"},{"lineNumber":183,"author":{"gitId":"pngsebastian"},"content":"        String userInput \u003d sc.nextLine();"},{"lineNumber":184,"author":{"gitId":"pngsebastian"},"content":""},{"lineNumber":185,"author":{"gitId":"pngsebastian"},"content":"        while (!userInput.equals(\"bye\")) {"},{"lineNumber":186,"author":{"gitId":"pngsebastian"},"content":"            String[] inputArray \u003d userInput.split(\" \", 2);"},{"lineNumber":187,"author":{"gitId":"pngsebastian"},"content":"            String prompt \u003d inputArray[0];"},{"lineNumber":188,"author":{"gitId":"pngsebastian"},"content":"            String promptDescription \u003d \"\";"},{"lineNumber":189,"author":{"gitId":"pngsebastian"},"content":""},{"lineNumber":190,"author":{"gitId":"pngsebastian"},"content":"            if (inputArray.length \u003e 1) {"},{"lineNumber":191,"author":{"gitId":"pngsebastian"},"content":"                promptDescription \u003d inputArray[1];"},{"lineNumber":192,"author":{"gitId":"pngsebastian"},"content":"            }"},{"lineNumber":193,"author":{"gitId":"pngsebastian"},"content":""},{"lineNumber":194,"author":{"gitId":"pngsebastian"},"content":"            try {"},{"lineNumber":195,"author":{"gitId":"pngsebastian"},"content":"                if (prompt.equals(\"list\")) {"},{"lineNumber":196,"author":{"gitId":"pngsebastian"},"content":"                    displayTasks(tasksList);"},{"lineNumber":197,"author":{"gitId":"pngsebastian"},"content":"                } else if (prompt.equals(\"done\")) {"},{"lineNumber":198,"author":{"gitId":"pngsebastian"},"content":"                    completeTask(promptDescription);"},{"lineNumber":199,"author":{"gitId":"pngsebastian"},"content":"                } else if (prompt.equals(\"delete\")) {"},{"lineNumber":200,"author":{"gitId":"pngsebastian"},"content":"                    deleteTask(promptDescription);"},{"lineNumber":201,"author":{"gitId":"pngsebastian"},"content":"                } else if (prompt.equals(\"todo\")) {"},{"lineNumber":202,"author":{"gitId":"pngsebastian"},"content":"                    taskType \u003d TaskType.TODO;"},{"lineNumber":203,"author":{"gitId":"pngsebastian"},"content":"                    addTask(promptDescription);"},{"lineNumber":204,"author":{"gitId":"pngsebastian"},"content":"                } else if (prompt.equals(\"deadline\")) {"},{"lineNumber":205,"author":{"gitId":"pngsebastian"},"content":"                    taskType \u003d TaskType.DEADLINE;"},{"lineNumber":206,"author":{"gitId":"pngsebastian"},"content":"                    addTask(promptDescription);"},{"lineNumber":207,"author":{"gitId":"pngsebastian"},"content":"                } else if (prompt.equals(\"event\")) {"},{"lineNumber":208,"author":{"gitId":"pngsebastian"},"content":"                    taskType \u003d TaskType.EVENT;"},{"lineNumber":209,"author":{"gitId":"pngsebastian"},"content":"                    addTask(promptDescription);"},{"lineNumber":210,"author":{"gitId":"pngsebastian"},"content":"                } else {"},{"lineNumber":211,"author":{"gitId":"pngsebastian"},"content":"                    displayPrompts();"},{"lineNumber":212,"author":{"gitId":"pngsebastian"},"content":"                }"},{"lineNumber":213,"author":{"gitId":"pngsebastian"},"content":"            } catch (DukeException e){"},{"lineNumber":214,"author":{"gitId":"pngsebastian"},"content":"                replyFormat(e.getMessage());"},{"lineNumber":215,"author":{"gitId":"pngsebastian"},"content":"            }"},{"lineNumber":216,"author":{"gitId":"pngsebastian"},"content":""},{"lineNumber":217,"author":{"gitId":"pngsebastian"},"content":"            userInput \u003d sc.nextLine();"},{"lineNumber":218,"author":{"gitId":"pngsebastian"},"content":"        }"},{"lineNumber":219,"author":{"gitId":"pngsebastian"},"content":""},{"lineNumber":220,"author":{"gitId":"pngsebastian"},"content":"        bye();"},{"lineNumber":221,"author":{"gitId":"-"},"content":"    }"},{"lineNumber":222,"author":{"gitId":"-"},"content":"}"}],"authorContributionMap":{"pngsebastian":218,"-":4}},{"path":"src/main/java/DukeException.java","fileType":"java","lines":[{"lineNumber":1,"author":{"gitId":"pngsebastian"},"content":"public class DukeException extends Exception {"},{"lineNumber":2,"author":{"gitId":"pngsebastian"},"content":"    public DukeException(String message) {"},{"lineNumber":3,"author":{"gitId":"pngsebastian"},"content":"        super(message);"},{"lineNumber":4,"author":{"gitId":"pngsebastian"},"content":"    }"},{"lineNumber":5,"author":{"gitId":"pngsebastian"},"content":"}"}],"authorContributionMap":{"pngsebastian":5}},{"path":"src/main/java/Event.java","fileType":"java","lines":[{"lineNumber":1,"author":{"gitId":"pngsebastian"},"content":"public class Event extends Task {"},{"lineNumber":2,"author":{"gitId":"pngsebastian"},"content":"    protected String period;"},{"lineNumber":3,"author":{"gitId":"pngsebastian"},"content":""},{"lineNumber":4,"author":{"gitId":"pngsebastian"},"content":"    public Event(String description, String period) {"},{"lineNumber":5,"author":{"gitId":"pngsebastian"},"content":"        super(description);"},{"lineNumber":6,"author":{"gitId":"pngsebastian"},"content":"        this.period \u003d period;"},{"lineNumber":7,"author":{"gitId":"pngsebastian"},"content":"    }"},{"lineNumber":8,"author":{"gitId":"pngsebastian"},"content":""},{"lineNumber":9,"author":{"gitId":"pngsebastian"},"content":"    @Override"},{"lineNumber":10,"author":{"gitId":"pngsebastian"},"content":"    public String toString() {"},{"lineNumber":11,"author":{"gitId":"pngsebastian"},"content":"        return \"[E]\" + super.toString() + \" (at: \" + period + \")\";"},{"lineNumber":12,"author":{"gitId":"pngsebastian"},"content":"    }"},{"lineNumber":13,"author":{"gitId":"pngsebastian"},"content":"}"}],"authorContributionMap":{"pngsebastian":13}},{"path":"src/main/java/Task.java","fileType":"java","lines":[{"lineNumber":1,"author":{"gitId":"pngsebastian"},"content":"public class Task {"},{"lineNumber":2,"author":{"gitId":"pngsebastian"},"content":"    protected String description;"},{"lineNumber":3,"author":{"gitId":"pngsebastian"},"content":"    protected boolean isDone;"},{"lineNumber":4,"author":{"gitId":"pngsebastian"},"content":""},{"lineNumber":5,"author":{"gitId":"pngsebastian"},"content":"    public Task(String description) {"},{"lineNumber":6,"author":{"gitId":"pngsebastian"},"content":"        this.description \u003d description;"},{"lineNumber":7,"author":{"gitId":"pngsebastian"},"content":"        this.isDone \u003d false;"},{"lineNumber":8,"author":{"gitId":"pngsebastian"},"content":"    }"},{"lineNumber":9,"author":{"gitId":"pngsebastian"},"content":""},{"lineNumber":10,"author":{"gitId":"pngsebastian"},"content":"    public void markAsDone() {"},{"lineNumber":11,"author":{"gitId":"pngsebastian"},"content":"        this.isDone \u003d true;"},{"lineNumber":12,"author":{"gitId":"pngsebastian"},"content":"    }"},{"lineNumber":13,"author":{"gitId":"pngsebastian"},"content":""},{"lineNumber":14,"author":{"gitId":"pngsebastian"},"content":"    public String getStatusIcon() {"},{"lineNumber":15,"author":{"gitId":"pngsebastian"},"content":"        return isDone ? \"[X]\" : \"[ ]\";"},{"lineNumber":16,"author":{"gitId":"pngsebastian"},"content":"    }"},{"lineNumber":17,"author":{"gitId":"pngsebastian"},"content":""},{"lineNumber":18,"author":{"gitId":"pngsebastian"},"content":"    @Override"},{"lineNumber":19,"author":{"gitId":"pngsebastian"},"content":"    public String toString() {"},{"lineNumber":20,"author":{"gitId":"pngsebastian"},"content":"        return this.getStatusIcon() + \" \" + this.description;"},{"lineNumber":21,"author":{"gitId":"pngsebastian"},"content":"    }"},{"lineNumber":22,"author":{"gitId":"pngsebastian"},"content":"}"}],"authorContributionMap":{"pngsebastian":22}},{"path":"src/main/java/ToDo.java","fileType":"java","lines":[{"lineNumber":1,"author":{"gitId":"pngsebastian"},"content":"public class ToDo extends Task {"},{"lineNumber":2,"author":{"gitId":"pngsebastian"},"content":"    protected String period;"},{"lineNumber":3,"author":{"gitId":"pngsebastian"},"content":""},{"lineNumber":4,"author":{"gitId":"pngsebastian"},"content":"    public ToDo(String description) {"},{"lineNumber":5,"author":{"gitId":"pngsebastian"},"content":"        super(description);"},{"lineNumber":6,"author":{"gitId":"pngsebastian"},"content":"    }"},{"lineNumber":7,"author":{"gitId":"pngsebastian"},"content":""},{"lineNumber":8,"author":{"gitId":"pngsebastian"},"content":"    @Override"},{"lineNumber":9,"author":{"gitId":"pngsebastian"},"content":"    public String toString() {"},{"lineNumber":10,"author":{"gitId":"pngsebastian"},"content":"        return \"[T]\" + super.toString();"},{"lineNumber":11,"author":{"gitId":"pngsebastian"},"content":"    }"},{"lineNumber":12,"author":{"gitId":"pngsebastian"},"content":"}"}],"authorContributionMap":{"pngsebastian":12}},{"path":"text-ui-test/input.txt","fileType":"txt","lines":[{"lineNumber":1,"author":{"gitId":"pngsebastian"},"content":"todo go through cs2103 weekly topics"},{"lineNumber":2,"author":{"gitId":"pngsebastian"},"content":"deadline cs2103 week 2 post-lecture quiz /by Thurs 2359"},{"lineNumber":3,"author":{"gitId":"pngsebastian"},"content":"deadline cs2103 week 2 project /by Thurs 2359"},{"lineNumber":4,"author":{"gitId":"pngsebastian"},"content":"done 1"},{"lineNumber":5,"author":{"gitId":"pngsebastian"},"content":"deadline test /by"},{"lineNumber":6,"author":{"gitId":"pngsebastian"},"content":"done 2"},{"lineNumber":7,"author":{"gitId":"pngsebastian"},"content":"list"},{"lineNumber":8,"author":{"gitId":"pngsebastian"},"content":"event cs2103 lecture /at Fri 2-4pm"},{"lineNumber":9,"author":{"gitId":"pngsebastian"},"content":"event cs2103 tutorial /at Wed 5-6pm"},{"lineNumber":10,"author":{"gitId":"pngsebastian"},"content":"blah"},{"lineNumber":11,"author":{"gitId":"pngsebastian"},"content":"list"},{"lineNumber":12,"author":{"gitId":"pngsebastian"},"content":"done 0"},{"lineNumber":13,"author":{"gitId":"pngsebastian"},"content":"delete 3"},{"lineNumber":14,"author":{"gitId":"pngsebastian"},"content":"done 3"},{"lineNumber":15,"author":{"gitId":"pngsebastian"},"content":"list"},{"lineNumber":16,"author":{"gitId":"pngsebastian"},"content":"bye"}],"authorContributionMap":{"pngsebastian":16}},{"path":"text-ui-test/runtest.bat","fileType":"bat","lines":[{"lineNumber":1,"author":{"gitId":"-"},"content":"@ECHO OFF"},{"lineNumber":2,"author":{"gitId":"-"},"content":""},{"lineNumber":3,"author":{"gitId":"-"},"content":"REM create bin directory if it doesn\u0027t exist"},{"lineNumber":4,"author":{"gitId":"-"},"content":"if not exist ..\\bin mkdir ..\\bin"},{"lineNumber":5,"author":{"gitId":"-"},"content":""},{"lineNumber":6,"author":{"gitId":"-"},"content":"REM delete output from previous run"},{"lineNumber":7,"author":{"gitId":"-"},"content":"if exist ACTUAL.TXT del ACTUAL.TXT"},{"lineNumber":8,"author":{"gitId":"-"},"content":""},{"lineNumber":9,"author":{"gitId":"-"},"content":"REM compile the code into the bin folder"},{"lineNumber":10,"author":{"gitId":"pngsebastian"},"content":"javac  -cp ..\\src\\main\\java -Xlint:none -d ..\\bin ..\\src\\main\\java\\Duke.java"},{"lineNumber":11,"author":{"gitId":"-"},"content":"IF ERRORLEVEL 1 ("},{"lineNumber":12,"author":{"gitId":"-"},"content":"    echo ********** BUILD FAILURE **********"},{"lineNumber":13,"author":{"gitId":"-"},"content":"    exit /b 1"},{"lineNumber":14,"author":{"gitId":"-"},"content":")"},{"lineNumber":15,"author":{"gitId":"-"},"content":"REM no error here, errorlevel \u003d\u003d 0"},{"lineNumber":16,"author":{"gitId":"-"},"content":""},{"lineNumber":17,"author":{"gitId":"-"},"content":"REM run the program, feed commands from input.txt file and redirect the output to the ACTUAL.TXT"},{"lineNumber":18,"author":{"gitId":"-"},"content":"java -classpath ..\\bin Duke \u003c input.txt \u003e ACTUAL.TXT"},{"lineNumber":19,"author":{"gitId":"-"},"content":""},{"lineNumber":20,"author":{"gitId":"-"},"content":"REM compare the output to the expected output"},{"lineNumber":21,"author":{"gitId":"-"},"content":"FC ACTUAL.TXT EXPECTED.TXT"}],"authorContributionMap":{"pngsebastian":1,"-":20}},{"path":"text-ui-test/runtest.sh","fileType":"sh","lines":[{"lineNumber":1,"author":{"gitId":"-"},"content":"#!/usr/bin/env bash"},{"lineNumber":2,"author":{"gitId":"-"},"content":""},{"lineNumber":3,"author":{"gitId":"-"},"content":"# create bin directory if it doesn\u0027t exist"},{"lineNumber":4,"author":{"gitId":"-"},"content":"if [ ! -d \"../bin\" ]"},{"lineNumber":5,"author":{"gitId":"-"},"content":"then"},{"lineNumber":6,"author":{"gitId":"-"},"content":"    mkdir ../bin"},{"lineNumber":7,"author":{"gitId":"-"},"content":"fi"},{"lineNumber":8,"author":{"gitId":"-"},"content":""},{"lineNumber":9,"author":{"gitId":"-"},"content":"# delete output from previous run"},{"lineNumber":10,"author":{"gitId":"-"},"content":"if [ -e \"./ACTUAL.TXT\" ]"},{"lineNumber":11,"author":{"gitId":"-"},"content":"then"},{"lineNumber":12,"author":{"gitId":"-"},"content":"    rm ACTUAL.TXT"},{"lineNumber":13,"author":{"gitId":"-"},"content":"fi"},{"lineNumber":14,"author":{"gitId":"-"},"content":""},{"lineNumber":15,"author":{"gitId":"-"},"content":"# compile the code into the bin folder, terminates if error occurred"},{"lineNumber":16,"author":{"gitId":"pngsebastian"},"content":"if ! javac -cp ../src/main/java -Xlint:none -d ../bin ../src/main/java/Duke.java"},{"lineNumber":17,"author":{"gitId":"-"},"content":"then"},{"lineNumber":18,"author":{"gitId":"-"},"content":"    echo \"********** BUILD FAILURE **********\""},{"lineNumber":19,"author":{"gitId":"-"},"content":"    exit 1"},{"lineNumber":20,"author":{"gitId":"-"},"content":"fi"},{"lineNumber":21,"author":{"gitId":"-"},"content":""},{"lineNumber":22,"author":{"gitId":"-"},"content":"# run the program, feed commands from input.txt file and redirect the output to the ACTUAL.TXT"},{"lineNumber":23,"author":{"gitId":"-"},"content":"java -classpath ../bin Duke \u003c input.txt \u003e ACTUAL.TXT"},{"lineNumber":24,"author":{"gitId":"-"},"content":""},{"lineNumber":25,"author":{"gitId":"-"},"content":"# convert to UNIX format"},{"lineNumber":26,"author":{"gitId":"-"},"content":"cp EXPECTED.TXT EXPECTED-UNIX.TXT"},{"lineNumber":27,"author":{"gitId":"-"},"content":"dos2unix ACTUAL.TXT EXPECTED-UNIX.TXT"},{"lineNumber":28,"author":{"gitId":"-"},"content":""},{"lineNumber":29,"author":{"gitId":"-"},"content":"# compare the output to the expected output"},{"lineNumber":30,"author":{"gitId":"-"},"content":"diff ACTUAL.TXT EXPECTED-UNIX.TXT"},{"lineNumber":31,"author":{"gitId":"-"},"content":"if [ $? -eq 0 ]"},{"lineNumber":32,"author":{"gitId":"-"},"content":"then"},{"lineNumber":33,"author":{"gitId":"-"},"content":"    echo \"Test result: PASSED\""},{"lineNumber":34,"author":{"gitId":"-"},"content":"    exit 0"},{"lineNumber":35,"author":{"gitId":"-"},"content":"else"},{"lineNumber":36,"author":{"gitId":"-"},"content":"    echo \"Test result: FAILED\""},{"lineNumber":37,"author":{"gitId":"-"},"content":"    exit 1"},{"lineNumber":38,"author":{"gitId":"-"},"content":"fi"}],"authorContributionMap":{"pngsebastian":1,"-":37}}]
