{"authorDailyContributionsMap":{"pngsebastian":[{"date":"2021-01-21","commitResults":[{"hash":"fd4074bfeda8e80df943f5be0664c4100f94b0f4","messageTitle":"feat: greet, echo, exit","messageBody":"","tags":["Level-1"],"fileTypesAndContributionMap":{"java":{"insertions":32,"deletions":6}}},{"hash":"f22046b19aa4a6b82c416e176e320bf4ef5123a9","messageTitle":"feat: add \u0026 list","messageBody":"","tags":["Level-2"],"fileTypesAndContributionMap":{"java":{"insertions":40,"deletions":9}}},{"hash":"d53ae9ce347d11eaeaaef32bde394892de482e9f","messageTitle":"feat: mark tasks as done","messageBody":"","tags":["Level-3","A-Classes"],"fileTypesAndContributionMap":{"java":{"insertions":46,"deletions":7}}},{"hash":"3f3bb442880b68d342038de6e8d7290d5886a51d","messageTitle":"feat: add support for tracking 3 types of tasks: todos, deadlines \u0026 events","messageBody":"","tags":["Level-4","A-Inheritance","A-Enums"],"fileTypesAndContributionMap":{"java":{"insertions":116,"deletions":12}}},{"hash":"77101bb03bcc8087e2c73aa985cfef0df343fabc","messageTitle":"test: automated test UI testing","messageBody":"","tags":["A-TextUiTesting"],"fileTypesAndContributionMap":{"txt":{"insertions":11,"deletions":0},"java":{"insertions":9,"deletions":9},"bat":{"insertions":1,"deletions":1},"sh":{"insertions":1,"deletions":1}}},{"hash":"c43c0c96cd2f92b2857de6cee5c60e5c2c84bf0d","messageTitle":"fix: added error handling","messageBody":"","tags":["Level-5"],"fileTypesAndContributionMap":{"txt":{"insertions":2,"deletions":0},"java":{"insertions":91,"deletions":43}}},{"hash":"97e0a698042ef34ea5a5cf4220b15c04f720188b","messageTitle":"feat: delete fix: update error handling test: update test cases","messageBody":"","tags":["Level-6","A-Collections"],"fileTypesAndContributionMap":{"txt":{"insertions":3,"deletions":0},"java":{"insertions":43,"deletions":14}}}]},{"date":"2021-02-04","commitResults":[{"hash":"83da3d1a1347525734dcb95ae3864f5a56d77a70","messageTitle":"feat: add save and load task list","messageBody":"","tags":["Level-7"],"fileTypesAndContributionMap":{"txt":{"insertions":0,"deletions":0},"java":{"insertions":217,"deletions":117}}},{"hash":"aa7a6ccba07ea168b6a8356ad4e9514a877478ee","messageTitle":"refactor: store date as LocalDate","messageBody":"","tags":["Level-8"],"fileTypesAndContributionMap":{"txt":{"insertions":4,"deletions":4},"java":{"insertions":44,"deletions":26}}}]},{"date":"2021-02-10","commitResults":[{"hash":"5110f15035e98484042a74949feeb21e53cb8d97","messageTitle":"refactor: add Ui, Parser, TaskList, Command classes","messageBody":"","tags":["A-Varargs","A-Packages","A-MoreOOP"],"fileTypesAndContributionMap":{"txt":{"insertions":1,"deletions":1},"java":{"insertions":536,"deletions":245}}}]},{"date":"2021-02-11","commitResults":[{"hash":"16edafd9783c8b690fe1f116bbb539156f0571e2","messageTitle":"Test: add JUnit tests for Parser and TaskList classes","messageBody":"","tags":["Level-9","A-Jar","A-JUnit","A-CodingStandard"],"fileTypesAndContributionMap":{"java":{"insertions":60,"deletions":0}}},{"hash":"ce9079115a438af9a1b0fef410c1f27d8415ec8d","messageTitle":"docs: add documentation to all classes","messageBody":"","tags":["A-JavaDoc"],"fileTypesAndContributionMap":{"java":{"insertions":377,"deletions":3}}},{"hash":"69ecf504fc576e5fee05a252bc338a6e28f791cc","messageTitle":"style: tweak code to comply with coding standard","messageBody":"","fileTypesAndContributionMap":{"java":{"insertions":59,"deletions":60}}},{"hash":"0127ff9a8ea325cc59419a7a356530116a678081","messageTitle":"feat: add Find to search a task by keyword","messageBody":"","fileTypesAndContributionMap":{"txt":{"insertions":0,"deletions":0},"java":{"insertions":51,"deletions":18}}},{"hash":"01516dede896f017348838ecb5e0bd6415a4a7a5","messageTitle":"test: add testcase for find","messageBody":"","fileTypesAndContributionMap":{"txt":{"insertions":1,"deletions":0}}},{"hash":"644b30205f4a853f762c6e0359f8f9b9b0e2b09f","messageTitle":"docs: add documentation for FindCommand and TaskList","messageBody":"","tags":["A-Gradle"],"fileTypesAndContributionMap":{"java":{"insertions":24,"deletions":0}}}]},{"date":"2021-02-12","commitResults":[{"hash":"a4040b47a5a8a50038f4c10db489d7f1e3430f7f","messageTitle":"feat: add Gradle support","messageBody":"","fileTypesAndContributionMap":{"gradle":{"insertions":46,"deletions":0}}}]},{"date":"2021-02-16","commitResults":[{"hash":"9f55f69dbc568efc6c5f90fefaed3b528064a04a","messageTitle":"refactor: rename Ui to DukeResponses","messageBody":"","fileTypesAndContributionMap":{"java":{"insertions":113,"deletions":141}}},{"hash":"63882ddcd3e23611271e30faad9da35a7f28d0ec","messageTitle":"chore: remove isExit method","messageBody":"","fileTypesAndContributionMap":{"java":{"insertions":59,"deletions":122}}},{"hash":"33790a3183b950e6fd975d34ea1c4ebc7ae08fac","messageTitle":"chore: remove smiley face icon from error message","messageBody":"","fileTypesAndContributionMap":{"java":{"insertions":41,"deletions":20}}},{"hash":"a891cec1ef31cdd04c1fdd4780dec1f9c903a58a","messageTitle":"feat: add GUI","messageBody":"","tags":["Level-10"],"fileTypesAndContributionMap":{"gradle":{"insertions":17,"deletions":2},"java":{"insertions":200,"deletions":21},"bat":{"insertions":89,"deletions":0}}},{"hash":"004fd538a6fcf2211a75fe32fcdc00747e09e309","messageTitle":"fix: showTaskList returning empty string bug","messageBody":"","tags":["A-CodeQuality"],"fileTypesAndContributionMap":{"java":{"insertions":6,"deletions":4}}},{"hash":"948f7ae966974167ef162cbd08dd452012452f4e","messageTitle":"feat: add assertions","messageBody":"","tags":["A-Assertions"],"fileTypesAndContributionMap":{"java":{"insertions":6,"deletions":0}}}]},{"date":"2021-02-17","commitResults":[{"hash":"259567b6708923a65e20312be5cea4b16f280162","messageTitle":"docs: provide clearer documentation","messageBody":"","fileTypesAndContributionMap":{"java":{"insertions":2,"deletions":2}}},{"hash":"1cd0fe91d179c3b98198c41f9c6f2cc0085fdc0e","messageTitle":"refactor: move \"OOPS!!!\" error message to DukeException","messageBody":"","fileTypesAndContributionMap":{"java":{"insertions":16,"deletions":6}}},{"hash":"199ffbad6990e2780913ee67a46cc6a2e589365c","messageTitle":"refactor: change code for code quality","messageBody":"","fileTypesAndContributionMap":{"java":{"insertions":210,"deletions":93}}},{"hash":"0c88b568feb70280baaedcff5d5713cd4628f1eb","messageTitle":"refactor: rename variable period to date","messageBody":"","fileTypesAndContributionMap":{"java":{"insertions":10,"deletions":10}}}]},{"date":"2021-02-18","commitResults":[{"hash":"a655382bcf28a2a566b9b7b6617e448bac83a1b3","messageTitle":"feat: add help command","messageBody":"","tags":["BCD-Extension"],"fileTypesAndContributionMap":{"java":{"insertions":60,"deletions":24}}}]},{"date":"2021-02-19","commitResults":[{"hash":"c8c9f4ad4692adbf95a2a6274bdb1c5e95a951f0","messageTitle":"docs: update README","messageBody":"","tags":["A-UserGuide"],"fileTypesAndContributionMap":{"md":{"insertions":130,"deletions":10}}},{"hash":"87fe9e503a1b80ae7dd17fea812f746fb36a3ca1","messageTitle":"docs: remove author","messageBody":"","fileTypesAndContributionMap":{"java":{"insertions":1,"deletions":2}}},{"hash":"9c1f449f29f295ad23d3bbfab11814402301786c","messageTitle":"docs: update README with images and acknowledgement","messageBody":"","fileTypesAndContributionMap":{"md":{"insertions":30,"deletions":8}}},{"hash":"9526f057e827033dd86f46c78e6a3a6e58cc7c93","messageTitle":"docs: update main README","messageBody":"","fileTypesAndContributionMap":{"md":{"insertions":51,"deletions":19}}},{"hash":"b099383cbef758009bf506ce767b868d0e79ad72","messageTitle":"docs: update main README","messageBody":"","fileTypesAndContributionMap":{"md":{"insertions":10,"deletions":10}}},{"hash":"b8bbf761433fe3cd1069814ed75107b6bb727362","messageTitle":"refactor: rename PNG to png","messageBody":"","fileTypesAndContributionMap":{"md":{"insertions":9,"deletions":9}}},{"hash":"1098dd4bc1db884044d613d94235b7df1af01198","messageTitle":"refactor: change archive base name to duke","messageBody":"","fileTypesAndContributionMap":{"gradle":{"insertions":1,"deletions":1}}},{"hash":"5ab4875075a864b9ba33cc1a756dd8f97ae9aa00","messageTitle":"feat: add make directory capability","messageBody":"","fileTypesAndContributionMap":{"java":{"insertions":13,"deletions":2}}},{"hash":"fe73350066953ee06c9ccf143e24869f87ad457d","messageTitle":"feat: enable assertions","messageBody":"","fileTypesAndContributionMap":{"gradle":{"insertions":1,"deletions":0}}},{"hash":"a90c9f80d0636b0ddc1af9c6edb955afb57b438d","messageTitle":"fix: resolve modification of task list after find command bug","messageBody":"","fileTypesAndContributionMap":{"java":{"insertions":16,"deletions":11}}},{"hash":"6b04c4081ac4d7c8e0813fe04ec7b8dec4982547","messageTitle":"refactor: remove unused parameters","messageBody":"","fileTypesAndContributionMap":{"java":{"insertions":1,"deletions":1}}},{"hash":"9a93c90c787a5af5d3f6044d4f96c09b7fca2d35","messageTitle":"refactor: shift file path from main class to duke class","messageBody":"","fileTypesAndContributionMap":{"java":{"insertions":5,"deletions":4}}},{"hash":"280a1fdbfa6b2770c55a1475885f4532eac0b4af","messageTitle":"feat: add delay for Duke to display bye message before termination","messageBody":"","fileTypesAndContributionMap":{"java":{"insertions":11,"deletions":1}}},{"hash":"1b61240071d942529d9e78fce8dd05557f5ca366","messageTitle":"docs: update README with expected output of bye command","messageBody":"","tags":["A-Release"],"fileTypesAndContributionMap":{"md":{"insertions":3,"deletions":1}}}]}]},"authorFileTypeContributionMap":{"pngsebastian":{"java":1504,"md":205,"fxml":41,"sh":1,"bat":90,"gradle":62,"txt":17}},"authorContributionVariance":{"pngsebastian":50490.227},"authorDisplayNameMap":{"pngsebastian":"CS2103-W17-2 PNG ..TIAN"}}
