{"authorDailyContributionsMap":{"jxrrelo":[{"date":"2021-01-19","commitResults":[{"hash":"0bf068dc8bde59e9f154ceff4d9f609dd3d86e2d","messageTitle":"Level-1","messageBody":"","tags":["Level-1"],"fileTypesAndContributionMap":{"java":{"insertions":18,"deletions":7}}},{"hash":"bdaded0b93a4ab335750d5d99d4466759f2943d8","messageTitle":"Level-2","messageBody":"","tags":["Level-2"],"fileTypesAndContributionMap":{"java":{"insertions":10,"deletions":2}}},{"hash":"55e377d2f5c9ef75979b516bbf7a4b3625c0df6d","messageTitle":"Level-3","messageBody":"","tags":["Level-3"],"fileTypesAndContributionMap":{"java":{"insertions":68,"deletions":16}}}]},{"date":"2021-01-20","commitResults":[{"hash":"c3a4e10319b7d6f2e398979c4a08172a9adfec25","messageTitle":"Level-4","messageBody":"","tags":["Level-4"],"fileTypesAndContributionMap":{"java":{"insertions":81,"deletions":16}}},{"hash":"ffdec91a3033bf2ce6c7847b599a40c2ce7e217a","messageTitle":"A-TextUiTesting","messageBody":"","tags":["A-TextUiTesting"],"fileTypesAndContributionMap":{"txt":{"insertions":4,"deletions":0}}},{"hash":"701c4b706d9a15fdb28d90ebb94fa1280941ec9b","messageTitle":"Level-5","messageBody":"","tags":["Level-5"],"fileTypesAndContributionMap":{"java":{"insertions":4,"deletions":0}}},{"hash":"a1f577676137f83035f26bbd35fa9a7f51f64d64","messageTitle":"Level-6","messageBody":"","tags":["Level-6"],"fileTypesAndContributionMap":{"java":{"insertions":216,"deletions":60}}}]}]},"authorFileTypeContributionMap":{"jxrrelo":{"java":303,"md":0,"fxml":0,"sh":0,"bat":0,"gradle":0,"txt":4}},"authorContributionVariance":{"jxrrelo":13460.159},"authorDisplayNameMap":{"jxrrelo":"LOH ..ARYL"}}
