{"authorDailyContributionsMap":{"jxrrelo":[{"date":"2021-01-19","commitResults":[{"hash":"0bf068dc8bde59e9f154ceff4d9f609dd3d86e2d","messageTitle":"Level-1","messageBody":"","tags":["Level-1"],"fileTypesAndContributionMap":{"java":{"insertions":18,"deletions":7}}},{"hash":"bdaded0b93a4ab335750d5d99d4466759f2943d8","messageTitle":"Level-2","messageBody":"","tags":["Level-2"],"fileTypesAndContributionMap":{"java":{"insertions":10,"deletions":2}}},{"hash":"55e377d2f5c9ef75979b516bbf7a4b3625c0df6d","messageTitle":"Level-3","messageBody":"","tags":["Level-3"],"fileTypesAndContributionMap":{"java":{"insertions":68,"deletions":16}}}]},{"date":"2021-01-20","commitResults":[{"hash":"c3a4e10319b7d6f2e398979c4a08172a9adfec25","messageTitle":"Level-4","messageBody":"","tags":["Level-4"],"fileTypesAndContributionMap":{"java":{"insertions":81,"deletions":16}}},{"hash":"ffdec91a3033bf2ce6c7847b599a40c2ce7e217a","messageTitle":"A-TextUiTesting","messageBody":"","tags":["A-TextUiTesting"],"fileTypesAndContributionMap":{"txt":{"insertions":4,"deletions":0}}},{"hash":"701c4b706d9a15fdb28d90ebb94fa1280941ec9b","messageTitle":"Level-5","messageBody":"","tags":["Level-5"],"fileTypesAndContributionMap":{"java":{"insertions":4,"deletions":0}}},{"hash":"a1f577676137f83035f26bbd35fa9a7f51f64d64","messageTitle":"Level-6","messageBody":"","tags":["Level-6"],"fileTypesAndContributionMap":{"java":{"insertions":216,"deletions":60}}}]},{"date":"2021-01-21","commitResults":[{"hash":"7f9fe930672c6d86ce55137fece78f607919aed2","messageTitle":"Removed default switch case","messageBody":"","tags":["Clean-up"],"fileTypesAndContributionMap":{"java":{"insertions":0,"deletions":5}}}]},{"date":"2021-01-23","commitResults":[{"hash":"46a46f9e3c170423be210bc3ed66e7cc981ae440","messageTitle":"A-Enums","messageBody":"","tags":["A-Enums"],"fileTypesAndContributionMap":{"java":{"insertions":174,"deletions":202}}}]},{"date":"2021-01-24","commitResults":[{"hash":"0e4fa0e2018cf6b629f2773ecf0311b0b872e4ed","messageTitle":"Level-7","messageBody":"","tags":["Level-7"],"fileTypesAndContributionMap":{"java":{"insertions":99,"deletions":0}}},{"hash":"214f2293eb35e0e602763ccde4b456e5b4f04210","messageTitle":"Level-8","messageBody":"","tags":["Level-8"],"fileTypesAndContributionMap":{"java":{"insertions":22,"deletions":10}}},{"hash":"2baa572dfdceb50fda9f6e409a71338b75e708a0","messageTitle":"A-MoreOOP","messageBody":"","tags":["A-MoreOOP"],"fileTypesAndContributionMap":{"java":{"insertions":135,"deletions":112}}},{"hash":"f2112d8e3e49607080515690311633870984a8fd","messageTitle":"A-Packages","messageBody":"","tags":["A-Packages"],"fileTypesAndContributionMap":{"java":{"insertions":67,"deletions":27},"bat":{"insertions":1,"deletions":1},"md":{"insertions":2,"deletions":2}}},{"hash":"6341b535fd3d9264fb61e0cd799e86be217fd7cd","messageTitle":"Allow multiple worded description Todo","messageBody":"","fileTypesAndContributionMap":{"java":{"insertions":1,"deletions":1}}},{"hash":"e416c4e6ea09778000171b2e6833041014a3a946","messageTitle":"Fix DataManager and UI bug","messageBody":"","fileTypesAndContributionMap":{"java":{"insertions":6,"deletions":4}}},{"hash":"1324640cf627629930c54e15c69b88e26c24c51f","messageTitle":"A-JUnit","messageBody":"","tags":["A-Jar","A-JUnit"],"fileTypesAndContributionMap":{"java":{"insertions":109,"deletions":0}}},{"hash":"4bd671eab4812636535a324f376bb6fa41f32fc1","messageTitle":"A-JavaDoc","messageBody":"","tags":["A-JavaDoc"],"fileTypesAndContributionMap":{"java":{"insertions":186,"deletions":5}}},{"hash":"696e8e17443bc0cfc485508a9b11f93cca92599f","messageTitle":"Level-9","messageBody":"","tags":["Level-9"],"fileTypesAndContributionMap":{"java":{"insertions":53,"deletions":18}}},{"hash":"0784a8a76252ee05c53b29239a83ac8e43352772","messageTitle":"Fix UI issue","messageBody":"","fileTypesAndContributionMap":{"java":{"insertions":16,"deletions":19}}},{"hash":"0e9887e6521b39958294e51709fc144684eac2ed","messageTitle":"Add exit confirmation","messageBody":"","fileTypesAndContributionMap":{"java":{"insertions":53,"deletions":17}}}]},{"date":"2021-01-30","commitResults":[{"hash":"c29bf06b68b66fce573e8cd73e52061b15534fbe","messageTitle":"Update build.gradle","messageBody":"","fileTypesAndContributionMap":{"gradle":{"insertions":1,"deletions":1}}}]},{"date":"2021-02-02","commitResults":[{"hash":"c33d83a04a5947402076611c4a44eeb8178adb59","messageTitle":"Create dialog box with user input and response handlers","messageBody":"","tags":["Level-10"],"fileTypesAndContributionMap":{"gradle":{"insertions":22,"deletions":10},"java":{"insertions":262,"deletions":51}}},{"hash":"0d3819d77f8764b82adf79f1de38a2a04b97e9a9","messageTitle":"Correct bot to response correctly in GUI","messageBody":"","fileTypesAndContributionMap":{"java":{"insertions":61,"deletions":131}}},{"hash":"e4a62b8872cdb71bb5c7765c230b391f22714dfa","messageTitle":"Add display pictures","messageBody":"","fileTypesAndContributionMap":{"java":{"insertions":33,"deletions":20}}},{"hash":"398d2cc9a95aa3fe39f0c0295fb6093b03d796e6","messageTitle":"Fix text formatting errors","messageBody":"","fileTypesAndContributionMap":{"java":{"insertions":4,"deletions":4}}}]},{"date":"2021-02-07","commitResults":[{"hash":"b2ad7536f8093f49a14e513e07ccb1a96a754579","messageTitle":"A-Assertions","messageBody":"","tags":["A-Assertions"],"fileTypesAndContributionMap":{"java":{"insertions":1,"deletions":1}}},{"hash":"fce5f796019e08616c67a7e820b3c0c9d1067909","messageTitle":"A-CodeQuality","messageBody":"","tags":["A-CodeQuality"],"fileTypesAndContributionMap":{"java":{"insertions":10,"deletions":6}}}]},{"date":"2021-02-08","commitResults":[{"hash":"741572fd4c1b957b2f1df4ab1388667de4f3fdb2","messageTitle":"C-Update","messageBody":"","tags":["C-Update","BCD-Extension"],"fileTypesAndContributionMap":{"java":{"insertions":54,"deletions":2}}}]},{"date":"2021-02-10","commitResults":[{"hash":"59aaeb2263de5d650831d929454a1ef20324df52","messageTitle":"Add javadocs","messageBody":"","fileTypesAndContributionMap":{"java":{"insertions":93,"deletions":4}}},{"hash":"521b98fa25270fca15b98175175b334829e1b94b","messageTitle":"Fix formatting issues","messageBody":"","fileTypesAndContributionMap":{"java":{"insertions":1,"deletions":2}}},{"hash":"e774f85f2bbd59f522dbe6a60dbcd31288203c47","messageTitle":"Fix update command issues","messageBody":"","fileTypesAndContributionMap":{"java":{"insertions":13,"deletions":6}}}]},{"date":"2021-02-13","commitResults":[{"hash":"05dd7bdc6387dda041f536a4eb247b645e43d030","messageTitle":"A-BetterGui","messageBody":"","tags":["A-BetterGui"],"fileTypesAndContributionMap":{"java":{"insertions":6,"deletions":2}}},{"hash":"b9cee45957c37d7c6b7a9a1321e56f604b74e9a2","messageTitle":"Update user guide","messageBody":"","tags":["A-UserGuide"],"fileTypesAndContributionMap":{"md":{"insertions":118,"deletions":11}}},{"hash":"ef6822a5e4ffe465b4ade56ddd1a1c670ee586e9","messageTitle":"A-Release","messageBody":"","fileTypesAndContributionMap":{"gradle":{"insertions":2,"deletions":1}}},{"hash":"d0b5e27a281fb3f86575faa91096fbba4d844129","messageTitle":"Fix else clause brace style","messageBody":"","tags":["v0.2.1","v0.2.0"],"fileTypesAndContributionMap":{"java":{"insertions":1,"deletions":2}}}]},{"date":"2021-02-23","commitResults":[{"hash":"9519cd7131bdbf3c3e7714ae58ba390ef1a893e1","messageTitle":"Fix QuantumRenderer error and generate new JAR file for release","messageBody":"","fileTypesAndContributionMap":{"gradle":{"insertions":0,"deletions":7}}}]},{"date":"2021-03-03","commitResults":[{"hash":"6cdb22d9083acc3e492f6fd5d1d0584c665cd2d5","messageTitle":"Add javadoc","messageBody":"","fileTypesAndContributionMap":{"java":{"insertions":1,"deletions":1}}},{"hash":"d7fea93300022a176cd0567bdf8121d3537166f8","messageTitle":"Look for coding standard issues","messageBody":"","fileTypesAndContributionMap":{"java":{"insertions":1,"deletions":1}}},{"hash":"a0daf37085b6027df06b5a67e20a579c3052575f","messageTitle":"Fix undone Level 9 merge admin task","messageBody":"","fileTypesAndContributionMap":{"java":{"insertions":1,"deletions":1}}},{"hash":"672cec2292174e9e78c1e878f68c248afc3ceac5","messageTitle":"Fix untagged gradle task","messageBody":"","fileTypesAndContributionMap":{"gradle":{"insertions":2,"deletions":0}}},{"hash":"921c549046866c484c0c876bed8f29867b2a4505","messageTitle":"Fix missing BCD tag for update extension","messageBody":"","fileTypesAndContributionMap":{"java":{"insertions":1,"deletions":1}}}]}]},"authorFileTypeContributionMap":{"jxrrelo":{"java":1127,"md":112,"fxml":78,"sh":0,"bat":1,"gradle":19,"txt":4}},"authorContributionVariance":{"jxrrelo":28446.146},"authorDisplayNameMap":{"jxrrelo":"CS2103T-W14-2 LOH ..ARYL"}}
