{"authorDailyContributionsMap":{"JQchong":[{"date":"2021-01-15","commitResults":[{"hash":"9af6ab45b98b55089c8927831fec8d847f5a04a8","messageTitle":"Add greeting, echo, and exit functions","messageBody":"","tags":["Level-1"],"fileTypesAndContributionMap":{"java":{"insertions":12,"deletions":0}}},{"hash":"a295f59ce9d96ac3770c82594c4a303b867ce002","messageTitle":"add storing and listing function","messageBody":"","tags":["Level-2"],"fileTypesAndContributionMap":{"java":{"insertions":16,"deletions":3}}},{"hash":"7cdfe6ee87519a9daa270edda56143e47c871912","messageTitle":"Create Task.java","messageBody":"","tags":["A-Classes"],"fileTypesAndContributionMap":{"java":{"insertions":34,"deletions":0}}},{"hash":"86e450af727e21342067a2d05f2a1393d06251c3","messageTitle":"implement done function","messageBody":"","tags":["Level-3"],"fileTypesAndContributionMap":{"java":{"insertions":15,"deletions":5}}},{"hash":"0b10fac0984bad6c8b033a0ac2915844bb3e9643","messageTitle":"add subclasses of Task","messageBody":"","tags":["A-inheritance"],"fileTypesAndContributionMap":{"java":{"insertions":49,"deletions":0}}}]},{"date":"2021-01-16","commitResults":[{"hash":"8967d8cf2a523b408b34ca786976a4b1709982d0","messageTitle":"implement different task handling","messageBody":"","tags":["Level-4"],"fileTypesAndContributionMap":{"java":{"insertions":35,"deletions":11}}},{"hash":"728a21c3ab5f405ab2096ca1b2cd56ed1fdc56ed","messageTitle":"move task classes and subclasses into a package","messageBody":"","fileTypesAndContributionMap":{"java":{"insertions":19,"deletions":6}}},{"hash":"aab446f92b4383152b792008b5ad6dc6b4700a41","messageTitle":"Create DukeException.java","messageBody":"","fileTypesAndContributionMap":{"java":{"insertions":5,"deletions":0}}},{"hash":"046ace6865d7391045d13431d3374fbae909c560","messageTitle":"Refactor code","messageBody":"","fileTypesAndContributionMap":{"java":{"insertions":66,"deletions":34}}},{"hash":"7be8c4e854a7c74303a625c4dd599eb8a99df1b4","messageTitle":"Add test cases","messageBody":"","tags":["A-TextUiTesting"],"fileTypesAndContributionMap":{"txt":{"insertions":12,"deletions":0}}},{"hash":"b2f1e7e1406ad8b91c0d99c37353d8d4159c66ba","messageTitle":"Revert \"Create DukeException.java\"","messageBody":"This reverts commit aab446f92b4383152b792008b5ad6dc6b4700a41.\n","fileTypesAndContributionMap":{"java":{"insertions":0,"deletions":5}}},{"hash":"a5f44247f888d62b7fdd7bb1fbcfc772662ffa66","messageTitle":"Create DukeException.java","messageBody":"","tags":["A-Exceptions"],"fileTypesAndContributionMap":{"java":{"insertions":5,"deletions":0}}},{"hash":"3bd635d7618f5682bbad5d6dd2aa8c61e1513f7a","messageTitle":"Handle errors","messageBody":"","tags":["Level-5"],"fileTypesAndContributionMap":{"java":{"insertions":6,"deletions":0}}},{"hash":"fa07e8334d5b8b2ac0d75ed03c00f53975100634","messageTitle":"implement delete function","messageBody":"","tags":["Level-6","A-Collections"],"fileTypesAndContributionMap":{"java":{"insertions":26,"deletions":7}}},{"hash":"523cf4afd41702c644966d37998019ac88e3a195","messageTitle":"Add user input indicator","messageBody":"","fileTypesAndContributionMap":{"java":{"insertions":2,"deletions":0}}}]},{"date":"2021-01-22","commitResults":[{"hash":"b1399813b70b9761a63af9fcc26bf95b5e9edb1c","messageTitle":"Implement save feature","messageBody":"","tags":["Level-7"],"fileTypesAndContributionMap":{"java":{"insertions":293,"deletions":0}}},{"hash":"09b5d3977240dc3b97a3a2150621f3b400db5716","messageTitle":"Resolve merge conflicts","messageBody":"","fileTypesAndContributionMap":{"java":{"insertions":0,"deletions":6}}},{"hash":"7ed819f0d2f54c6482280ad36b294a0997cf7dc7","messageTitle":"Remove wildcard import","messageBody":"","fileTypesAndContributionMap":{"java":{"insertions":7,"deletions":1}}},{"hash":"1fb44a1315bad97544e5d9c56cebe100b8a52dcc","messageTitle":"Convert dates to LocalDate objects","messageBody":"","fileTypesAndContributionMap":{"java":{"insertions":24,"deletions":11}}},{"hash":"39f3fc655ce6e78e7c0110e7104c6d2741c1d05d","messageTitle":"Parse date strings from csv files","messageBody":"","fileTypesAndContributionMap":{"java":{"insertions":4,"deletions":2}}},{"hash":"cc1dd55331c9d5fa0b889ac27757699c0ed1ebb8","messageTitle":"Refactor the code to make it more oop","messageBody":"Currently the code is practically a monolithic mess.\n\nSplitting the code into more classes where each class\ncontrols one single component of the app makes it\nmore readable and more maintainable.\n\nLet\u0027s break the code into manageable chunks and\nclasses instead of cramming everything into one\nsingle main class.\n","tags":["A-MoreOOP"],"fileTypesAndContributionMap":{"java":{"insertions":251,"deletions":163}}},{"hash":"a398b28c5b4d8b094caba6a8ca4c2ee1744678dc","messageTitle":"Move classes into controller package","messageBody":"","fileTypesAndContributionMap":{"java":{"insertions":16,"deletions":3}}},{"hash":"5f43ca71fc594f11c60234e52a435dd212bf891a","messageTitle":"Integrate DukeException class","messageBody":"","fileTypesAndContributionMap":{"java":{"insertions":53,"deletions":49}}},{"hash":"7a473b6e02e2b701c265ecd2a9f54597079f75e7","messageTitle":"Change indentation of switch clauses","messageBody":"","fileTypesAndContributionMap":{"java":{"insertions":16,"deletions":16}}}]},{"date":"2021-01-23","commitResults":[{"hash":"3d00efa7242630debe4c25361469fb7b5cce3669","messageTitle":"Refactor code","messageBody":"","fileTypesAndContributionMap":{"java":{"insertions":20,"deletions":2}}},{"hash":"c633b8f2a6cbc60fba39a62e52646e0aed95ab35","messageTitle":"Implement JUnit testing","messageBody":"","tags":["A-Jar","A-JUnit"],"fileTypesAndContributionMap":{"java":{"insertions":105,"deletions":0}}},{"hash":"065f03312140a2f4a8a6dece884e391edf67327d","messageTitle":"Write Javadoc comments","messageBody":"","fileTypesAndContributionMap":{"java":{"insertions":233,"deletions":10}}},{"hash":"0f28efbf8f3fe94937a6b88b43bacc07fafac4ac","messageTitle":"Add spacing between descriptions and params","messageBody":"","fileTypesAndContributionMap":{"java":{"insertions":42,"deletions":0}}},{"hash":"c42a17c8dd684b8a0d9e600c2b488e986319403a","messageTitle":"Add spaces between descripton and params","messageBody":"","fileTypesAndContributionMap":{"java":{"insertions":1,"deletions":1}}},{"hash":"eb13c3f6e7166e94886e44ad034a73a39a27c71c","messageTitle":"Implement find feature","messageBody":"","fileTypesAndContributionMap":{"java":{"insertions":26,"deletions":5}}},{"hash":"644f9eb2cef93f0aee6067cb1800f03b69d96197","messageTitle":"DukeException: Change toString method","messageBody":"After the user provides an incorrect input, the application\nshows the error message together with the exception class.\n\nThis is rather ugly, from a user\u0027s perspective.\n\nLet\u0027s prevent the exception class from being printed out\nwhen an error is thrown.\n","fileTypesAndContributionMap":{"java":{"insertions":4,"deletions":0}}},{"hash":"667855b67c112bedddb64bf16805a3d4fcd0f50f","messageTitle":"Refactor code","messageBody":"","fileTypesAndContributionMap":{"java":{"insertions":3,"deletions":11}}}]}]},"authorFileTypeContributionMap":{"JQchong":{"java":835,"md":0,"fxml":0,"sh":0,"bat":0,"gradle":0,"txt":12}},"authorContributionVariance":{"JQchong":68524.984},"authorDisplayNameMap":{"JQchong":"- CHON..QUAN"}}
