{"authorDailyContributionsMap":{"edelinetenges":[{"date":"2021-01-19","commitResults":[{"hash":"b0c2c9b1411cb7304fe1e88bde91b37ae86311b2","messageTitle":"added first greeting","messageBody":"","fileTypesAndContributionMap":{"java":{"insertions":7,"deletions":0}}},{"hash":"50779b1a95795cba7d318a2ae4feec656d4b8687","messageTitle":"echoes commands by user","messageBody":"","fileTypesAndContributionMap":{"java":{"insertions":21,"deletions":3}}},{"hash":"8c0de4bf96aec3b8c66a91cba3bf1bce6ccc370d","messageTitle":"exits when user types bye","messageBody":"","fileTypesAndContributionMap":{"java":{"insertions":1,"deletions":0}}},{"hash":"608980c75685cc8b9315c94a083978312f02a351","messageTitle":"customized chat bot","messageBody":"","tags":["Level-1"],"fileTypesAndContributionMap":{"java":{"insertions":16,"deletions":12}}},{"hash":"56fc36aa1f5225b1905e4b62938ea94b540fe6f8","messageTitle":"stored data and displayed them back","messageBody":"","tags":["Level-2"],"fileTypesAndContributionMap":{"java":{"insertions":13,"deletions":4}}}]},{"date":"2021-01-20","commitResults":[{"hash":"f606120894221df12c458b3a5bf32f264f067c40","messageTitle":"created Task class, functions for printing, able to mark tasks as done","messageBody":"","tags":["Level-3"],"fileTypesAndContributionMap":{"java":{"insertions":90,"deletions":31}}},{"hash":"b021f96c20f7acdf4e782c7fbe77ff4180b9d58a","messageTitle":"created todos, deadlines and events classes","messageBody":"","fileTypesAndContributionMap":{"java":{"insertions":24,"deletions":0}}},{"hash":"8e2183708632c70b409c5d009ed6bf6e3dc4a51c","messageTitle":"added toString methods in Task, ToDos, Deadlines and Events classes","messageBody":"","fileTypesAndContributionMap":{"java":{"insertions":21,"deletions":2}}},{"hash":"bca48c9a596e185739cfcd41fee66bd1eea52b22","messageTitle":"added simple switch cases for todo, deadline \u0026 event","messageBody":"","fileTypesAndContributionMap":{"java":{"insertions":19,"deletions":4}}},{"hash":"32996225a9856a0f8bc3ff9e6ed0e7666f01ec1b","messageTitle":"nested cases for todo, deadline \u0026 event, scanning dates","messageBody":"","fileTypesAndContributionMap":{"java":{"insertions":37,"deletions":19}}}]},{"date":"2021-01-21","commitResults":[{"hash":"38a84b5554826eb7f9a34ef972ab60e2ea99df4f","messageTitle":"used split and regex to extract date","messageBody":"","tags":["Level-4"],"fileTypesAndContributionMap":{"java":{"insertions":23,"deletions":29}}},{"hash":"b6dac107e891ab9dea5f6eec677732f7cc930b00","messageTitle":"tried auto testing, added exceptions by just printing","messageBody":"","tags":["Level-5"],"fileTypesAndContributionMap":{"java":{"insertions":75,"deletions":34},"sh":{"insertions":2,"deletions":2}}},{"hash":"c6c1e8ac5783c1e9343f457a3e95fdebf42710c8","messageTitle":"changed tasks to arraylist, implemented delete","messageBody":"","tags":["Level-6"],"fileTypesAndContributionMap":{"java":{"insertions":38,"deletions":15}}}]},{"date":"2021-01-25","commitResults":[{"hash":"fd6b47bdf23a335e22ffb9b06aa7a443f4a4f610","messageTitle":"edit automated ui testing","messageBody":"","tags":["A-TextUiTesting"],"fileTypesAndContributionMap":{"txt":{"insertions":5,"deletions":0},"java":{"insertions":9,"deletions":9}}},{"hash":"e7d474c977ea17e6c681632afe1bfc9c6cd75d22","messageTitle":"create, read from and add tasks to file, not created properly","messageBody":"","fileTypesAndContributionMap":{"java":{"insertions":99,"deletions":1}}}]},{"date":"2021-01-26","commitResults":[{"hash":"adf75b6155c430855869adbba0d1a09c162c0c62","messageTitle":"save and read tasks in proper format","messageBody":"","fileTypesAndContributionMap":{"txt":{"insertions":1,"deletions":0},"java":{"insertions":7,"deletions":6}}},{"hash":"3a27b4cdff231c66cc9fb95c66138c9d6aaa9d85","messageTitle":"save to file by appending instead of overwriting","messageBody":"","fileTypesAndContributionMap":{"txt":{"insertions":4,"deletions":1},"java":{"insertions":13,"deletions":6}}},{"hash":"838f0b3933cb3b1406dc4060824f14c38b5f6914","messageTitle":"mark as done and delete tasks from file","messageBody":"","tags":["Level-7"],"fileTypesAndContributionMap":{"txt":{"insertions":4,"deletions":3},"java":{"insertions":41,"deletions":2}}},{"hash":"e16aea95665aa2d83a03879e551ceb52755ca49c","messageTitle":"understand date and time","messageBody":"","tags":["Level-8"],"fileTypesAndContributionMap":{"java":{"insertions":20,"deletions":11}}},{"hash":"e91cb270f6dc226d8adb9c2c337e97a7cde834d3","messageTitle":"fix date conflict","messageBody":"","fileTypesAndContributionMap":{"java":{"insertions":4,"deletions":4}}},{"hash":"75d9f11e7dfe5aea09844851200b1c57751ae0c3","messageTitle":"abstract to ui class","messageBody":"","fileTypesAndContributionMap":{"java":{"insertions":87,"deletions":79}}},{"hash":"5415b62373bf3d9179b4f5e8eab2572be4f460c6","messageTitle":"abstract to storage class","messageBody":"","tags":["A-MoreOOP"],"fileTypesAndContributionMap":{"txt":{"insertions":4,"deletions":4},"java":{"insertions":145,"deletions":127}}},{"hash":"4bc727474fb191ac369091cbe5b56ae9f0021e92","messageTitle":"abstract to parser and tasklist, handle date exception","messageBody":"","fileTypesAndContributionMap":{"txt":{"insertions":5,"deletions":4},"java":{"insertions":219,"deletions":96}}},{"hash":"166209b86d298d76514690007c717bf8e8d0253b","messageTitle":"add JavaDoc","messageBody":"","tags":["A-JavaDoc"],"fileTypesAndContributionMap":{"txt":{"insertions":1,"deletions":2},"java":{"insertions":195,"deletions":5}}}]}]},"authorFileTypeContributionMap":{"edelinetenges":{"java":731,"md":0,"fxml":0,"sh":2,"bat":0,"gradle":0,"txt":10}},"authorContributionVariance":{"edelinetenges":71555.586},"authorDisplayNameMap":{"edelinetenges":"CS2103T-W13-3 EDEL..NGES"}}
