{"authorDailyContributionsMap":{"yienyoong":[{"date":"2021-01-17","commitResults":[{"hash":"c8ce555d838c34f9f0108c1232a10534311adc02","messageTitle":"Added Greet, Echo, Exit","messageBody":"","tags":["Level-1"],"fileTypesAndContributionMap":{"java":{"insertions":46,"deletions":6}}},{"hash":"8b951e8317987f28a3893f2e110621eea6d81b3b","messageTitle":"Added Add, List","messageBody":"","tags":["Level-2"],"fileTypesAndContributionMap":{"java":{"insertions":22,"deletions":3}}},{"hash":"69473bea8cb0cc74ddf64d7c8c1f2b15273167aa","messageTitle":"Added ability to Mark as Done","messageBody":"","tags":["Level-3"],"fileTypesAndContributionMap":{"java":{"insertions":59,"deletions":6}}}]},{"date":"2021-01-19","commitResults":[{"hash":"d9ca81b6a0bc115f85d5d584e0fdae99af35ee74","messageTitle":"Added ToDos, Events, Deadlines","messageBody":"","tags":["Level-4"],"fileTypesAndContributionMap":{"java":{"insertions":98,"deletions":32}}},{"hash":"fb3325a32042278e24721958a7d69247a6b51f75","messageTitle":"Added Automated Text UI Testing","messageBody":"","tags":["A-TextUiTesting"],"fileTypesAndContributionMap":{"txt":{"insertions":9,"deletions":0},"sh":{"insertions":0,"deletions":0}}},{"hash":"7596598b8619fcd8cc2c26b84e51731b64b6647d","messageTitle":"Added ability to Handle Errors","messageBody":"","tags":["Level-5"],"fileTypesAndContributionMap":{"java":{"insertions":94,"deletions":17}}},{"hash":"f0a14f2c4fb58e5187c00ea7ed7e752a3e662018","messageTitle":"Added ability to Delete","messageBody":"","fileTypesAndContributionMap":{"java":{"insertions":49,"deletions":6}}},{"hash":"1ad5f741b5623aa37393529923802f3b37ce0cbe","messageTitle":"Edited automated testing files to account for Delete","messageBody":"","tags":["Level-6"],"fileTypesAndContributionMap":{"txt":{"insertions":2,"deletions":0}}}]},{"date":"2021-01-24","commitResults":[{"hash":"9a2feb56b2166fce3ad83ece704058767c2d52c5","messageTitle":"Add ability to Save task list","messageBody":"","tags":["Level-7","A-Enums"],"fileTypesAndContributionMap":{"txt":{"insertions":2,"deletions":0},"java":{"insertions":222,"deletions":115}}},{"hash":"ce07bbde3f706623ebd67eb0d6719578b966f12e","messageTitle":"Implement Dates and Times","messageBody":"","fileTypesAndContributionMap":{"java":{"insertions":34,"deletions":9}}},{"hash":"16e8ce86a7f435f5ffce4afa42cb68c8f1ee4d3e","messageTitle":"Reformat switch case statement","messageBody":"","fileTypesAndContributionMap":{"java":{"insertions":130,"deletions":130}}}]},{"date":"2021-01-25","commitResults":[{"hash":"ad0b631a46adabbaacd8384d9202823b38f793f5","messageTitle":"Refactor code to extract out closely related code as classes","messageBody":"","fileTypesAndContributionMap":{"txt":{"insertions":11,"deletions":6},"java":{"insertions":523,"deletions":316}}},{"hash":"aa0fadd06b1ca78382f2dcd5d500b4c4a089e8b0","messageTitle":"Fix bug in Level-7","messageBody":"","fileTypesAndContributionMap":{"txt":{"insertions":1,"deletions":3},"java":{"insertions":17,"deletions":17}}},{"hash":"50e3fc878c970bf8754666e32d2c256b34582289","messageTitle":"Clean up code","messageBody":"","tags":["A-MoreOOP"],"fileTypesAndContributionMap":{"txt":{"insertions":1,"deletions":1},"java":{"insertions":24,"deletions":37}}},{"hash":"2a39fa9a65afb2fd6be57eedcfea6860430ade1f","messageTitle":"Divide classes into packages","messageBody":"","tags":["A-Packages"],"fileTypesAndContributionMap":{"txt":{"insertions":4,"deletions":1},"java":{"insertions":78,"deletions":2}}}]},{"date":"2021-01-26","commitResults":[{"hash":"a7bf75fc15a12df8701acb37e791ded3cc16b667","messageTitle":"Add JUnit tests","messageBody":"","tags":["A-Jar","A-JUnit"],"fileTypesAndContributionMap":{"txt":{"insertions":2,"deletions":0},"java":{"insertions":161,"deletions":7}}},{"hash":"944ed7bc45c46883187992e492e6f29aa0ae0b79","messageTitle":"Add JavaDoc comments","messageBody":"","fileTypesAndContributionMap":{"java":{"insertions":252,"deletions":2}}},{"hash":"044bc3b15458926197945dfe45d873d16fac9312","messageTitle":"Refactor code to be compliant with given coding standard","messageBody":"","fileTypesAndContributionMap":{"txt":{"insertions":1,"deletions":1},"java":{"insertions":114,"deletions":86}}},{"hash":"acec2fb4d56f3f9f055f73cac4841f8b4cbd9284","messageTitle":"Add ability to Find task by searching for a keyword","messageBody":"","fileTypesAndContributionMap":{"txt":{"insertions":1,"deletions":0},"java":{"insertions":45,"deletions":1}}},{"hash":"ddc41f20bc95ccd64bc13428f008ee52bf6b588f","messageTitle":"Fix bug in Level-9","messageBody":"","tags":["Level-9"],"fileTypesAndContributionMap":{"java":{"insertions":6,"deletions":7}}}]},{"date":"2021-01-31","commitResults":[{"hash":"0408307da23a982ba880197aa447d579fb146f78","messageTitle":"Set up gradle to build and run Duke using gradle","messageBody":"","fileTypesAndContributionMap":{"gradle":{"insertions":1,"deletions":1}}},{"hash":"f3fa3817f8ce09c24bbf5ac77e1c7f54d10975eb","messageTitle":"Add Checkstyle files and more JavaDoc comments","messageBody":"","fileTypesAndContributionMap":{"gradle":{"insertions":5,"deletions":0},"txt":{"insertions":2,"deletions":1},"java":{"insertions":13,"deletions":0}}}]},{"date":"2021-02-01","commitResults":[{"hash":"0c6aa21851c68fca6a4c034df94e8b2c564a91b4","messageTitle":"Add GUI to Duke with JavaFX","messageBody":"","tags":["Level-10"],"fileTypesAndContributionMap":{"gradle":{"insertions":22,"deletions":1},"txt":{"insertions":4,"deletions":5},"java":{"insertions":304,"deletions":122}}},{"hash":"86e5c29c9c0a06ed3441d8613286065ea190f6d3","messageTitle":"Use CheckStyle to detect and correct coding style violations","messageBody":"","tags":["A-CheckStyle"],"fileTypesAndContributionMap":{"java":{"insertions":20,"deletions":3}}}]}]},"authorFileTypeContributionMap":{"yienyoong":{"java":1458,"md":0,"fxml":32,"sh":0,"bat":0,"gradle":27,"txt":23}},"authorContributionVariance":{"yienyoong":82404.68},"authorDisplayNameMap":{"yienyoong":"CS2103T-W10-4 YOON..I EN"}}
