{"authorDailyContributionsMap":{"aaronsms":[{"date":"2021-01-19","commitResults":[{"hash":"71f01da926664bbeed93a9daf03d8b96b35081e4","messageTitle":"Add echo functionality to Duke","messageBody":"","tags":["Level-1"],"fileTypesAndContributionMap":{"java":{"insertions":25,"deletions":6}}},{"hash":"3da93dc7c7aa86e317e7037322a73c24be16d6c1","messageTitle":"Add store functionality to Duke","messageBody":"","tags":["Level-2"],"fileTypesAndContributionMap":{"java":{"insertions":16,"deletions":2}}}]},{"date":"2021-01-20","commitResults":[{"hash":"b349dc5cac51310f45749fa090944a92bccf0c7e","messageTitle":"Add Task class","messageBody":"","fileTypesAndContributionMap":{"java":{"insertions":26,"deletions":0}}},{"hash":"6a56cc7dfd45b3b68d9af8248d7ee3bd56a7b3ef","messageTitle":"Add mark tasks as done functionality to Duke","messageBody":"","fileTypesAndContributionMap":{"java":{"insertions":27,"deletions":4}}},{"hash":"e0488db6295c22cea1c48455ce76a13ef2d129de","messageTitle":"Change Task constructor access modifier to protected","messageBody":"","fileTypesAndContributionMap":{"java":{"insertions":1,"deletions":1}}},{"hash":"96e0542c8374f668d20b616cddd46d13c1b0e4fe","messageTitle":"Add Deadline, ToDo and Event classes","messageBody":"","fileTypesAndContributionMap":{"java":{"insertions":36,"deletions":0}}},{"hash":"20e6ce343a2fac634654b984f7a95c6e7ac3a10c","messageTitle":"Change Task class to abstract","messageBody":"","fileTypesAndContributionMap":{"java":{"insertions":1,"deletions":5}}},{"hash":"2c9726dccf42506288e6172a3445329257c3a86d","messageTitle":"Add ToDo, Event and Deadline functionality to Duke","messageBody":"","fileTypesAndContributionMap":{"java":{"insertions":54,"deletions":15}}},{"hash":"53cb7d3f0e6e5a7858b2101f830468c5e0b5cebd","messageTitle":"Refactor print code when adding tasks","messageBody":"","fileTypesAndContributionMap":{"java":{"insertions":11,"deletions":9}}},{"hash":"ca31892ce99e422470adbd95613f73f792a5f69d","messageTitle":"Modify Duke responses","messageBody":"","fileTypesAndContributionMap":{"java":{"insertions":2,"deletions":2}}},{"hash":"862b55fbec865fd4b24bb594c5bd82c493ebc983","messageTitle":"Fix Scanner to check whether next line exists","messageBody":"","fileTypesAndContributionMap":{"java":{"insertions":1,"deletions":1}}},{"hash":"d8e4cb087124eef9df15ac7c99e39f04d9c65236","messageTitle":"Include teardown of output script in runtest.sh","messageBody":"","fileTypesAndContributionMap":{"sh":{"insertions":3,"deletions":1}}},{"hash":"c267d69938dd2d2304a92626f7c00835c5ad98ef","messageTitle":"Add Level-4 tests with no error handling","messageBody":"","tags":["A-TextUiTesting"],"fileTypesAndContributionMap":{"txt":{"insertions":14,"deletions":0}}},{"hash":"0bee932913dcf99a1397f9a282e89a1b36dc4d8a","messageTitle":"Better formatting of horizontal line","messageBody":"","fileTypesAndContributionMap":{"java":{"insertions":1,"deletions":1}}}]}]},"authorFileTypeContributionMap":{"aaronsms":{"java":161,"md":0,"fxml":0,"sh":2,"bat":0,"gradle":0,"txt":14}},"authorContributionVariance":{"aaronsms":4203.45},"authorDisplayNameMap":{"aaronsms":"AARO..SERN"}}
