{"authorDailyContributionsMap":{"ZhangAnli":[{"date":"2021-01-19","commitResults":[{"hash":"8368676da0b0f5412ddef52e77a34cb5f720ffc5","messageTitle":"Level-1","messageBody":"","tags":["Level-1"],"fileTypesAndContributionMap":{"java":{"insertions":18,"deletions":7}}},{"hash":"230dc3631f27d21fb44cae2170c869f8c542d110","messageTitle":"Level-2","messageBody":"","tags":["Level-2"],"fileTypesAndContributionMap":{"java":{"insertions":19,"deletions":5}}},{"hash":"00e318b1c5b70d50146c5594bd0994924db97601","messageTitle":"Level-3","messageBody":"","tags":["Level-3"],"fileTypesAndContributionMap":{"java":{"insertions":33,"deletions":8}}},{"hash":"0822630a872de8e48bf0d7e07d53298ea2526382","messageTitle":"Level-4","messageBody":"","tags":["Level-4"],"fileTypesAndContributionMap":{"java":{"insertions":142,"deletions":21}}},{"hash":"2e44c742dd15b8e13a072f0106f2f8c273d41238","messageTitle":"A-TextUITesting","messageBody":"","tags":["A-TextUITesting"],"fileTypesAndContributionMap":{"txt":{"insertions":6,"deletions":0}}},{"hash":"cf7f6fce5835f84ddd0ce1d4f3dee8d12c17a78d","messageTitle":"Level-5","messageBody":"","tags":["Level-5"],"fileTypesAndContributionMap":{"java":{"insertions":65,"deletions":27}}},{"hash":"1e50839c1b91a602161e4b3b8a61f45ec1ef0be8","messageTitle":"Level-6","messageBody":"","fileTypesAndContributionMap":{"java":{"insertions":35,"deletions":18}}}]},{"date":"2021-01-21","commitResults":[{"hash":"d9aa12453bb85edeb7af9583372177685006badd","messageTitle":"Level-6","messageBody":"","tags":["Level-6"],"fileTypesAndContributionMap":{"java":{"insertions":100,"deletions":0}}}]},{"date":"2021-01-25","commitResults":[{"hash":"a872800fbdd8a1b11d7090da189e4a55f9893184","messageTitle":"Level-7","messageBody":"","fileTypesAndContributionMap":{"java":{"insertions":126,"deletions":5}}}]},{"date":"2021-01-26","commitResults":[{"hash":"8f6065a7339fea64e9e83d7a9ae4c200c9224d9e","messageTitle":"Level-8","messageBody":"","fileTypesAndContributionMap":{"java":{"insertions":38,"deletions":11}}},{"hash":"ee7caf16f345906a43f6ded27272d74999edccfe","messageTitle":"Fix bugs post merge","messageBody":"","fileTypesAndContributionMap":{"txt":{"insertions":1,"deletions":0},"java":{"insertions":8,"deletions":7}}}]},{"date":"2021-01-27","commitResults":[{"hash":"1ec322f08d2a3d95c1b1949a6d734ce276402851","messageTitle":"A-MoreOOP","messageBody":"","tags":["A-MoreOOP"],"fileTypesAndContributionMap":{"txt":{"insertions":0,"deletions":1},"java":{"insertions":466,"deletions":268}}},{"hash":"5608a93be4ce191de406d9b6c215b647ab525537","messageTitle":"A-JUnit","messageBody":"","tags":["A-Jar","A-JUnit"],"fileTypesAndContributionMap":{"java":{"insertions":63,"deletions":0}}},{"hash":"feefc3a6fe9ca59a493c672ff522f5fbd23df86a","messageTitle":"Tidy code up","messageBody":"","fileTypesAndContributionMap":{"java":{"insertions":93,"deletions":6}}},{"hash":"99203afba6f1de7beee3381fae97bad938db54a8","messageTitle":"A-JavaDoc","messageBody":"","fileTypesAndContributionMap":{"txt":{"insertions":0,"deletions":0},"java":{"insertions":219,"deletions":13}}},{"hash":"a6134654ea796d06708135b8b2c14d64ca86078b","messageTitle":"A-CodingStandard","messageBody":"","fileTypesAndContributionMap":{"txt":{"insertions":1,"deletions":0},"java":{"insertions":67,"deletions":65}}},{"hash":"b788ef4b35b2d9158fe87a21378db278dccb71b4","messageTitle":"Level-9","messageBody":"","fileTypesAndContributionMap":{"java":{"insertions":36,"deletions":0}}}]},{"date":"2021-01-28","commitResults":[{"hash":"d20f60925c3f1eaecfdc4339d9dae9cc46f5cb5a","messageTitle":"Fix bugs post merge","messageBody":"","fileTypesAndContributionMap":{"txt":{"insertions":0,"deletions":1},"java":{"insertions":2,"deletions":2}}}]},{"date":"2021-02-01","commitResults":[{"hash":"aa04c2744db94328b543d8cf9291477c69752da5","messageTitle":"Complete A-Gradle increment","messageBody":"","tags":["A-Gradle"],"fileTypesAndContributionMap":{"gradle":{"insertions":9,"deletions":0}}},{"hash":"2bb1ea89bab28c74c9884955c29a06447cea8ab1","messageTitle":"Complete A-Checkstyle","messageBody":"","tags":["A-Checkstyle"],"fileTypesAndContributionMap":{"gradle":{"insertions":4,"deletions":0},"java":{"insertions":70,"deletions":50}}}]},{"date":"2021-02-03","commitResults":[{"hash":"57d1cec95881fe77d5b99d89c270186eeab2ce8a","messageTitle":"Complete JavaFX tutorial","messageBody":"","fileTypesAndContributionMap":{"gradle":{"insertions":13,"deletions":0},"java":{"insertions":282,"deletions":49}}},{"hash":"f7e5d5518f40fa0eece27e8b664c83a2f15de0d7","messageTitle":"Complete Level-10","messageBody":"","fileTypesAndContributionMap":{"txt":{"insertions":1,"deletions":0},"java":{"insertions":92,"deletions":201}}},{"hash":"b635d4919d9ee35094cb651729a8b64d3c455c62","messageTitle":"Complete Level-10","messageBody":"","fileTypesAndContributionMap":{"txt":{"insertions":2,"deletions":1},"java":{"insertions":56,"deletions":23}}}]}]},"authorFileTypeContributionMap":{"ZhangAnli":{"java":1254,"md":0,"fxml":35,"sh":0,"bat":0,"gradle":26,"txt":8}},"authorContributionVariance":{"ZhangAnli":86485.664},"authorDisplayNameMap":{"ZhangAnli":"CS2103T-T10-1 ZHAN..ANLI"}}
