[{"path":"src/main/java/Deadline.java","fileType":"java","lines":[{"lineNumber":1,"author":{"gitId":"Bennyphoe"},"content":"public class Deadline extends Task{"},{"lineNumber":2,"author":{"gitId":"Bennyphoe"},"content":"    private String deadline;"},{"lineNumber":3,"author":{"gitId":"Bennyphoe"},"content":""},{"lineNumber":4,"author":{"gitId":"Bennyphoe"},"content":""},{"lineNumber":5,"author":{"gitId":"Bennyphoe"},"content":"    public Deadline(String description, String deadline) {"},{"lineNumber":6,"author":{"gitId":"Bennyphoe"},"content":"        super(description);"},{"lineNumber":7,"author":{"gitId":"Bennyphoe"},"content":"        this.deadline \u003d deadline;"},{"lineNumber":8,"author":{"gitId":"Bennyphoe"},"content":"        this.type \u003d TaskEnum.D;"},{"lineNumber":9,"author":{"gitId":"Bennyphoe"},"content":"    }"},{"lineNumber":10,"author":{"gitId":"Bennyphoe"},"content":""},{"lineNumber":11,"author":{"gitId":"Bennyphoe"},"content":"    @Override"},{"lineNumber":12,"author":{"gitId":"Bennyphoe"},"content":"    public String getDescription() {"},{"lineNumber":13,"author":{"gitId":"Bennyphoe"},"content":"        return this.description + \" (by: \" + deadline + \")\";"},{"lineNumber":14,"author":{"gitId":"Bennyphoe"},"content":"    }"},{"lineNumber":15,"author":{"gitId":"Bennyphoe"},"content":"}"}],"authorContributionMap":{"Bennyphoe":15}},{"path":"src/main/java/Duke.java","fileType":"java","lines":[{"lineNumber":1,"author":{"gitId":"Bennyphoe"},"content":"import java.util.ArrayList;"},{"lineNumber":2,"author":{"gitId":"Bennyphoe"},"content":"import java.util.List;"},{"lineNumber":3,"author":{"gitId":"Bennyphoe"},"content":"import java.util.Scanner;"},{"lineNumber":4,"author":{"gitId":"Bennyphoe"},"content":""},{"lineNumber":5,"author":{"gitId":"-"},"content":"public class Duke {"},{"lineNumber":6,"author":{"gitId":"-"},"content":"    public static void main(String[] args) {"},{"lineNumber":7,"author":{"gitId":"Bennyphoe"},"content":"        Scanner sc \u003d new Scanner(System.in);"},{"lineNumber":8,"author":{"gitId":"Bennyphoe"},"content":"        String line \u003d \"\";"},{"lineNumber":9,"author":{"gitId":"Bennyphoe"},"content":"        for (int i \u003d 0; i \u003c 50; i++) {"},{"lineNumber":10,"author":{"gitId":"Bennyphoe"},"content":"            line \u003d line.concat(\"_\");"},{"lineNumber":11,"author":{"gitId":"Bennyphoe"},"content":"        }"},{"lineNumber":12,"author":{"gitId":"Bennyphoe"},"content":"        System.out.println(line);"},{"lineNumber":13,"author":{"gitId":"Bennyphoe"},"content":"        System.out.println(\"Hello! I\u0027m Benny\");"},{"lineNumber":14,"author":{"gitId":"Bennyphoe"},"content":"        System.out.println(\"What can I do for you?\");"},{"lineNumber":15,"author":{"gitId":"Bennyphoe"},"content":"        System.out.println(line);"},{"lineNumber":16,"author":{"gitId":"Bennyphoe"},"content":""},{"lineNumber":17,"author":{"gitId":"Bennyphoe"},"content":"        UserInput userInput \u003d new UserInput(sc);"},{"lineNumber":18,"author":{"gitId":"Bennyphoe"},"content":"        userInput.executeInput();"},{"lineNumber":19,"author":{"gitId":"Bennyphoe"},"content":""},{"lineNumber":20,"author":{"gitId":"Bennyphoe"},"content":""},{"lineNumber":21,"author":{"gitId":"-"},"content":"    }"},{"lineNumber":22,"author":{"gitId":"Bennyphoe"},"content":""},{"lineNumber":23,"author":{"gitId":"-"},"content":"}"}],"authorContributionMap":{"Bennyphoe":19,"-":4}},{"path":"src/main/java/Event.java","fileType":"java","lines":[{"lineNumber":1,"author":{"gitId":"Bennyphoe"},"content":"public class Event extends Task{"},{"lineNumber":2,"author":{"gitId":"Bennyphoe"},"content":"    private String eventDate;"},{"lineNumber":3,"author":{"gitId":"Bennyphoe"},"content":""},{"lineNumber":4,"author":{"gitId":"Bennyphoe"},"content":""},{"lineNumber":5,"author":{"gitId":"Bennyphoe"},"content":"    public Event(String description, String eventDate) {"},{"lineNumber":6,"author":{"gitId":"Bennyphoe"},"content":"       super(description);"},{"lineNumber":7,"author":{"gitId":"Bennyphoe"},"content":"       this.eventDate \u003d eventDate;"},{"lineNumber":8,"author":{"gitId":"Bennyphoe"},"content":"        this.type \u003d TaskEnum.E;"},{"lineNumber":9,"author":{"gitId":"Bennyphoe"},"content":"    }"},{"lineNumber":10,"author":{"gitId":"Bennyphoe"},"content":""},{"lineNumber":11,"author":{"gitId":"Bennyphoe"},"content":"    @Override"},{"lineNumber":12,"author":{"gitId":"Bennyphoe"},"content":"    public String getDescription() {"},{"lineNumber":13,"author":{"gitId":"Bennyphoe"},"content":"        return this.description + \" (at: \" + this.eventDate + \")\";"},{"lineNumber":14,"author":{"gitId":"Bennyphoe"},"content":"    }"},{"lineNumber":15,"author":{"gitId":"Bennyphoe"},"content":""},{"lineNumber":16,"author":{"gitId":"Bennyphoe"},"content":"}"}],"authorContributionMap":{"Bennyphoe":16}},{"path":"src/main/java/Exception/DukeException.java","fileType":"java","lines":[{"lineNumber":1,"author":{"gitId":"Bennyphoe"},"content":"package Exception;"},{"lineNumber":2,"author":{"gitId":"Bennyphoe"},"content":""},{"lineNumber":3,"author":{"gitId":"Bennyphoe"},"content":"public class DukeException extends Exception {"},{"lineNumber":4,"author":{"gitId":"Bennyphoe"},"content":"    public DukeException(String errorMessage) {"},{"lineNumber":5,"author":{"gitId":"Bennyphoe"},"content":"        super(errorMessage);"},{"lineNumber":6,"author":{"gitId":"Bennyphoe"},"content":"    }"},{"lineNumber":7,"author":{"gitId":"Bennyphoe"},"content":"}"}],"authorContributionMap":{"Bennyphoe":7}},{"path":"src/main/java/Task.java","fileType":"java","lines":[{"lineNumber":1,"author":{"gitId":"Bennyphoe"},"content":"public class Task {"},{"lineNumber":2,"author":{"gitId":"Bennyphoe"},"content":"    protected String description;"},{"lineNumber":3,"author":{"gitId":"Bennyphoe"},"content":"    protected boolean done;"},{"lineNumber":4,"author":{"gitId":"Bennyphoe"},"content":"    protected TaskEnum type;"},{"lineNumber":5,"author":{"gitId":"Bennyphoe"},"content":""},{"lineNumber":6,"author":{"gitId":"Bennyphoe"},"content":"    public Task() {"},{"lineNumber":7,"author":{"gitId":"Bennyphoe"},"content":""},{"lineNumber":8,"author":{"gitId":"Bennyphoe"},"content":"    }"},{"lineNumber":9,"author":{"gitId":"Bennyphoe"},"content":""},{"lineNumber":10,"author":{"gitId":"Bennyphoe"},"content":"    public Task(String input) {"},{"lineNumber":11,"author":{"gitId":"Bennyphoe"},"content":"        this.description \u003d input;"},{"lineNumber":12,"author":{"gitId":"Bennyphoe"},"content":"        done \u003d false;"},{"lineNumber":13,"author":{"gitId":"Bennyphoe"},"content":"    }"},{"lineNumber":14,"author":{"gitId":"Bennyphoe"},"content":""},{"lineNumber":15,"author":{"gitId":"Bennyphoe"},"content":"    public String getDescription() {"},{"lineNumber":16,"author":{"gitId":"Bennyphoe"},"content":"        return this.description;"},{"lineNumber":17,"author":{"gitId":"Bennyphoe"},"content":"    }"},{"lineNumber":18,"author":{"gitId":"Bennyphoe"},"content":""},{"lineNumber":19,"author":{"gitId":"Bennyphoe"},"content":"    public boolean getDone() {"},{"lineNumber":20,"author":{"gitId":"Bennyphoe"},"content":"        return this.done;"},{"lineNumber":21,"author":{"gitId":"Bennyphoe"},"content":"    }"},{"lineNumber":22,"author":{"gitId":"Bennyphoe"},"content":""},{"lineNumber":23,"author":{"gitId":"Bennyphoe"},"content":"    public void setDone(boolean set) {"},{"lineNumber":24,"author":{"gitId":"Bennyphoe"},"content":"        this.done \u003d set;"},{"lineNumber":25,"author":{"gitId":"Bennyphoe"},"content":"    }"},{"lineNumber":26,"author":{"gitId":"Bennyphoe"},"content":""},{"lineNumber":27,"author":{"gitId":"Bennyphoe"},"content":"}"}],"authorContributionMap":{"Bennyphoe":27}},{"path":"src/main/java/TaskEnum.java","fileType":"java","lines":[{"lineNumber":1,"author":{"gitId":"Bennyphoe"},"content":"public enum TaskEnum {"},{"lineNumber":2,"author":{"gitId":"Bennyphoe"},"content":"    T,"},{"lineNumber":3,"author":{"gitId":"Bennyphoe"},"content":"    D,"},{"lineNumber":4,"author":{"gitId":"Bennyphoe"},"content":"    E"},{"lineNumber":5,"author":{"gitId":"Bennyphoe"},"content":"}"}],"authorContributionMap":{"Bennyphoe":5}},{"path":"src/main/java/Todo.java","fileType":"java","lines":[{"lineNumber":1,"author":{"gitId":"Bennyphoe"},"content":"public class Todo extends Task {"},{"lineNumber":2,"author":{"gitId":"Bennyphoe"},"content":""},{"lineNumber":3,"author":{"gitId":"Bennyphoe"},"content":"    public Todo(String input) {"},{"lineNumber":4,"author":{"gitId":"Bennyphoe"},"content":"        super(input);"},{"lineNumber":5,"author":{"gitId":"Bennyphoe"},"content":"        this.type \u003d TaskEnum.T;"},{"lineNumber":6,"author":{"gitId":"Bennyphoe"},"content":"    }"},{"lineNumber":7,"author":{"gitId":"Bennyphoe"},"content":""},{"lineNumber":8,"author":{"gitId":"Bennyphoe"},"content":"    @Override"},{"lineNumber":9,"author":{"gitId":"Bennyphoe"},"content":"    public String getDescription() {"},{"lineNumber":10,"author":{"gitId":"Bennyphoe"},"content":"        return this.description;"},{"lineNumber":11,"author":{"gitId":"Bennyphoe"},"content":"    }"},{"lineNumber":12,"author":{"gitId":"Bennyphoe"},"content":"}"}],"authorContributionMap":{"Bennyphoe":12}},{"path":"src/main/java/UserInput.java","fileType":"java","lines":[{"lineNumber":1,"author":{"gitId":"Bennyphoe"},"content":"import java.util.ArrayList;"},{"lineNumber":2,"author":{"gitId":"Bennyphoe"},"content":"import java.util.List;"},{"lineNumber":3,"author":{"gitId":"Bennyphoe"},"content":"import java.util.Scanner;"},{"lineNumber":4,"author":{"gitId":"Bennyphoe"},"content":"import Exception.*;"},{"lineNumber":5,"author":{"gitId":"Bennyphoe"},"content":""},{"lineNumber":6,"author":{"gitId":"Bennyphoe"},"content":"public class UserInput {"},{"lineNumber":7,"author":{"gitId":"Bennyphoe"},"content":"    private Scanner sc;"},{"lineNumber":8,"author":{"gitId":"Bennyphoe"},"content":"    private List\u003cTask\u003e newStorage;"},{"lineNumber":9,"author":{"gitId":"Bennyphoe"},"content":""},{"lineNumber":10,"author":{"gitId":"Bennyphoe"},"content":"    public UserInput(Scanner sc) {"},{"lineNumber":11,"author":{"gitId":"Bennyphoe"},"content":"        this.newStorage \u003d new ArrayList\u003c\u003e();"},{"lineNumber":12,"author":{"gitId":"Bennyphoe"},"content":"        this.sc \u003d sc;"},{"lineNumber":13,"author":{"gitId":"Bennyphoe"},"content":"    }"},{"lineNumber":14,"author":{"gitId":"Bennyphoe"},"content":""},{"lineNumber":15,"author":{"gitId":"Bennyphoe"},"content":"    public void executeInput() {"},{"lineNumber":16,"author":{"gitId":"Bennyphoe"},"content":"        while (sc.hasNextLine()) {"},{"lineNumber":17,"author":{"gitId":"Bennyphoe"},"content":"            String userInput \u003d sc.nextLine();"},{"lineNumber":18,"author":{"gitId":"Bennyphoe"},"content":"            try {"},{"lineNumber":19,"author":{"gitId":"Bennyphoe"},"content":"                checkInput(userInput);"},{"lineNumber":20,"author":{"gitId":"Bennyphoe"},"content":""},{"lineNumber":21,"author":{"gitId":"Bennyphoe"},"content":"                String[] inputBreakdown \u003d userInput.split(\" \");"},{"lineNumber":22,"author":{"gitId":"Bennyphoe"},"content":"                if (inputBreakdown[0].equals(\"bye\")) {"},{"lineNumber":23,"author":{"gitId":"Bennyphoe"},"content":"                    indentInput(\"Bye. Hope to see you again!\");"},{"lineNumber":24,"author":{"gitId":"Bennyphoe"},"content":"                    break;"},{"lineNumber":25,"author":{"gitId":"Bennyphoe"},"content":"                } else if (inputBreakdown[0].equals(\"list\")) {"},{"lineNumber":26,"author":{"gitId":"Bennyphoe"},"content":"                    System.out.println(\"Here are the tasks in your list:\");"},{"lineNumber":27,"author":{"gitId":"Bennyphoe"},"content":"                    for (int i \u003d 0; i \u003c this.newStorage.size(); i++) {"},{"lineNumber":28,"author":{"gitId":"Bennyphoe"},"content":"                        printTask(i, this.newStorage.get(i));"},{"lineNumber":29,"author":{"gitId":"Bennyphoe"},"content":"                    }"},{"lineNumber":30,"author":{"gitId":"Bennyphoe"},"content":"                } else if (inputBreakdown[0].equals(\"done\") \u0026\u0026 Integer.valueOf(inputBreakdown[1]) \u003e 0 \u0026\u0026 Integer.valueOf(inputBreakdown[1]) \u003c\u003d this.newStorage.size() + 1) {"},{"lineNumber":31,"author":{"gitId":"Bennyphoe"},"content":"                    System.out.println(\"Nice! I\u0027ve marked this task as done:\");"},{"lineNumber":32,"author":{"gitId":"Bennyphoe"},"content":"                    int selectedIndex \u003d Integer.valueOf(inputBreakdown[1]) - 1;"},{"lineNumber":33,"author":{"gitId":"Bennyphoe"},"content":"                    this.newStorage.get(selectedIndex).setDone(true);"},{"lineNumber":34,"author":{"gitId":"Bennyphoe"},"content":"                    printTask(selectedIndex, this.newStorage.get(selectedIndex));"},{"lineNumber":35,"author":{"gitId":"Bennyphoe"},"content":"                } else if (inputBreakdown[0].equals(\"delete\")) {"},{"lineNumber":36,"author":{"gitId":"Bennyphoe"},"content":"                    deleteTask(userInput);"},{"lineNumber":37,"author":{"gitId":"Bennyphoe"},"content":"                } else {"},{"lineNumber":38,"author":{"gitId":"Bennyphoe"},"content":"                    addTask(userInput);"},{"lineNumber":39,"author":{"gitId":"Bennyphoe"},"content":"                }"},{"lineNumber":40,"author":{"gitId":"Bennyphoe"},"content":"            } catch (DukeException ex) {"},{"lineNumber":41,"author":{"gitId":"Bennyphoe"},"content":"                System.out.println(ex.getMessage());"},{"lineNumber":42,"author":{"gitId":"Bennyphoe"},"content":"            }"},{"lineNumber":43,"author":{"gitId":"Bennyphoe"},"content":"        }"},{"lineNumber":44,"author":{"gitId":"Bennyphoe"},"content":"    }"},{"lineNumber":45,"author":{"gitId":"Bennyphoe"},"content":""},{"lineNumber":46,"author":{"gitId":"Bennyphoe"},"content":"    public static void indentInput(String input) {"},{"lineNumber":47,"author":{"gitId":"Bennyphoe"},"content":"        String line \u003d \"\";"},{"lineNumber":48,"author":{"gitId":"Bennyphoe"},"content":"        for (int i \u003d 0; i \u003c 50; i++) {"},{"lineNumber":49,"author":{"gitId":"Bennyphoe"},"content":"            line \u003d line.concat(\"_\");"},{"lineNumber":50,"author":{"gitId":"Bennyphoe"},"content":"        }"},{"lineNumber":51,"author":{"gitId":"Bennyphoe"},"content":"        System.out.println(line);"},{"lineNumber":52,"author":{"gitId":"Bennyphoe"},"content":"        System.out.println(\"added: \" + input);"},{"lineNumber":53,"author":{"gitId":"Bennyphoe"},"content":"        System.out.println(line);"},{"lineNumber":54,"author":{"gitId":"Bennyphoe"},"content":"    }"},{"lineNumber":55,"author":{"gitId":"Bennyphoe"},"content":""},{"lineNumber":56,"author":{"gitId":"Bennyphoe"},"content":"    public void printTask(int num, Task task) {"},{"lineNumber":57,"author":{"gitId":"Bennyphoe"},"content":"        if (task.getDone()) {"},{"lineNumber":58,"author":{"gitId":"Bennyphoe"},"content":"            System.out.println(num + 1 + \".\" + \"[\" + task.type + \"]\" + \"[X] \" + this.newStorage.get(num).getDescription());"},{"lineNumber":59,"author":{"gitId":"Bennyphoe"},"content":"        } else {"},{"lineNumber":60,"author":{"gitId":"Bennyphoe"},"content":"            System.out.println(num + 1 + \".\" + \"[\" + task.type + \"]\" + \"[ ] \" + this.newStorage.get(num).getDescription());"},{"lineNumber":61,"author":{"gitId":"Bennyphoe"},"content":"        }"},{"lineNumber":62,"author":{"gitId":"Bennyphoe"},"content":"    }"},{"lineNumber":63,"author":{"gitId":"Bennyphoe"},"content":""},{"lineNumber":64,"author":{"gitId":"Bennyphoe"},"content":"    public void printTaskWithNoNum(Task task) {"},{"lineNumber":65,"author":{"gitId":"Bennyphoe"},"content":"        System.out.println(\"[\" + task.type + \"]\" + \"[ ] \" + task.getDescription());"},{"lineNumber":66,"author":{"gitId":"Bennyphoe"},"content":"    }"},{"lineNumber":67,"author":{"gitId":"Bennyphoe"},"content":""},{"lineNumber":68,"author":{"gitId":"Bennyphoe"},"content":"    public void addTask(String userInput) {"},{"lineNumber":69,"author":{"gitId":"Bennyphoe"},"content":"        Task task;"},{"lineNumber":70,"author":{"gitId":"Bennyphoe"},"content":"        String[] input \u003d userInput.split(\" \");"},{"lineNumber":71,"author":{"gitId":"Bennyphoe"},"content":"        if (input[0].equals(\"todo\")) {"},{"lineNumber":72,"author":{"gitId":"Bennyphoe"},"content":"            String description \u003d userInput.substring(userInput.indexOf(\"todo\") + 5);"},{"lineNumber":73,"author":{"gitId":"Bennyphoe"},"content":"            task \u003d new Todo(description);"},{"lineNumber":74,"author":{"gitId":"Bennyphoe"},"content":"        } else if (input[0].equals(\"deadline\")) {"},{"lineNumber":75,"author":{"gitId":"Bennyphoe"},"content":"            String description \u003d userInput.substring(userInput.indexOf(\"deadline\") + 9, userInput.indexOf(\"/by\"));"},{"lineNumber":76,"author":{"gitId":"Bennyphoe"},"content":"            String deadline \u003d userInput.substring(userInput.indexOf(\"/by\") + 4);"},{"lineNumber":77,"author":{"gitId":"Bennyphoe"},"content":"            task \u003d new Deadline(description, deadline);"},{"lineNumber":78,"author":{"gitId":"Bennyphoe"},"content":"        } else {"},{"lineNumber":79,"author":{"gitId":"Bennyphoe"},"content":"            String description \u003d userInput.substring(userInput.indexOf(\"event\") + 6, userInput.indexOf(\"/at\"));"},{"lineNumber":80,"author":{"gitId":"Bennyphoe"},"content":"            String eventDate \u003d userInput.substring(userInput.indexOf(\"/at\") + 4);"},{"lineNumber":81,"author":{"gitId":"Bennyphoe"},"content":"            task \u003d new Event(description, eventDate);"},{"lineNumber":82,"author":{"gitId":"Bennyphoe"},"content":"        }"},{"lineNumber":83,"author":{"gitId":"Bennyphoe"},"content":"        newStorage.add(task);"},{"lineNumber":84,"author":{"gitId":"Bennyphoe"},"content":"        System.out.println(\"Got it. I\u0027ve added this task: \");"},{"lineNumber":85,"author":{"gitId":"Bennyphoe"},"content":"        printTaskWithNoNum(task);"},{"lineNumber":86,"author":{"gitId":"Bennyphoe"},"content":"        System.out.println(\"Now you have \" + this.newStorage.size() + \" tasks in the list.\");"},{"lineNumber":87,"author":{"gitId":"Bennyphoe"},"content":"    }"},{"lineNumber":88,"author":{"gitId":"Bennyphoe"},"content":""},{"lineNumber":89,"author":{"gitId":"Bennyphoe"},"content":"    public void deleteTask(String userInput) {"},{"lineNumber":90,"author":{"gitId":"Bennyphoe"},"content":"        String[] inputBreakdown \u003d userInput.split(\" \");"},{"lineNumber":91,"author":{"gitId":"Bennyphoe"},"content":"        int taskToBeDeleted \u003d Integer.valueOf(inputBreakdown[1]) - 1;"},{"lineNumber":92,"author":{"gitId":"Bennyphoe"},"content":"        Task task \u003d this.newStorage.get(taskToBeDeleted);"},{"lineNumber":93,"author":{"gitId":"Bennyphoe"},"content":"        this.newStorage.remove(taskToBeDeleted);"},{"lineNumber":94,"author":{"gitId":"Bennyphoe"},"content":"        System.out.println(\"Noted. I\u0027ve removed this task:\");"},{"lineNumber":95,"author":{"gitId":"Bennyphoe"},"content":"        printTaskWithNoNum(task);"},{"lineNumber":96,"author":{"gitId":"Bennyphoe"},"content":"        System.out.println(\"Now you have \" + this.newStorage.size() + \" tasks in the list.\");"},{"lineNumber":97,"author":{"gitId":"Bennyphoe"},"content":"    }"},{"lineNumber":98,"author":{"gitId":"Bennyphoe"},"content":""},{"lineNumber":99,"author":{"gitId":"Bennyphoe"},"content":"    public void checkInput (String userInput) throws DukeException {"},{"lineNumber":100,"author":{"gitId":"Bennyphoe"},"content":"        String[] input \u003d userInput.split(\" \");"},{"lineNumber":101,"author":{"gitId":"Bennyphoe"},"content":"        List\u003cString\u003e possibleActionInputs \u003d new ArrayList\u003c\u003e();"},{"lineNumber":102,"author":{"gitId":"Bennyphoe"},"content":"        List\u003cString\u003e possibleSingleInputs \u003d new ArrayList\u003c\u003e();"},{"lineNumber":103,"author":{"gitId":"Bennyphoe"},"content":"        List\u003cString\u003e possibleTaskInputs \u003d new ArrayList\u003c\u003e();"},{"lineNumber":104,"author":{"gitId":"Bennyphoe"},"content":"        possibleActionInputs.add(\"done\");"},{"lineNumber":105,"author":{"gitId":"Bennyphoe"},"content":"        possibleActionInputs.add(\"delete\");"},{"lineNumber":106,"author":{"gitId":"Bennyphoe"},"content":"        possibleSingleInputs.add(\"bye\");"},{"lineNumber":107,"author":{"gitId":"Bennyphoe"},"content":"        possibleTaskInputs.add(\"todo\");"},{"lineNumber":108,"author":{"gitId":"Bennyphoe"},"content":"        possibleTaskInputs.add(\"event\");"},{"lineNumber":109,"author":{"gitId":"Bennyphoe"},"content":"        possibleTaskInputs.add(\"deadline\");"},{"lineNumber":110,"author":{"gitId":"Bennyphoe"},"content":"        possibleSingleInputs.add(\"list\");"},{"lineNumber":111,"author":{"gitId":"Bennyphoe"},"content":"        if (!possibleActionInputs.contains(input[0]) \u0026\u0026 !possibleSingleInputs.contains(input[0]) \u0026\u0026 !possibleTaskInputs.contains(input[0])) {"},{"lineNumber":112,"author":{"gitId":"Bennyphoe"},"content":"            throw new DukeException(\"user action is not recognised!\");"},{"lineNumber":113,"author":{"gitId":"Bennyphoe"},"content":"        } else if ((possibleTaskInputs.contains(input[0]) || possibleActionInputs.contains(input[0])) \u0026\u0026 input.length \u003d\u003d 1) {"},{"lineNumber":114,"author":{"gitId":"Bennyphoe"},"content":"                throw new DukeException(\"no description added!\");"},{"lineNumber":115,"author":{"gitId":"Bennyphoe"},"content":"        } else if (possibleSingleInputs.contains(input[0]) \u0026\u0026 input.length \u003e 1) {"},{"lineNumber":116,"author":{"gitId":"Bennyphoe"},"content":"            throw new DukeException(\"no description should be added for this command!\");"},{"lineNumber":117,"author":{"gitId":"Bennyphoe"},"content":"        } else if (possibleTaskInputs.contains(input[0])) {"},{"lineNumber":118,"author":{"gitId":"Bennyphoe"},"content":"            switch(input[0]) {"},{"lineNumber":119,"author":{"gitId":"Bennyphoe"},"content":"                case \"deadline\":"},{"lineNumber":120,"author":{"gitId":"Bennyphoe"},"content":"                    if (!userInput.contains(\"/by\")) {"},{"lineNumber":121,"author":{"gitId":"Bennyphoe"},"content":"                        throw new DukeException(\"Deadline entries must have a /by phrase!\");"},{"lineNumber":122,"author":{"gitId":"Bennyphoe"},"content":"                    } else {"},{"lineNumber":123,"author":{"gitId":"Bennyphoe"},"content":"                        break;"},{"lineNumber":124,"author":{"gitId":"Bennyphoe"},"content":"                    }"},{"lineNumber":125,"author":{"gitId":"Bennyphoe"},"content":"                case \"event\":"},{"lineNumber":126,"author":{"gitId":"Bennyphoe"},"content":"                    if (!userInput.contains(\"/at\")) {"},{"lineNumber":127,"author":{"gitId":"Bennyphoe"},"content":"                        throw new DukeException(\"Event entries must have a /at phrase!\");"},{"lineNumber":128,"author":{"gitId":"Bennyphoe"},"content":"                    } else {"},{"lineNumber":129,"author":{"gitId":"Bennyphoe"},"content":"                        break;"},{"lineNumber":130,"author":{"gitId":"Bennyphoe"},"content":"                    }"},{"lineNumber":131,"author":{"gitId":"Bennyphoe"},"content":"            }"},{"lineNumber":132,"author":{"gitId":"Bennyphoe"},"content":"        } else if (possibleActionInputs.contains(input[0])) {"},{"lineNumber":133,"author":{"gitId":"Bennyphoe"},"content":"            if (input.length \u003e 2) {"},{"lineNumber":134,"author":{"gitId":"Bennyphoe"},"content":"                throw new DukeException(\"enter a specific number\");"},{"lineNumber":135,"author":{"gitId":"Bennyphoe"},"content":"            } else {"},{"lineNumber":136,"author":{"gitId":"Bennyphoe"},"content":"                try {"},{"lineNumber":137,"author":{"gitId":"Bennyphoe"},"content":"                    int number \u003d Integer.parseInt(input[1]);"},{"lineNumber":138,"author":{"gitId":"Bennyphoe"},"content":"                    if (number \u003c 0 || number \u003e this.newStorage.size()) {"},{"lineNumber":139,"author":{"gitId":"Bennyphoe"},"content":"                        throw new DukeException(\"number entered does not match the list of tasks in list\");"},{"lineNumber":140,"author":{"gitId":"Bennyphoe"},"content":"                    }"},{"lineNumber":141,"author":{"gitId":"Bennyphoe"},"content":"                } catch (NumberFormatException ex) {"},{"lineNumber":142,"author":{"gitId":"Bennyphoe"},"content":"                    throw new DukeException(\"Enter a number!\");"},{"lineNumber":143,"author":{"gitId":"Bennyphoe"},"content":"                }"},{"lineNumber":144,"author":{"gitId":"Bennyphoe"},"content":"            }"},{"lineNumber":145,"author":{"gitId":"Bennyphoe"},"content":"        }"},{"lineNumber":146,"author":{"gitId":"Bennyphoe"},"content":"    }"},{"lineNumber":147,"author":{"gitId":"Bennyphoe"},"content":"}"}],"authorContributionMap":{"Bennyphoe":147}},{"path":"text-ui-test/input.txt","fileType":"txt","lines":[{"lineNumber":1,"author":{"gitId":"Bennyphoe"},"content":"todo borrow book"},{"lineNumber":2,"author":{"gitId":"Bennyphoe"},"content":"list"},{"lineNumber":3,"author":{"gitId":"Bennyphoe"},"content":"deadline return book /by Sunday"},{"lineNumber":4,"author":{"gitId":"Bennyphoe"},"content":"list"},{"lineNumber":5,"author":{"gitId":"Bennyphoe"},"content":"event project meeting /at Mon 2-4pm"},{"lineNumber":6,"author":{"gitId":"Bennyphoe"},"content":"list"},{"lineNumber":7,"author":{"gitId":"Bennyphoe"},"content":"done 1"},{"lineNumber":8,"author":{"gitId":"Bennyphoe"},"content":"list"},{"lineNumber":9,"author":{"gitId":"Bennyphoe"},"content":"delete 1"},{"lineNumber":10,"author":{"gitId":"Bennyphoe"},"content":"list"},{"lineNumber":11,"author":{"gitId":"Bennyphoe"},"content":"event school event"},{"lineNumber":12,"author":{"gitId":"Bennyphoe"},"content":"deadline reach school"},{"lineNumber":13,"author":{"gitId":"Bennyphoe"},"content":"blah"},{"lineNumber":14,"author":{"gitId":"Bennyphoe"},"content":"todo"}],"authorContributionMap":{"Bennyphoe":14}}]
