{"authorDailyContributionsMap":{"VisnuRavi":[{"date":"2021-01-20","commitResults":[{"hash":"c68579196671be89bc99477a9ee9d2484e04db66","messageTitle":"Level-1 added greet, echo, and exit","messageBody":"","tags":["Level-1"],"fileTypesAndContributionMap":{"java":{"insertions":20,"deletions":0}}},{"hash":"c1798a30e36417eceda4c9de8569042fc3d16420","messageTitle":"Level-2: Add, List","messageBody":"","tags":["Level-2"],"fileTypesAndContributionMap":{"java":{"insertions":15,"deletions":1}}},{"hash":"7a5029c5fb1264467673e831c649c0dcbdbe3f7f","messageTitle":"check","messageBody":"","fileTypesAndContributionMap":{"java":{"insertions":1,"deletions":0}}},{"hash":"a5e86921161974ac5624143cd18177cb28cb0576","messageTitle":"added task class, and made \u0027done\u0027","messageBody":"","fileTypesAndContributionMap":{"java":{"insertions":45,"deletions":7}}},{"hash":"64628b2b9fd545b8b4adba78fce1534cea962402","messageTitle":"added NumberFormatException and disregard just whitespaces","messageBody":"","tags":["Level3"],"fileTypesAndContributionMap":{"java":{"insertions":9,"deletions":3}}}]},{"date":"2021-01-21","commitResults":[{"hash":"9ffa5eaeb2e7d578f5ab28d7b85d6a7da20b6fb3","messageTitle":"added a todo class","messageBody":"","fileTypesAndContributionMap":{"java":{"insertions":25,"deletions":6}}},{"hash":"e909ad0565ff49ef63dd9fedae6f5c2947dca3e2","messageTitle":"added deadline class","messageBody":"","fileTypesAndContributionMap":{"java":{"insertions":23,"deletions":3}}},{"hash":"9300d423ef9b53657595ab857cb1e3bc45a51022","messageTitle":"added Event Class","messageBody":"","tags":["Level4"],"fileTypesAndContributionMap":{"java":{"insertions":21,"deletions":3}}},{"hash":"05ad07a64f4cc3df74a3e217298de32a05e06671","messageTitle":"added Automated Text UI Testing","messageBody":"","tags":["A-TextUITesting"],"fileTypesAndContributionMap":{"txt":{"insertions":11,"deletions":0},"sh":{"insertions":2,"deletions":2}}},{"hash":"39f9f20064eab6b32c110a869f98ddd4865ba830","messageTitle":"removed quotation mark on 2103 in runtest folder directory","messageBody":"","fileTypesAndContributionMap":{"sh":{"insertions":1,"deletions":1}}},{"hash":"2ba1c3a647644741609be327a1cd6757100c96dd","messageTitle":"added illegalargumentexception for not non cmd text","messageBody":"","fileTypesAndContributionMap":{"java":{"insertions":34,"deletions":26}}},{"hash":"fc5912531fd3b53d3c988e3e459b02f50b58248a","messageTitle":"added illegalargumentexceptions for each of the task subclasses","messageBody":"","tags":["Level5"],"fileTypesAndContributionMap":{"txt":{"insertions":7,"deletions":0},"java":{"insertions":10,"deletions":1}}},{"hash":"24ce40b6024f4fe2b1ff0990a45e7fdb400f7066","messageTitle":"added delete functionality","messageBody":"","tags":["Level6"],"fileTypesAndContributionMap":{"java":{"insertions":22,"deletions":2}}},{"hash":"da3204d74f6a82832dd3892f0d88a43f10ffe56b","messageTitle":"updated auto testing","messageBody":"","fileTypesAndContributionMap":{"txt":{"insertions":6,"deletions":0}}}]}]},"authorFileTypeContributionMap":{"VisnuRavi":{"java":173,"md":0,"fxml":0,"sh":1,"bat":0,"gradle":0,"txt":24}},"authorContributionVariance":{"VisnuRavi":4006.2646},"authorDisplayNameMap":{"VisnuRavi":"VISN..DRAN"}}
