[{"path":"src/main/java/Duke.java","fileType":"java","lines":[{"lineNumber":1,"author":{"gitId":"toahi"},"content":"import  java.util.Scanner;"},{"lineNumber":2,"author":{"gitId":"toahi"},"content":"import java.util.ArrayList;"},{"lineNumber":3,"author":{"gitId":"toahi"},"content":""},{"lineNumber":4,"author":{"gitId":"-"},"content":"public class Duke {"},{"lineNumber":5,"author":{"gitId":"-"},"content":"    public static void main(String[] args) {"},{"lineNumber":6,"author":{"gitId":"toahi"},"content":""},{"lineNumber":7,"author":{"gitId":"toahi"},"content":"        Scanner sc \u003d new Scanner(System.in);"},{"lineNumber":8,"author":{"gitId":"toahi"},"content":""},{"lineNumber":9,"author":{"gitId":"toahi"},"content":"        ArrayList\u003cString\u003e arr \u003d new ArrayList\u003c\u003e();"},{"lineNumber":10,"author":{"gitId":"toahi"},"content":""},{"lineNumber":11,"author":{"gitId":"-"},"content":"        String logo \u003d \" ____        _        \\n\""},{"lineNumber":12,"author":{"gitId":"-"},"content":"                + \"|  _ \\\\ _   _| | _____ \\n\""},{"lineNumber":13,"author":{"gitId":"-"},"content":"                + \"| | | | | | | |/ / _ \\\\\\n\""},{"lineNumber":14,"author":{"gitId":"-"},"content":"                + \"| |_| | |_| |   \u003c  __/\\n\""},{"lineNumber":15,"author":{"gitId":"-"},"content":"                + \"|____/ \\\\__,_|_|\\\\_\\\\___|\\n\";"},{"lineNumber":16,"author":{"gitId":"-"},"content":"        System.out.println(\"Hello from\\n\" + logo);"},{"lineNumber":17,"author":{"gitId":"toahi"},"content":""},{"lineNumber":18,"author":{"gitId":"toahi"},"content":"        while(sc.hasNext()){"},{"lineNumber":19,"author":{"gitId":"toahi"},"content":"            String out \u003d sc.next();"},{"lineNumber":20,"author":{"gitId":"toahi"},"content":"            if(out.equals(\"bye\")) {"},{"lineNumber":21,"author":{"gitId":"toahi"},"content":"                System.out.println(\"Bye. Hope to see you again\");"},{"lineNumber":22,"author":{"gitId":"toahi"},"content":"                break;"},{"lineNumber":23,"author":{"gitId":"toahi"},"content":"            }else if (out.equals(\"list\")){"},{"lineNumber":24,"author":{"gitId":"toahi"},"content":"                for(int i \u003d 1; i \u003c\u003d arr.size();  i++){"},{"lineNumber":25,"author":{"gitId":"toahi"},"content":"                    System.out.println(i + \". \" + arr.get(i-1));"},{"lineNumber":26,"author":{"gitId":"toahi"},"content":"                }"},{"lineNumber":27,"author":{"gitId":"toahi"},"content":"            }else {"},{"lineNumber":28,"author":{"gitId":"toahi"},"content":"                arr.add(out);"},{"lineNumber":29,"author":{"gitId":"toahi"},"content":"                System.out.println(\"added: \" + out);"},{"lineNumber":30,"author":{"gitId":"toahi"},"content":"            }"},{"lineNumber":31,"author":{"gitId":"-"},"content":"        }"},{"lineNumber":32,"author":{"gitId":"-"},"content":"    }"},{"lineNumber":33,"author":{"gitId":"-"},"content":"}"}],"authorContributionMap":{"toahi":22,"-":11}}]
