{"authorDailyContributionsMap":{"cheeerynne":[{"date":"2021-01-17","commitResults":[{"hash":"c8433c731d423f5e635472f5bd64b0326b6dc8f6","messageTitle":"Implemented \u0027Greet, Echo, Exit\u0027","messageBody":"","tags":["Level-1"],"fileTypesAndContributionMap":{"java":{"insertions":32,"deletions":5}}},{"hash":"8a775b5b47849151502672f1ae1924cfd1379257","messageTitle":"Implemented \u0027Add, List\u0027","messageBody":"","tags":["Level-2"],"fileTypesAndContributionMap":{"java":{"insertions":24,"deletions":11}}},{"hash":"8012106c9869fe6b92dfc8225acc99c8325ee7e8","messageTitle":"Implemented \u0027Done\u0027 function and Task class","messageBody":"","tags":["Level-3"],"fileTypesAndContributionMap":{"java":{"insertions":38,"deletions":4}}}]},{"date":"2021-01-18","commitResults":[{"hash":"5b5e204725b4ee21d63cbce6e3689b68b816b5bb","messageTitle":"Implemented ToDo, Deadline and Event classes to inherit from Task class.","messageBody":"","tags":["Level-4"],"fileTypesAndContributionMap":{"java":{"insertions":58,"deletions":7}}},{"hash":"6193ec22d5f4d02f9b4d7221dfcab890e1cfd5fe","messageTitle":"Implemented \u0027Automated Text UI Testing\u0027 and added newline at the end of Event and ToDo files","messageBody":"","tags":["A-TextUiTesting"],"fileTypesAndContributionMap":{"txt":{"insertions":7,"deletions":0},"java":{"insertions":4,"deletions":4}}},{"hash":"f201a48f42f65e0894c33892877f5846e6ce3170","messageTitle":"Implemented individual methods for each action","messageBody":"","fileTypesAndContributionMap":{"java":{"insertions":65,"deletions":48}}},{"hash":"0403f4b8dc21795f376ef5b97d5a2fecb4218df1","messageTitle":"Implemented Exceptions","messageBody":"","tags":["Level-5"],"fileTypesAndContributionMap":{"java":{"insertions":107,"deletions":21}}},{"hash":"f57cc68cffdc5e3c772e8247ddf48bb73c4a7415","messageTitle":"Implemented \u0027Delete\u0027 function","messageBody":"","tags":["Level-6"],"fileTypesAndContributionMap":{"java":{"insertions":46,"deletions":9}}}]},{"date":"2021-01-27","commitResults":[{"hash":"0092d31e23cc79ff24622bfc0ae25dfd5923179e","messageTitle":"Implement file writing and file reading","messageBody":"","tags":["Level-7"],"fileTypesAndContributionMap":{"java":{"insertions":122,"deletions":6}}}]},{"date":"2021-01-28","commitResults":[{"hash":"867487d01ccd1a26e24f14054e0610bd079fd584","messageTitle":"Implement date and time","messageBody":"","tags":["Level-8"],"fileTypesAndContributionMap":{"java":{"insertions":49,"deletions":41}}}]},{"date":"2021-01-29","commitResults":[{"hash":"333b417178b9debd06813d0f099ce718c63a1685","messageTitle":"Refactor code and extract out closely related code as classes","messageBody":"","tags":["A-MoreOOP"],"fileTypesAndContributionMap":{"java":{"insertions":376,"deletions":263}}},{"hash":"7946a4b9fe06eef148cc73f6864fe7cf6f8ffb4b","messageTitle":"Organize classes into suitable packages","messageBody":"","tags":["A-Packages"],"fileTypesAndContributionMap":{"java":{"insertions":61,"deletions":22}}},{"hash":"268abfce32fc0e3ebc1d1a6c684a9e6b4b288179","messageTitle":"Add JUnit tests","messageBody":"","tags":["v0.1","A-JUnit"],"fileTypesAndContributionMap":{"java":{"insertions":46,"deletions":0}}},{"hash":"3efa1b830ff7de68cf73a48819779ce9f0486f6a","messageTitle":"Add JavaDoc comments","messageBody":"","tags":["A-JavaDoc"],"fileTypesAndContributionMap":{"java":{"insertions":271,"deletions":10}}},{"hash":"47369ae31e6fbc70a9cd579391f30bf1beb83d20","messageTitle":"Tweak code to comply with Java coding standard","messageBody":"","tags":["A-CodingStandard"],"fileTypesAndContributionMap":{"java":{"insertions":82,"deletions":88}}},{"hash":"aa323d66c9d1bbd4c39e0c189ff768c9baf640b2","messageTitle":"Implement find keyword function","messageBody":"","tags":["Level-9"],"fileTypesAndContributionMap":{"java":{"insertions":53,"deletions":10}}}]},{"date":"2021-01-30","commitResults":[{"hash":"edbaa0625f5af88e5bb8ba0df056562f05feff0b","messageTitle":"Add assertions to Gradle","messageBody":"","tags":["A-Gradle"],"fileTypesAndContributionMap":{"gradle":{"insertions":1,"deletions":0}}},{"hash":"670f1a382b2a29ddf50b201824b12bcbf9121364","messageTitle":"Add function to create file folder when start up","messageBody":"","fileTypesAndContributionMap":{"java":{"insertions":1,"deletions":2}}},{"hash":"e0d8b17490955fb25ba29aca0fcacfd593e751bf","messageTitle":"Edit code according to CheckStyle","messageBody":"","fileTypesAndContributionMap":{"java":{"insertions":28,"deletions":24}}}]},{"date":"2021-02-02","commitResults":[{"hash":"020fc10d94e8104c893d860761ad5eba2fc6efea","messageTitle":"Add GUI to Duke and rectify some Javadoc comments","messageBody":"","tags":["Level-10"],"fileTypesAndContributionMap":{"gradle":{"insertions":19,"deletions":3},"java":{"insertions":320,"deletions":142}}}]},{"date":"2021-02-06","commitResults":[{"hash":"d37281ec474822368213cfbe459f812603a1f315","messageTitle":"Modify Duke\u0027s welcome output","messageBody":"","fileTypesAndContributionMap":{"java":{"insertions":1,"deletions":6}}},{"hash":"e01edb64d4de46985b9aceaccef14dc0ea18de00","messageTitle":"Add assertions","messageBody":"","fileTypesAndContributionMap":{"java":{"insertions":3,"deletions":0}}}]},{"date":"2021-02-07","commitResults":[{"hash":"405cc6d0bc99d68c15f311b9090c36ef5a7893ea","messageTitle":"Improve code quality","messageBody":"","fileTypesAndContributionMap":{"java":{"insertions":72,"deletions":60}}},{"hash":"3b231e4fe5cfad79c19c4c0b53d19fdae3bb0b69","messageTitle":"Remove plugin for gradle","messageBody":"","fileTypesAndContributionMap":{"gradle":{"insertions":0,"deletions":1}}},{"hash":"ef305fb02cf8d57b41c04fe585859d41b65c66e0","messageTitle":"Add javaFx plugin","messageBody":"","fileTypesAndContributionMap":{"gradle":{"insertions":1,"deletions":0}}},{"hash":"e1168170ab02ed1a0b9500bae1a3b3071ac0daff","messageTitle":"Modify code to adhere to checkstyle","messageBody":"","fileTypesAndContributionMap":{"java":{"insertions":6,"deletions":3}}},{"hash":"1ca9b5d19fa2de19cef1fb25482aedce553950a3","messageTitle":"Modify code to adhere to checkstyle","messageBody":"","fileTypesAndContributionMap":{"java":{"insertions":2,"deletions":2}}},{"hash":"a36d3605b3ee20dee7e1e3ae2a2450266a2fc926","messageTitle":"Modify import statements order","messageBody":"","fileTypesAndContributionMap":{"java":{"insertions":9,"deletions":9}}},{"hash":"aaa0b789e04ab76841ff8a9d2d6d23d98b6ad8a9","messageTitle":"Modify import statements to adhere to checkstyle","messageBody":"","fileTypesAndContributionMap":{"java":{"insertions":3,"deletions":0}}},{"hash":"78d8de9d291b2e871176a93723c98a1cb110c2f2","messageTitle":"Modify import statements","messageBody":"","fileTypesAndContributionMap":{"java":{"insertions":4,"deletions":4}}},{"hash":"d7c6cc77448e04ecfba615def9c52108894cb8cf","messageTitle":"Add update extension","messageBody":"","tags":["BCD-Extension"],"fileTypesAndContributionMap":{"java":{"insertions":95,"deletions":12}}}]},{"date":"2021-02-10","commitResults":[{"hash":"dfedf330534fbb1ba48045dcecf8087a14acc0d8","messageTitle":"Fix \u0027find\u0027 and \u0027update\u0027 function","messageBody":"","fileTypesAndContributionMap":{"java":{"insertions":30,"deletions":14}}}]},{"date":"2021-02-15","commitResults":[{"hash":"47adf4a9151c57b4c16aaba5d40549572b8f522d","messageTitle":"Improve GUI","messageBody":"","tags":["A-BetterGUI"],"fileTypesAndContributionMap":{"java":{"insertions":29,"deletions":7}}},{"hash":"1112fe7b23cb88f253a41c017dfc64eb31d0c4db","messageTitle":"Add header to GUI","messageBody":"","fileTypesAndContributionMap":{"java":{"insertions":1,"deletions":1}}},{"hash":"f577c801451d278450fb7b612840fc563a0f7ed7","messageTitle":"Add user guide","messageBody":"","tags":["A-UserGuide"],"fileTypesAndContributionMap":{"java":{"insertions":2,"deletions":1},"md":{"insertions":142,"deletions":11}}},{"hash":"371944209b1167061ee51afe7ef65845fb0724ad","messageTitle":"Modify user guide format","messageBody":"","fileTypesAndContributionMap":{"md":{"insertions":47,"deletions":49}}},{"hash":"d0673c8c6dc6410e1af782013255b685894873bb","messageTitle":"Modify user guide table and termination duration","messageBody":"","fileTypesAndContributionMap":{"java":{"insertions":6,"deletions":1},"md":{"insertions":1,"deletions":1}}},{"hash":"d63b88073476907e227975d6e3f8ce12ae3e5469","messageTitle":"Rectify user guide table format","messageBody":"","fileTypesAndContributionMap":{"md":{"insertions":3,"deletions":2}}},{"hash":"f7eec1debf5e91d1ccdc6ab701a41dea08147ea0","messageTitle":"Add empty line before table for formatting","messageBody":"","fileTypesAndContributionMap":{"md":{"insertions":1,"deletions":1}}},{"hash":"577ffcbeaf05f5574e0bafd737649394e42a2f00","messageTitle":"Modify table formatting in README","messageBody":"","tags":["v0.2"],"fileTypesAndContributionMap":{"md":{"insertions":11,"deletions":11}}}]}]},"authorFileTypeContributionMap":{"cheeerynne":{"java":1216,"md":138,"fxml":49,"sh":0,"bat":0,"gradle":19,"txt":7}},"authorContributionVariance":{"cheeerynne":54608.992},"authorDisplayNameMap":{"cheeerynne":"CS2103T-W14-3 CHEE..YNNE"}}
