{"authorDailyContributionsMap":{"YuFeng0930":[{"date":"2021-01-17","commitResults":[{"hash":"cae2e05d1e510b91a6388a30b9a76aff09aeb01f","messageTitle":"Level 1. Greet, Echo, Exit","messageBody":"","fileTypesAndContributionMap":{"java":{"insertions":22,"deletions":6}}},{"hash":"ea4f26faed8a0d1b4f8d5a012eea5bd52c7afc13","messageTitle":"Level 1. Comment","messageBody":"","tags":["Level-1"],"fileTypesAndContributionMap":{"java":{"insertions":2,"deletions":2}}},{"hash":"836ffb0235f79cbce6863cc21a2541a8a815c710","messageTitle":"Add chat bot class, list things to do","messageBody":"","tags":["Level-2"],"fileTypesAndContributionMap":{"java":{"insertions":50,"deletions":10}}},{"hash":"49d4d8f0f07275db719dd75b6afef5177e106b26","messageTitle":"Add Task class, mark as done","messageBody":"","tags":["Level-3"],"fileTypesAndContributionMap":{"java":{"insertions":51,"deletions":10}}},{"hash":"15aa3d2737c8add8afe1b045aa07b521f856eb00","messageTitle":"ToDos, Events, Deadlines","messageBody":"","tags":["Level-4"],"fileTypesAndContributionMap":{"java":{"insertions":91,"deletions":22}}},{"hash":"3bc4f2b562a4ce23e0e4ea9dc8fe0c0e78b1d04a","messageTitle":"Configure testing files","messageBody":"","tags":["A-TextUiTesting"],"fileTypesAndContributionMap":{"txt":{"insertions":6,"deletions":0},"java":{"insertions":3,"deletions":8}}},{"hash":"fee38ec77313d4dc910f69ddfa2c87012be6ee33","messageTitle":"Exception handling","messageBody":"","tags":["Level-5"],"fileTypesAndContributionMap":{"java":{"insertions":60,"deletions":20}}},{"hash":"209b12fc5125687e0d75ec2bbb04b5b03a5ac2e6","messageTitle":"Delete tasks, change mark done a bit","messageBody":"","tags":["Level-6","A-Enums"],"fileTypesAndContributionMap":{"java":{"insertions":24,"deletions":3}}}]},{"date":"2021-01-20","commitResults":[{"hash":"1acef2064358a018b04d488dc6fb4f5c2691bb4b","messageTitle":"Add comments","messageBody":"","fileTypesAndContributionMap":{"java":{"insertions":14,"deletions":0}}}]}]},"authorFileTypeContributionMap":{"YuFeng0930":{"java":242,"md":0,"fxml":0,"sh":0,"bat":0,"gradle":0,"txt":6}},"authorContributionVariance":{"YuFeng0930":13597.439},"authorDisplayNameMap":{"YuFeng0930":"CHEN..FENG"}}
