{"authorDailyContributionsMap":{"yeoutzer":[{"date":"2021-01-15","commitResults":[{"hash":"7299f5af473cb70ea4c253c0987aa96582e7b648","messageTitle":"Added greet and echo function in Duke for level 1","messageBody":"","fileTypesAndContributionMap":{"java":{"insertions":25,"deletions":0}}},{"hash":"f8852bf4cd9c2e113b888dcd4f74e7b7b216aa3a","messageTitle":"Changed scanner to global variable and changed echo to accept no arguments.","messageBody":"","tags":["Level-1"],"fileTypesAndContributionMap":{"java":{"insertions":5,"deletions":3}}},{"hash":"5c3a6ebbf342c41e1a079a500d4997bbb573c274","messageTitle":"Added addList and showList function for Duke Level 2.","messageBody":"","fileTypesAndContributionMap":{"java":{"insertions":41,"deletions":6}}},{"hash":"857b3179393cdf0abfaaeba83370a0f65295d4a3","messageTitle":"Changed the parameters of addList and showList to accept List\u003cString\u003e instead of List.","messageBody":"","tags":["Level-2"],"fileTypesAndContributionMap":{"java":{"insertions":2,"deletions":2}}},{"hash":"8cbaef113f8d91396a4e3b569b0961f2a0815314","messageTitle":"Added Task.java","messageBody":"","fileTypesAndContributionMap":{"java":{"insertions":24,"deletions":0}}},{"hash":"95bc91eb20b48126451ccd72b8639451c7bfdb52","messageTitle":"Change the strings returned from getStatusIcon function.","messageBody":"","fileTypesAndContributionMap":{"java":{"insertions":1,"deletions":1}}},{"hash":"497e71db549ffd4aec39cef1116341aad4d32830","messageTitle":"Added isNumber function and added more functionality into addList function to fit Duke Level 3.","messageBody":"","fileTypesAndContributionMap":{"java":{"insertions":39,"deletions":8}}},{"hash":"aa355402b39ff42e4190f2f7613458d3d46726ae","messageTitle":"Override toString method in Task.java.","messageBody":"","fileTypesAndContributionMap":{"java":{"insertions":5,"deletions":0}}},{"hash":"f4d245da96be87b8bcbeb7d9a81344bceac13a5f","messageTitle":"Changed showList function to utilise Task.toString function.","messageBody":"","tags":["Level-3","A-Classes"],"fileTypesAndContributionMap":{"java":{"insertions":3,"deletions":3}}},{"hash":"f7b843ed955037d6617d0dced31ec8608a7cbf77","messageTitle":"Added DeadlineTask.java, EventTask.java, TodoTask.java.","messageBody":"","fileTypesAndContributionMap":{"java":{"insertions":36,"deletions":0}}}]},{"date":"2021-01-16","commitResults":[{"hash":"ea7e6c18375aae73c19290cb29ddda8b3e621127","messageTitle":"Added the ability to add different type of task to the list for Duke Level 4","messageBody":"","fileTypesAndContributionMap":{"java":{"insertions":29,"deletions":6}}},{"hash":"782e1519b404739f885f30bd7f651ab711fdbd92","messageTitle":"Changed the marking of done task to \"X\".","messageBody":"","fileTypesAndContributionMap":{"java":{"insertions":1,"deletions":1}}},{"hash":"3b84da1fb3e6c98d500ed3bfbd657dee86481a21","messageTitle":"Renamed addList function to commandList. Created seperate functions to handle adding task to list (addToList) and marking tasks as done (markAsDone).","messageBody":"","tags":["Level-4","A-Inheritance"],"fileTypesAndContributionMap":{"java":{"insertions":51,"deletions":45}}},{"hash":"c564ded9df575859a878968f9f564bf3e9884d3a","messageTitle":"Added a timeout at the end to allow time see the file comparison results.","messageBody":"","fileTypesAndContributionMap":{"bat":{"insertions":3,"deletions":0}}},{"hash":"2e2b9ea257b0efd64957ff42f8b7b38217bfd5d2","messageTitle":"Added testing inputs and expected results.","messageBody":"","tags":["A-TextUiTesting"],"fileTypesAndContributionMap":{"txt":{"insertions":12,"deletions":0}}},{"hash":"47a721f85e7a6f0143ae8ea890a6e7a649e4325e","messageTitle":"Edited showList function to handle empty list.","messageBody":"","fileTypesAndContributionMap":{"java":{"insertions":11,"deletions":5}}},{"hash":"031bf122cf404d1ef1aa655b2814b45d0ca20e1a","messageTitle":"Added java exceptions file for invalid commands, no task descriptions and no found task in list.","messageBody":"","fileTypesAndContributionMap":{"java":{"insertions":15,"deletions":0}}},{"hash":"e34b9bbb6d745ee75b212fea2bff34333d152917","messageTitle":"Added java exception files for deadline or event task without valid date and for trying to mark tasks without valid numbered selection.","messageBody":"","fileTypesAndContributionMap":{"java":{"insertions":11,"deletions":0}}},{"hash":"749a8d035210e09847972422d826897090aae22d","messageTitle":"Added exception handling for various situations for Duke level 5","messageBody":"","fileTypesAndContributionMap":{"java":{"insertions":73,"deletions":28}}},{"hash":"abc8cec32981e084124395ebab38ad1550e67668","messageTitle":"Deleted testing comment.","messageBody":"","fileTypesAndContributionMap":{"java":{"insertions":0,"deletions":1}}},{"hash":"2225f9a833dd6cb6530655c01702763927f2d135","messageTitle":"Changed message from having invalid command.","messageBody":"","fileTypesAndContributionMap":{"java":{"insertions":8,"deletions":3}}},{"hash":"e3ad89533134659a69ef9aed6c9db0d6f2ad0004","messageTitle":"Changed exception message to allow more general use.","messageBody":"","tags":["Level-5","A-Exceptions"],"fileTypesAndContributionMap":{"java":{"insertions":1,"deletions":1}}},{"hash":"fe2bdbd5620b2269ab04252239cbbe6b4d7819ba","messageTitle":"Added functionality of deleting task from list for Duke level 6. Edited exception message given by invalid command.","messageBody":"","tags":["Level-6","A-Collections"],"fileTypesAndContributionMap":{"java":{"insertions":25,"deletions":0}}}]}]},"authorFileTypeContributionMap":{"yeoutzer":{"java":292,"md":0,"fxml":0,"sh":0,"bat":3,"gradle":0,"txt":12}},"authorContributionVariance":{"yeoutzer":17165.0},"authorDisplayNameMap":{"yeoutzer":"LOO ..TZER"}}
