{"authorDailyContributionsMap":{"tlylt":[{"date":"2021-01-16","commitResults":[{"hash":"00e429a46e9e7f4f5ae9804edc8a050949b16b53","messageTitle":"Greet, Echo, Exit","messageBody":"","tags":["Level-1"],"fileTypesAndContributionMap":{"java":{"insertions":34,"deletions":10}}},{"hash":"9de98e83ef2213e105c2655e9dfc2ad0db9ee2f4","messageTitle":"Add, List","messageBody":"","tags":["Level-2"],"fileTypesAndContributionMap":{"java":{"insertions":20,"deletions":2},"md":{"insertions":16,"deletions":12}}}]},{"date":"2021-01-17","commitResults":[{"hash":"06d81ed214d3a11a1b56670051817152a9472280","messageTitle":"Mark as Done","messageBody":"","tags":["Level-3"],"fileTypesAndContributionMap":{"java":{"insertions":53,"deletions":9}}},{"hash":"aa9a2f5b589c54e71596b492ded1c06d618eb05c","messageTitle":"ToDo, Event, Deadline","messageBody":"","tags":["Level-4"],"fileTypesAndContributionMap":{"java":{"insertions":103,"deletions":30}}},{"hash":"356a3866a2f15695dcb845092b7167a4080507d5","messageTitle":"Automated Text UI Testing","messageBody":"","tags":["A-TextUiTesting"],"fileTypesAndContributionMap":{"txt":{"insertions":11,"deletions":0},"java":{"insertions":6,"deletions":6},"bat":{"insertions":1,"deletions":1},"sh":{"insertions":1,"deletions":1}}}]},{"date":"2021-01-20","commitResults":[{"hash":"ec9dbc44bb0b06dabe4b636a3553cfaefd5361c7","messageTitle":"Level-5: handle errors","messageBody":"Input from users may not follow recognizable pattern.\n\nAdd exceptions from HahaException class to handle undesirable input.\n\nInclude exception classes for better organization of errors.\n\nThis also completes A-Exceptions extension.\n","tags":["Level-5"],"fileTypesAndContributionMap":{"java":{"insertions":126,"deletions":13}}},{"hash":"297fe4762d9201a28e7de29ea26e700264100620","messageTitle":"Update test","messageBody":"","fileTypesAndContributionMap":{"txt":{"insertions":5,"deletions":0},"java":{"insertions":14,"deletions":4}}}]},{"date":"2021-01-21","commitResults":[{"hash":"8fd5e9e050f32ab3e259946d42d7e65858a1f86b","messageTitle":"Level-6 Delete","messageBody":"Add delete function to remove specified task.\n\nFix test typos.\n\nExtensions: A-Collections, A-Exceptions and A-Inheritance are completed.\n","tags":["Level-6"],"fileTypesAndContributionMap":{"java":{"insertions":23,"deletions":19}}},{"hash":"9c3abf73f728a8f1fd27ef50e5da19bf5cc65dfe","messageTitle":"Major Revamp: A-Enums and Code refactor","messageBody":"All related code to storing of tasks and parsing of input are within the\nclass Haha\n\nRestructure and create the following classes:\n- TaskType enum to specify all possible task types\n- LegitCommand enum to specify all accepted commands\n- Parser class to deal with sanitizing input\n- Database class to deal with modifying of task records\n- A few specific exceptions that inherit from HahaException\n\nExtra:\n- Still not happy with code structure within subclass\n- May decide to modify code in Parser for better organization\nand fit OOP style\n","tags":["A-Enums"],"fileTypesAndContributionMap":{"txt":{"insertions":4,"deletions":0},"java":{"insertions":254,"deletions":139}}}]}]},"authorFileTypeContributionMap":{"tlylt":{"java":411,"md":13,"fxml":0,"sh":1,"bat":1,"gradle":0,"txt":20}},"authorContributionVariance":{"tlylt":18240.049},"authorDisplayNameMap":{"tlylt":"LIU ..IANG"}}
