{"authorDailyContributionsMap":{"TeoHoeKeat":[{"date":"2021-01-16","commitResults":[{"hash":"d91651835938859c34c4b570ba336c0924dfcf5e","messageTitle":"Added IO Class","messageBody":"","fileTypesAndContributionMap":{"java":{"insertions":10,"deletions":0}}},{"hash":"a1ef2f3130c036a2eabd3be02cbb7af14ab9b387","messageTitle":"Level 1 completed","messageBody":"","tags":["Level-1"],"fileTypesAndContributionMap":{"java":{"insertions":29,"deletions":9}}}]},{"date":"2021-01-17","commitResults":[{"hash":"dedbab93f9fa19fea29213ae5b8aa09b3e9f13ec","messageTitle":"Change Logo","messageBody":"","fileTypesAndContributionMap":{"java":{"insertions":10,"deletions":1}}},{"hash":"3dd794377870cd78eb62f3b4cb1960cb2e8e9a39","messageTitle":"Added add and list feature","messageBody":"","tags":["Level-2"],"fileTypesAndContributionMap":{"java":{"insertions":23,"deletions":1}}},{"hash":"d09b6273695ce41a1d9211447732aafeac61d134","messageTitle":"Mark as done ability added (level 3 done)","messageBody":"","tags":["Level-3"],"fileTypesAndContributionMap":{"java":{"insertions":48,"deletions":4}}},{"hash":"7fbdc9e8dd7b24a2ca9b829db5b1ba86ab8f8d70","messageTitle":"Added Todo, Deadline and Events class","messageBody":"","fileTypesAndContributionMap":{"java":{"insertions":25,"deletions":0}}},{"hash":"d952bb771095609be8598273817a61ee64c3df79","messageTitle":"completed todo, deadline and events","messageBody":"","tags":["Level-4"],"fileTypesAndContributionMap":{"txt":{"insertions":10,"deletions":0},"java":{"insertions":51,"deletions":25}}},{"hash":"d4fb50dbf2261a230e3b9ad3e9644c54556bf94e","messageTitle":"setup A-TextUiTesting","messageBody":"","tags":["A-TextUiTesting"],"fileTypesAndContributionMap":{"txt":{"insertions":0,"deletions":0},"java":{"insertions":20,"deletions":14},"bat":{"insertions":1,"deletions":1}}},{"hash":"4cb029464c995d4aa59e8a219d64cb21c0d32090","messageTitle":"Added Error Handling","messageBody":"","tags":["Level-5"],"fileTypesAndContributionMap":{"txt":{"insertions":20,"deletions":1},"java":{"insertions":87,"deletions":30}}},{"hash":"9e11c22005b18885ab5e5a7c978b709d55ef0931","messageTitle":"Added Delete functionality","messageBody":"","tags":["Level-6"],"fileTypesAndContributionMap":{"txt":{"insertions":15,"deletions":1},"java":{"insertions":28,"deletions":16}}},{"hash":"93ec3a29c13190cb59bfeb455e315efa795eb220","messageTitle":"added command and enum class for command","messageBody":"","fileTypesAndContributionMap":{"java":{"insertions":28,"deletions":0}}},{"hash":"934f638b88678935ca7850a8b40afa9c81a03930","messageTitle":"modifly valid input method for enum","messageBody":"","fileTypesAndContributionMap":{"java":{"insertions":39,"deletions":22}}},{"hash":"8bbbc2572f8988026bee66dc1c75215fcf97684c","messageTitle":"change if else loop to enum switch case on main","messageBody":"","tags":["A-Enums"],"fileTypesAndContributionMap":{"java":{"insertions":37,"deletions":33}}}]},{"date":"2021-01-22","commitResults":[{"hash":"75fec7b3c2f780cbf433122dcafa5a0169b3ba03","messageTitle":"Added some comment  to some method","messageBody":"","fileTypesAndContributionMap":{"java":{"insertions":62,"deletions":39}}}]},{"date":"2021-01-23","commitResults":[{"hash":"6bbf95f4062b9f07c94669b4e7eac58c294f0514","messageTitle":"Add FileIO class","messageBody":"","fileTypesAndContributionMap":{"java":{"insertions":125,"deletions":8}}}]},{"date":"2021-01-24","commitResults":[{"hash":"eecc4cfb9d28e54b63a530a04a29b1ec8fbe50e7","messageTitle":"Change directory used to save history","messageBody":"","tags":["Level-7"],"fileTypesAndContributionMap":{"txt":{"insertions":2,"deletions":1},"java":{"insertions":58,"deletions":6}}},{"hash":"1502349b33b35eddcc6e792b7151efaebd58d321","messageTitle":"Change deadline time and event time to LocalDate and LocalTime Classes instead of string","messageBody":"","fileTypesAndContributionMap":{"txt":{"insertions":7,"deletions":5},"java":{"insertions":70,"deletions":12}}},{"hash":"0fe6ba09ade17942b7e70c84177b6b65ed1a2997","messageTitle":"Change save format from string to LocalDate and LocalTime","messageBody":"","fileTypesAndContributionMap":{"java":{"insertions":15,"deletions":4}}},{"hash":"b974af708497e67029bb8453798b986d0eab6128","messageTitle":"Add Parse Class","messageBody":"","fileTypesAndContributionMap":{"java":{"insertions":93,"deletions":85}}},{"hash":"54fbe06ad020e15e5ea618430b65457eb1609cde","messageTitle":"Add TaskList file","messageBody":"","fileTypesAndContributionMap":{"java":{"insertions":55,"deletions":29}}},{"hash":"cbc58eb2f357c7b831c57474bb95a949b67581c9","messageTitle":"Refactor : Change Class name of FileIO to Storage","messageBody":"","fileTypesAndContributionMap":{"java":{"insertions":6,"deletions":7}}},{"hash":"f206542dde87bd4823de655372c22063a49ae25e","messageTitle":"Refactor : Change Class name of IO to Ui","messageBody":"","fileTypesAndContributionMap":{"java":{"insertions":12,"deletions":12}}},{"hash":"ad0ab5a4d1add6a98d6a6f45b52749ef51ab3e67","messageTitle":"Refactor : Change Class name of Duke to FakeBot","messageBody":"","tags":["A-MoreOOP"],"fileTypesAndContributionMap":{"java":{"insertions":1,"deletions":1},"bat":{"insertions":1,"deletions":1},"md":{"insertions":2,"deletions":2}}},{"hash":"71aafef83d636303fdd73026e0c77782f45635b9","messageTitle":"Organize Classes into Packages","messageBody":"","tags":["A-Packages"],"fileTypesAndContributionMap":{"java":{"insertions":32,"deletions":0},"bat":{"insertions":1,"deletions":1}}},{"hash":"2c5315f108f3f0e696e787f5c47cf55ae573e6e2","messageTitle":"Add JUnit Test with 4 Class Test : Todos, Events, Deadline and Parser Test.","messageBody":"","tags":["A-JUnit"],"fileTypesAndContributionMap":{"txt":{"insertions":1,"deletions":1},"java":{"insertions":380,"deletions":56}}},{"hash":"d80b61da8a645f26b086af54b02a5593c792bb37","messageTitle":"Add JavaDoc  comment to all class","messageBody":"","tags":["A-JavaDoc"],"fileTypesAndContributionMap":{"java":{"insertions":184,"deletions":37}}},{"hash":"91d5cfa4c3164392b7be4519eddc8cd5b570b5fb","messageTitle":"Refactor : Follow coding standard","messageBody":"","tags":["A-CodingStandard"],"fileTypesAndContributionMap":{"java":{"insertions":147,"deletions":129}}},{"hash":"0bb9d027052ac016a0bc48e697d42cda6010e9c3","messageTitle":"TaskList Class: Add Find Method and Test Case for find method","messageBody":"","fileTypesAndContributionMap":{"java":{"insertions":74,"deletions":0}}}]},{"date":"2021-01-25","commitResults":[{"hash":"3b67ad78ba2fe077095fa22bcc29fd184e2cc3bf","messageTitle":"Add find function","messageBody":"","tags":["Level-9"],"fileTypesAndContributionMap":{"txt":{"insertions":2,"deletions":0},"java":{"insertions":23,"deletions":7},"bat":{"insertions":6,"deletions":3}}},{"hash":"57f9924b6fd1533a129c341e9d0c6641dd31b188","messageTitle":"FakeBot: Use FakeBot class instead of static method","messageBody":"","fileTypesAndContributionMap":{"java":{"insertions":40,"deletions":41}}},{"hash":"e677c1f581482c3e2852a3b65ada667aaf51543d","messageTitle":"FakeBot: Seperate processCommand to improve readability","messageBody":"","fileTypesAndContributionMap":{"java":{"insertions":71,"deletions":31}}}]}]},"authorFileTypeContributionMap":{"TeoHoeKeat":{"java":1289,"md":2,"fxml":0,"sh":0,"bat":6,"gradle":0,"txt":48}},"authorContributionVariance":{"TeoHoeKeat":154031.73},"authorDisplayNameMap":{"TeoHoeKeat":"CS2103T-W13-1 TEO ..KEAT"}}
