{"authorDailyContributionsMap":{"pPris":[{"date":"2021-01-18","commitResults":[{"hash":"7f8174aedcbb4057938911ac8a12d3d5d2cb7d55","messageTitle":"Implement chat-bot that greets, echoes and exits","messageBody":"","fileTypesAndContributionMap":{"java":{"insertions":47,"deletions":6}}},{"hash":"760ecb3f2349eaa2ecc56097b9d2e368395de212","messageTitle":"Fix chatbot to echo entire line of user input","messageBody":"","tags":["Level-1"],"fileTypesAndContributionMap":{"java":{"insertions":1,"deletions":2}}},{"hash":"7ac0d42735fe6106144489e2f8f96f0583408c3b","messageTitle":"Allow user to add tasks and view list when requested","messageBody":"","tags":["Level-2"],"fileTypesAndContributionMap":{"java":{"insertions":33,"deletions":5}}},{"hash":"7d7de252fde3529571649f65f03b867886a3299b","messageTitle":"Add done command to chatbot and done fields to task class","messageBody":"","tags":["A-Classes"],"fileTypesAndContributionMap":{"java":{"insertions":31,"deletions":5}}}]},{"date":"2021-01-19","commitResults":[{"hash":"df64378a77f01f54a5372fc10d405bb592c80863","messageTitle":" Fix done command and related messages to print","messageBody":"","tags":["Level-3"],"fileTypesAndContributionMap":{"java":{"insertions":3,"deletions":4}}},{"hash":"255d394a49a8560e4119ad41ef9ac47380d72c6f","messageTitle":"Add subclasses for different types of tasks","messageBody":"","tags":["A-Inheritance"],"fileTypesAndContributionMap":{"java":{"insertions":41,"deletions":0}}},{"hash":"b4a08677553b258e888ad3f2e96aac38ea24b4e9","messageTitle":"Add support for creating different 3 types of tasks","messageBody":"","tags":["Level-4"],"fileTypesAndContributionMap":{"java":{"insertions":49,"deletions":17}}},{"hash":"75abdde0a016927c5a46b131202521c52a4ea4b4","messageTitle":"Set up automated testing","messageBody":"","tags":["A-TextUiTesting"],"fileTypesAndContributionMap":{"txt":{"insertions":9,"deletions":0},"java":{"insertions":5,"deletions":4}}}]},{"date":"2021-01-20","commitResults":[{"hash":"3208f9bcfd3fd877fbc99e9150d0c66e623e449e","messageTitle":"Detect some errors and throw exceptions","messageBody":"","tags":["A-Exceptions"],"fileTypesAndContributionMap":{"java":{"insertions":126,"deletions":19}}},{"hash":"4dbcf7909b97540d5633ab99936be501ea054435","messageTitle":"Add tests for this level","messageBody":"","fileTypesAndContributionMap":{"txt":{"insertions":31,"deletions":0},"bat":{"insertions":24,"deletions":0}}},{"hash":"fc7528913958db2c3aa38be36dc261c67fc596d5","messageTitle":"Format some print messages and affected tests","messageBody":"","fileTypesAndContributionMap":{"txt":{"insertions":2,"deletions":2},"java":{"insertions":4,"deletions":4}}},{"hash":"14dae950a7234c61e3abe82f054d2786134769d6","messageTitle":"Detect wrong first command entered and throw custom exception","messageBody":"","tags":["Level-5"],"fileTypesAndContributionMap":{"txt":{"insertions":2,"deletions":0},"java":{"insertions":26,"deletions":15}}},{"hash":"ec1b4ae7d29d81ff08d4f19c75fb44a4cd6f5a39","messageTitle":"Add support for deleting and some related errors","messageBody":"","tags":["Level-6"],"fileTypesAndContributionMap":{"txt":{"insertions":9,"deletions":0},"java":{"insertions":88,"deletions":19}}},{"hash":"2c5f9a800d58c870390c8592af160e623b32e2f5","messageTitle":"Print info from tasklist collection","messageBody":"","tags":["A-Collections"],"fileTypesAndContributionMap":{"java":{"insertions":21,"deletions":3}}},{"hash":"cf986821c26d6f1fd5f11f36e00fe3534bd39e05","messageTitle":"Abstract away parse function and clean some lines and tests","messageBody":"","fileTypesAndContributionMap":{"java":{"insertions":34,"deletions":27}}},{"hash":"374fce92a19edf1496b3c79f1f909ff8dd60f572","messageTitle":"Abstract away more functions and make small fixes","messageBody":"","fileTypesAndContributionMap":{"java":{"insertions":62,"deletions":45}}}]},{"date":"2021-01-21","commitResults":[{"hash":"36112ca157881099326c18cf413cc5debf935ec0","messageTitle":"Rearrange where some commands are parsed and some errors detected","messageBody":"","fileTypesAndContributionMap":{"java":{"insertions":56,"deletions":23}}},{"hash":"8b4980daf1fb1486f9c98dd92fc3f6727a1bed11","messageTitle":"Neaten up parsing and exception checking functions by using more helpers","messageBody":"","fileTypesAndContributionMap":{"java":{"insertions":42,"deletions":48}}},{"hash":"b92ea111ca353ac38c442d0e917b8acdabd5f8d3","messageTitle":"Improve error messages that are printed out","messageBody":"","fileTypesAndContributionMap":{"txt":{"insertions":1,"deletions":0},"java":{"insertions":11,"deletions":4}}}]},{"date":"2021-01-27","commitResults":[{"hash":"1cc704149b515ab92678638977dc039ff9eb5fd6","messageTitle":"Attempt parsing todo object to string for saving purposes, and the reverse","messageBody":"","fileTypesAndContributionMap":{"txt":{"insertions":0,"deletions":0},"java":{"insertions":163,"deletions":4}}},{"hash":"a1a592a4d14d7668d11e027fded79878e0a1202f","messageTitle":"Add parsing from task to string functions to all task subclasses","messageBody":"","fileTypesAndContributionMap":{"java":{"insertions":88,"deletions":3}}},{"hash":"27a785caa5525b3a40456bb7e1da78e8352cba5f","messageTitle":"Add functionality for tasks file to be updated upon every change","messageBody":"","fileTypesAndContributionMap":{"txt":{"insertions":2,"deletions":0},"java":{"insertions":28,"deletions":7}}},{"hash":"a93c056c744abf6f9e4ece5fd2cfde71bfc3f3d5","messageTitle":"Add ability to load tasks from hard disk file","messageBody":"","fileTypesAndContributionMap":{"txt":{"insertions":0,"deletions":0}}},{"hash":"fb19140292571132ab480f23f1582483f602eb55","messageTitle":"Add ability to load tasks from hard disk and clean up level 7","messageBody":"","fileTypesAndContributionMap":{"txt":{"insertions":9,"deletions":2},"java":{"insertions":52,"deletions":17}}},{"hash":"21bd8abebe5effad1d1d3dd35fb32fdb4b5e1fd5","messageTitle":"Implement simple date time parsing for relevant task subclasses","messageBody":"","fileTypesAndContributionMap":{"txt":{"insertions":18,"deletions":0},"java":{"insertions":65,"deletions":6},"bat":{"insertions":7,"deletions":5}}},{"hash":"65cc916bd16c99c292f169980d401ef18d301eef","messageTitle":"Abstract tasklist arraylist into its own class","messageBody":"","fileTypesAndContributionMap":{"txt":{"insertions":1,"deletions":4},"java":{"insertions":64,"deletions":29}}},{"hash":"5f1fcb6445baff7d7598d9980afeb93e0d7d6213","messageTitle":"Reorganise methods into parser and ui classes","messageBody":"","tags":["v0.1","A-MoreOOP"],"fileTypesAndContributionMap":{"txt":{"insertions":49,"deletions":1},"java":{"insertions":352,"deletions":320},"bat":{"insertions":5,"deletions":2}}},{"hash":"17c6aa1f32beca33983b48c64b549e363f019a56","messageTitle":"Add JUnit tests","messageBody":"","tags":["A-JUnit"],"fileTypesAndContributionMap":{"txt":{"insertions":4,"deletions":0},"java":{"insertions":71,"deletions":3}}},{"hash":"616fb67035288b92113f53d49fe667076eda7a22","messageTitle":"Fix date parsing issue that prevented dates from loading from harddisk","messageBody":"","fileTypesAndContributionMap":{"txt":{"insertions":3,"deletions":3},"java":{"insertions":24,"deletions":13}}},{"hash":"b6743f813ccdaf6cc5baaff4997137c1d0931acf","messageTitle":"Format and clean up according to coding standard","messageBody":"","fileTypesAndContributionMap":{"java":{"insertions":35,"deletions":90}}},{"hash":"b3193b829b6b1e3bb25a9f5e6fb39e430cb601b8","messageTitle":"Add javadoc comments for some public methods and classes","messageBody":"","fileTypesAndContributionMap":{"java":{"insertions":107,"deletions":17}}},{"hash":"e224797a48d84d1df73886eade89ab5fc98af1b3","messageTitle":"Implement find tasks by a keyword","messageBody":"","fileTypesAndContributionMap":{"txt":{"insertions":3,"deletions":0},"java":{"insertions":15,"deletions":2}}},{"hash":"be88a07fe12c3cfcdff88a621cb008b8e1a54aa0","messageTitle":"Add more javadoc comments for methods","messageBody":"","fileTypesAndContributionMap":{"java":{"insertions":44,"deletions":7}}},{"hash":"5a3708864034671cb4f1a98e8864e5d3f211441d","messageTitle":"Delete existing task list memory","messageBody":"","fileTypesAndContributionMap":{"txt":{"insertions":0,"deletions":5}}}]},{"date":"2021-02-01","commitResults":[{"hash":"b28a840094b9e2eacbdd7b94776be1c9caa028bb","messageTitle":"Merge branch \u0027add-gradle-support\u0027 of https://github.com/pPris/ip into master","messageBody":"","tags":["A-Gradle"],"fileTypesAndContributionMap":{"gradle":{"insertions":46,"deletions":0},"bat":{"insertions":103,"deletions":0}}}]},{"date":"2021-02-02","commitResults":[{"hash":"2254546ce32613ecf4d1dad151ad053f0644e510","messageTitle":"Add more javadoc comments and rename some fields according to convention","messageBody":"","fileTypesAndContributionMap":{"java":{"insertions":99,"deletions":54}}}]}]},"authorFileTypeContributionMap":{"pPris":{"java":1074,"md":0,"fxml":0,"sh":0,"bat":136,"gradle":46,"txt":124}},"authorContributionVariance":{"pPris":134032.62},"authorDisplayNameMap":{"pPris":"CS2103T-T11-4 PRIN..LSON"}}
