{"authorDailyContributionsMap":{"jrvslam":[{"date":"2021-01-20","commitResults":[{"hash":"e029359abeaddd845afee28203d737678c866310","messageTitle":"Implemented Skeletal structure for project","messageBody":"","tags":["Level-1"],"fileTypesAndContributionMap":{"java":{"insertions":21,"deletions":1}}},{"hash":"84e3c9a4fa97b1f2c3946b24a04d660f61e943ae","messageTitle":"Added ability to store text entered by the user and return list of text given.","messageBody":"","tags":["Level-2"],"fileTypesAndContributionMap":{"java":{"insertions":13,"deletions":2}}},{"hash":"3e0d8ef1afcd44e73f94605f0b19edf92fda3cfe","messageTitle":"Added ability to mark tasks as done","messageBody":"","tags":["Level-3"],"fileTypesAndContributionMap":{"java":{"insertions":46,"deletions":6}}}]},{"date":"2021-01-21","commitResults":[{"hash":"31e9d739dfd9e24123b4109529eac1e684f39da0","messageTitle":"Add support to track 3 tasks: ToDos, Deadlines, and Events","messageBody":"","tags":["Level-4"],"fileTypesAndContributionMap":{"java":{"insertions":105,"deletions":22}}},{"hash":"8ae15c88d051be97a5d9fba74e5819cdc4b4f1cb","messageTitle":"Edit bye message","messageBody":"","fileTypesAndContributionMap":{"java":{"insertions":1,"deletions":1}}},{"hash":"569d228e14c9f505c4807d8ed0c10938843016bc","messageTitle":"Edited inputs and expected outputs","messageBody":"","tags":["A-TextUiTesting"],"fileTypesAndContributionMap":{"txt":{"insertions":11,"deletions":0}}},{"hash":"0d3f72653f5b6187a84626e36ee9d6050ccff376","messageTitle":"Added exception handlers","messageBody":"","tags":["Level-5"],"fileTypesAndContributionMap":{"java":{"insertions":116,"deletions":55}}},{"hash":"aa7544bed7b3a87943b8ff8748f0bf815e4d0f6d","messageTitle":"Added remove feature that deletes task from list","messageBody":"","tags":["Level-6"],"fileTypesAndContributionMap":{"java":{"insertions":25,"deletions":18}}},{"hash":"591a7aea4bbc979cc48602d34d0fa73631da67bc","messageTitle":"Used enums to simplify task states","messageBody":"","tags":["A-Enums"],"fileTypesAndContributionMap":{"java":{"insertions":1,"deletions":1}}}]},{"date":"2021-01-26","commitResults":[{"hash":"a5c85e96460eea9d877d1d766ddd346e1944e80e","messageTitle":"Save tasks to a file in ./data/duke.txt","messageBody":"","fileTypesAndContributionMap":{"java":{"insertions":169,"deletions":88}}},{"hash":"c75cb315c6270c189a38d818ccaf2905d374a701","messageTitle":"Change name of chatbot from Duke to Rawr","messageBody":"","fileTypesAndContributionMap":{"java":{"insertions":2,"deletions":2}}}]},{"date":"2021-01-27","commitResults":[{"hash":"562a3e222a2234a06dfbc50b4d225a95313cf136","messageTitle":"Add load function to load data from hard drive.","messageBody":"","fileTypesAndContributionMap":{"java":{"insertions":97,"deletions":14}}},{"hash":"c1017d1b950a375e919c9a351f58c4b3663d478d","messageTitle":"Add date and time formatting so Duke can understand Date and Time","messageBody":"","fileTypesAndContributionMap":{"java":{"insertions":36,"deletions":5}}},{"hash":"8390c0a741e7798ed0a7bde5b81adfd2c15018f8","messageTitle":"Update to allow saved data to follow date and time format","messageBody":"","tags":["Level-8"],"fileTypesAndContributionMap":{"java":{"insertions":12,"deletions":21}}}]},{"date":"2021-01-28","commitResults":[{"hash":"5c4aede90279be2517b6afde9c6c384c55b2b0c2","messageTitle":"Update code to be follow more OOP structure","messageBody":"","fileTypesAndContributionMap":{"java":{"insertions":243,"deletions":141}}}]},{"date":"2021-01-29","commitResults":[{"hash":"e095871f83dd26fed5f2d7ec374a8d7c13da1760","messageTitle":"Update structure to follow OOP","messageBody":"","tags":["A-MoreOOP"],"fileTypesAndContributionMap":{"java":{"insertions":84,"deletions":74}}},{"hash":"f716b89912abe482f9fa9bbe06139e27c5f983a2","messageTitle":"Package files into each own java packages","messageBody":"","fileTypesAndContributionMap":{"java":{"insertions":44,"deletions":1},"bat":{"insertions":1,"deletions":1},"md":{"insertions":2,"deletions":2}}},{"hash":"92c26ac4e40abb2d7a2dfc233c76dc6bb587aada","messageTitle":"Add unit testing component","messageBody":"","tags":["A-Packages","A-Jar","A-JUnit"],"fileTypesAndContributionMap":{"java":{"insertions":50,"deletions":5}}}]},{"date":"2021-01-30","commitResults":[{"hash":"cd3b9272a0712200e225d049132612214594eacc","messageTitle":"Fix saving function so that data will only be overwritten at end","messageBody":"","fileTypesAndContributionMap":{"java":{"insertions":12,"deletions":9}}},{"hash":"f8db428c2b2f680c65ee9ccd12c6b7a8625bd8b9","messageTitle":"Add ability to find and search for items","messageBody":"","fileTypesAndContributionMap":{"java":{"insertions":35,"deletions":7}}},{"hash":"ddfbf62206e062f721c0f2d6fa89545ef72d870c","messageTitle":"Add javadoc comments to different methods and classes","messageBody":"","fileTypesAndContributionMap":{"java":{"insertions":42,"deletions":10}}}]},{"date":"2021-01-31","commitResults":[{"hash":"159cbbd4d4d5fdc5d2e20cd642b92b351f0c031e","messageTitle":"Update code to fit code style","messageBody":"","fileTypesAndContributionMap":{"java":{"insertions":26,"deletions":25}}},{"hash":"d48f71de9a7ac29c0674c6bfc7d554c93becb88e","messageTitle":"Update javadoc for majority public classes and methods","messageBody":"","fileTypesAndContributionMap":{"java":{"insertions":94,"deletions":4}}},{"hash":"2bf06f80e0c02ebdf238e6d5348b00c028ab6325","messageTitle":"Remove saved duke logo","messageBody":"","fileTypesAndContributionMap":{"java":{"insertions":0,"deletions":5}}}]},{"date":"2021-02-05","commitResults":[{"hash":"bc9ff2ce9f9fa551cba564d9d9b97ce2f726fade","messageTitle":"Update build.gradle","messageBody":"","tags":["A-Gradle"],"fileTypesAndContributionMap":{"gradle":{"insertions":1,"deletions":1}}},{"hash":"a9aacefeba6d95cc608488a16e68211405107bd6","messageTitle":"Clean up code to follow more Coding Standards","messageBody":"","fileTypesAndContributionMap":{"java":{"insertions":36,"deletions":37}}},{"hash":"b02175ceedc3c79ec5b879fa2e5db15422c0f060","messageTitle":"Add GUI features","messageBody":"","fileTypesAndContributionMap":{"gradle":{"insertions":15,"deletions":0},"java":{"insertions":201,"deletions":86}}}]}]},"authorFileTypeContributionMap":{"jrvslam":{"java":900,"md":2,"fxml":39,"sh":0,"bat":1,"gradle":16,"txt":11}},"authorContributionVariance":{"jrvslam":17292.348},"authorDisplayNameMap":{"jrvslam":"CS2103T-W15-4 JARV..IANG"}}
