[{"path":"data/tasks.txt","fileType":"txt","lines":[{"lineNumber":1,"author":{"gitId":"ssoonwee"},"content":"[E][ ] sleep (at: Jan 10 2019 18:00)"},{"lineNumber":2,"author":{"gitId":"ssoonwee"},"content":"[T][ ] sleeper"},{"lineNumber":3,"author":{"gitId":"ssoonwee"},"content":"[D][X] finsih hw (by: Jan 10 2019 14:00)"},{"lineNumber":4,"author":{"gitId":"ssoonwee"},"content":"[T][ ] fly higher"},{"lineNumber":5,"author":{"gitId":"ssoonwee"},"content":"[D][ ] noob (by: Jan 01 2010 12:00)"},{"lineNumber":6,"author":{"gitId":"ssoonwee"},"content":"[T][ ] read book"}],"authorContributionMap":{"ssoonwee":6}},{"path":"src/main/java/Deadline.java","fileType":"java","lines":[{"lineNumber":1,"author":{"gitId":"ssoonwee"},"content":"import java.time.LocalDateTime;"},{"lineNumber":2,"author":{"gitId":"ssoonwee"},"content":"import java.time.format.DateTimeFormatter;"},{"lineNumber":3,"author":{"gitId":"ssoonwee"},"content":""},{"lineNumber":4,"author":{"gitId":"ssoonwee"},"content":"public class Deadline extends Task{"},{"lineNumber":5,"author":{"gitId":"ssoonwee"},"content":""},{"lineNumber":6,"author":{"gitId":"ssoonwee"},"content":"    protected LocalDateTime by;"},{"lineNumber":7,"author":{"gitId":"ssoonwee"},"content":""},{"lineNumber":8,"author":{"gitId":"ssoonwee"},"content":"    public Deadline(String description, LocalDateTime by) {"},{"lineNumber":9,"author":{"gitId":"ssoonwee"},"content":"        super(description);"},{"lineNumber":10,"author":{"gitId":"ssoonwee"},"content":"        this.by \u003d by;"},{"lineNumber":11,"author":{"gitId":"ssoonwee"},"content":"    }"},{"lineNumber":12,"author":{"gitId":"ssoonwee"},"content":""},{"lineNumber":13,"author":{"gitId":"ssoonwee"},"content":"    @Override"},{"lineNumber":14,"author":{"gitId":"ssoonwee"},"content":"    public String toString() {"},{"lineNumber":15,"author":{"gitId":"ssoonwee"},"content":"        return \"[D]\" + super.toString() + \"(by: \""},{"lineNumber":16,"author":{"gitId":"ssoonwee"},"content":"            + by.format(DateTimeFormatter.ofPattern(\"MMM dd yyyy HH:mm\")) + \")\";"},{"lineNumber":17,"author":{"gitId":"ssoonwee"},"content":"    }"},{"lineNumber":18,"author":{"gitId":"ssoonwee"},"content":"}"}],"authorContributionMap":{"ssoonwee":18}},{"path":"src/main/java/Duke.java","fileType":"java","lines":[{"lineNumber":1,"author":{"gitId":"ssoonwee"},"content":"import java.io.IOException;"},{"lineNumber":2,"author":{"gitId":"ssoonwee"},"content":"import java.io.BufferedReader;"},{"lineNumber":3,"author":{"gitId":"ssoonwee"},"content":"import java.io.InputStreamReader;"},{"lineNumber":4,"author":{"gitId":"ssoonwee"},"content":"import java.time.LocalDateTime;"},{"lineNumber":5,"author":{"gitId":"ssoonwee"},"content":"import java.util.ArrayList;"},{"lineNumber":6,"author":{"gitId":"ssoonwee"},"content":"import java.time.format.DateTimeFormatter;"},{"lineNumber":7,"author":{"gitId":"ssoonwee"},"content":""},{"lineNumber":8,"author":{"gitId":"-"},"content":"public class Duke {"},{"lineNumber":9,"author":{"gitId":"ssoonwee"},"content":"    public static final int TODO \u003d 1;"},{"lineNumber":10,"author":{"gitId":"ssoonwee"},"content":"    public static final int DEADLINE \u003d 2;"},{"lineNumber":11,"author":{"gitId":"ssoonwee"},"content":"    public static final int EVENT \u003d 3;"},{"lineNumber":12,"author":{"gitId":"ssoonwee"},"content":"    public static Ui display \u003d new Ui();"},{"lineNumber":13,"author":{"gitId":"ssoonwee"},"content":""},{"lineNumber":14,"author":{"gitId":"ssoonwee"},"content":"    /**"},{"lineNumber":15,"author":{"gitId":"ssoonwee"},"content":"     * Starts the program."},{"lineNumber":16,"author":{"gitId":"ssoonwee"},"content":"     */"},{"lineNumber":17,"author":{"gitId":"ssoonwee"},"content":"    public static void main(String[] args) throws IOException {"},{"lineNumber":18,"author":{"gitId":"ssoonwee"},"content":"        System.out.println(display.printGreeting());"},{"lineNumber":19,"author":{"gitId":"ssoonwee"},"content":"        System.out.println(display.printPrompt());"},{"lineNumber":20,"author":{"gitId":"ssoonwee"},"content":"        selectAction();"},{"lineNumber":21,"author":{"gitId":"ssoonwee"},"content":"        System.out.println(display.printBye());"},{"lineNumber":22,"author":{"gitId":"ssoonwee"},"content":"    }"},{"lineNumber":23,"author":{"gitId":"ssoonwee"},"content":""},{"lineNumber":24,"author":{"gitId":"ssoonwee"},"content":"    public static void selectAction() throws IOException{"},{"lineNumber":25,"author":{"gitId":"ssoonwee"},"content":"        BufferedReader input \u003d new"},{"lineNumber":26,"author":{"gitId":"ssoonwee"},"content":"            BufferedReader(new InputStreamReader(System.in));"},{"lineNumber":27,"author":{"gitId":"ssoonwee"},"content":"        String cmd \u003d input.readLine();"},{"lineNumber":28,"author":{"gitId":"ssoonwee"},"content":"        switch (cmd) {"},{"lineNumber":29,"author":{"gitId":"ssoonwee"},"content":"            case \"1\":"},{"lineNumber":30,"author":{"gitId":"ssoonwee"},"content":"                performFirstTask();"},{"lineNumber":31,"author":{"gitId":"ssoonwee"},"content":"                break;"},{"lineNumber":32,"author":{"gitId":"ssoonwee"},"content":"            case \"2\":"},{"lineNumber":33,"author":{"gitId":"ssoonwee"},"content":"                TaskList temp \u003d performSecondTask();"},{"lineNumber":34,"author":{"gitId":"ssoonwee"},"content":"                break;"},{"lineNumber":35,"author":{"gitId":"ssoonwee"},"content":"            default:"},{"lineNumber":36,"author":{"gitId":"ssoonwee"},"content":"                break;"},{"lineNumber":37,"author":{"gitId":"ssoonwee"},"content":"        }"},{"lineNumber":38,"author":{"gitId":"ssoonwee"},"content":"        input.close();"},{"lineNumber":39,"author":{"gitId":"ssoonwee"},"content":"    }"},{"lineNumber":40,"author":{"gitId":"ssoonwee"},"content":""},{"lineNumber":41,"author":{"gitId":"ssoonwee"},"content":"    /**"},{"lineNumber":42,"author":{"gitId":"ssoonwee"},"content":"     * Performs the first macro task which will echo whatever the user types"},{"lineNumber":43,"author":{"gitId":"ssoonwee"},"content":"     * in and ends when the user types \u0027bye\u0027."},{"lineNumber":44,"author":{"gitId":"ssoonwee"},"content":"     */"},{"lineNumber":45,"author":{"gitId":"ssoonwee"},"content":"    public static void performFirstTask() throws IOException {"},{"lineNumber":46,"author":{"gitId":"ssoonwee"},"content":"        String cmd \u003d new String();"},{"lineNumber":47,"author":{"gitId":"ssoonwee"},"content":"        BufferedReader input \u003d new"},{"lineNumber":48,"author":{"gitId":"ssoonwee"},"content":"            BufferedReader(new InputStreamReader(System.in));"},{"lineNumber":49,"author":{"gitId":"ssoonwee"},"content":"        while (true) {"},{"lineNumber":50,"author":{"gitId":"ssoonwee"},"content":"            cmd \u003d input.readLine();"},{"lineNumber":51,"author":{"gitId":"ssoonwee"},"content":"            System.out.println(display.printLine());"},{"lineNumber":52,"author":{"gitId":"ssoonwee"},"content":"            if (cmd.equals(\"bye\")) {"},{"lineNumber":53,"author":{"gitId":"ssoonwee"},"content":"                break;"},{"lineNumber":54,"author":{"gitId":"ssoonwee"},"content":"            }"},{"lineNumber":55,"author":{"gitId":"ssoonwee"},"content":"            System.out.println(cmd);"},{"lineNumber":56,"author":{"gitId":"ssoonwee"},"content":"            System.out.println(display.printLine());"},{"lineNumber":57,"author":{"gitId":"ssoonwee"},"content":"        }"},{"lineNumber":58,"author":{"gitId":"ssoonwee"},"content":"    }"},{"lineNumber":59,"author":{"gitId":"ssoonwee"},"content":""},{"lineNumber":60,"author":{"gitId":"ssoonwee"},"content":"    /**"},{"lineNumber":61,"author":{"gitId":"ssoonwee"},"content":"     * Performs the second macro task which can add, delete or mark a task as"},{"lineNumber":62,"author":{"gitId":"ssoonwee"},"content":"     * done. Macro will end when user types in \u0027bye\u0027."},{"lineNumber":63,"author":{"gitId":"ssoonwee"},"content":"     *"},{"lineNumber":64,"author":{"gitId":"ssoonwee"},"content":"     * @return      updated Task List."},{"lineNumber":65,"author":{"gitId":"ssoonwee"},"content":"     */"},{"lineNumber":66,"author":{"gitId":"ssoonwee"},"content":"    public static TaskList performSecondTask() throws IOException {"},{"lineNumber":67,"author":{"gitId":"ssoonwee"},"content":"        String cmd \u003d new String();"},{"lineNumber":68,"author":{"gitId":"ssoonwee"},"content":"        Storage storage \u003d new Storage(\"../../../data/tasks.txt\");"},{"lineNumber":69,"author":{"gitId":"ssoonwee"},"content":"        BufferedReader input \u003d new"},{"lineNumber":70,"author":{"gitId":"ssoonwee"},"content":"            BufferedReader(new InputStreamReader(System.in));"},{"lineNumber":71,"author":{"gitId":"ssoonwee"},"content":"        while (true) {"},{"lineNumber":72,"author":{"gitId":"ssoonwee"},"content":"            cmd \u003d input.readLine();"},{"lineNumber":73,"author":{"gitId":"ssoonwee"},"content":"            System.out.println(display.printLine());"},{"lineNumber":74,"author":{"gitId":"ssoonwee"},"content":"            if (cmd.equals(\"list\")) {"},{"lineNumber":75,"author":{"gitId":"ssoonwee"},"content":"                storage.taskList.displayTasks();"},{"lineNumber":76,"author":{"gitId":"ssoonwee"},"content":"            } else if (cmd.equals(\"bye\")) {"},{"lineNumber":77,"author":{"gitId":"ssoonwee"},"content":"                break;"},{"lineNumber":78,"author":{"gitId":"ssoonwee"},"content":"            } else if (cmd.contains(\"done\")) {"},{"lineNumber":79,"author":{"gitId":"ssoonwee"},"content":"                int index \u003d Integer.parseInt(cmd.substring(5));"},{"lineNumber":80,"author":{"gitId":"ssoonwee"},"content":"                storage.taskList.setTaskDone(index);"},{"lineNumber":81,"author":{"gitId":"ssoonwee"},"content":"                storage.writeFile();"},{"lineNumber":82,"author":{"gitId":"ssoonwee"},"content":"            } else if (cmd.contains(\"delete\")) {"},{"lineNumber":83,"author":{"gitId":"ssoonwee"},"content":"                int index \u003d Integer.parseInt(cmd.substring(7));"},{"lineNumber":84,"author":{"gitId":"ssoonwee"},"content":"                storage.taskList.removeTask(index);"},{"lineNumber":85,"author":{"gitId":"ssoonwee"},"content":"                storage.writeFile();"},{"lineNumber":86,"author":{"gitId":"ssoonwee"},"content":"            } else {"},{"lineNumber":87,"author":{"gitId":"ssoonwee"},"content":"                storage.taskList \u003d performChildTask(storage.taskList, cmd);"},{"lineNumber":88,"author":{"gitId":"ssoonwee"},"content":"                storage.writeFile();"},{"lineNumber":89,"author":{"gitId":"ssoonwee"},"content":"            }"},{"lineNumber":90,"author":{"gitId":"ssoonwee"},"content":"            System.out.println(display.printLine());"},{"lineNumber":91,"author":{"gitId":"ssoonwee"},"content":"        }"},{"lineNumber":92,"author":{"gitId":"ssoonwee"},"content":"        input.close();"},{"lineNumber":93,"author":{"gitId":"ssoonwee"},"content":"        return storage.taskList;"},{"lineNumber":94,"author":{"gitId":"-"},"content":"    }"},{"lineNumber":95,"author":{"gitId":"ssoonwee"},"content":""},{"lineNumber":96,"author":{"gitId":"ssoonwee"},"content":""},{"lineNumber":97,"author":{"gitId":"ssoonwee"},"content":"    public static TaskList performChildTask(TaskList taskList, String cmd) {"},{"lineNumber":98,"author":{"gitId":"ssoonwee"},"content":"        Parser checker \u003d new Parser();"},{"lineNumber":99,"author":{"gitId":"ssoonwee"},"content":"        int taskType \u003d checker.checkTaskType(cmd);"},{"lineNumber":100,"author":{"gitId":"ssoonwee"},"content":"        String task \u003d checker.checkFrontInput(cmd, taskType);"},{"lineNumber":101,"author":{"gitId":"ssoonwee"},"content":"        if(!task.isEmpty()) {"},{"lineNumber":102,"author":{"gitId":"ssoonwee"},"content":"            try {"},{"lineNumber":103,"author":{"gitId":"ssoonwee"},"content":"                if (taskType \u003d\u003d -1) {"},{"lineNumber":104,"author":{"gitId":"ssoonwee"},"content":"                    throw new"},{"lineNumber":105,"author":{"gitId":"ssoonwee"},"content":"                        DukeException(\"☹ OOPS!!! I\u0027m sorry, \" +"},{"lineNumber":106,"author":{"gitId":"ssoonwee"},"content":"                        \"but I don\u0027t know what that means :-(\");"},{"lineNumber":107,"author":{"gitId":"ssoonwee"},"content":"                } else {"},{"lineNumber":108,"author":{"gitId":"ssoonwee"},"content":"                    if (taskType \u003d\u003d TODO) {"},{"lineNumber":109,"author":{"gitId":"ssoonwee"},"content":"                        ToDo newToDo \u003d new ToDo(task);"},{"lineNumber":110,"author":{"gitId":"ssoonwee"},"content":"                        performAddTask(taskList, newToDo);"},{"lineNumber":111,"author":{"gitId":"ssoonwee"},"content":"                    } else {"},{"lineNumber":112,"author":{"gitId":"ssoonwee"},"content":"                        LocalDateTime date \u003d checker.dateFormatter(cmd);"},{"lineNumber":113,"author":{"gitId":"ssoonwee"},"content":"                        if (taskType \u003d\u003d DEADLINE) {"},{"lineNumber":114,"author":{"gitId":"ssoonwee"},"content":"                            Deadline newDeadLine \u003d new Deadline(task, date);"},{"lineNumber":115,"author":{"gitId":"ssoonwee"},"content":"                            performAddTask(taskList, newDeadLine);"},{"lineNumber":116,"author":{"gitId":"ssoonwee"},"content":"                        } else {"},{"lineNumber":117,"author":{"gitId":"ssoonwee"},"content":"                            Event newEvent \u003d new Event(task, date);"},{"lineNumber":118,"author":{"gitId":"ssoonwee"},"content":"                            performAddTask(taskList, newEvent);"},{"lineNumber":119,"author":{"gitId":"ssoonwee"},"content":"                        }"},{"lineNumber":120,"author":{"gitId":"ssoonwee"},"content":"                    }"},{"lineNumber":121,"author":{"gitId":"ssoonwee"},"content":"                    System.out.println(display.printTotalTasks(taskList));"},{"lineNumber":122,"author":{"gitId":"ssoonwee"},"content":"                }"},{"lineNumber":123,"author":{"gitId":"ssoonwee"},"content":"            } catch (DukeException de) {"},{"lineNumber":124,"author":{"gitId":"ssoonwee"},"content":"                System.out.println(de.getMessage());"},{"lineNumber":125,"author":{"gitId":"ssoonwee"},"content":"            }"},{"lineNumber":126,"author":{"gitId":"ssoonwee"},"content":"        }"},{"lineNumber":127,"author":{"gitId":"ssoonwee"},"content":"        return taskList;"},{"lineNumber":128,"author":{"gitId":"ssoonwee"},"content":"    }"},{"lineNumber":129,"author":{"gitId":"ssoonwee"},"content":""},{"lineNumber":130,"author":{"gitId":"ssoonwee"},"content":"    public static void performAddTask(TaskList taskList, Task task) {"},{"lineNumber":131,"author":{"gitId":"ssoonwee"},"content":"        taskList.addTask(task);"},{"lineNumber":132,"author":{"gitId":"ssoonwee"},"content":"        System.out.println(\"Got it. I\u0027ve added this task: \");"},{"lineNumber":133,"author":{"gitId":"ssoonwee"},"content":"        System.out.println(task);"},{"lineNumber":134,"author":{"gitId":"-"},"content":"    }"},{"lineNumber":135,"author":{"gitId":"-"},"content":"}"}],"authorContributionMap":{"ssoonwee":131,"-":4}},{"path":"src/main/java/DukeException.java","fileType":"java","lines":[{"lineNumber":1,"author":{"gitId":"ssoonwee"},"content":"public class DukeException extends Exception{"},{"lineNumber":2,"author":{"gitId":"ssoonwee"},"content":""},{"lineNumber":3,"author":{"gitId":"ssoonwee"},"content":"\tpublic DukeException(String message) {"},{"lineNumber":4,"author":{"gitId":"ssoonwee"},"content":"\t\tsuper(message);"},{"lineNumber":5,"author":{"gitId":"ssoonwee"},"content":"\t}"},{"lineNumber":6,"author":{"gitId":"ssoonwee"},"content":"}"}],"authorContributionMap":{"ssoonwee":6}},{"path":"src/main/java/Event.java","fileType":"java","lines":[{"lineNumber":1,"author":{"gitId":"ssoonwee"},"content":"import java.time.LocalDateTime;"},{"lineNumber":2,"author":{"gitId":"ssoonwee"},"content":"import java.time.format.DateTimeFormatter;"},{"lineNumber":3,"author":{"gitId":"ssoonwee"},"content":""},{"lineNumber":4,"author":{"gitId":"ssoonwee"},"content":"public class Event extends Task{"},{"lineNumber":5,"author":{"gitId":"ssoonwee"},"content":""},{"lineNumber":6,"author":{"gitId":"ssoonwee"},"content":"    protected LocalDateTime at;"},{"lineNumber":7,"author":{"gitId":"ssoonwee"},"content":""},{"lineNumber":8,"author":{"gitId":"ssoonwee"},"content":"    public Event(String description, LocalDateTime at) {"},{"lineNumber":9,"author":{"gitId":"ssoonwee"},"content":"        super(description);"},{"lineNumber":10,"author":{"gitId":"ssoonwee"},"content":"        this.at \u003d at;"},{"lineNumber":11,"author":{"gitId":"ssoonwee"},"content":"    }"},{"lineNumber":12,"author":{"gitId":"ssoonwee"},"content":""},{"lineNumber":13,"author":{"gitId":"ssoonwee"},"content":"    @Override"},{"lineNumber":14,"author":{"gitId":"ssoonwee"},"content":"    public String toString() {"},{"lineNumber":15,"author":{"gitId":"ssoonwee"},"content":"        return \"[E]\" + super.toString() + \"(at: \""},{"lineNumber":16,"author":{"gitId":"ssoonwee"},"content":"            + this.at.format(DateTimeFormatter.ofPattern(\"MMM dd yyyy HH:mm\")) + \")\";"},{"lineNumber":17,"author":{"gitId":"ssoonwee"},"content":"    }"},{"lineNumber":18,"author":{"gitId":"ssoonwee"},"content":"}"}],"authorContributionMap":{"ssoonwee":18}},{"path":"src/main/java/Parser.java","fileType":"java","lines":[{"lineNumber":1,"author":{"gitId":"ssoonwee"},"content":"import java.time.DateTimeException;"},{"lineNumber":2,"author":{"gitId":"ssoonwee"},"content":"import java.time.format.DateTimeFormatter;"},{"lineNumber":3,"author":{"gitId":"ssoonwee"},"content":"import java.time.LocalDateTime;"},{"lineNumber":4,"author":{"gitId":"ssoonwee"},"content":""},{"lineNumber":5,"author":{"gitId":"ssoonwee"},"content":"public class Parser {"},{"lineNumber":6,"author":{"gitId":"ssoonwee"},"content":"    public static final int TODO \u003d 1;"},{"lineNumber":7,"author":{"gitId":"ssoonwee"},"content":"    public static final int DEADLINE \u003d 2;"},{"lineNumber":8,"author":{"gitId":"ssoonwee"},"content":"    public static final int EVENT \u003d 3;"},{"lineNumber":9,"author":{"gitId":"ssoonwee"},"content":""},{"lineNumber":10,"author":{"gitId":"ssoonwee"},"content":"    public Parser() {"},{"lineNumber":11,"author":{"gitId":"ssoonwee"},"content":""},{"lineNumber":12,"author":{"gitId":"ssoonwee"},"content":"    }"},{"lineNumber":13,"author":{"gitId":"ssoonwee"},"content":""},{"lineNumber":14,"author":{"gitId":"ssoonwee"},"content":"    public int checkTaskType(String data) {"},{"lineNumber":15,"author":{"gitId":"ssoonwee"},"content":"        if (data.indexOf(\"todo\") \u003d\u003d 0 \u0026\u0026 data.contains(\"todo\")) {"},{"lineNumber":16,"author":{"gitId":"ssoonwee"},"content":"            return TODO;"},{"lineNumber":17,"author":{"gitId":"ssoonwee"},"content":"        } else if (data.indexOf(\"deadline\") \u003d\u003d 0 \u0026\u0026 data.contains(\"deadline\")) {"},{"lineNumber":18,"author":{"gitId":"ssoonwee"},"content":"            return DEADLINE;"},{"lineNumber":19,"author":{"gitId":"ssoonwee"},"content":"        } else if (data.indexOf(\"event\") \u003d\u003d 0 \u0026\u0026 data.contains(\"event\")) {"},{"lineNumber":20,"author":{"gitId":"ssoonwee"},"content":"            return EVENT;"},{"lineNumber":21,"author":{"gitId":"ssoonwee"},"content":"        } else {"},{"lineNumber":22,"author":{"gitId":"ssoonwee"},"content":"            return -1;"},{"lineNumber":23,"author":{"gitId":"ssoonwee"},"content":"        }"},{"lineNumber":24,"author":{"gitId":"ssoonwee"},"content":"    }"},{"lineNumber":25,"author":{"gitId":"ssoonwee"},"content":""},{"lineNumber":26,"author":{"gitId":"ssoonwee"},"content":"    //Checking front command"},{"lineNumber":27,"author":{"gitId":"ssoonwee"},"content":"    public String checkFrontInput(String cmd, int taskID) {"},{"lineNumber":28,"author":{"gitId":"ssoonwee"},"content":"        String task \u003d new String();"},{"lineNumber":29,"author":{"gitId":"ssoonwee"},"content":"        String type \u003d new String();"},{"lineNumber":30,"author":{"gitId":"ssoonwee"},"content":"        try {"},{"lineNumber":31,"author":{"gitId":"ssoonwee"},"content":"            if (taskID \u003d\u003d TODO) {"},{"lineNumber":32,"author":{"gitId":"ssoonwee"},"content":"                type \u003d \"todo\";"},{"lineNumber":33,"author":{"gitId":"ssoonwee"},"content":"                if(cmd.length() \u003e 4) {"},{"lineNumber":34,"author":{"gitId":"ssoonwee"},"content":"                    task \u003d cmd.substring(5);"},{"lineNumber":35,"author":{"gitId":"ssoonwee"},"content":"                }"},{"lineNumber":36,"author":{"gitId":"ssoonwee"},"content":"            } else if (taskID \u003d\u003d DEADLINE) {"},{"lineNumber":37,"author":{"gitId":"ssoonwee"},"content":"                type \u003d \"deadline\";"},{"lineNumber":38,"author":{"gitId":"ssoonwee"},"content":"                int seg \u003d cmd.indexOf(\"/\");"},{"lineNumber":39,"author":{"gitId":"ssoonwee"},"content":"                if(cmd.length() \u003e 8 \u0026\u0026 seg !\u003d -1) {"},{"lineNumber":40,"author":{"gitId":"ssoonwee"},"content":"                    task \u003d cmd.substring(9, seg);"},{"lineNumber":41,"author":{"gitId":"ssoonwee"},"content":"                }"},{"lineNumber":42,"author":{"gitId":"ssoonwee"},"content":"            } else if (taskID \u003d\u003d EVENT) {"},{"lineNumber":43,"author":{"gitId":"ssoonwee"},"content":"                type \u003d \"event\";"},{"lineNumber":44,"author":{"gitId":"ssoonwee"},"content":"                int seg \u003d cmd.indexOf(\"/\");"},{"lineNumber":45,"author":{"gitId":"ssoonwee"},"content":"                if(cmd.length() \u003e 5 \u0026\u0026 seg !\u003d -1) {"},{"lineNumber":46,"author":{"gitId":"ssoonwee"},"content":"                    task \u003d cmd.substring(6, seg);"},{"lineNumber":47,"author":{"gitId":"ssoonwee"},"content":"                }"},{"lineNumber":48,"author":{"gitId":"ssoonwee"},"content":"            }"},{"lineNumber":49,"author":{"gitId":"ssoonwee"},"content":"            if(task.equals(\"\") \u0026\u0026 !type.isEmpty()){"},{"lineNumber":50,"author":{"gitId":"ssoonwee"},"content":"                throw new DukeException(\" ☹ OOPS!!! \" +"},{"lineNumber":51,"author":{"gitId":"ssoonwee"},"content":"                    \"The description of a \" + type + \" cannot be empty.\");"},{"lineNumber":52,"author":{"gitId":"ssoonwee"},"content":"            } else if(task.equals(\"\") \u0026\u0026 type.isEmpty()){"},{"lineNumber":53,"author":{"gitId":"ssoonwee"},"content":"                throw new DukeException(\"Please input the correct command.\");"},{"lineNumber":54,"author":{"gitId":"ssoonwee"},"content":"            }"},{"lineNumber":55,"author":{"gitId":"ssoonwee"},"content":"        } catch (DukeException de) {"},{"lineNumber":56,"author":{"gitId":"ssoonwee"},"content":"            System.out.println(de.getMessage());"},{"lineNumber":57,"author":{"gitId":"ssoonwee"},"content":"        }"},{"lineNumber":58,"author":{"gitId":"ssoonwee"},"content":"        return task;"},{"lineNumber":59,"author":{"gitId":"ssoonwee"},"content":"    }"},{"lineNumber":60,"author":{"gitId":"ssoonwee"},"content":""},{"lineNumber":61,"author":{"gitId":"ssoonwee"},"content":"    public LocalDateTime dateFormatter(String cmd) {"},{"lineNumber":62,"author":{"gitId":"ssoonwee"},"content":"        int nextChar \u003d -1;"},{"lineNumber":63,"author":{"gitId":"ssoonwee"},"content":"        if(cmd.indexOf(\"/by\") !\u003d -1) {"},{"lineNumber":64,"author":{"gitId":"ssoonwee"},"content":"            nextChar \u003d cmd.indexOf(\"/by\");"},{"lineNumber":65,"author":{"gitId":"ssoonwee"},"content":"        } else if(cmd.indexOf(\"/at\") !\u003d -1) {"},{"lineNumber":66,"author":{"gitId":"ssoonwee"},"content":"            nextChar \u003d cmd.indexOf(\"/at\");"},{"lineNumber":67,"author":{"gitId":"ssoonwee"},"content":"        }"},{"lineNumber":68,"author":{"gitId":"ssoonwee"},"content":"        String date \u003d cmd.substring(nextChar + 4);"},{"lineNumber":69,"author":{"gitId":"ssoonwee"},"content":"        DateTimeFormatter formatter \u003d DateTimeFormatter.ofPattern(\"uuuu-MM-dd HH:mm\");"},{"lineNumber":70,"author":{"gitId":"ssoonwee"},"content":"        LocalDateTime formatDate \u003d LocalDateTime.parse(date, formatter);"},{"lineNumber":71,"author":{"gitId":"ssoonwee"},"content":"        return formatDate;"},{"lineNumber":72,"author":{"gitId":"ssoonwee"},"content":"    }"},{"lineNumber":73,"author":{"gitId":"ssoonwee"},"content":"}"}],"authorContributionMap":{"ssoonwee":73}},{"path":"src/main/java/Storage.java","fileType":"java","lines":[{"lineNumber":1,"author":{"gitId":"ssoonwee"},"content":"import java.io.File;"},{"lineNumber":2,"author":{"gitId":"ssoonwee"},"content":"import java.io.FileNotFoundException;"},{"lineNumber":3,"author":{"gitId":"ssoonwee"},"content":"import java.io.FileWriter;"},{"lineNumber":4,"author":{"gitId":"ssoonwee"},"content":"import java.io.IOException;"},{"lineNumber":5,"author":{"gitId":"ssoonwee"},"content":"import java.time.LocalDateTime;"},{"lineNumber":6,"author":{"gitId":"ssoonwee"},"content":"import java.time.format.DateTimeFormatter;"},{"lineNumber":7,"author":{"gitId":"ssoonwee"},"content":"import java.util.ArrayList;"},{"lineNumber":8,"author":{"gitId":"ssoonwee"},"content":"import java.util.Scanner;"},{"lineNumber":9,"author":{"gitId":"ssoonwee"},"content":""},{"lineNumber":10,"author":{"gitId":"ssoonwee"},"content":"public class Storage {"},{"lineNumber":11,"author":{"gitId":"ssoonwee"},"content":"    public String directory;"},{"lineNumber":12,"author":{"gitId":"ssoonwee"},"content":"    public File fileObject;"},{"lineNumber":13,"author":{"gitId":"ssoonwee"},"content":"    public FileWriter fileWriter;"},{"lineNumber":14,"author":{"gitId":"ssoonwee"},"content":"    public TaskList taskList;"},{"lineNumber":15,"author":{"gitId":"ssoonwee"},"content":""},{"lineNumber":16,"author":{"gitId":"ssoonwee"},"content":"    public Storage(String directory) {"},{"lineNumber":17,"author":{"gitId":"ssoonwee"},"content":"        this.taskList \u003d createNew();"},{"lineNumber":18,"author":{"gitId":"ssoonwee"},"content":"        this.directory \u003d directory;"},{"lineNumber":19,"author":{"gitId":"ssoonwee"},"content":"        this.fileObject \u003d createFile(directory);"},{"lineNumber":20,"author":{"gitId":"ssoonwee"},"content":"    }"},{"lineNumber":21,"author":{"gitId":"ssoonwee"},"content":""},{"lineNumber":22,"author":{"gitId":"ssoonwee"},"content":"    public TaskList createNew() {"},{"lineNumber":23,"author":{"gitId":"ssoonwee"},"content":"        return new TaskList();"},{"lineNumber":24,"author":{"gitId":"ssoonwee"},"content":"    }"},{"lineNumber":25,"author":{"gitId":"ssoonwee"},"content":""},{"lineNumber":26,"author":{"gitId":"ssoonwee"},"content":"    public File createFile(String directory) {"},{"lineNumber":27,"author":{"gitId":"ssoonwee"},"content":"        try {"},{"lineNumber":28,"author":{"gitId":"ssoonwee"},"content":"            File fileObject \u003d new File(directory);"},{"lineNumber":29,"author":{"gitId":"ssoonwee"},"content":"            if (fileObject.createNewFile()) {"},{"lineNumber":30,"author":{"gitId":"ssoonwee"},"content":"                System.out.println(\"New file created: \""},{"lineNumber":31,"author":{"gitId":"ssoonwee"},"content":"                    + fileObject.getName());"},{"lineNumber":32,"author":{"gitId":"ssoonwee"},"content":"            } else {"},{"lineNumber":33,"author":{"gitId":"ssoonwee"},"content":"                System.out.println(\"The file exists. Reading file...\");"},{"lineNumber":34,"author":{"gitId":"ssoonwee"},"content":"                readFile();"},{"lineNumber":35,"author":{"gitId":"ssoonwee"},"content":"            }"},{"lineNumber":36,"author":{"gitId":"ssoonwee"},"content":"        } catch (IOException e) {"},{"lineNumber":37,"author":{"gitId":"ssoonwee"},"content":"            System.out.println(\"An error has occurred.\");"},{"lineNumber":38,"author":{"gitId":"ssoonwee"},"content":"            e.printStackTrace();"},{"lineNumber":39,"author":{"gitId":"ssoonwee"},"content":"        }"},{"lineNumber":40,"author":{"gitId":"ssoonwee"},"content":"        return fileObject;"},{"lineNumber":41,"author":{"gitId":"ssoonwee"},"content":"    }"},{"lineNumber":42,"author":{"gitId":"ssoonwee"},"content":""},{"lineNumber":43,"author":{"gitId":"ssoonwee"},"content":"    public void readFile() {"},{"lineNumber":44,"author":{"gitId":"ssoonwee"},"content":"        try {"},{"lineNumber":45,"author":{"gitId":"ssoonwee"},"content":"            File fileObject \u003d new File(\"../../../data/tasks.txt\");"},{"lineNumber":46,"author":{"gitId":"ssoonwee"},"content":"            Scanner reader \u003d new Scanner(fileObject);"},{"lineNumber":47,"author":{"gitId":"ssoonwee"},"content":"            while (reader.hasNextLine()) {"},{"lineNumber":48,"author":{"gitId":"ssoonwee"},"content":"                String data \u003d reader.nextLine();"},{"lineNumber":49,"author":{"gitId":"ssoonwee"},"content":"                processFileData(data);"},{"lineNumber":50,"author":{"gitId":"ssoonwee"},"content":"            }"},{"lineNumber":51,"author":{"gitId":"ssoonwee"},"content":"            System.out.println(\"Reading done.\");"},{"lineNumber":52,"author":{"gitId":"ssoonwee"},"content":"        } catch (FileNotFoundException e) {"},{"lineNumber":53,"author":{"gitId":"ssoonwee"},"content":"            System.out.println(\"File not found.\");"},{"lineNumber":54,"author":{"gitId":"ssoonwee"},"content":"            e.printStackTrace();"},{"lineNumber":55,"author":{"gitId":"ssoonwee"},"content":"        }"},{"lineNumber":56,"author":{"gitId":"ssoonwee"},"content":"    }"},{"lineNumber":57,"author":{"gitId":"ssoonwee"},"content":""},{"lineNumber":58,"author":{"gitId":"ssoonwee"},"content":"    public void processFileData(String data) {"},{"lineNumber":59,"author":{"gitId":"ssoonwee"},"content":"        char taskType \u003d data.charAt(1);"},{"lineNumber":60,"author":{"gitId":"ssoonwee"},"content":"        String task \u003d new String();"},{"lineNumber":61,"author":{"gitId":"ssoonwee"},"content":"        String time \u003d new String();"},{"lineNumber":62,"author":{"gitId":"ssoonwee"},"content":"        int secondSeg \u003d data.indexOf(\"(\");"},{"lineNumber":63,"author":{"gitId":"ssoonwee"},"content":"        int endSeg \u003d data.indexOf(\")\");"},{"lineNumber":64,"author":{"gitId":"ssoonwee"},"content":"        task \u003d data.substring(7);"},{"lineNumber":65,"author":{"gitId":"ssoonwee"},"content":"        if(secondSeg !\u003d -1 \u0026\u0026 endSeg !\u003d -1) {"},{"lineNumber":66,"author":{"gitId":"ssoonwee"},"content":"            task \u003d data.substring(7, secondSeg);"},{"lineNumber":67,"author":{"gitId":"ssoonwee"},"content":"            time \u003d data.substring(secondSeg + 5, endSeg);"},{"lineNumber":68,"author":{"gitId":"ssoonwee"},"content":"        }"},{"lineNumber":69,"author":{"gitId":"ssoonwee"},"content":"        DateTimeFormatter formatter \u003d DateTimeFormatter.ofPattern(\"MMM dd yyyy HH:mm\");"},{"lineNumber":70,"author":{"gitId":"ssoonwee"},"content":"        if (taskType \u003d\u003d \u0027T\u0027) {"},{"lineNumber":71,"author":{"gitId":"ssoonwee"},"content":"            this.taskList.addTask(new ToDo(task));"},{"lineNumber":72,"author":{"gitId":"ssoonwee"},"content":"        } else {"},{"lineNumber":73,"author":{"gitId":"ssoonwee"},"content":"            LocalDateTime formatDate \u003d LocalDateTime.parse(time, formatter);"},{"lineNumber":74,"author":{"gitId":"ssoonwee"},"content":"            if (taskType \u003d\u003d \u0027D\u0027) {"},{"lineNumber":75,"author":{"gitId":"ssoonwee"},"content":"                this.taskList.addTask(new Deadline(task, formatDate));"},{"lineNumber":76,"author":{"gitId":"ssoonwee"},"content":"            } else {"},{"lineNumber":77,"author":{"gitId":"ssoonwee"},"content":"                this.taskList.addTask(new Event(task, formatDate));"},{"lineNumber":78,"author":{"gitId":"ssoonwee"},"content":"            }"},{"lineNumber":79,"author":{"gitId":"ssoonwee"},"content":"        }"},{"lineNumber":80,"author":{"gitId":"ssoonwee"},"content":"        if(data.charAt(4) \u003d\u003d \u0027X\u0027) {"},{"lineNumber":81,"author":{"gitId":"ssoonwee"},"content":"            taskList.getTask(taskList.tasksList.size() - 1).setCompleted();"},{"lineNumber":82,"author":{"gitId":"ssoonwee"},"content":"        }"},{"lineNumber":83,"author":{"gitId":"ssoonwee"},"content":"    }"},{"lineNumber":84,"author":{"gitId":"ssoonwee"},"content":""},{"lineNumber":85,"author":{"gitId":"ssoonwee"},"content":"    public void writeFile() {"},{"lineNumber":86,"author":{"gitId":"ssoonwee"},"content":"        try {"},{"lineNumber":87,"author":{"gitId":"ssoonwee"},"content":"            FileWriter fileWriter \u003d new FileWriter(\"../../../data/tasks.txt\");"},{"lineNumber":88,"author":{"gitId":"ssoonwee"},"content":"            for (int i \u003d 0; i \u003c this.taskList.getSize(); i++) {"},{"lineNumber":89,"author":{"gitId":"ssoonwee"},"content":"                fileWriter.write(this.taskList.getTask(i).toString() + \"\\n\");"},{"lineNumber":90,"author":{"gitId":"ssoonwee"},"content":"            }"},{"lineNumber":91,"author":{"gitId":"ssoonwee"},"content":"            fileWriter.close();"},{"lineNumber":92,"author":{"gitId":"ssoonwee"},"content":"        } catch (IOException e) {"},{"lineNumber":93,"author":{"gitId":"ssoonwee"},"content":"            System.out.println(\"An IOException has occurred.\");"},{"lineNumber":94,"author":{"gitId":"ssoonwee"},"content":"            e.printStackTrace();"},{"lineNumber":95,"author":{"gitId":"ssoonwee"},"content":"        }"},{"lineNumber":96,"author":{"gitId":"ssoonwee"},"content":"    }"},{"lineNumber":97,"author":{"gitId":"ssoonwee"},"content":"}"}],"authorContributionMap":{"ssoonwee":97}},{"path":"src/main/java/Task.java","fileType":"java","lines":[{"lineNumber":1,"author":{"gitId":"ssoonwee"},"content":"public class Task {"},{"lineNumber":2,"author":{"gitId":"ssoonwee"},"content":""},{"lineNumber":3,"author":{"gitId":"ssoonwee"},"content":"    public String taskDesc;"},{"lineNumber":4,"author":{"gitId":"ssoonwee"},"content":"    public boolean isCompleted; //Task 1.3"},{"lineNumber":5,"author":{"gitId":"ssoonwee"},"content":""},{"lineNumber":6,"author":{"gitId":"ssoonwee"},"content":"    public Task(String taskDesc) {"},{"lineNumber":7,"author":{"gitId":"ssoonwee"},"content":"        this.taskDesc \u003d taskDesc;"},{"lineNumber":8,"author":{"gitId":"ssoonwee"},"content":"        this.isCompleted \u003d false;"},{"lineNumber":9,"author":{"gitId":"ssoonwee"},"content":"    }"},{"lineNumber":10,"author":{"gitId":"ssoonwee"},"content":""},{"lineNumber":11,"author":{"gitId":"ssoonwee"},"content":"    public void setCompleted(){"},{"lineNumber":12,"author":{"gitId":"ssoonwee"},"content":"        this.isCompleted \u003d true;"},{"lineNumber":13,"author":{"gitId":"ssoonwee"},"content":"    }"},{"lineNumber":14,"author":{"gitId":"ssoonwee"},"content":""},{"lineNumber":15,"author":{"gitId":"ssoonwee"},"content":"    @Override"},{"lineNumber":16,"author":{"gitId":"ssoonwee"},"content":"    public String toString(){"},{"lineNumber":17,"author":{"gitId":"ssoonwee"},"content":"        String marked \u003d new String();"},{"lineNumber":18,"author":{"gitId":"ssoonwee"},"content":"        if (this.isCompleted) {"},{"lineNumber":19,"author":{"gitId":"ssoonwee"},"content":"            marked \u003d \"X\";"},{"lineNumber":20,"author":{"gitId":"ssoonwee"},"content":"        } else {"},{"lineNumber":21,"author":{"gitId":"ssoonwee"},"content":"            marked \u003d \" \";"},{"lineNumber":22,"author":{"gitId":"ssoonwee"},"content":"        }"},{"lineNumber":23,"author":{"gitId":"ssoonwee"},"content":"        return \"[\" + marked + \"] \" + this.taskDesc;"},{"lineNumber":24,"author":{"gitId":"ssoonwee"},"content":"    }"},{"lineNumber":25,"author":{"gitId":"ssoonwee"},"content":"}"}],"authorContributionMap":{"ssoonwee":25}},{"path":"src/main/java/TaskList.java","fileType":"java","lines":[{"lineNumber":1,"author":{"gitId":"ssoonwee"},"content":"import java.lang.reflect.Array;"},{"lineNumber":2,"author":{"gitId":"ssoonwee"},"content":"import java.time.LocalDateTime;"},{"lineNumber":3,"author":{"gitId":"ssoonwee"},"content":"import java.time.format.DateTimeFormatter;"},{"lineNumber":4,"author":{"gitId":"ssoonwee"},"content":"import java.util.ArrayList;"},{"lineNumber":5,"author":{"gitId":"ssoonwee"},"content":"import java.io.File;"},{"lineNumber":6,"author":{"gitId":"ssoonwee"},"content":"import java.io.FileWriter;"},{"lineNumber":7,"author":{"gitId":"ssoonwee"},"content":"import java.io.IOException;"},{"lineNumber":8,"author":{"gitId":"ssoonwee"},"content":"import java.util.Scanner;"},{"lineNumber":9,"author":{"gitId":"ssoonwee"},"content":"import java.io.FileNotFoundException;"},{"lineNumber":10,"author":{"gitId":"ssoonwee"},"content":""},{"lineNumber":11,"author":{"gitId":"ssoonwee"},"content":"public class TaskList {"},{"lineNumber":12,"author":{"gitId":"ssoonwee"},"content":""},{"lineNumber":13,"author":{"gitId":"ssoonwee"},"content":"    public ArrayList\u003cTask\u003e tasksList;"},{"lineNumber":14,"author":{"gitId":"ssoonwee"},"content":""},{"lineNumber":15,"author":{"gitId":"ssoonwee"},"content":"    public TaskList(){"},{"lineNumber":16,"author":{"gitId":"ssoonwee"},"content":"        this.tasksList \u003d new ArrayList\u003c\u003e();"},{"lineNumber":17,"author":{"gitId":"ssoonwee"},"content":"    }"},{"lineNumber":18,"author":{"gitId":"ssoonwee"},"content":""},{"lineNumber":19,"author":{"gitId":"ssoonwee"},"content":"    public void setTaskDone(int index) {"},{"lineNumber":20,"author":{"gitId":"ssoonwee"},"content":"        this.getTask(index - 1).setCompleted();"},{"lineNumber":21,"author":{"gitId":"ssoonwee"},"content":"        System.out.println(\"Nice! I\u0027ve marked this task as done: \");"},{"lineNumber":22,"author":{"gitId":"ssoonwee"},"content":"        System.out.println(this.getTask(index - 1));"},{"lineNumber":23,"author":{"gitId":"ssoonwee"},"content":"    }"},{"lineNumber":24,"author":{"gitId":"ssoonwee"},"content":""},{"lineNumber":25,"author":{"gitId":"ssoonwee"},"content":"    /**"},{"lineNumber":26,"author":{"gitId":"ssoonwee"},"content":"     * Adds a new task to the Task List."},{"lineNumber":27,"author":{"gitId":"ssoonwee"},"content":"     *"},{"lineNumber":28,"author":{"gitId":"ssoonwee"},"content":"     * @param  newTask  New Task."},{"lineNumber":29,"author":{"gitId":"ssoonwee"},"content":"     */"},{"lineNumber":30,"author":{"gitId":"ssoonwee"},"content":"    public void addTask(Task newTask){"},{"lineNumber":31,"author":{"gitId":"ssoonwee"},"content":"        tasksList.add(newTask);"},{"lineNumber":32,"author":{"gitId":"ssoonwee"},"content":"    }"},{"lineNumber":33,"author":{"gitId":"ssoonwee"},"content":""},{"lineNumber":34,"author":{"gitId":"ssoonwee"},"content":"    /**"},{"lineNumber":35,"author":{"gitId":"ssoonwee"},"content":"     * Gets size of Task List."},{"lineNumber":36,"author":{"gitId":"ssoonwee"},"content":"     *"},{"lineNumber":37,"author":{"gitId":"ssoonwee"},"content":"     * @return      updated Task List."},{"lineNumber":38,"author":{"gitId":"ssoonwee"},"content":"     */"},{"lineNumber":39,"author":{"gitId":"ssoonwee"},"content":"    public int getSize() {"},{"lineNumber":40,"author":{"gitId":"ssoonwee"},"content":"        return this.tasksList.size();"},{"lineNumber":41,"author":{"gitId":"ssoonwee"},"content":"    }"},{"lineNumber":42,"author":{"gitId":"ssoonwee"},"content":""},{"lineNumber":43,"author":{"gitId":"ssoonwee"},"content":"    /**"},{"lineNumber":44,"author":{"gitId":"ssoonwee"},"content":"     * Gets the task at respective index."},{"lineNumber":45,"author":{"gitId":"ssoonwee"},"content":"     *"},{"lineNumber":46,"author":{"gitId":"ssoonwee"},"content":"     * @param  index task index."},{"lineNumber":47,"author":{"gitId":"ssoonwee"},"content":"     * @return       task at that index."},{"lineNumber":48,"author":{"gitId":"ssoonwee"},"content":"     */"},{"lineNumber":49,"author":{"gitId":"ssoonwee"},"content":"    public Task getTask(int index){"},{"lineNumber":50,"author":{"gitId":"ssoonwee"},"content":"        return tasksList.get(index);"},{"lineNumber":51,"author":{"gitId":"ssoonwee"},"content":"    }"},{"lineNumber":52,"author":{"gitId":"ssoonwee"},"content":""},{"lineNumber":53,"author":{"gitId":"ssoonwee"},"content":"    /**"},{"lineNumber":54,"author":{"gitId":"ssoonwee"},"content":"     * Removes task at respective index."},{"lineNumber":55,"author":{"gitId":"ssoonwee"},"content":"     *"},{"lineNumber":56,"author":{"gitId":"ssoonwee"},"content":"     * @param  index task index."},{"lineNumber":57,"author":{"gitId":"ssoonwee"},"content":"     */"},{"lineNumber":58,"author":{"gitId":"ssoonwee"},"content":"    public void removeTask(int index){"},{"lineNumber":59,"author":{"gitId":"ssoonwee"},"content":"        Task temp \u003d this.getTask(index - 1);"},{"lineNumber":60,"author":{"gitId":"ssoonwee"},"content":"        tasksList.remove(index - 1);"},{"lineNumber":61,"author":{"gitId":"ssoonwee"},"content":"        System.out.println(\"Noted. I\u0027ve removed this task: \");"},{"lineNumber":62,"author":{"gitId":"ssoonwee"},"content":"        System.out.println(temp);"},{"lineNumber":63,"author":{"gitId":"ssoonwee"},"content":"        System.out.println(\"Now you have \""},{"lineNumber":64,"author":{"gitId":"ssoonwee"},"content":"            + this.getSize()"},{"lineNumber":65,"author":{"gitId":"ssoonwee"},"content":"            + \" tasks in the list.\");"},{"lineNumber":66,"author":{"gitId":"ssoonwee"},"content":"    }"},{"lineNumber":67,"author":{"gitId":"ssoonwee"},"content":""},{"lineNumber":68,"author":{"gitId":"ssoonwee"},"content":"    /**"},{"lineNumber":69,"author":{"gitId":"ssoonwee"},"content":"     * Displays all tasks."},{"lineNumber":70,"author":{"gitId":"ssoonwee"},"content":"     *"},{"lineNumber":71,"author":{"gitId":"ssoonwee"},"content":"     */"},{"lineNumber":72,"author":{"gitId":"ssoonwee"},"content":"    public void displayTasks(){"},{"lineNumber":73,"author":{"gitId":"ssoonwee"},"content":"        System.out.println(\"Here are the tasks in your list:\");"},{"lineNumber":74,"author":{"gitId":"ssoonwee"},"content":"        for(int i \u003d 0; i \u003c tasksList.size(); i++) {"},{"lineNumber":75,"author":{"gitId":"ssoonwee"},"content":"            System.out.println(String.valueOf(i + 1) + \".\" + tasksList.get(i));"},{"lineNumber":76,"author":{"gitId":"ssoonwee"},"content":"        }"},{"lineNumber":77,"author":{"gitId":"ssoonwee"},"content":"    }"},{"lineNumber":78,"author":{"gitId":"ssoonwee"},"content":"}"}],"authorContributionMap":{"ssoonwee":78}},{"path":"src/main/java/ToDo.java","fileType":"java","lines":[{"lineNumber":1,"author":{"gitId":"ssoonwee"},"content":"public class ToDo extends Task{"},{"lineNumber":2,"author":{"gitId":"ssoonwee"},"content":""},{"lineNumber":3,"author":{"gitId":"ssoonwee"},"content":"    public ToDo(String description) {"},{"lineNumber":4,"author":{"gitId":"ssoonwee"},"content":"        super(description);"},{"lineNumber":5,"author":{"gitId":"ssoonwee"},"content":"    }"},{"lineNumber":6,"author":{"gitId":"ssoonwee"},"content":""},{"lineNumber":7,"author":{"gitId":"ssoonwee"},"content":"    @Override"},{"lineNumber":8,"author":{"gitId":"ssoonwee"},"content":"    public String toString() {"},{"lineNumber":9,"author":{"gitId":"ssoonwee"},"content":"        return \"[T]\" + super.toString();"},{"lineNumber":10,"author":{"gitId":"ssoonwee"},"content":"    }"},{"lineNumber":11,"author":{"gitId":"ssoonwee"},"content":"}"}],"authorContributionMap":{"ssoonwee":11}},{"path":"src/main/java/Ui.java","fileType":"java","lines":[{"lineNumber":1,"author":{"gitId":"ssoonwee"},"content":"public class Ui {"},{"lineNumber":2,"author":{"gitId":"ssoonwee"},"content":"    public String display;"},{"lineNumber":3,"author":{"gitId":"ssoonwee"},"content":""},{"lineNumber":4,"author":{"gitId":"ssoonwee"},"content":"    public Ui () {"},{"lineNumber":5,"author":{"gitId":"ssoonwee"},"content":"        this.display \u003d \"\";"},{"lineNumber":6,"author":{"gitId":"ssoonwee"},"content":"    }"},{"lineNumber":7,"author":{"gitId":"ssoonwee"},"content":""},{"lineNumber":8,"author":{"gitId":"ssoonwee"},"content":"    public Ui (String text) {"},{"lineNumber":9,"author":{"gitId":"ssoonwee"},"content":"        this.display \u003d text;"},{"lineNumber":10,"author":{"gitId":"ssoonwee"},"content":"    }"},{"lineNumber":11,"author":{"gitId":"ssoonwee"},"content":""},{"lineNumber":12,"author":{"gitId":"ssoonwee"},"content":"    public String printLine() {"},{"lineNumber":13,"author":{"gitId":"ssoonwee"},"content":"        return \"---------------------------\";"},{"lineNumber":14,"author":{"gitId":"ssoonwee"},"content":"    }"},{"lineNumber":15,"author":{"gitId":"ssoonwee"},"content":""},{"lineNumber":16,"author":{"gitId":"ssoonwee"},"content":"    public String printGreeting() {"},{"lineNumber":17,"author":{"gitId":"ssoonwee"},"content":"        String text \u003d new String();"},{"lineNumber":18,"author":{"gitId":"ssoonwee"},"content":"        String greet \u003d \"Hello! I\u0027m Duke\\nWhat can I do for you?\\n\";"},{"lineNumber":19,"author":{"gitId":"ssoonwee"},"content":"        text \u003d text + printLine() + \"\\n\" + greet + \"\\n\" + printLine();"},{"lineNumber":20,"author":{"gitId":"ssoonwee"},"content":"        return text;"},{"lineNumber":21,"author":{"gitId":"ssoonwee"},"content":"    }"},{"lineNumber":22,"author":{"gitId":"ssoonwee"},"content":""},{"lineNumber":23,"author":{"gitId":"ssoonwee"},"content":"    public Ui printPrompt() {"},{"lineNumber":24,"author":{"gitId":"ssoonwee"},"content":"        String prompt \u003d \"We have 2 functions in this bot, namely\\n\";"},{"lineNumber":25,"author":{"gitId":"ssoonwee"},"content":"        prompt \u003d prompt + \"1. Echo Bot\\n2. Task List Bot\\n\";"},{"lineNumber":26,"author":{"gitId":"ssoonwee"},"content":"        String instruct \u003d \"Please key in 1 or 2 to select the bot.\\n\";"},{"lineNumber":27,"author":{"gitId":"ssoonwee"},"content":"        return new Ui(prompt + instruct);"},{"lineNumber":28,"author":{"gitId":"ssoonwee"},"content":"    }"},{"lineNumber":29,"author":{"gitId":"ssoonwee"},"content":""},{"lineNumber":30,"author":{"gitId":"ssoonwee"},"content":""},{"lineNumber":31,"author":{"gitId":"ssoonwee"},"content":"    public Ui printBye() {"},{"lineNumber":32,"author":{"gitId":"ssoonwee"},"content":"        String text \u003d \"Bye. Hope to see you again soon!\\n\";"},{"lineNumber":33,"author":{"gitId":"ssoonwee"},"content":"        text \u003d text + printLine();"},{"lineNumber":34,"author":{"gitId":"ssoonwee"},"content":"        return new Ui(text);"},{"lineNumber":35,"author":{"gitId":"ssoonwee"},"content":"    }"},{"lineNumber":36,"author":{"gitId":"ssoonwee"},"content":""},{"lineNumber":37,"author":{"gitId":"ssoonwee"},"content":"    public Ui printTotalTasks(TaskList tasklist) {"},{"lineNumber":38,"author":{"gitId":"ssoonwee"},"content":"        return new Ui(\"Now you have \""},{"lineNumber":39,"author":{"gitId":"ssoonwee"},"content":"            + tasklist.getSize()"},{"lineNumber":40,"author":{"gitId":"ssoonwee"},"content":"            + \" tasks in the list.\");"},{"lineNumber":41,"author":{"gitId":"ssoonwee"},"content":"    }"},{"lineNumber":42,"author":{"gitId":"ssoonwee"},"content":""},{"lineNumber":43,"author":{"gitId":"ssoonwee"},"content":"    @Override"},{"lineNumber":44,"author":{"gitId":"ssoonwee"},"content":"    public String toString() {"},{"lineNumber":45,"author":{"gitId":"ssoonwee"},"content":"        return this.display;"},{"lineNumber":46,"author":{"gitId":"ssoonwee"},"content":"    }"},{"lineNumber":47,"author":{"gitId":"ssoonwee"},"content":"}"}],"authorContributionMap":{"ssoonwee":47}},{"path":"text-ui-test/input.sh","fileType":"sh","lines":[{"lineNumber":1,"author":{"gitId":"ssoonwee"},"content":"todo read book"},{"lineNumber":2,"author":{"gitId":"ssoonwee"},"content":"deadline return book /by June 6th"},{"lineNumber":3,"author":{"gitId":"ssoonwee"},"content":"event project meeting /at Aug 6th 2-4pm"},{"lineNumber":4,"author":{"gitId":"ssoonwee"},"content":"todo join sports club"},{"lineNumber":5,"author":{"gitId":"ssoonwee"},"content":"done 1"},{"lineNumber":6,"author":{"gitId":"ssoonwee"},"content":"done 4"},{"lineNumber":7,"author":{"gitId":"ssoonwee"},"content":"todo borrow book"},{"lineNumber":8,"author":{"gitId":"ssoonwee"},"content":"list"},{"lineNumber":9,"author":{"gitId":"ssoonwee"},"content":"deadline return book /by Sunday"},{"lineNumber":10,"author":{"gitId":"ssoonwee"},"content":"event project meeting /at Mon 2-4pm"},{"lineNumber":11,"author":{"gitId":"ssoonwee"},"content":"bye"}],"authorContributionMap":{"ssoonwee":11}},{"path":"text-ui-test/input.txt","fileType":"txt","lines":[{"lineNumber":1,"author":{"gitId":"ssoonwee"},"content":"todo read book"},{"lineNumber":2,"author":{"gitId":"ssoonwee"},"content":"deadline return book /by June 6th"},{"lineNumber":3,"author":{"gitId":"ssoonwee"},"content":"event project meeting /at Aug 6th 2-4pm"},{"lineNumber":4,"author":{"gitId":"ssoonwee"},"content":"todo join sports club"},{"lineNumber":5,"author":{"gitId":"ssoonwee"},"content":"done 1"},{"lineNumber":6,"author":{"gitId":"ssoonwee"},"content":"done 4"},{"lineNumber":7,"author":{"gitId":"ssoonwee"},"content":"todo borrow book"},{"lineNumber":8,"author":{"gitId":"ssoonwee"},"content":"list"},{"lineNumber":9,"author":{"gitId":"ssoonwee"},"content":"deadline return book /by Sunday"},{"lineNumber":10,"author":{"gitId":"ssoonwee"},"content":"event project meeting /at Mon 2-4pm"},{"lineNumber":11,"author":{"gitId":"ssoonwee"},"content":"bye"}],"authorContributionMap":{"ssoonwee":11}},{"path":"text-ui-test/level1_actual.txt","fileType":"txt","lines":[{"lineNumber":1,"author":{"gitId":"ssoonwee"},"content":"---------------------------"},{"lineNumber":2,"author":{"gitId":"ssoonwee"},"content":"Hello! I\u0027m Duke"},{"lineNumber":3,"author":{"gitId":"ssoonwee"},"content":"What can I do for you?"},{"lineNumber":4,"author":{"gitId":"ssoonwee"},"content":"---------------------------"},{"lineNumber":5,"author":{"gitId":"ssoonwee"},"content":"---------------------------"},{"lineNumber":6,"author":{"gitId":"ssoonwee"},"content":"list"},{"lineNumber":7,"author":{"gitId":"ssoonwee"},"content":"---------------------------"},{"lineNumber":8,"author":{"gitId":"ssoonwee"},"content":"---------------------------"},{"lineNumber":9,"author":{"gitId":"ssoonwee"},"content":"blah"},{"lineNumber":10,"author":{"gitId":"ssoonwee"},"content":"---------------------------"},{"lineNumber":11,"author":{"gitId":"ssoonwee"},"content":"---------------------------"},{"lineNumber":12,"author":{"gitId":"ssoonwee"},"content":"Bye. Hope to see you again soon!"},{"lineNumber":13,"author":{"gitId":"ssoonwee"},"content":"---------------------------"}],"authorContributionMap":{"ssoonwee":13}},{"path":"text-ui-test/level1_expected.txt","fileType":"txt","lines":[{"lineNumber":1,"author":{"gitId":"ssoonwee"},"content":"---------------------------"},{"lineNumber":2,"author":{"gitId":"ssoonwee"},"content":"Hello! I\u0027m Duke"},{"lineNumber":3,"author":{"gitId":"ssoonwee"},"content":"What can I do for you?"},{"lineNumber":4,"author":{"gitId":"ssoonwee"},"content":"---------------------------"},{"lineNumber":5,"author":{"gitId":"ssoonwee"},"content":"---------------------------"},{"lineNumber":6,"author":{"gitId":"ssoonwee"},"content":"list"},{"lineNumber":7,"author":{"gitId":"ssoonwee"},"content":"---------------------------"},{"lineNumber":8,"author":{"gitId":"ssoonwee"},"content":"---------------------------"},{"lineNumber":9,"author":{"gitId":"ssoonwee"},"content":"blah"},{"lineNumber":10,"author":{"gitId":"ssoonwee"},"content":"---------------------------"},{"lineNumber":11,"author":{"gitId":"ssoonwee"},"content":"---------------------------"},{"lineNumber":12,"author":{"gitId":"ssoonwee"},"content":"Bye. Hope to see you again soon!"},{"lineNumber":13,"author":{"gitId":"ssoonwee"},"content":"---------------------------"}],"authorContributionMap":{"ssoonwee":13}},{"path":"text-ui-test/level1_input.txt","fileType":"txt","lines":[{"lineNumber":1,"author":{"gitId":"ssoonwee"},"content":"list"},{"lineNumber":2,"author":{"gitId":"ssoonwee"},"content":"blah"},{"lineNumber":3,"author":{"gitId":"ssoonwee"},"content":"bye"}],"authorContributionMap":{"ssoonwee":3}},{"path":"text-ui-test/level1_runtest.sh","fileType":"sh","lines":[{"lineNumber":1,"author":{"gitId":"ssoonwee"},"content":"if [ ! -d \"../bin\" ]"},{"lineNumber":2,"author":{"gitId":"ssoonwee"},"content":"then"},{"lineNumber":3,"author":{"gitId":"ssoonwee"},"content":"        mkdir ../bin"},{"lineNumber":4,"author":{"gitId":"ssoonwee"},"content":"    fi"},{"lineNumber":5,"author":{"gitId":"ssoonwee"},"content":""},{"lineNumber":6,"author":{"gitId":"ssoonwee"},"content":"    # delete output from previous run"},{"lineNumber":7,"author":{"gitId":"ssoonwee"},"content":"    if [ -e \"level1_actual.txt\" ]"},{"lineNumber":8,"author":{"gitId":"ssoonwee"},"content":"    then"},{"lineNumber":9,"author":{"gitId":"ssoonwee"},"content":"            rm level1_actual.txt"},{"lineNumber":10,"author":{"gitId":"ssoonwee"},"content":"        fi"},{"lineNumber":11,"author":{"gitId":"ssoonwee"},"content":""},{"lineNumber":12,"author":{"gitId":"ssoonwee"},"content":"        # compile the code into the bin folder, terminates if error occurred"},{"lineNumber":13,"author":{"gitId":"ssoonwee"},"content":"        if ! javac -cp ../src/main/java -Xlint:none -d ../bin ../src/main/java/*.java"},{"lineNumber":14,"author":{"gitId":"ssoonwee"},"content":"        then"},{"lineNumber":15,"author":{"gitId":"ssoonwee"},"content":"                echo \"********** BUILD FAILURE **********\""},{"lineNumber":16,"author":{"gitId":"ssoonwee"},"content":"                    exit 1"},{"lineNumber":17,"author":{"gitId":"ssoonwee"},"content":"                fi"},{"lineNumber":18,"author":{"gitId":"ssoonwee"},"content":""},{"lineNumber":19,"author":{"gitId":"ssoonwee"},"content":"                # run the program, feed commands from input.txt file and redirect the output to the ACTUAL.TXT"},{"lineNumber":20,"author":{"gitId":"ssoonwee"},"content":"                java -classpath ../bin Duke \u003c level1_input.txt \u003e level1_actual.txt"},{"lineNumber":21,"author":{"gitId":"ssoonwee"},"content":""},{"lineNumber":22,"author":{"gitId":"ssoonwee"},"content":"                # compare the output to the expected output"},{"lineNumber":23,"author":{"gitId":"ssoonwee"},"content":"                diff level1_actual.txt level1_expected.txt"},{"lineNumber":24,"author":{"gitId":"ssoonwee"},"content":"                if [ $? -eq 0 ]"},{"lineNumber":25,"author":{"gitId":"ssoonwee"},"content":"                then"},{"lineNumber":26,"author":{"gitId":"ssoonwee"},"content":"                        echo \"Test result: PASSED\""},{"lineNumber":27,"author":{"gitId":"ssoonwee"},"content":"                            exit 0"},{"lineNumber":28,"author":{"gitId":"ssoonwee"},"content":"                        else"},{"lineNumber":29,"author":{"gitId":"ssoonwee"},"content":"                                echo \"Test result: FAILED\""},{"lineNumber":30,"author":{"gitId":"ssoonwee"},"content":"                                    exit 1"},{"lineNumber":31,"author":{"gitId":"ssoonwee"},"content":"                                fi"}],"authorContributionMap":{"ssoonwee":31}},{"path":"text-ui-test/level6_actual.txt","fileType":"txt","lines":[{"lineNumber":1,"author":{"gitId":"ssoonwee"},"content":"---------------------------"},{"lineNumber":2,"author":{"gitId":"ssoonwee"},"content":"Hello! I\u0027m Duke"},{"lineNumber":3,"author":{"gitId":"ssoonwee"},"content":"What can I do for you?"},{"lineNumber":4,"author":{"gitId":"ssoonwee"},"content":"---------------------------"},{"lineNumber":5,"author":{"gitId":"ssoonwee"},"content":"---------------------------"},{"lineNumber":6,"author":{"gitId":"ssoonwee"},"content":"Got it. I\u0027ve added this task: "},{"lineNumber":7,"author":{"gitId":"ssoonwee"},"content":"[T][ ] read book"},{"lineNumber":8,"author":{"gitId":"ssoonwee"},"content":"Now you have 1 tasks in the list."},{"lineNumber":9,"author":{"gitId":"ssoonwee"},"content":"---------------------------"},{"lineNumber":10,"author":{"gitId":"ssoonwee"},"content":"---------------------------"},{"lineNumber":11,"author":{"gitId":"ssoonwee"},"content":"Got it. I\u0027ve added this task: "},{"lineNumber":12,"author":{"gitId":"ssoonwee"},"content":"[D][ ] return book (by: June 6th)"},{"lineNumber":13,"author":{"gitId":"ssoonwee"},"content":"Now you have 2 tasks in the list."},{"lineNumber":14,"author":{"gitId":"ssoonwee"},"content":"---------------------------"},{"lineNumber":15,"author":{"gitId":"ssoonwee"},"content":"---------------------------"},{"lineNumber":16,"author":{"gitId":"ssoonwee"},"content":"Got it. I\u0027ve added this task: "},{"lineNumber":17,"author":{"gitId":"ssoonwee"},"content":"[E][ ] project meeting (at: Aug 6th 2-4pm)"},{"lineNumber":18,"author":{"gitId":"ssoonwee"},"content":"Now you have 3 tasks in the list."},{"lineNumber":19,"author":{"gitId":"ssoonwee"},"content":"---------------------------"},{"lineNumber":20,"author":{"gitId":"ssoonwee"},"content":"---------------------------"},{"lineNumber":21,"author":{"gitId":"ssoonwee"},"content":"Got it. I\u0027ve added this task: "},{"lineNumber":22,"author":{"gitId":"ssoonwee"},"content":"[T][ ] join sports club"},{"lineNumber":23,"author":{"gitId":"ssoonwee"},"content":"Now you have 4 tasks in the list."},{"lineNumber":24,"author":{"gitId":"ssoonwee"},"content":"---------------------------"},{"lineNumber":25,"author":{"gitId":"ssoonwee"},"content":"---------------------------"},{"lineNumber":26,"author":{"gitId":"ssoonwee"},"content":"Got it. I\u0027ve added this task: "},{"lineNumber":27,"author":{"gitId":"ssoonwee"},"content":"[T][ ] borrow book"},{"lineNumber":28,"author":{"gitId":"ssoonwee"},"content":"Now you have 5 tasks in the list."},{"lineNumber":29,"author":{"gitId":"ssoonwee"},"content":"---------------------------"},{"lineNumber":30,"author":{"gitId":"ssoonwee"},"content":"---------------------------"},{"lineNumber":31,"author":{"gitId":"ssoonwee"},"content":"Nice! I\u0027ve marked this task as done: "},{"lineNumber":32,"author":{"gitId":"ssoonwee"},"content":"[T][X] read book"},{"lineNumber":33,"author":{"gitId":"ssoonwee"},"content":"---------------------------"},{"lineNumber":34,"author":{"gitId":"ssoonwee"},"content":"---------------------------"},{"lineNumber":35,"author":{"gitId":"ssoonwee"},"content":"Nice! I\u0027ve marked this task as done: "},{"lineNumber":36,"author":{"gitId":"ssoonwee"},"content":"[D][X] return book (by: June 6th)"},{"lineNumber":37,"author":{"gitId":"ssoonwee"},"content":"---------------------------"},{"lineNumber":38,"author":{"gitId":"ssoonwee"},"content":"---------------------------"},{"lineNumber":39,"author":{"gitId":"ssoonwee"},"content":"Nice! I\u0027ve marked this task as done: "},{"lineNumber":40,"author":{"gitId":"ssoonwee"},"content":"[T][X] join sports club"},{"lineNumber":41,"author":{"gitId":"ssoonwee"},"content":"---------------------------"},{"lineNumber":42,"author":{"gitId":"ssoonwee"},"content":"---------------------------"},{"lineNumber":43,"author":{"gitId":"ssoonwee"},"content":"Here are the tasks in your list:"},{"lineNumber":44,"author":{"gitId":"ssoonwee"},"content":"1.[T][X] read book"},{"lineNumber":45,"author":{"gitId":"ssoonwee"},"content":"2.[D][X] return book (by: June 6th)"},{"lineNumber":46,"author":{"gitId":"ssoonwee"},"content":"3.[E][ ] project meeting (at: Aug 6th 2-4pm)"},{"lineNumber":47,"author":{"gitId":"ssoonwee"},"content":"4.[T][X] join sports club"},{"lineNumber":48,"author":{"gitId":"ssoonwee"},"content":"5.[T][ ] borrow book"},{"lineNumber":49,"author":{"gitId":"ssoonwee"},"content":"---------------------------"},{"lineNumber":50,"author":{"gitId":"ssoonwee"},"content":"---------------------------"},{"lineNumber":51,"author":{"gitId":"ssoonwee"},"content":"Noted. I\u0027ve removed this task: "},{"lineNumber":52,"author":{"gitId":"ssoonwee"},"content":"[E][ ] project meeting (at: Aug 6th 2-4pm)"},{"lineNumber":53,"author":{"gitId":"ssoonwee"},"content":"Now you have 4 tasks in the list."},{"lineNumber":54,"author":{"gitId":"ssoonwee"},"content":"---------------------------"},{"lineNumber":55,"author":{"gitId":"ssoonwee"},"content":"---------------------------"},{"lineNumber":56,"author":{"gitId":"ssoonwee"},"content":"Here are the tasks in your list:"},{"lineNumber":57,"author":{"gitId":"ssoonwee"},"content":"1.[T][X] read book"},{"lineNumber":58,"author":{"gitId":"ssoonwee"},"content":"2.[E][ ] project meeting (at: Aug 6th 2-4pm)"},{"lineNumber":59,"author":{"gitId":"ssoonwee"},"content":"3.[T][X] join sports club"},{"lineNumber":60,"author":{"gitId":"ssoonwee"},"content":"4.[T][ ] borrow book"},{"lineNumber":61,"author":{"gitId":"ssoonwee"},"content":"---------------------------"},{"lineNumber":62,"author":{"gitId":"ssoonwee"},"content":"---------------------------"},{"lineNumber":63,"author":{"gitId":"ssoonwee"},"content":"Bye. Hope to see you again soon!"},{"lineNumber":64,"author":{"gitId":"ssoonwee"},"content":"---------------------------"}],"authorContributionMap":{"ssoonwee":64}},{"path":"text-ui-test/level6_expected.txt","fileType":"txt","lines":[{"lineNumber":1,"author":{"gitId":"ssoonwee"},"content":"---------------------------"},{"lineNumber":2,"author":{"gitId":"ssoonwee"},"content":"Hello! I\u0027m Duke"},{"lineNumber":3,"author":{"gitId":"ssoonwee"},"content":"What can I do for you?"},{"lineNumber":4,"author":{"gitId":"ssoonwee"},"content":"---------------------------"},{"lineNumber":5,"author":{"gitId":"ssoonwee"},"content":"---------------------------"},{"lineNumber":6,"author":{"gitId":"ssoonwee"},"content":"Got it. I\u0027ve added this task: "},{"lineNumber":7,"author":{"gitId":"ssoonwee"},"content":"[T][ ] read book"},{"lineNumber":8,"author":{"gitId":"ssoonwee"},"content":"Now you have 1 tasks in the list."},{"lineNumber":9,"author":{"gitId":"ssoonwee"},"content":"---------------------------"},{"lineNumber":10,"author":{"gitId":"ssoonwee"},"content":"---------------------------"},{"lineNumber":11,"author":{"gitId":"ssoonwee"},"content":"Got it. I\u0027ve added this task: "},{"lineNumber":12,"author":{"gitId":"ssoonwee"},"content":"[D][ ] return book (by: June 6th)"},{"lineNumber":13,"author":{"gitId":"ssoonwee"},"content":"Now you have 2 tasks in the list."},{"lineNumber":14,"author":{"gitId":"ssoonwee"},"content":"---------------------------"},{"lineNumber":15,"author":{"gitId":"ssoonwee"},"content":"---------------------------"},{"lineNumber":16,"author":{"gitId":"ssoonwee"},"content":"Got it. I\u0027ve added this task: "},{"lineNumber":17,"author":{"gitId":"ssoonwee"},"content":"[E][ ] project meeting (at: Aug 6th 2-4pm)"},{"lineNumber":18,"author":{"gitId":"ssoonwee"},"content":"Now you have 3 tasks in the list."},{"lineNumber":19,"author":{"gitId":"ssoonwee"},"content":"---------------------------"},{"lineNumber":20,"author":{"gitId":"ssoonwee"},"content":"---------------------------"},{"lineNumber":21,"author":{"gitId":"ssoonwee"},"content":"Got it. I\u0027ve added this task: "},{"lineNumber":22,"author":{"gitId":"ssoonwee"},"content":"[T][ ] join sports club"},{"lineNumber":23,"author":{"gitId":"ssoonwee"},"content":"Now you have 4 tasks in the list."},{"lineNumber":24,"author":{"gitId":"ssoonwee"},"content":"---------------------------"},{"lineNumber":25,"author":{"gitId":"ssoonwee"},"content":"---------------------------"},{"lineNumber":26,"author":{"gitId":"ssoonwee"},"content":"Got it. I\u0027ve added this task: "},{"lineNumber":27,"author":{"gitId":"ssoonwee"},"content":"[T][ ] borrow book"},{"lineNumber":28,"author":{"gitId":"ssoonwee"},"content":"Now you have 5 tasks in the list."},{"lineNumber":29,"author":{"gitId":"ssoonwee"},"content":"---------------------------"},{"lineNumber":30,"author":{"gitId":"ssoonwee"},"content":"---------------------------"},{"lineNumber":31,"author":{"gitId":"ssoonwee"},"content":"Nice! I\u0027ve marked this task as done: "},{"lineNumber":32,"author":{"gitId":"ssoonwee"},"content":"[T][X] read book"},{"lineNumber":33,"author":{"gitId":"ssoonwee"},"content":"---------------------------"},{"lineNumber":34,"author":{"gitId":"ssoonwee"},"content":"---------------------------"},{"lineNumber":35,"author":{"gitId":"ssoonwee"},"content":"Nice! I\u0027ve marked this task as done: "},{"lineNumber":36,"author":{"gitId":"ssoonwee"},"content":"[D][X] return book (by: June 6th)"},{"lineNumber":37,"author":{"gitId":"ssoonwee"},"content":"---------------------------"},{"lineNumber":38,"author":{"gitId":"ssoonwee"},"content":"---------------------------"},{"lineNumber":39,"author":{"gitId":"ssoonwee"},"content":"Nice! I\u0027ve marked this task as done: "},{"lineNumber":40,"author":{"gitId":"ssoonwee"},"content":"[T][X] join sports club"},{"lineNumber":41,"author":{"gitId":"ssoonwee"},"content":"---------------------------"},{"lineNumber":42,"author":{"gitId":"ssoonwee"},"content":"---------------------------"},{"lineNumber":43,"author":{"gitId":"ssoonwee"},"content":"Here are the tasks in your list:"},{"lineNumber":44,"author":{"gitId":"ssoonwee"},"content":"1.[T][X] read book"},{"lineNumber":45,"author":{"gitId":"ssoonwee"},"content":"2.[D][X] return book (by: June 6th)"},{"lineNumber":46,"author":{"gitId":"ssoonwee"},"content":"3.[E][ ] project meeting (at: Aug 6th 2-4pm)"},{"lineNumber":47,"author":{"gitId":"ssoonwee"},"content":"4.[T][X] join sports club"},{"lineNumber":48,"author":{"gitId":"ssoonwee"},"content":"5.[T][ ] borrow book"},{"lineNumber":49,"author":{"gitId":"ssoonwee"},"content":"---------------------------"},{"lineNumber":50,"author":{"gitId":"ssoonwee"},"content":"---------------------------"},{"lineNumber":51,"author":{"gitId":"ssoonwee"},"content":"Noted. I\u0027ve removed this task: "},{"lineNumber":52,"author":{"gitId":"ssoonwee"},"content":"[E][ ] project meeting (at: Aug 6th 2-4pm)"},{"lineNumber":53,"author":{"gitId":"ssoonwee"},"content":"Now you have 4 tasks in the list."},{"lineNumber":54,"author":{"gitId":"ssoonwee"},"content":"---------------------------"},{"lineNumber":55,"author":{"gitId":"ssoonwee"},"content":"---------------------------"},{"lineNumber":56,"author":{"gitId":"ssoonwee"},"content":"Here are the tasks in your list:"},{"lineNumber":57,"author":{"gitId":"ssoonwee"},"content":"1.[T][X] read book"},{"lineNumber":58,"author":{"gitId":"ssoonwee"},"content":"2.[E][ ] project meeting (at: Aug 6th 2-4pm)"},{"lineNumber":59,"author":{"gitId":"ssoonwee"},"content":"3.[T][X] join sports club"},{"lineNumber":60,"author":{"gitId":"ssoonwee"},"content":"4.[T][ ] borrow book"},{"lineNumber":61,"author":{"gitId":"ssoonwee"},"content":"---------------------------"},{"lineNumber":62,"author":{"gitId":"ssoonwee"},"content":"---------------------------"},{"lineNumber":63,"author":{"gitId":"ssoonwee"},"content":"Bye. Hope to see you again soon!"},{"lineNumber":64,"author":{"gitId":"ssoonwee"},"content":"---------------------------"}],"authorContributionMap":{"ssoonwee":64}},{"path":"text-ui-test/level6_input.txt","fileType":"txt","lines":[{"lineNumber":1,"author":{"gitId":"ssoonwee"},"content":"todo read book"},{"lineNumber":2,"author":{"gitId":"ssoonwee"},"content":"deadline return book /by June 6th"},{"lineNumber":3,"author":{"gitId":"ssoonwee"},"content":"event project meeting /at Aug 6th 2-4pm"},{"lineNumber":4,"author":{"gitId":"ssoonwee"},"content":"todo join sports club"},{"lineNumber":5,"author":{"gitId":"ssoonwee"},"content":"todo borrow book"},{"lineNumber":6,"author":{"gitId":"ssoonwee"},"content":"done 1"},{"lineNumber":7,"author":{"gitId":"ssoonwee"},"content":"done 2"},{"lineNumber":8,"author":{"gitId":"ssoonwee"},"content":"done 4"},{"lineNumber":9,"author":{"gitId":"ssoonwee"},"content":"list"},{"lineNumber":10,"author":{"gitId":"ssoonwee"},"content":"delete 3"},{"lineNumber":11,"author":{"gitId":"ssoonwee"},"content":"list"},{"lineNumber":12,"author":{"gitId":"ssoonwee"},"content":"bye"}],"authorContributionMap":{"ssoonwee":12}},{"path":"text-ui-test/level6_runtest.sh","fileType":"sh","lines":[{"lineNumber":1,"author":{"gitId":"ssoonwee"},"content":"if [ ! -d \"../bin\" ]"},{"lineNumber":2,"author":{"gitId":"ssoonwee"},"content":"then"},{"lineNumber":3,"author":{"gitId":"ssoonwee"},"content":"        mkdir ../bin"},{"lineNumber":4,"author":{"gitId":"ssoonwee"},"content":"    fi"},{"lineNumber":5,"author":{"gitId":"ssoonwee"},"content":""},{"lineNumber":6,"author":{"gitId":"ssoonwee"},"content":"    # delete output from previous run"},{"lineNumber":7,"author":{"gitId":"ssoonwee"},"content":"    if [ -e \"level6_actual.txt\" ]"},{"lineNumber":8,"author":{"gitId":"ssoonwee"},"content":"    then"},{"lineNumber":9,"author":{"gitId":"ssoonwee"},"content":"            rm level6_actual.txt"},{"lineNumber":10,"author":{"gitId":"ssoonwee"},"content":"        fi"},{"lineNumber":11,"author":{"gitId":"ssoonwee"},"content":""},{"lineNumber":12,"author":{"gitId":"ssoonwee"},"content":"        # compile the code into the bin folder, terminates if error occurred"},{"lineNumber":13,"author":{"gitId":"ssoonwee"},"content":"        if ! javac -cp ../src/main/java -Xlint:none -d ../bin ../src/main/java/*.java"},{"lineNumber":14,"author":{"gitId":"ssoonwee"},"content":"        then"},{"lineNumber":15,"author":{"gitId":"ssoonwee"},"content":"                echo \"********** BUILD FAILURE **********\""},{"lineNumber":16,"author":{"gitId":"ssoonwee"},"content":"                    exit 1"},{"lineNumber":17,"author":{"gitId":"ssoonwee"},"content":"                fi"},{"lineNumber":18,"author":{"gitId":"ssoonwee"},"content":""},{"lineNumber":19,"author":{"gitId":"ssoonwee"},"content":"                # run the program, feed commands from input.txt file and redirect the output to the ACTUAL.TXT"},{"lineNumber":20,"author":{"gitId":"ssoonwee"},"content":"                java -classpath ../bin Duke \u003c level6_input.txt \u003e level6_actual.txt"},{"lineNumber":21,"author":{"gitId":"ssoonwee"},"content":""},{"lineNumber":22,"author":{"gitId":"ssoonwee"},"content":"                # compare the output to the expected output"},{"lineNumber":23,"author":{"gitId":"ssoonwee"},"content":"                diff level6_actual.txt level6_expected.txt"},{"lineNumber":24,"author":{"gitId":"ssoonwee"},"content":"                if [ $? -eq 0 ]"},{"lineNumber":25,"author":{"gitId":"ssoonwee"},"content":"                then"},{"lineNumber":26,"author":{"gitId":"ssoonwee"},"content":"                        echo \"Test result: PASSED\""},{"lineNumber":27,"author":{"gitId":"ssoonwee"},"content":"                            exit 0"},{"lineNumber":28,"author":{"gitId":"ssoonwee"},"content":"                        else"},{"lineNumber":29,"author":{"gitId":"ssoonwee"},"content":"                                echo \"Test result: FAILED\""},{"lineNumber":30,"author":{"gitId":"ssoonwee"},"content":"                                    exit 1"},{"lineNumber":31,"author":{"gitId":"ssoonwee"},"content":"                                fi"}],"authorContributionMap":{"ssoonwee":31}}]
