{"authorDailyContributionsMap":{"ssoonwee":[{"date":"2021-01-16","commitResults":[{"hash":"7947ae5f5217d028a8e37c730010261441f8151b","messageTitle":"Modified Duke for Level-1 task.","messageBody":"","tags":["Level-1"],"fileTypesAndContributionMap":{"java":{"insertions":21,"deletions":6}}},{"hash":"098b92f308e5330d5c59a304d7169b23d4745272","messageTitle":"Modified Duke for Level-2 task.","messageBody":"","tags":["Level-2"],"fileTypesAndContributionMap":{"java":{"insertions":89,"deletions":14}}},{"hash":"927195539aa9a2f6f1410949265cd665bfe83a2d","messageTitle":"Modified Duke for Level-3 task.","messageBody":"","tags":["Level-3"],"fileTypesAndContributionMap":{"java":{"insertions":19,"deletions":3}}}]},{"date":"2021-01-17","commitResults":[{"hash":"940840cb676c50104826eaa524db7f9256517f16","messageTitle":"Modified Duke for Level-4 task.","messageBody":"","tags":["Level-4"],"fileTypesAndContributionMap":{"java":{"insertions":92,"deletions":13},"sh":{"insertions":11,"deletions":0}}},{"hash":"1242f136225710259687f2ea3a8ae8ee2e528f83","messageTitle":"Modified Duke for Level-4 task and implemented TextUiTesting.","messageBody":"","tags":["A-TextUiTesting"],"fileTypesAndContributionMap":{"txt":{"insertions":11,"deletions":0},"java":{"insertions":1,"deletions":0},"sh":{"insertions":2,"deletions":7}}},{"hash":"1522440ed92c8c68546468030ea7dee2d2072885","messageTitle":"Modified Duke for Level-5 task.","messageBody":"","tags":["Level-5"],"fileTypesAndContributionMap":{"java":{"insertions":57,"deletions":27}}},{"hash":"b439e6d8ac7a4a50a085dc86268ac36160bdbc81","messageTitle":"Modified Duke for Level-6 task.","messageBody":"","tags":["Level-6"],"fileTypesAndContributionMap":{"java":{"insertions":14,"deletions":0}}}]},{"date":"2021-01-18","commitResults":[{"hash":"909dd48b48095ce1ca959797a9aab6020e08af5d","messageTitle":"Added Java Docs for methods and test cases for level 1 and 6.","messageBody":"","fileTypesAndContributionMap":{"txt":{"insertions":169,"deletions":0},"java":{"insertions":58,"deletions":6},"sh":{"insertions":62,"deletions":33}}}]},{"date":"2021-01-24","commitResults":[{"hash":"eb4b28ab30207f8b4eeae48efe11dfde26e98ba9","messageTitle":"Modify Duke and TaskList class by segregating methods","messageBody":"","fileTypesAndContributionMap":{"txt":{"insertions":0,"deletions":0},"java":{"insertions":150,"deletions":60}}},{"hash":"df6e5649fdf35bd7df2272276a15332c35243084","messageTitle":"Add read and save feature for tasks","messageBody":"","fileTypesAndContributionMap":{"txt":{"insertions":5,"deletions":0},"java":{"insertions":52,"deletions":6}}},{"hash":"e06e5415d80a86cb0b516af4ae7911ca8be855d7","messageTitle":"Add a test file","messageBody":"","fileTypesAndContributionMap":{"txt":{"insertions":1,"deletions":0}}},{"hash":"bdaeee5e5caed3e683542024079116b01a3d92f5","messageTitle":"Revert \"Add a test file\"","messageBody":"This reverts commit e06e5415d80a86cb0b516af4ae7911ca8be855d7.\n","fileTypesAndContributionMap":{"txt":{"insertions":0,"deletions":1}}}]},{"date":"2021-01-25","commitResults":[{"hash":"eb80335dcaa4a8e79b211da716da1b180164d9de","messageTitle":"Add the ability for Duke to save time","messageBody":"","fileTypesAndContributionMap":{"java":{"insertions":105,"deletions":61}}},{"hash":"af8e7c46bb1b66b4b07947af93cd528efc10cc8b","messageTitle":"Fix bugs for reading tasks.txt","messageBody":"","fileTypesAndContributionMap":{"txt":{"insertions":3,"deletions":3},"java":{"insertions":8,"deletions":3}}},{"hash":"ac1a71ab73f13b24235b179ca95fa479cad8ac83","messageTitle":"Add more classes for OOP functionality","messageBody":"","tags":["A-MoreOOP"],"fileTypesAndContributionMap":{"txt":{"insertions":5,"deletions":5},"java":{"insertions":169,"deletions":136}}}]},{"date":"2021-01-27","commitResults":[{"hash":"75d4a5ab6722cc1b86b21978ab81857b70095c40","messageTitle":"Update \u0027Bye\u0027 display for bot 1","messageBody":"","fileTypesAndContributionMap":{"txt":{"insertions":1,"deletions":0},"java":{"insertions":0,"deletions":2}}}]},{"date":"2021-01-28","commitResults":[{"hash":"312b6b7996c25db5dd75cb20c6224b1d339ecc94","messageTitle":"Add gradle support and basic test files","messageBody":"","tags":["v1.0","A-Jar","A-JUnit"],"fileTypesAndContributionMap":{"txt":{"insertions":2,"deletions":1},"java":{"insertions":60,"deletions":4},"sh":{"insertions":38,"deletions":0}}}]},{"date":"2021-01-30","commitResults":[{"hash":"218590e09714323c42a09d37956afdce48bb880e","messageTitle":"Add JavaDocs for classes","messageBody":"","fileTypesAndContributionMap":{"java":{"insertions":171,"deletions":12}}},{"hash":"5f3b55127d18402018d1966710665fba3e33eedc","messageTitle":"Add the ability to search by text","messageBody":"","fileTypesAndContributionMap":{"java":{"insertions":28,"deletions":2}}},{"hash":"cc18cf71dd0614dac07f905ed738c223ba020c76","messageTitle":"Revert \"Add JavaDocs for classes\"","messageBody":"This reverts commit 218590e09714323c42a09d37956afdce48bb880e.\n","fileTypesAndContributionMap":{"java":{"insertions":12,"deletions":171}}},{"hash":"ab9e0e037fde9506839a35a530e2c138d571d34f","messageTitle":"Merge branch \u0027branch-A-CodingStandard\u0027","messageBody":"# Conflicts:\n#\tsrc/main/java/soonwee/duke/Deadline.java\n#\tsrc/main/java/soonwee/duke/Duke.java\n#\tsrc/main/java/soonwee/duke/Event.java\n#\tsrc/main/java/soonwee/duke/Ui.java\n","fileTypesAndContributionMap":{"java":{"insertions":87,"deletions":62}}},{"hash":"1cab1196cb4351248fa55ba7c1bc4ff70cd38ae2","messageTitle":"Fix missed stash changes for Event","messageBody":"","fileTypesAndContributionMap":{"java":{"insertions":0,"deletions":4}}},{"hash":"aaea02f642329b6810330ecf89ad4e06363544ed","messageTitle":"Add JavaDocs for classes","messageBody":"","fileTypesAndContributionMap":{"java":{"insertions":171,"deletions":12}}}]},{"date":"2021-02-04","commitResults":[{"hash":"3066fa3cbfa8d82ebccb313abe526ba26b7a690c","messageTitle":"Implement GUI and update some method calls","messageBody":"","tags":["Level-10"],"fileTypesAndContributionMap":{"gradle":{"insertions":15,"deletions":0},"txt":{"insertions":3,"deletions":7},"java":{"insertions":340,"deletions":275}}}]}]},"authorFileTypeContributionMap":{"ssoonwee":{"java":807,"md":0,"fxml":35,"sh":73,"bat":0,"gradle":15,"txt":183}},"authorContributionVariance":{"ssoonwee":44545.566},"authorDisplayNameMap":{"ssoonwee":"CS2103T-T12-2 SONG.. WEE"}}
