{"authorDailyContributionsMap":{"daniellau88":[{"date":"2021-01-18","commitResults":[{"hash":"ed8625f9fecf9db138dd4ccef1c3db0fe75c132c","messageTitle":"Complete level 1","messageBody":"","tags":["Level-1"],"fileTypesAndContributionMap":{"java":{"insertions":35,"deletions":0}}},{"hash":"bbb867c5e3049b6d7361daa41326effcfbc7c277","messageTitle":"Add lists command","messageBody":"","tags":["Level-2"],"fileTypesAndContributionMap":{"java":{"insertions":9,"deletions":1}}},{"hash":"67e4a44fb758d43bdfe5b7791069d511a5077598","messageTitle":"Add task class","messageBody":"","tags":["Level-3"],"fileTypesAndContributionMap":{"java":{"insertions":41,"deletions":3}}}]},{"date":"2021-01-19","commitResults":[{"hash":"ebed0d53e5fe09925705cfabf3ecbee25d87d0f4","messageTitle":"Add task subclasses","messageBody":"","fileTypesAndContributionMap":{"java":{"insertions":71,"deletions":3}}},{"hash":"79bd7bc64f8ca5e176889eb6cf9b6320281f3c3f","messageTitle":"Fix grammar for text","messageBody":"","fileTypesAndContributionMap":{"java":{"insertions":9,"deletions":5}}},{"hash":"711568d536470410a41a0a345d6253db400cdd06","messageTitle":"Reorder packages","messageBody":"","tags":["Level-4"],"fileTypesAndContributionMap":{"java":{"insertions":11,"deletions":1}}},{"hash":"51dc52460fdd48c2260788dc4990bdc21136f44c","messageTitle":"Add test cases","messageBody":"","tags":["A-TextUiTesting"],"fileTypesAndContributionMap":{"txt":{"insertions":16,"deletions":0},"sh":{"insertions":0,"deletions":0}}},{"hash":"104358c9642fda34c633343bf57454683c78ceec","messageTitle":"Add exception handling","messageBody":"","tags":["Level-5"],"fileTypesAndContributionMap":{"txt":{"insertions":3,"deletions":3},"java":{"insertions":72,"deletions":43}}},{"hash":"8445621b6452ea82afb115e2a721469d36ee8bbc","messageTitle":"Add delete method","messageBody":"","fileTypesAndContributionMap":{"java":{"insertions":15,"deletions":1}}}]},{"date":"2021-01-21","commitResults":[{"hash":"0713f7b8c2ae7910eb57e1e68efc50f120fa6bf6","messageTitle":"Update tests","messageBody":"","tags":["Level-6"],"fileTypesAndContributionMap":{"txt":{"insertions":2,"deletions":0}}}]}]},"authorFileTypeContributionMap":{"daniellau88":{"java":206,"md":0,"fxml":0,"sh":0,"bat":0,"gradle":0,"txt":18}},"authorContributionVariance":{"daniellau88":5561.4707},"authorDisplayNameMap":{"daniellau88":"DANI..W EN"}}
