[{"path":"src/main/java/Duke.java","fileType":"java","lines":[{"lineNumber":1,"author":{"gitId":"gycc7253"},"content":"package main.java;"},{"lineNumber":2,"author":{"gitId":"gycc7253"},"content":""},{"lineNumber":3,"author":{"gitId":"gycc7253"},"content":"import main.java.entity.*;"},{"lineNumber":4,"author":{"gitId":"gycc7253"},"content":"import main.java.exceptions.IllegalInputFormatException;"},{"lineNumber":5,"author":{"gitId":"gycc7253"},"content":"import main.java.exceptions.TaskDoesNotExistException;"},{"lineNumber":6,"author":{"gitId":"gycc7253"},"content":"import main.java.exceptions.UnrecognizableInputException;"},{"lineNumber":7,"author":{"gitId":"gycc7253"},"content":""},{"lineNumber":8,"author":{"gitId":"gycc7253"},"content":"import java.util.ArrayList;"},{"lineNumber":9,"author":{"gitId":"gycc7253"},"content":"import java.util.*;"},{"lineNumber":10,"author":{"gitId":"gycc7253"},"content":""},{"lineNumber":11,"author":{"gitId":"-"},"content":"public class Duke {"},{"lineNumber":12,"author":{"gitId":"-"},"content":"    public static void main(String[] args) {"},{"lineNumber":13,"author":{"gitId":"gycc7253"},"content":"        TaskManager tm \u003d new TaskManager();"},{"lineNumber":14,"author":{"gitId":"gycc7253"},"content":"        tm.greeting();"},{"lineNumber":15,"author":{"gitId":"gycc7253"},"content":"        Scanner sc \u003d new Scanner(System.in);"},{"lineNumber":16,"author":{"gitId":"gycc7253"},"content":"        String input;"},{"lineNumber":17,"author":{"gitId":"gycc7253"},"content":"        while (sc.hasNextLine()) {"},{"lineNumber":18,"author":{"gitId":"gycc7253"},"content":"            input \u003d sc.nextLine();"},{"lineNumber":19,"author":{"gitId":"gycc7253"},"content":"            try {"},{"lineNumber":20,"author":{"gitId":"gycc7253"},"content":"                if (input.toLowerCase().equals(\"bye\")) {"},{"lineNumber":21,"author":{"gitId":"gycc7253"},"content":"                    break;"},{"lineNumber":22,"author":{"gitId":"gycc7253"},"content":"                }"},{"lineNumber":23,"author":{"gitId":"gycc7253"},"content":"                if (input.trim().toLowerCase().equals(\"list\")) {"},{"lineNumber":24,"author":{"gitId":"gycc7253"},"content":"                    tm.list();"},{"lineNumber":25,"author":{"gitId":"gycc7253"},"content":"                    continue;"},{"lineNumber":26,"author":{"gitId":"gycc7253"},"content":"                }"},{"lineNumber":27,"author":{"gitId":"gycc7253"},"content":"                if (input.toLowerCase().split(\" \")[0].equals(\"done\")) {"},{"lineNumber":28,"author":{"gitId":"gycc7253"},"content":"                    tm.done(input);"},{"lineNumber":29,"author":{"gitId":"gycc7253"},"content":"                    continue;"},{"lineNumber":30,"author":{"gitId":"gycc7253"},"content":"                }"},{"lineNumber":31,"author":{"gitId":"gycc7253"},"content":"                if (input.toLowerCase().split(\" \")[0].equals(\"delete\")) {"},{"lineNumber":32,"author":{"gitId":"gycc7253"},"content":"                    tm.deleteTask(input);"},{"lineNumber":33,"author":{"gitId":"gycc7253"},"content":"                    continue;"},{"lineNumber":34,"author":{"gitId":"gycc7253"},"content":"                }"},{"lineNumber":35,"author":{"gitId":"gycc7253"},"content":"                if (input.toLowerCase().split(\" \")[0].equals(\"todo\")) {"},{"lineNumber":36,"author":{"gitId":"gycc7253"},"content":"                    tm.addTodo(input);"},{"lineNumber":37,"author":{"gitId":"gycc7253"},"content":"                    continue;"},{"lineNumber":38,"author":{"gitId":"gycc7253"},"content":"                }"},{"lineNumber":39,"author":{"gitId":"gycc7253"},"content":"                if (input.toLowerCase().split(\" \")[0].equals(\"deadline\")) {"},{"lineNumber":40,"author":{"gitId":"gycc7253"},"content":"                    tm.addDeadline(input);"},{"lineNumber":41,"author":{"gitId":"gycc7253"},"content":"                    continue;"},{"lineNumber":42,"author":{"gitId":"gycc7253"},"content":"                }"},{"lineNumber":43,"author":{"gitId":"gycc7253"},"content":"                if (input.toLowerCase().split(\" \")[0].equals(\"event\")) {"},{"lineNumber":44,"author":{"gitId":"gycc7253"},"content":"                    tm.addEvent(input);"},{"lineNumber":45,"author":{"gitId":"gycc7253"},"content":"                    continue;"},{"lineNumber":46,"author":{"gitId":"gycc7253"},"content":"                }"},{"lineNumber":47,"author":{"gitId":"gycc7253"},"content":"                throw new UnrecognizableInputException();"},{"lineNumber":48,"author":{"gitId":"gycc7253"},"content":"            } catch (Exception e) {"},{"lineNumber":49,"author":{"gitId":"gycc7253"},"content":"                System.out.println(e.getMessage());"},{"lineNumber":50,"author":{"gitId":"gycc7253"},"content":"            }"},{"lineNumber":51,"author":{"gitId":"gycc7253"},"content":"        }"},{"lineNumber":52,"author":{"gitId":"gycc7253"},"content":"        System.out.println(\"Bye. Until next time!\");"},{"lineNumber":53,"author":{"gitId":"-"},"content":"    }"},{"lineNumber":54,"author":{"gitId":"-"},"content":"}"}],"authorContributionMap":{"gycc7253":50,"-":4}},{"path":"src/main/java/TaskManager.java","fileType":"java","lines":[{"lineNumber":1,"author":{"gitId":"gycc7253"},"content":"package main.java;"},{"lineNumber":2,"author":{"gitId":"gycc7253"},"content":"import main.java.entity.*;"},{"lineNumber":3,"author":{"gitId":"gycc7253"},"content":"import main.java.exceptions.IllegalInputFormatException;"},{"lineNumber":4,"author":{"gitId":"gycc7253"},"content":"import main.java.exceptions.TaskDoesNotExistException;"},{"lineNumber":5,"author":{"gitId":"gycc7253"},"content":""},{"lineNumber":6,"author":{"gitId":"gycc7253"},"content":"import java.util.ArrayList;"},{"lineNumber":7,"author":{"gitId":"gycc7253"},"content":"import java.util.List;"},{"lineNumber":8,"author":{"gitId":"gycc7253"},"content":""},{"lineNumber":9,"author":{"gitId":"gycc7253"},"content":"public class TaskManager {"},{"lineNumber":10,"author":{"gitId":"gycc7253"},"content":"    static private List\u003cTask\u003e list \u003d new ArrayList\u003c\u003e();"},{"lineNumber":11,"author":{"gitId":"gycc7253"},"content":"    static final String logo \u003d \" ____        _        \\n\""},{"lineNumber":12,"author":{"gitId":"gycc7253"},"content":"            + \"|  _ \\\\ _   _| | _____ \\n\""},{"lineNumber":13,"author":{"gitId":"gycc7253"},"content":"            + \"| | | | | | | |/ / _ \\\\\\n\""},{"lineNumber":14,"author":{"gitId":"gycc7253"},"content":"            + \"| |_| | |_| |   \u003c  __/\\n\""},{"lineNumber":15,"author":{"gitId":"gycc7253"},"content":"            + \"|____/ \\\\__,_|_|\\\\_\\\\___|\\n\";"},{"lineNumber":16,"author":{"gitId":"gycc7253"},"content":"    static final String greetings \u003d \"Dear user, welcome to the world of duke!\";"},{"lineNumber":17,"author":{"gitId":"gycc7253"},"content":"    static final String prefix \u003d \"    \";"},{"lineNumber":18,"author":{"gitId":"gycc7253"},"content":"    static final String emptyList \u003d prefix + \"Currently there is nothing on your list.\";"},{"lineNumber":19,"author":{"gitId":"gycc7253"},"content":"    static final String ADDED \u003d prefix + \"Got it. I\u0027ve added this task:\";"},{"lineNumber":20,"author":{"gitId":"gycc7253"},"content":"    static final String markAsDone \u003d prefix + \"Nice! I\u0027ve mark this task as done:\";"},{"lineNumber":21,"author":{"gitId":"gycc7253"},"content":"    static final String removeTask \u003d prefix + \"Noted, I\u0027ve removed this task:\";"},{"lineNumber":22,"author":{"gitId":"gycc7253"},"content":""},{"lineNumber":23,"author":{"gitId":"gycc7253"},"content":"    public TaskManager() {"},{"lineNumber":24,"author":{"gitId":"gycc7253"},"content":"    }"},{"lineNumber":25,"author":{"gitId":"gycc7253"},"content":""},{"lineNumber":26,"author":{"gitId":"gycc7253"},"content":"    public void greeting() {"},{"lineNumber":27,"author":{"gitId":"gycc7253"},"content":"        System.out.println(\"This is \\n\" + logo);"},{"lineNumber":28,"author":{"gitId":"gycc7253"},"content":"        System.out.println(greetings);"},{"lineNumber":29,"author":{"gitId":"gycc7253"},"content":"    }"},{"lineNumber":30,"author":{"gitId":"gycc7253"},"content":""},{"lineNumber":31,"author":{"gitId":"gycc7253"},"content":"    public void addTodo(String input) throws IllegalInputFormatException {"},{"lineNumber":32,"author":{"gitId":"gycc7253"},"content":"        String todoName \u003d input.substring(5);"},{"lineNumber":33,"author":{"gitId":"gycc7253"},"content":"        if (todoName.trim().length() \u003d\u003d 0) {"},{"lineNumber":34,"author":{"gitId":"gycc7253"},"content":"            throw new IllegalInputFormatException();"},{"lineNumber":35,"author":{"gitId":"gycc7253"},"content":"        }"},{"lineNumber":36,"author":{"gitId":"gycc7253"},"content":"        Task task \u003d new Todo(todoName);"},{"lineNumber":37,"author":{"gitId":"gycc7253"},"content":"        list.add(task);"},{"lineNumber":38,"author":{"gitId":"gycc7253"},"content":"        printAfterAdd(task);"},{"lineNumber":39,"author":{"gitId":"gycc7253"},"content":"    }"},{"lineNumber":40,"author":{"gitId":"gycc7253"},"content":""},{"lineNumber":41,"author":{"gitId":"gycc7253"},"content":"    public void addEvent(String input) throws IllegalInputFormatException {"},{"lineNumber":42,"author":{"gitId":"gycc7253"},"content":"        try {"},{"lineNumber":43,"author":{"gitId":"gycc7253"},"content":"            String[] arr \u003d input.split(\" /\");"},{"lineNumber":44,"author":{"gitId":"gycc7253"},"content":"            String name \u003d arr[0].substring(6);"},{"lineNumber":45,"author":{"gitId":"gycc7253"},"content":"            String[] arr2 \u003d arr[1].split(\" \", 2);"},{"lineNumber":46,"author":{"gitId":"gycc7253"},"content":"            Task task \u003d new Event(name, arr2[1], arr2[0]);"},{"lineNumber":47,"author":{"gitId":"gycc7253"},"content":"            list.add(task);"},{"lineNumber":48,"author":{"gitId":"gycc7253"},"content":"            printAfterAdd(task);"},{"lineNumber":49,"author":{"gitId":"gycc7253"},"content":"        } catch (Exception e) {"},{"lineNumber":50,"author":{"gitId":"gycc7253"},"content":"            throw new IllegalInputFormatException();"},{"lineNumber":51,"author":{"gitId":"gycc7253"},"content":"        }"},{"lineNumber":52,"author":{"gitId":"gycc7253"},"content":"    }"},{"lineNumber":53,"author":{"gitId":"gycc7253"},"content":""},{"lineNumber":54,"author":{"gitId":"gycc7253"},"content":"    public void addDeadline(String input) throws IllegalInputFormatException {"},{"lineNumber":55,"author":{"gitId":"gycc7253"},"content":"        try {"},{"lineNumber":56,"author":{"gitId":"gycc7253"},"content":"        String[] arr \u003d input.split(\" /\");"},{"lineNumber":57,"author":{"gitId":"gycc7253"},"content":"        String name \u003d arr[0].substring(9);"},{"lineNumber":58,"author":{"gitId":"gycc7253"},"content":"        String[] arr2 \u003d arr[1].split(\" \", 2);"},{"lineNumber":59,"author":{"gitId":"gycc7253"},"content":"        Task task \u003d new Deadline(name, arr2[1], arr2[0]);"},{"lineNumber":60,"author":{"gitId":"gycc7253"},"content":"        list.add(task);"},{"lineNumber":61,"author":{"gitId":"gycc7253"},"content":"        printAfterAdd(task);"},{"lineNumber":62,"author":{"gitId":"gycc7253"},"content":"        } catch (Exception e) {"},{"lineNumber":63,"author":{"gitId":"gycc7253"},"content":"            throw new IllegalInputFormatException();"},{"lineNumber":64,"author":{"gitId":"gycc7253"},"content":"        }"},{"lineNumber":65,"author":{"gitId":"gycc7253"},"content":"    }"},{"lineNumber":66,"author":{"gitId":"gycc7253"},"content":""},{"lineNumber":67,"author":{"gitId":"gycc7253"},"content":"    public void printAfterAdd(Task task) {"},{"lineNumber":68,"author":{"gitId":"gycc7253"},"content":"        System.out.println(ADDED);"},{"lineNumber":69,"author":{"gitId":"gycc7253"},"content":"        System.out.println(prefix + task);"},{"lineNumber":70,"author":{"gitId":"gycc7253"},"content":"        printListSize();"},{"lineNumber":71,"author":{"gitId":"gycc7253"},"content":"    }"},{"lineNumber":72,"author":{"gitId":"gycc7253"},"content":""},{"lineNumber":73,"author":{"gitId":"gycc7253"},"content":"    public void printListSize() {"},{"lineNumber":74,"author":{"gitId":"gycc7253"},"content":"        System.out.println(prefix + \"Now you have \" + list.size() + \" tasks in the list.\");"},{"lineNumber":75,"author":{"gitId":"gycc7253"},"content":"    }"},{"lineNumber":76,"author":{"gitId":"gycc7253"},"content":""},{"lineNumber":77,"author":{"gitId":"gycc7253"},"content":"    public void done(String input) throws Exception{"},{"lineNumber":78,"author":{"gitId":"gycc7253"},"content":"        int index;"},{"lineNumber":79,"author":{"gitId":"gycc7253"},"content":"        try {"},{"lineNumber":80,"author":{"gitId":"gycc7253"},"content":"            index \u003d Integer.parseInt(input.split(\" \")[1]) - 1;"},{"lineNumber":81,"author":{"gitId":"gycc7253"},"content":"        } catch (Exception e) {"},{"lineNumber":82,"author":{"gitId":"gycc7253"},"content":"            throw new IllegalInputFormatException();"},{"lineNumber":83,"author":{"gitId":"gycc7253"},"content":"        }"},{"lineNumber":84,"author":{"gitId":"gycc7253"},"content":"        if (index \u003c 0 || index \u003e\u003d list.size()) {"},{"lineNumber":85,"author":{"gitId":"gycc7253"},"content":"            throw new TaskDoesNotExistException();"},{"lineNumber":86,"author":{"gitId":"gycc7253"},"content":"        }"},{"lineNumber":87,"author":{"gitId":"gycc7253"},"content":"        Task task \u003d list.get(index);"},{"lineNumber":88,"author":{"gitId":"gycc7253"},"content":"        task.markAsDone();"},{"lineNumber":89,"author":{"gitId":"gycc7253"},"content":"        System.out.println(markAsDone);"},{"lineNumber":90,"author":{"gitId":"gycc7253"},"content":"        System.out.println(prefix + task);"},{"lineNumber":91,"author":{"gitId":"gycc7253"},"content":"    }"},{"lineNumber":92,"author":{"gitId":"gycc7253"},"content":""},{"lineNumber":93,"author":{"gitId":"gycc7253"},"content":"    public void deleteTask(String input) throws Exception {"},{"lineNumber":94,"author":{"gitId":"gycc7253"},"content":"        int index;"},{"lineNumber":95,"author":{"gitId":"gycc7253"},"content":"        try {"},{"lineNumber":96,"author":{"gitId":"gycc7253"},"content":"            index \u003d Integer.parseInt(input.split(\" \")[1]) - 1;"},{"lineNumber":97,"author":{"gitId":"gycc7253"},"content":"        } catch (Exception e) {"},{"lineNumber":98,"author":{"gitId":"gycc7253"},"content":"            throw new IllegalInputFormatException();"},{"lineNumber":99,"author":{"gitId":"gycc7253"},"content":"        }"},{"lineNumber":100,"author":{"gitId":"gycc7253"},"content":"        if (index \u003c 0 || index \u003e\u003d list.size()) {"},{"lineNumber":101,"author":{"gitId":"gycc7253"},"content":"            throw new TaskDoesNotExistException();"},{"lineNumber":102,"author":{"gitId":"gycc7253"},"content":"        }"},{"lineNumber":103,"author":{"gitId":"gycc7253"},"content":"        Task task \u003d list.remove(index);"},{"lineNumber":104,"author":{"gitId":"gycc7253"},"content":"        System.out.println(removeTask);"},{"lineNumber":105,"author":{"gitId":"gycc7253"},"content":"        System.out.println(prefix + task);"},{"lineNumber":106,"author":{"gitId":"gycc7253"},"content":"        printListSize();"},{"lineNumber":107,"author":{"gitId":"gycc7253"},"content":"    }"},{"lineNumber":108,"author":{"gitId":"gycc7253"},"content":""},{"lineNumber":109,"author":{"gitId":"gycc7253"},"content":"    public void list() {"},{"lineNumber":110,"author":{"gitId":"gycc7253"},"content":"        if (this.isEmpty()) {"},{"lineNumber":111,"author":{"gitId":"gycc7253"},"content":"            System.out.println(emptyList);"},{"lineNumber":112,"author":{"gitId":"gycc7253"},"content":"        } else {"},{"lineNumber":113,"author":{"gitId":"gycc7253"},"content":"            for (int i \u003d 0; i \u003c list.size(); i++) {"},{"lineNumber":114,"author":{"gitId":"gycc7253"},"content":"                System.out.println(\"    \" + (i + 1) + \". \" + list.get(i));"},{"lineNumber":115,"author":{"gitId":"gycc7253"},"content":"            }"},{"lineNumber":116,"author":{"gitId":"gycc7253"},"content":"        }"},{"lineNumber":117,"author":{"gitId":"gycc7253"},"content":"    }"},{"lineNumber":118,"author":{"gitId":"gycc7253"},"content":""},{"lineNumber":119,"author":{"gitId":"gycc7253"},"content":"    public boolean isEmpty() {"},{"lineNumber":120,"author":{"gitId":"gycc7253"},"content":"        return list.isEmpty();"},{"lineNumber":121,"author":{"gitId":"gycc7253"},"content":"    }"},{"lineNumber":122,"author":{"gitId":"gycc7253"},"content":"}"}],"authorContributionMap":{"gycc7253":122}},{"path":"src/main/java/entity/Deadline.java","fileType":"java","lines":[{"lineNumber":1,"author":{"gitId":"gycc7253"},"content":"package main.java.entity;"},{"lineNumber":2,"author":{"gitId":"gycc7253"},"content":""},{"lineNumber":3,"author":{"gitId":"gycc7253"},"content":"public class Deadline extends Task {"},{"lineNumber":4,"author":{"gitId":"gycc7253"},"content":""},{"lineNumber":5,"author":{"gitId":"gycc7253"},"content":"    String keyword;"},{"lineNumber":6,"author":{"gitId":"gycc7253"},"content":"    String deadline;"},{"lineNumber":7,"author":{"gitId":"gycc7253"},"content":"    public Deadline(String name, String deadline, String keyword) {"},{"lineNumber":8,"author":{"gitId":"gycc7253"},"content":"        super(name);"},{"lineNumber":9,"author":{"gitId":"gycc7253"},"content":"        this.deadline \u003d deadline;"},{"lineNumber":10,"author":{"gitId":"gycc7253"},"content":"        this.keyword \u003d keyword;"},{"lineNumber":11,"author":{"gitId":"gycc7253"},"content":"    }"},{"lineNumber":12,"author":{"gitId":"gycc7253"},"content":""},{"lineNumber":13,"author":{"gitId":"gycc7253"},"content":"    @Override"},{"lineNumber":14,"author":{"gitId":"gycc7253"},"content":"    public String toString() {"},{"lineNumber":15,"author":{"gitId":"gycc7253"},"content":"        return \"[D][\" + (this.isDone ? \"X\" : \" \") + \"] \" + this.name + \" (\" + keyword + \": \" + this.deadline + \")\";"},{"lineNumber":16,"author":{"gitId":"gycc7253"},"content":"    }"},{"lineNumber":17,"author":{"gitId":"gycc7253"},"content":""},{"lineNumber":18,"author":{"gitId":"gycc7253"},"content":""},{"lineNumber":19,"author":{"gitId":"gycc7253"},"content":"}"}],"authorContributionMap":{"gycc7253":19}},{"path":"src/main/java/entity/Event.java","fileType":"java","lines":[{"lineNumber":1,"author":{"gitId":"gycc7253"},"content":"package main.java.entity;"},{"lineNumber":2,"author":{"gitId":"gycc7253"},"content":""},{"lineNumber":3,"author":{"gitId":"gycc7253"},"content":"public class Event extends Task {"},{"lineNumber":4,"author":{"gitId":"gycc7253"},"content":""},{"lineNumber":5,"author":{"gitId":"gycc7253"},"content":"    String keyword;"},{"lineNumber":6,"author":{"gitId":"gycc7253"},"content":"    String time;"},{"lineNumber":7,"author":{"gitId":"gycc7253"},"content":"    public Event(String name, String time, String keyword) {"},{"lineNumber":8,"author":{"gitId":"gycc7253"},"content":"        super(name);"},{"lineNumber":9,"author":{"gitId":"gycc7253"},"content":"        this.keyword \u003d keyword;"},{"lineNumber":10,"author":{"gitId":"gycc7253"},"content":"        this.time \u003d time;"},{"lineNumber":11,"author":{"gitId":"gycc7253"},"content":"    }"},{"lineNumber":12,"author":{"gitId":"gycc7253"},"content":""},{"lineNumber":13,"author":{"gitId":"gycc7253"},"content":"    @Override"},{"lineNumber":14,"author":{"gitId":"gycc7253"},"content":"    public String toString() {"},{"lineNumber":15,"author":{"gitId":"gycc7253"},"content":"        return \"[E][\" + (this.isDone ? \"X\" : \" \") + \"] \" + this.name + \" (\" + this.keyword + \": \" + this.time + \")\";"},{"lineNumber":16,"author":{"gitId":"gycc7253"},"content":"    }"},{"lineNumber":17,"author":{"gitId":"gycc7253"},"content":""},{"lineNumber":18,"author":{"gitId":"gycc7253"},"content":""},{"lineNumber":19,"author":{"gitId":"gycc7253"},"content":"}"}],"authorContributionMap":{"gycc7253":19}},{"path":"src/main/java/entity/Task.java","fileType":"java","lines":[{"lineNumber":1,"author":{"gitId":"gycc7253"},"content":"package main.java.entity;"},{"lineNumber":2,"author":{"gitId":"gycc7253"},"content":""},{"lineNumber":3,"author":{"gitId":"gycc7253"},"content":"public class Task {"},{"lineNumber":4,"author":{"gitId":"gycc7253"},"content":"    protected String name;"},{"lineNumber":5,"author":{"gitId":"gycc7253"},"content":"    protected boolean isDone;"},{"lineNumber":6,"author":{"gitId":"gycc7253"},"content":"    public Task(String name) {"},{"lineNumber":7,"author":{"gitId":"gycc7253"},"content":"        this.name \u003d name;"},{"lineNumber":8,"author":{"gitId":"gycc7253"},"content":"        this.isDone \u003d false;"},{"lineNumber":9,"author":{"gitId":"gycc7253"},"content":"    }"},{"lineNumber":10,"author":{"gitId":"gycc7253"},"content":""},{"lineNumber":11,"author":{"gitId":"gycc7253"},"content":"    public boolean markAsDone() {"},{"lineNumber":12,"author":{"gitId":"gycc7253"},"content":"        this.isDone \u003d true;"},{"lineNumber":13,"author":{"gitId":"gycc7253"},"content":"        return true;"},{"lineNumber":14,"author":{"gitId":"gycc7253"},"content":"    }"},{"lineNumber":15,"author":{"gitId":"gycc7253"},"content":""},{"lineNumber":16,"author":{"gitId":"gycc7253"},"content":"    public String toString() {"},{"lineNumber":17,"author":{"gitId":"gycc7253"},"content":"        return \"[\" + (this.isDone ? \"X\" : \" \") + \"] \" + this.name;"},{"lineNumber":18,"author":{"gitId":"gycc7253"},"content":"    }"},{"lineNumber":19,"author":{"gitId":"gycc7253"},"content":"}"}],"authorContributionMap":{"gycc7253":19}},{"path":"src/main/java/entity/Todo.java","fileType":"java","lines":[{"lineNumber":1,"author":{"gitId":"gycc7253"},"content":"package main.java.entity;"},{"lineNumber":2,"author":{"gitId":"gycc7253"},"content":""},{"lineNumber":3,"author":{"gitId":"gycc7253"},"content":"public class Todo extends Task {"},{"lineNumber":4,"author":{"gitId":"gycc7253"},"content":""},{"lineNumber":5,"author":{"gitId":"gycc7253"},"content":"    public Todo(String name) {"},{"lineNumber":6,"author":{"gitId":"gycc7253"},"content":"        super(name);"},{"lineNumber":7,"author":{"gitId":"gycc7253"},"content":"    }"},{"lineNumber":8,"author":{"gitId":"gycc7253"},"content":""},{"lineNumber":9,"author":{"gitId":"gycc7253"},"content":"    @Override"},{"lineNumber":10,"author":{"gitId":"gycc7253"},"content":"    public String toString() {"},{"lineNumber":11,"author":{"gitId":"gycc7253"},"content":"        return \"[T][\" + (this.isDone ? \"X\" : \" \") + \"] \" + this.name;"},{"lineNumber":12,"author":{"gitId":"gycc7253"},"content":"    }"},{"lineNumber":13,"author":{"gitId":"gycc7253"},"content":"}"}],"authorContributionMap":{"gycc7253":13}},{"path":"src/main/java/exceptions/IllegalInputFormatException.java","fileType":"java","lines":[{"lineNumber":1,"author":{"gitId":"gycc7253"},"content":"package main.java.exceptions;"},{"lineNumber":2,"author":{"gitId":"gycc7253"},"content":""},{"lineNumber":3,"author":{"gitId":"gycc7253"},"content":"public class IllegalInputFormatException extends Exception {"},{"lineNumber":4,"author":{"gitId":"gycc7253"},"content":"    public IllegalInputFormatException() {"},{"lineNumber":5,"author":{"gitId":"gycc7253"},"content":"        super(\"    Sorry, illegal input format.\");"},{"lineNumber":6,"author":{"gitId":"gycc7253"},"content":"    }"},{"lineNumber":7,"author":{"gitId":"gycc7253"},"content":"}"}],"authorContributionMap":{"gycc7253":7}},{"path":"src/main/java/exceptions/TaskDoesNotExistException.java","fileType":"java","lines":[{"lineNumber":1,"author":{"gitId":"gycc7253"},"content":"package main.java.exceptions;"},{"lineNumber":2,"author":{"gitId":"gycc7253"},"content":""},{"lineNumber":3,"author":{"gitId":"gycc7253"},"content":"public class TaskDoesNotExistException extends Exception{"},{"lineNumber":4,"author":{"gitId":"gycc7253"},"content":"    public TaskDoesNotExistException() {"},{"lineNumber":5,"author":{"gitId":"gycc7253"},"content":"        super(\"    The task your specified does not exist. Please retype.\");"},{"lineNumber":6,"author":{"gitId":"gycc7253"},"content":"    }"},{"lineNumber":7,"author":{"gitId":"gycc7253"},"content":"}"}],"authorContributionMap":{"gycc7253":7}},{"path":"src/main/java/exceptions/UnrecognizableInputException.java","fileType":"java","lines":[{"lineNumber":1,"author":{"gitId":"gycc7253"},"content":"package main.java.exceptions;"},{"lineNumber":2,"author":{"gitId":"gycc7253"},"content":""},{"lineNumber":3,"author":{"gitId":"gycc7253"},"content":"public class UnrecognizableInputException extends Exception {"},{"lineNumber":4,"author":{"gitId":"gycc7253"},"content":"    public UnrecognizableInputException() {"},{"lineNumber":5,"author":{"gitId":"gycc7253"},"content":"        super(\"    Sorry, unrecognizable type of actions.\\n    Available actions are {todo, event, deadline, list, done}\");"},{"lineNumber":6,"author":{"gitId":"gycc7253"},"content":"    }"},{"lineNumber":7,"author":{"gitId":"gycc7253"},"content":"}"}],"authorContributionMap":{"gycc7253":7}},{"path":"text-ui-test/input.txt","fileType":"txt","lines":[{"lineNumber":1,"author":{"gitId":"gycc7253"},"content":"todo get book from Jack"},{"lineNumber":2,"author":{"gitId":"gycc7253"},"content":"event party at pgp /on 2nd jan 2021"},{"lineNumber":3,"author":{"gitId":"gycc7253"},"content":"list"},{"lineNumber":4,"author":{"gitId":"gycc7253"},"content":"event alice bd at 12 kent ridge drive /in afternoon 3rd jan"},{"lineNumber":5,"author":{"gitId":"gycc7253"},"content":"deadline homework /by monday"},{"lineNumber":6,"author":{"gitId":"gycc7253"},"content":"list"},{"lineNumber":7,"author":{"gitId":"gycc7253"},"content":"done 2"},{"lineNumber":8,"author":{"gitId":"gycc7253"},"content":"list"},{"lineNumber":9,"author":{"gitId":"gycc7253"},"content":"done 1"},{"lineNumber":10,"author":{"gitId":"gycc7253"},"content":"list"},{"lineNumber":11,"author":{"gitId":"gycc7253"},"content":"todo finish testing"}],"authorContributionMap":{"gycc7253":11}},{"path":"text-ui-test/output.txt","fileType":"txt","lines":[{"lineNumber":1,"author":{"gitId":"gycc7253"},"content":"This is "},{"lineNumber":2,"author":{"gitId":"gycc7253"},"content":" ____        _        "},{"lineNumber":3,"author":{"gitId":"gycc7253"},"content":"|  _ \\ _   _| | _____ "},{"lineNumber":4,"author":{"gitId":"gycc7253"},"content":"| | | | | | | |/ / _ \\"},{"lineNumber":5,"author":{"gitId":"gycc7253"},"content":"| |_| | |_| |   \u003c  __/"},{"lineNumber":6,"author":{"gitId":"gycc7253"},"content":"|____/ \\__,_|_|\\_\\___|"},{"lineNumber":7,"author":{"gitId":"gycc7253"},"content":""},{"lineNumber":8,"author":{"gitId":"gycc7253"},"content":"Dear user, welcome to the world of duke!"},{"lineNumber":9,"author":{"gitId":"gycc7253"},"content":"    Got it. I\u0027ve added this task:"},{"lineNumber":10,"author":{"gitId":"gycc7253"},"content":"    [T][ ] get book from Jack"},{"lineNumber":11,"author":{"gitId":"gycc7253"},"content":"    Now you have 1 tasks in the list."},{"lineNumber":12,"author":{"gitId":"gycc7253"},"content":"    Got it. I\u0027ve added this task:"},{"lineNumber":13,"author":{"gitId":"gycc7253"},"content":"    [E][ ] party at pgp (on: 2nd jan 2021)"},{"lineNumber":14,"author":{"gitId":"gycc7253"},"content":"    Now you have 2 tasks in the list."},{"lineNumber":15,"author":{"gitId":"gycc7253"},"content":"    1. [T][ ] get book from Jack"},{"lineNumber":16,"author":{"gitId":"gycc7253"},"content":"    2. [E][ ] party at pgp (on: 2nd jan 2021)"},{"lineNumber":17,"author":{"gitId":"gycc7253"},"content":"    Got it. I\u0027ve added this task:"},{"lineNumber":18,"author":{"gitId":"gycc7253"},"content":"    [E][ ] alice bd at 12 kent ridge drive (in: afternoon 3rd jan)"},{"lineNumber":19,"author":{"gitId":"gycc7253"},"content":"    Now you have 3 tasks in the list."},{"lineNumber":20,"author":{"gitId":"gycc7253"},"content":"    Got it. I\u0027ve added this task:"},{"lineNumber":21,"author":{"gitId":"gycc7253"},"content":"    [D][ ] homework (by: monday)"},{"lineNumber":22,"author":{"gitId":"gycc7253"},"content":"    Now you have 4 tasks in the list."},{"lineNumber":23,"author":{"gitId":"gycc7253"},"content":"    1. [T][ ] get book from Jack"},{"lineNumber":24,"author":{"gitId":"gycc7253"},"content":"    2. [E][ ] party at pgp (on: 2nd jan 2021)"},{"lineNumber":25,"author":{"gitId":"gycc7253"},"content":"    3. [E][ ] alice bd at 12 kent ridge drive (in: afternoon 3rd jan)"},{"lineNumber":26,"author":{"gitId":"gycc7253"},"content":"    4. [D][ ] homework (by: monday)"},{"lineNumber":27,"author":{"gitId":"gycc7253"},"content":"    Nice! I\u0027ve mark this task as done:"},{"lineNumber":28,"author":{"gitId":"gycc7253"},"content":"    [E][X] party at pgp (on: 2nd jan 2021)"},{"lineNumber":29,"author":{"gitId":"gycc7253"},"content":"    1. [T][ ] get book from Jack"},{"lineNumber":30,"author":{"gitId":"gycc7253"},"content":"    2. [E][X] party at pgp (on: 2nd jan 2021)"},{"lineNumber":31,"author":{"gitId":"gycc7253"},"content":"    3. [E][ ] alice bd at 12 kent ridge drive (in: afternoon 3rd jan)"},{"lineNumber":32,"author":{"gitId":"gycc7253"},"content":"    4. [D][ ] homework (by: monday)"},{"lineNumber":33,"author":{"gitId":"gycc7253"},"content":"    Nice! I\u0027ve mark this task as done:"},{"lineNumber":34,"author":{"gitId":"gycc7253"},"content":"    [T][X] get book from Jack"},{"lineNumber":35,"author":{"gitId":"gycc7253"},"content":"    1. [T][X] get book from Jack"},{"lineNumber":36,"author":{"gitId":"gycc7253"},"content":"    2. [E][X] party at pgp (on: 2nd jan 2021)"},{"lineNumber":37,"author":{"gitId":"gycc7253"},"content":"    3. [E][ ] alice bd at 12 kent ridge drive (in: afternoon 3rd jan)"},{"lineNumber":38,"author":{"gitId":"gycc7253"},"content":"    4. [D][ ] homework (by: monday)"},{"lineNumber":39,"author":{"gitId":"gycc7253"},"content":"    Got it. I\u0027ve added this task:"},{"lineNumber":40,"author":{"gitId":"gycc7253"},"content":"    [T][ ] finish testing"},{"lineNumber":41,"author":{"gitId":"gycc7253"},"content":"    Now you have 5 tasks in the list."},{"lineNumber":42,"author":{"gitId":"gycc7253"},"content":"Bye. Until next time!"}],"authorContributionMap":{"gycc7253":42}},{"path":"text-ui-test/runtest.bat","fileType":"bat","lines":[{"lineNumber":1,"author":{"gitId":"-"},"content":"@ECHO OFF"},{"lineNumber":2,"author":{"gitId":"-"},"content":""},{"lineNumber":3,"author":{"gitId":"-"},"content":"REM create bin directory if it doesn\u0027t exist"},{"lineNumber":4,"author":{"gitId":"-"},"content":"if not exist ..\\bin mkdir ..\\bin"},{"lineNumber":5,"author":{"gitId":"-"},"content":""},{"lineNumber":6,"author":{"gitId":"-"},"content":"REM delete output from previous run"},{"lineNumber":7,"author":{"gitId":"-"},"content":"if exist ACTUAL.TXT del ACTUAL.TXT"},{"lineNumber":8,"author":{"gitId":"-"},"content":""},{"lineNumber":9,"author":{"gitId":"-"},"content":"REM compile the code into the bin folder"},{"lineNumber":10,"author":{"gitId":"gycc7253"},"content":"javac  -cp ..\\src\\main\\java\\Entity -Xlint:none -d ..\\bin ..\\src\\main\\java\\*.java"},{"lineNumber":11,"author":{"gitId":"-"},"content":"IF ERRORLEVEL 1 ("},{"lineNumber":12,"author":{"gitId":"-"},"content":"    echo ********** BUILD FAILURE **********"},{"lineNumber":13,"author":{"gitId":"-"},"content":"    exit /b 1"},{"lineNumber":14,"author":{"gitId":"-"},"content":")"},{"lineNumber":15,"author":{"gitId":"-"},"content":"REM no error here, errorlevel \u003d\u003d 0"},{"lineNumber":16,"author":{"gitId":"-"},"content":""},{"lineNumber":17,"author":{"gitId":"-"},"content":"REM run the program, feed commands from input.txt file and redirect the output to the ACTUAL.TXT"},{"lineNumber":18,"author":{"gitId":"-"},"content":"java -classpath ..\\bin Duke \u003c input.txt \u003e ACTUAL.TXT"},{"lineNumber":19,"author":{"gitId":"-"},"content":""},{"lineNumber":20,"author":{"gitId":"-"},"content":"REM compare the output to the expected output"},{"lineNumber":21,"author":{"gitId":"-"},"content":"FC ACTUAL.TXT EXPECTED.TXT"}],"authorContributionMap":{"gycc7253":1,"-":20}}]
