{"authorDailyContributionsMap":{"gycc7253":[{"date":"2021-01-16","commitResults":[{"hash":"1d3e9e25323411c5b70e1a7d652b37cb25abe7bd","messageTitle":"Level-1","messageBody":"","tags":["Level-1"],"fileTypesAndContributionMap":{"java":{"insertions":14,"deletions":1}}},{"hash":"0fc867ba9e8edb496e37381706b08f8c1a6b1664","messageTitle":"Level-2","messageBody":"","tags":["Level-2"],"fileTypesAndContributionMap":{"java":{"insertions":16,"deletions":3}}},{"hash":"18c8d51e435abc98f49ef53bd70ba30e86a842fc","messageTitle":"Level-3","messageBody":"","tags":["Level-3"],"fileTypesAndContributionMap":{"java":{"insertions":37,"deletions":4}}},{"hash":"b0323870e419faebaf9720e70fc70a5bc1d9b5a0","messageTitle":"Level-4","messageBody":"","tags":["Level-4"],"fileTypesAndContributionMap":{"java":{"insertions":87,"deletions":4}}},{"hash":"68d4ecaea926c91f82a89e84450ed1b0216062f2","messageTitle":"textuitesting","messageBody":"","fileTypesAndContributionMap":{"txt":{"insertions":53,"deletions":0},"java":{"insertions":1,"deletions":1},"bat":{"insertions":1,"deletions":1}}},{"hash":"b744179d0c74af1a106889c16746b29a01645621","messageTitle":"Level-5","messageBody":"","tags":["Level-5"],"fileTypesAndContributionMap":{"txt":{"insertions":9,"deletions":9},"java":{"insertions":156,"deletions":66}}},{"hash":"733143a34382e8a9e1faea3793e88fe597d1ee16","messageTitle":"Level-6","messageBody":"","tags":["Level-6"],"fileTypesAndContributionMap":{"java":{"insertions":25,"deletions":0}}}]}]},"authorFileTypeContributionMap":{"gycc7253":{"java":263,"md":0,"fxml":0,"sh":0,"bat":1,"gradle":0,"txt":53}},"authorContributionVariance":{"gycc7253":33075.555},"authorDisplayNameMap":{"gycc7253":"GUO ..CHAO"}}
