[{"path":"src/main/java/Deadline.java","fileType":"java","lines":[{"lineNumber":1,"author":{"gitId":"Andrewzhang217"},"content":"public class Deadline extends Task{"},{"lineNumber":2,"author":{"gitId":"Andrewzhang217"},"content":""},{"lineNumber":3,"author":{"gitId":"Andrewzhang217"},"content":"    protected String by;"},{"lineNumber":4,"author":{"gitId":"Andrewzhang217"},"content":""},{"lineNumber":5,"author":{"gitId":"Andrewzhang217"},"content":"    public Deadline(String description, String by) {"},{"lineNumber":6,"author":{"gitId":"Andrewzhang217"},"content":"        super(description);"},{"lineNumber":7,"author":{"gitId":"Andrewzhang217"},"content":"        this.by \u003d by;"},{"lineNumber":8,"author":{"gitId":"Andrewzhang217"},"content":"    }"},{"lineNumber":9,"author":{"gitId":"Andrewzhang217"},"content":""},{"lineNumber":10,"author":{"gitId":"Andrewzhang217"},"content":"    @Override"},{"lineNumber":11,"author":{"gitId":"Andrewzhang217"},"content":"    public String toString() {"},{"lineNumber":12,"author":{"gitId":"Andrewzhang217"},"content":"        return \"[D]\" + super.toString() + \" (by: \" + by + \")\";"},{"lineNumber":13,"author":{"gitId":"Andrewzhang217"},"content":"    }"},{"lineNumber":14,"author":{"gitId":"Andrewzhang217"},"content":"}"},{"lineNumber":15,"author":{"gitId":"Andrewzhang217"},"content":""}],"authorContributionMap":{"Andrewzhang217":15}},{"path":"src/main/java/Duke.java","fileType":"java","lines":[{"lineNumber":1,"author":{"gitId":"Andrewzhang217"},"content":"import java.util.Scanner;"},{"lineNumber":2,"author":{"gitId":"Andrewzhang217"},"content":"import java.util.ArrayList;"},{"lineNumber":3,"author":{"gitId":"Andrewzhang217"},"content":""},{"lineNumber":4,"author":{"gitId":"Andrewzhang217"},"content":""},{"lineNumber":5,"author":{"gitId":"-"},"content":"public class Duke {"},{"lineNumber":6,"author":{"gitId":"Andrewzhang217"},"content":""},{"lineNumber":7,"author":{"gitId":"Andrewzhang217"},"content":"    private ArrayList\u003cTask\u003e list;"},{"lineNumber":8,"author":{"gitId":"Andrewzhang217"},"content":"    private Duke(ArrayList\u003cTask\u003e list){"},{"lineNumber":9,"author":{"gitId":"Andrewzhang217"},"content":""},{"lineNumber":10,"author":{"gitId":"Andrewzhang217"},"content":"        this.list \u003d list;"},{"lineNumber":11,"author":{"gitId":"Andrewzhang217"},"content":""},{"lineNumber":12,"author":{"gitId":"Andrewzhang217"},"content":"    }"},{"lineNumber":13,"author":{"gitId":"Andrewzhang217"},"content":""},{"lineNumber":14,"author":{"gitId":"Andrewzhang217"},"content":"    public void greeting(){"},{"lineNumber":15,"author":{"gitId":"Andrewzhang217"},"content":"        System.out.println(\"Hello! I\u0027m Duke\");"},{"lineNumber":16,"author":{"gitId":"Andrewzhang217"},"content":"        System.out.println(\"What can I do for you?\");"},{"lineNumber":17,"author":{"gitId":"Andrewzhang217"},"content":"    }"},{"lineNumber":18,"author":{"gitId":"Andrewzhang217"},"content":""},{"lineNumber":19,"author":{"gitId":"Andrewzhang217"},"content":"    public void add(String input) throws DukeEmptyCommandException{"},{"lineNumber":20,"author":{"gitId":"Andrewzhang217"},"content":"        if(input.equals(\"todo\")){"},{"lineNumber":21,"author":{"gitId":"Andrewzhang217"},"content":"            throw new DukeEmptyCommandException(\"OOPS!!! The description of a todo cannot be empty.\");"},{"lineNumber":22,"author":{"gitId":"Andrewzhang217"},"content":"        } else if (input.equals(\"deadline\")){"},{"lineNumber":23,"author":{"gitId":"Andrewzhang217"},"content":"            throw new DukeEmptyCommandException(\"OOPS!!! The description of a deadline cannot be empty.\");"},{"lineNumber":24,"author":{"gitId":"Andrewzhang217"},"content":"        } else if (input.equals(\"event\")){"},{"lineNumber":25,"author":{"gitId":"Andrewzhang217"},"content":"            throw new DukeEmptyCommandException(\"OOPS!!! The description of an event cannot be empty.\");"},{"lineNumber":26,"author":{"gitId":"Andrewzhang217"},"content":"        } else {"},{"lineNumber":27,"author":{"gitId":"Andrewzhang217"},"content":"            Task t \u003d new Task(input);"},{"lineNumber":28,"author":{"gitId":"Andrewzhang217"},"content":"            this.list.add(t);"},{"lineNumber":29,"author":{"gitId":"Andrewzhang217"},"content":"            System.out.println(\"Got it. I\u0027ve added this task: \");"},{"lineNumber":30,"author":{"gitId":"Andrewzhang217"},"content":"            System.out.println(t.toString());"},{"lineNumber":31,"author":{"gitId":"Andrewzhang217"},"content":""},{"lineNumber":32,"author":{"gitId":"Andrewzhang217"},"content":"        }"},{"lineNumber":33,"author":{"gitId":"Andrewzhang217"},"content":"    }"},{"lineNumber":34,"author":{"gitId":"Andrewzhang217"},"content":""},{"lineNumber":35,"author":{"gitId":"Andrewzhang217"},"content":"    public void display(){"},{"lineNumber":36,"author":{"gitId":"Andrewzhang217"},"content":"        System.out.println(\"Here are the tasks in your list:\");"},{"lineNumber":37,"author":{"gitId":"Andrewzhang217"},"content":"        int len \u003d this.list.size();"},{"lineNumber":38,"author":{"gitId":"Andrewzhang217"},"content":"                for(int i \u003d 0; i \u003c len; i++){"},{"lineNumber":39,"author":{"gitId":"Andrewzhang217"},"content":"                    int index \u003d i + 1;"},{"lineNumber":40,"author":{"gitId":"Andrewzhang217"},"content":"                    Task t \u003d this.list.get(i);"},{"lineNumber":41,"author":{"gitId":"Andrewzhang217"},"content":"                    if(t instanceof Todo){"},{"lineNumber":42,"author":{"gitId":"Andrewzhang217"},"content":"                        Todo todo \u003d (Todo) t;"},{"lineNumber":43,"author":{"gitId":"Andrewzhang217"},"content":"                        System.out.println(index + \".\" + todo.toString());"},{"lineNumber":44,"author":{"gitId":"Andrewzhang217"},"content":"                    } else if ( t instanceof Event){"},{"lineNumber":45,"author":{"gitId":"Andrewzhang217"},"content":"                        Event event \u003d (Event) t;"},{"lineNumber":46,"author":{"gitId":"Andrewzhang217"},"content":"                        System.out.println(index + \".\" + event.toString());"},{"lineNumber":47,"author":{"gitId":"Andrewzhang217"},"content":"                    } else if ( t instanceof Deadline){"},{"lineNumber":48,"author":{"gitId":"Andrewzhang217"},"content":"                        Deadline deadline \u003d (Deadline) t;"},{"lineNumber":49,"author":{"gitId":"Andrewzhang217"},"content":"                        System.out.println(index + \".\" + deadline.toString());"},{"lineNumber":50,"author":{"gitId":"Andrewzhang217"},"content":"                    } else {"},{"lineNumber":51,"author":{"gitId":"Andrewzhang217"},"content":"                        System.out.println(index + \".\" + t.toString());"},{"lineNumber":52,"author":{"gitId":"Andrewzhang217"},"content":"                    }"},{"lineNumber":53,"author":{"gitId":"Andrewzhang217"},"content":""},{"lineNumber":54,"author":{"gitId":"Andrewzhang217"},"content":"                }"},{"lineNumber":55,"author":{"gitId":"Andrewzhang217"},"content":"    }"},{"lineNumber":56,"author":{"gitId":"Andrewzhang217"},"content":""},{"lineNumber":57,"author":{"gitId":"Andrewzhang217"},"content":"    public void markDone(int index){"},{"lineNumber":58,"author":{"gitId":"Andrewzhang217"},"content":""},{"lineNumber":59,"author":{"gitId":"Andrewzhang217"},"content":"        Task t \u003d this.list.get(index);"},{"lineNumber":60,"author":{"gitId":"Andrewzhang217"},"content":"        System.out.println(\"Nice! I\u0027ve marked this task as done: \");"},{"lineNumber":61,"author":{"gitId":"Andrewzhang217"},"content":"        System.out.println(t.toString());"},{"lineNumber":62,"author":{"gitId":"Andrewzhang217"},"content":"        this.list.set(index, t.markAsDone());"},{"lineNumber":63,"author":{"gitId":"Andrewzhang217"},"content":""},{"lineNumber":64,"author":{"gitId":"-"},"content":"    }"},{"lineNumber":65,"author":{"gitId":"Andrewzhang217"},"content":""},{"lineNumber":66,"author":{"gitId":"Andrewzhang217"},"content":"    public void delete(int index){"},{"lineNumber":67,"author":{"gitId":"Andrewzhang217"},"content":""},{"lineNumber":68,"author":{"gitId":"Andrewzhang217"},"content":"        Task t \u003d this.list.get(index);"},{"lineNumber":69,"author":{"gitId":"Andrewzhang217"},"content":"        System.out.println(\"Noted. I\u0027ve removed this task: \");"},{"lineNumber":70,"author":{"gitId":"Andrewzhang217"},"content":"        System.out.println(t.toString());"},{"lineNumber":71,"author":{"gitId":"Andrewzhang217"},"content":"        this.list.remove(index);"},{"lineNumber":72,"author":{"gitId":"Andrewzhang217"},"content":""},{"lineNumber":73,"author":{"gitId":"Andrewzhang217"},"content":"    }"},{"lineNumber":74,"author":{"gitId":"Andrewzhang217"},"content":"    public void bye(){"},{"lineNumber":75,"author":{"gitId":"Andrewzhang217"},"content":"        System.out.println(\"Bye. Hope to see you again soon!\");"},{"lineNumber":76,"author":{"gitId":"Andrewzhang217"},"content":"    }"},{"lineNumber":77,"author":{"gitId":"Andrewzhang217"},"content":""},{"lineNumber":78,"author":{"gitId":"Andrewzhang217"},"content":""},{"lineNumber":79,"author":{"gitId":"Andrewzhang217"},"content":""},{"lineNumber":80,"author":{"gitId":"Andrewzhang217"},"content":"    public static void main(String[] args) {"},{"lineNumber":81,"author":{"gitId":"Andrewzhang217"},"content":""},{"lineNumber":82,"author":{"gitId":"Andrewzhang217"},"content":"        Duke duke \u003d new Duke(new ArrayList\u003c\u003e());"},{"lineNumber":83,"author":{"gitId":"Andrewzhang217"},"content":""},{"lineNumber":84,"author":{"gitId":"Andrewzhang217"},"content":"        duke.greeting();"},{"lineNumber":85,"author":{"gitId":"Andrewzhang217"},"content":""},{"lineNumber":86,"author":{"gitId":"Andrewzhang217"},"content":"        Scanner sc \u003d new Scanner(System.in);"},{"lineNumber":87,"author":{"gitId":"Andrewzhang217"},"content":"        try{"},{"lineNumber":88,"author":{"gitId":"Andrewzhang217"},"content":"        while (sc.hasNext()) {"},{"lineNumber":89,"author":{"gitId":"Andrewzhang217"},"content":"            String input \u003d sc.nextLine();"},{"lineNumber":90,"author":{"gitId":"Andrewzhang217"},"content":""},{"lineNumber":91,"author":{"gitId":"Andrewzhang217"},"content":"            if (input.equals(\"bye\")) {"},{"lineNumber":92,"author":{"gitId":"Andrewzhang217"},"content":"                duke.bye();"},{"lineNumber":93,"author":{"gitId":"Andrewzhang217"},"content":"                break;"},{"lineNumber":94,"author":{"gitId":"Andrewzhang217"},"content":"            }"},{"lineNumber":95,"author":{"gitId":"Andrewzhang217"},"content":"            else if(input.equals(\"list\")) {"},{"lineNumber":96,"author":{"gitId":"Andrewzhang217"},"content":"                duke.display();"},{"lineNumber":97,"author":{"gitId":"Andrewzhang217"},"content":""},{"lineNumber":98,"author":{"gitId":"Andrewzhang217"},"content":"            } else if(input.startsWith(\"done\")){"},{"lineNumber":99,"author":{"gitId":"Andrewzhang217"},"content":"                String lastPart \u003d input.substring(5);"},{"lineNumber":100,"author":{"gitId":"Andrewzhang217"},"content":"                int index \u003d Integer.parseInt(lastPart) - 1;"},{"lineNumber":101,"author":{"gitId":"Andrewzhang217"},"content":"                duke.markDone(index);"},{"lineNumber":102,"author":{"gitId":"Andrewzhang217"},"content":""},{"lineNumber":103,"author":{"gitId":"Andrewzhang217"},"content":"            } else if(input.startsWith(\"delete\")){"},{"lineNumber":104,"author":{"gitId":"Andrewzhang217"},"content":"                String lastPart \u003d input.substring(7);"},{"lineNumber":105,"author":{"gitId":"Andrewzhang217"},"content":"                int index \u003d Integer.parseInt(lastPart) - 1;"},{"lineNumber":106,"author":{"gitId":"Andrewzhang217"},"content":"                duke.delete(index);"},{"lineNumber":107,"author":{"gitId":"Andrewzhang217"},"content":"                System.out.println(\"Now you have \" + duke.list.size() + \" tasks in the list.\" );"},{"lineNumber":108,"author":{"gitId":"Andrewzhang217"},"content":"            }"},{"lineNumber":109,"author":{"gitId":"Andrewzhang217"},"content":"            else if(input.startsWith(\"todo\")||input.startsWith(\"deadline\")||input.startsWith(\"event\")){"},{"lineNumber":110,"author":{"gitId":"Andrewzhang217"},"content":"                duke.add(input);"},{"lineNumber":111,"author":{"gitId":"Andrewzhang217"},"content":"                System.out.println(\"Now you have \" + duke.list.size() + \" tasks in the list.\" );"},{"lineNumber":112,"author":{"gitId":"Andrewzhang217"},"content":"            } else{"},{"lineNumber":113,"author":{"gitId":"Andrewzhang217"},"content":"                throw new DukeWrongCommandException(\"OOPS!!! I\u0027m sorry, but I don\u0027t know what that means :-(\");"},{"lineNumber":114,"author":{"gitId":"Andrewzhang217"},"content":"            }"},{"lineNumber":115,"author":{"gitId":"Andrewzhang217"},"content":"        }"},{"lineNumber":116,"author":{"gitId":"Andrewzhang217"},"content":"    } catch (DukeEmptyCommandException e){"},{"lineNumber":117,"author":{"gitId":"Andrewzhang217"},"content":"            System.out.println(e.toString());"},{"lineNumber":118,"author":{"gitId":"Andrewzhang217"},"content":"        } catch (DukeWrongCommandException w){"},{"lineNumber":119,"author":{"gitId":"Andrewzhang217"},"content":"            System.out.println(w.toString());"},{"lineNumber":120,"author":{"gitId":"Andrewzhang217"},"content":"        }"},{"lineNumber":121,"author":{"gitId":"-"},"content":"}"},{"lineNumber":122,"author":{"gitId":"-"},"content":"}"}],"authorContributionMap":{"-":4,"Andrewzhang217":118}},{"path":"src/main/java/DukeEmptyCommandException.java","fileType":"java","lines":[{"lineNumber":1,"author":{"gitId":"Andrewzhang217"},"content":"public class DukeEmptyCommandException extends IllegalArgumentException{"},{"lineNumber":2,"author":{"gitId":"Andrewzhang217"},"content":"    public DukeEmptyCommandException(String s){"},{"lineNumber":3,"author":{"gitId":"Andrewzhang217"},"content":"        super(s);"},{"lineNumber":4,"author":{"gitId":"Andrewzhang217"},"content":"    }"},{"lineNumber":5,"author":{"gitId":"Andrewzhang217"},"content":"}"}],"authorContributionMap":{"Andrewzhang217":5}},{"path":"src/main/java/DukeWrongCommandException.java","fileType":"java","lines":[{"lineNumber":1,"author":{"gitId":"Andrewzhang217"},"content":"public class DukeWrongCommandException extends IllegalArgumentException{"},{"lineNumber":2,"author":{"gitId":"Andrewzhang217"},"content":"    public DukeWrongCommandException (String s){"},{"lineNumber":3,"author":{"gitId":"Andrewzhang217"},"content":"        super(s);"},{"lineNumber":4,"author":{"gitId":"Andrewzhang217"},"content":"    }"},{"lineNumber":5,"author":{"gitId":"Andrewzhang217"},"content":"}"}],"authorContributionMap":{"Andrewzhang217":5}},{"path":"src/main/java/Event.java","fileType":"java","lines":[{"lineNumber":1,"author":{"gitId":"Andrewzhang217"},"content":"public class Event extends Task{"},{"lineNumber":2,"author":{"gitId":"Andrewzhang217"},"content":""},{"lineNumber":3,"author":{"gitId":"Andrewzhang217"},"content":"    protected String by;"},{"lineNumber":4,"author":{"gitId":"Andrewzhang217"},"content":""},{"lineNumber":5,"author":{"gitId":"Andrewzhang217"},"content":"    public Event(String description, String by) {"},{"lineNumber":6,"author":{"gitId":"Andrewzhang217"},"content":"        super(description);"},{"lineNumber":7,"author":{"gitId":"Andrewzhang217"},"content":"        this.by \u003d by;"},{"lineNumber":8,"author":{"gitId":"Andrewzhang217"},"content":"    }"},{"lineNumber":9,"author":{"gitId":"Andrewzhang217"},"content":""},{"lineNumber":10,"author":{"gitId":"Andrewzhang217"},"content":"    @Override"},{"lineNumber":11,"author":{"gitId":"Andrewzhang217"},"content":"    public String toString() {"},{"lineNumber":12,"author":{"gitId":"Andrewzhang217"},"content":"        return \"[E]\" + super.toString() + \" (by: \" + by + \")\";"},{"lineNumber":13,"author":{"gitId":"Andrewzhang217"},"content":"    }"},{"lineNumber":14,"author":{"gitId":"Andrewzhang217"},"content":"}"}],"authorContributionMap":{"Andrewzhang217":14}},{"path":"src/main/java/Task.java","fileType":"java","lines":[{"lineNumber":1,"author":{"gitId":"Andrewzhang217"},"content":"public class Task {"},{"lineNumber":2,"author":{"gitId":"Andrewzhang217"},"content":""},{"lineNumber":3,"author":{"gitId":"Andrewzhang217"},"content":"    protected String description;"},{"lineNumber":4,"author":{"gitId":"Andrewzhang217"},"content":"    protected boolean isDone;"},{"lineNumber":5,"author":{"gitId":"Andrewzhang217"},"content":""},{"lineNumber":6,"author":{"gitId":"Andrewzhang217"},"content":"    public Task(String description) {"},{"lineNumber":7,"author":{"gitId":"Andrewzhang217"},"content":"        this.description \u003d description;"},{"lineNumber":8,"author":{"gitId":"Andrewzhang217"},"content":"        this.isDone \u003d false;"},{"lineNumber":9,"author":{"gitId":"Andrewzhang217"},"content":"    }"},{"lineNumber":10,"author":{"gitId":"Andrewzhang217"},"content":""},{"lineNumber":11,"author":{"gitId":"Andrewzhang217"},"content":"    public Task(String description, boolean isDone){"},{"lineNumber":12,"author":{"gitId":"Andrewzhang217"},"content":"        this.description \u003d description;"},{"lineNumber":13,"author":{"gitId":"Andrewzhang217"},"content":"        this.isDone \u003d isDone;"},{"lineNumber":14,"author":{"gitId":"Andrewzhang217"},"content":"    }"},{"lineNumber":15,"author":{"gitId":"Andrewzhang217"},"content":""},{"lineNumber":16,"author":{"gitId":"Andrewzhang217"},"content":"    public boolean getIsDone(){"},{"lineNumber":17,"author":{"gitId":"Andrewzhang217"},"content":"        return this.isDone;"},{"lineNumber":18,"author":{"gitId":"Andrewzhang217"},"content":"    }"},{"lineNumber":19,"author":{"gitId":"Andrewzhang217"},"content":""},{"lineNumber":20,"author":{"gitId":"Andrewzhang217"},"content":"    public String getDescription(){"},{"lineNumber":21,"author":{"gitId":"Andrewzhang217"},"content":"        return this.description;"},{"lineNumber":22,"author":{"gitId":"Andrewzhang217"},"content":"    }"},{"lineNumber":23,"author":{"gitId":"Andrewzhang217"},"content":""},{"lineNumber":24,"author":{"gitId":"Andrewzhang217"},"content":"    public Task markAsDone(){"},{"lineNumber":25,"author":{"gitId":"Andrewzhang217"},"content":""},{"lineNumber":26,"author":{"gitId":"Andrewzhang217"},"content":"        String description \u003d this.getDescription();"},{"lineNumber":27,"author":{"gitId":"Andrewzhang217"},"content":""},{"lineNumber":28,"author":{"gitId":"Andrewzhang217"},"content":"        return new Task(description,true);"},{"lineNumber":29,"author":{"gitId":"Andrewzhang217"},"content":"    }"},{"lineNumber":30,"author":{"gitId":"Andrewzhang217"},"content":""},{"lineNumber":31,"author":{"gitId":"Andrewzhang217"},"content":"    public String getStatusIcon() {"},{"lineNumber":32,"author":{"gitId":"Andrewzhang217"},"content":"        return (isDone ? \"V\" : \"X\"); //return tick or X symbols"},{"lineNumber":33,"author":{"gitId":"Andrewzhang217"},"content":"    }"},{"lineNumber":34,"author":{"gitId":"Andrewzhang217"},"content":""},{"lineNumber":35,"author":{"gitId":"Andrewzhang217"},"content":""},{"lineNumber":36,"author":{"gitId":"Andrewzhang217"},"content":"    public String toString(){"},{"lineNumber":37,"author":{"gitId":"Andrewzhang217"},"content":"        return \"[\" + this.getStatusIcon() + \"]\" + this.getDescription();"},{"lineNumber":38,"author":{"gitId":"Andrewzhang217"},"content":"    }"},{"lineNumber":39,"author":{"gitId":"Andrewzhang217"},"content":""},{"lineNumber":40,"author":{"gitId":"Andrewzhang217"},"content":"}"}],"authorContributionMap":{"Andrewzhang217":40}},{"path":"src/main/java/Todo.java","fileType":"java","lines":[{"lineNumber":1,"author":{"gitId":"Andrewzhang217"},"content":"public class Todo extends Task {"},{"lineNumber":2,"author":{"gitId":"Andrewzhang217"},"content":""},{"lineNumber":3,"author":{"gitId":"Andrewzhang217"},"content":"    protected String by;"},{"lineNumber":4,"author":{"gitId":"Andrewzhang217"},"content":""},{"lineNumber":5,"author":{"gitId":"Andrewzhang217"},"content":"    public Todo(String description, String by) {"},{"lineNumber":6,"author":{"gitId":"Andrewzhang217"},"content":"        super(description);"},{"lineNumber":7,"author":{"gitId":"Andrewzhang217"},"content":"        this.by \u003d by;"},{"lineNumber":8,"author":{"gitId":"Andrewzhang217"},"content":"    }"},{"lineNumber":9,"author":{"gitId":"Andrewzhang217"},"content":""},{"lineNumber":10,"author":{"gitId":"Andrewzhang217"},"content":"    @Override"},{"lineNumber":11,"author":{"gitId":"Andrewzhang217"},"content":"    public String toString() {"},{"lineNumber":12,"author":{"gitId":"Andrewzhang217"},"content":"        return \"[T]\" + super.toString() + \" (by: \" + by + \")\";"},{"lineNumber":13,"author":{"gitId":"Andrewzhang217"},"content":"    }"},{"lineNumber":14,"author":{"gitId":"Andrewzhang217"},"content":"}"}],"authorContributionMap":{"Andrewzhang217":14}},{"path":"text-ui-test/input.txt","fileType":"txt","lines":[{"lineNumber":1,"author":{"gitId":"Andrewzhang217"},"content":"todo borrow book"},{"lineNumber":2,"author":{"gitId":"Andrewzhang217"},"content":"list"},{"lineNumber":3,"author":{"gitId":"Andrewzhang217"},"content":"deadline return book /by Sunday"},{"lineNumber":4,"author":{"gitId":"Andrewzhang217"},"content":"list"},{"lineNumber":5,"author":{"gitId":"Andrewzhang217"},"content":"event project meeting /at Mon 2-4pm"}],"authorContributionMap":{"Andrewzhang217":5}},{"path":"text-ui-test/runtest.sh","fileType":"sh","lines":[{"lineNumber":1,"author":{"gitId":"-"},"content":"#!/usr/bin/env bash"},{"lineNumber":2,"author":{"gitId":"-"},"content":""},{"lineNumber":3,"author":{"gitId":"-"},"content":"# create bin directory if it doesn\u0027t exist"},{"lineNumber":4,"author":{"gitId":"-"},"content":"if [ ! -d \"../bin\" ]"},{"lineNumber":5,"author":{"gitId":"-"},"content":"then"},{"lineNumber":6,"author":{"gitId":"-"},"content":"    mkdir ../bin"},{"lineNumber":7,"author":{"gitId":"-"},"content":"fi"},{"lineNumber":8,"author":{"gitId":"-"},"content":""},{"lineNumber":9,"author":{"gitId":"-"},"content":"# delete output from previous run"},{"lineNumber":10,"author":{"gitId":"Andrewzhang217"},"content":"if [ -e \"./output.TXT\" ]"},{"lineNumber":11,"author":{"gitId":"-"},"content":"then"},{"lineNumber":12,"author":{"gitId":"Andrewzhang217"},"content":"    rm output.txt"},{"lineNumber":13,"author":{"gitId":"-"},"content":"fi"},{"lineNumber":14,"author":{"gitId":"-"},"content":""},{"lineNumber":15,"author":{"gitId":"-"},"content":"# compile the code into the bin folder, terminates if error occurred"},{"lineNumber":16,"author":{"gitId":"-"},"content":"if ! javac -cp ../src/main/java -Xlint:none -d ../bin ../src/main/java/*.java"},{"lineNumber":17,"author":{"gitId":"-"},"content":"then"},{"lineNumber":18,"author":{"gitId":"-"},"content":"    echo \"********** BUILD FAILURE **********\""},{"lineNumber":19,"author":{"gitId":"-"},"content":"    exit 1"},{"lineNumber":20,"author":{"gitId":"-"},"content":"fi"},{"lineNumber":21,"author":{"gitId":"-"},"content":""},{"lineNumber":22,"author":{"gitId":"-"},"content":"# run the program, feed commands from input.txt file and redirect the output to the ACTUAL.TXT"},{"lineNumber":23,"author":{"gitId":"Andrewzhang217"},"content":"java -classpath ../bin Duke \u003c input.txt \u003e output.txt"},{"lineNumber":24,"author":{"gitId":"-"},"content":""},{"lineNumber":25,"author":{"gitId":"-"},"content":"# convert to UNIX format"},{"lineNumber":26,"author":{"gitId":"-"},"content":"cp EXPECTED.TXT EXPECTED-UNIX.TXT"},{"lineNumber":27,"author":{"gitId":"Andrewzhang217"},"content":"dos2unix output.txt OUTPUT-UNIX.TXT"},{"lineNumber":28,"author":{"gitId":"-"},"content":""},{"lineNumber":29,"author":{"gitId":"-"},"content":"# compare the output to the expected output"},{"lineNumber":30,"author":{"gitId":"Andrewzhang217"},"content":"diff output.txt EXPECTED-UNIX.TXT"},{"lineNumber":31,"author":{"gitId":"-"},"content":"if [ $? -eq 0 ]"},{"lineNumber":32,"author":{"gitId":"-"},"content":"then"},{"lineNumber":33,"author":{"gitId":"-"},"content":"    echo \"Test result: PASSED\""},{"lineNumber":34,"author":{"gitId":"-"},"content":"    exit 0"},{"lineNumber":35,"author":{"gitId":"-"},"content":"else"},{"lineNumber":36,"author":{"gitId":"-"},"content":"    echo \"Test result: FAILED\""},{"lineNumber":37,"author":{"gitId":"-"},"content":"    exit 1"},{"lineNumber":38,"author":{"gitId":"-"},"content":"fi"}],"authorContributionMap":{"-":33,"Andrewzhang217":5}}]
