{"authorDailyContributionsMap":{"yutingzou":[{"date":"2021-01-20","commitResults":[{"hash":"07936694cc00f9e7fa438b5dc28a3c718c78ca6a","messageTitle":"add Level 1 - Greet, Echo, Exit","messageBody":"","tags":["Level-1"],"fileTypesAndContributionMap":{"java":{"insertions":27,"deletions":0}}},{"hash":"8fb8ebc2a4938738280b8e0c53b5e1989b5c9168","messageTitle":"add Level 2 - Add, List","messageBody":"","tags":["Level-2"],"fileTypesAndContributionMap":{"java":{"insertions":13,"deletions":2}}},{"hash":"daec8abea1a64a4a523b241dceb06573ff7b3a80","messageTitle":"add Level 3 - Mark as Done","messageBody":"","tags":["Level-3"],"fileTypesAndContributionMap":{"java":{"insertions":54,"deletions":14}}},{"hash":"5dc4d2c87b27cb53acebcedddd6c39800628dad8","messageTitle":"add Level 4 - ToDos, Events, Deadlines","messageBody":"","tags":["Level-4"],"fileTypesAndContributionMap":{"java":{"insertions":128,"deletions":17}}}]},{"date":"2021-01-21","commitResults":[{"hash":"b89846dbc72ea23296721eb19d69fb74c8aa3814","messageTitle":"add Level 6 - Delete","messageBody":"","fileTypesAndContributionMap":{"txt":{"insertions":0,"deletions":0},"java":{"insertions":84,"deletions":50},"sh":{"insertions":2,"deletions":2}}},{"hash":"aa23d3745194271bdf8112bafb4aa7425cfb4612","messageTitle":"add Level 5 - Handle Errors; organise functions","messageBody":"","tags":["Level-5"],"fileTypesAndContributionMap":{"java":{"insertions":147,"deletions":113}}},{"hash":"67400b85bb52bf8b82c6250a0984350a10049269","messageTitle":"v1.0","messageBody":"","fileTypesAndContributionMap":{"java":{"insertions":6,"deletions":26}}},{"hash":"929cbdfaf7c63c325ad2aa0277ed5e1e0eff83ff","messageTitle":"v2.0 - handle more exceptions","messageBody":"","fileTypesAndContributionMap":{"java":{"insertions":97,"deletions":33}}},{"hash":"d0f3d1d248192002fa80fa258830a5063499d41a","messageTitle":"handle more exceptions","messageBody":"","fileTypesAndContributionMap":{"java":{"insertions":26,"deletions":47}}},{"hash":"4915452653a182e1df3b2ddac2f1f4673ed46bcb","messageTitle":"edit input.txt, EXPECTED.txt","messageBody":"","fileTypesAndContributionMap":{"txt":{"insertions":12,"deletions":0},"java":{"insertions":63,"deletions":33}}},{"hash":"7f8931f0a73bc5cbb063fb2950ec8cecbbbf53f5","messageTitle":"edit input.txt, EXPECTED.txt","messageBody":"","tags":["A-TextUiTesting"],"fileTypesAndContributionMap":{"txt":{"insertions":0,"deletions":0},"java":{"insertions":5,"deletions":5}}},{"hash":"871e09f81250525b66a500e005e98813d6ef44e2","messageTitle":"handle more exceptions","messageBody":"","fileTypesAndContributionMap":{"java":{"insertions":31,"deletions":22}}}]},{"date":"2021-01-25","commitResults":[{"hash":"b2070a6c05050aa3462bdb09a917cd953adabe98","messageTitle":"Add Level 7 - Save","messageBody":"","fileTypesAndContributionMap":{"java":{"insertions":121,"deletions":53}}},{"hash":"7a4bbc4240daad7a4649015b19a64ece6eb2e75f","messageTitle":"Add Level-8 Dates and Times","messageBody":"","fileTypesAndContributionMap":{"java":{"insertions":48,"deletions":11}}}]},{"date":"2021-01-26","commitResults":[{"hash":"3e4b26183e395c02ff0e860dd6e2a5bcc1fc6bc1","messageTitle":"Edit FileReading.java","messageBody":"","tags":["Level-7"],"fileTypesAndContributionMap":{"java":{"insertions":94,"deletions":9}}},{"hash":"96b2fb3508ae4dfc536deeabecbe9d0029e34b45","messageTitle":"Add Ui.java","messageBody":"","fileTypesAndContributionMap":{"java":{"insertions":203,"deletions":69}}},{"hash":"e7a45a33586f08d4f9abff7177bf2a7615564616","messageTitle":"Add TaskList.java","messageBody":"","fileTypesAndContributionMap":{"txt":{"insertions":1,"deletions":0},"java":{"insertions":60,"deletions":30}}},{"hash":"b30707aed209aa53ce50dc1c8249b7378acd6a8f","messageTitle":"Edit TaskList.java and Ui.java","messageBody":"","fileTypesAndContributionMap":{"java":{"insertions":99,"deletions":7}}},{"hash":"400f59e227fc2292528d31f212f30b43d5d804ca","messageTitle":"Add Parser.java","messageBody":"","fileTypesAndContributionMap":{"java":{"insertions":148,"deletions":11}}},{"hash":"9df91c3cb873d8c81a831414b56cc5092ffc921d","messageTitle":"Add Storage.java","messageBody":"","fileTypesAndContributionMap":{"java":{"insertions":11,"deletions":0}}},{"hash":"4f2da0d807e66ea3b19b7f286d976bbda4d01e53","messageTitle":"Update Duke.java","messageBody":"","fileTypesAndContributionMap":{"java":{"insertions":224,"deletions":112}}},{"hash":"8c248dff358e2cce0d570d8ac5a17d0b38862f61","messageTitle":"Edit Parser.java","messageBody":"","fileTypesAndContributionMap":{"java":{"insertions":154,"deletions":117}}},{"hash":"d9df5e77cedcb0c1b878cde9414d83b4f4ef2fc9","messageTitle":"Edit Parser.java","messageBody":"","fileTypesAndContributionMap":{"java":{"insertions":67,"deletions":38}}},{"hash":"3e5d1f4baad41f0fd2b686e98eb2bf4d96fee81b","messageTitle":"Edit TaskList.java","messageBody":"","fileTypesAndContributionMap":{"txt":{"insertions":1,"deletions":1},"java":{"insertions":51,"deletions":16}}},{"hash":"4981d518569d4f61aca5eb20b5d195ed6fd6cbc9","messageTitle":"Edit TaskList.java","messageBody":"","fileTypesAndContributionMap":{"java":{"insertions":7,"deletions":7}}},{"hash":"be2d8e5605fcf863fc2b1afedff0f1409d297e56","messageTitle":"Edit Parser.java","messageBody":"","fileTypesAndContributionMap":{"java":{"insertions":14,"deletions":18}}},{"hash":"d6622a4c62c9725c0a4a8c9a482264bf859b4c2e","messageTitle":"Edit Parser.java","messageBody":"","tags":["A-MoreOOP"],"fileTypesAndContributionMap":{"java":{"insertions":1,"deletions":1}}}]},{"date":"2021-01-27","commitResults":[{"hash":"be3931cbcb22e79dbed2e76925c88d3dfd46685c","messageTitle":"Add DukeTest.java","messageBody":"","tags":["A-JUnit"],"fileTypesAndContributionMap":{"txt":{"insertions":0,"deletions":0},"java":{"insertions":57,"deletions":1}}},{"hash":"2898bc173e5bd26d52e5319e68d825ba650ac271","messageTitle":"Remove commented lines","messageBody":"","fileTypesAndContributionMap":{"txt":{"insertions":1,"deletions":0},"java":{"insertions":22,"deletions":524}}},{"hash":"fd2e65efdf276afbca4295b79334449448f31e30","messageTitle":"debug","messageBody":"","fileTypesAndContributionMap":{"java":{"insertions":2,"deletions":3}}},{"hash":"c15b9ef029b493901ea016735b72be326ec06a54","messageTitle":"Add find()","messageBody":"","fileTypesAndContributionMap":{"java":{"insertions":16,"deletions":0}}},{"hash":"9f8a68bd15a89276146de37b6cd84860046e073d","messageTitle":"Add Level-9 Find","messageBody":"","fileTypesAndContributionMap":{"txt":{"insertions":3,"deletions":0},"java":{"insertions":30,"deletions":6}}},{"hash":"760816ad0f34ea1e9a8c0f377a7f83d5454b80ac","messageTitle":"Create Jar","messageBody":"","tags":["v1.0","A-Jar"],"fileTypesAndContributionMap":{"java":{"insertions":2,"deletions":1}}},{"hash":"3ccb845c2e245e1bceea8658bd61eb0d5c5c86b0","messageTitle":"Debug","messageBody":"","tags":["Level-9"],"fileTypesAndContributionMap":{"java":{"insertions":1,"deletions":10}}},{"hash":"6d294a6ffa7ac46e1178e7beaa0b19528b0427c2","messageTitle":"Add JavaDoc comments","messageBody":"","fileTypesAndContributionMap":{"java":{"insertions":129,"deletions":14}}},{"hash":"c89c53173ed1091fab1af33c175ecdaccff9bfd5","messageTitle":"Comply code with a CodingStandard","messageBody":"","fileTypesAndContributionMap":{"java":{"insertions":166,"deletions":86}}}]},{"date":"2021-01-31","commitResults":[{"hash":"204753ed19283a9120ac51bd1d0ed4e408484cae","messageTitle":"Add TaskManager, TaskAction, TaskResult","messageBody":"","fileTypesAndContributionMap":{"txt":{"insertions":6,"deletions":2},"java":{"insertions":406,"deletions":179}}}]},{"date":"2021-02-02","commitResults":[{"hash":"3e6af0cb2106e146b735e5a8df915af539fd65c4","messageTitle":"Add simple GUI","messageBody":"","fileTypesAndContributionMap":{"gradle":{"insertions":23,"deletions":2},"txt":{"insertions":1,"deletions":0},"java":{"insertions":245,"deletions":36}}},{"hash":"d00523bbcff8ad0635e4d00a7246ab7dd337abc7","messageTitle":"Improve GUI - Add Scrollbar","messageBody":"","fileTypesAndContributionMap":{"txt":{"insertions":1,"deletions":3},"java":{"insertions":45,"deletions":37}}},{"hash":"a6d81c80795c5469b2d821f7e6c454e92366230b","messageTitle":"Remove commented lines","messageBody":"","tags":["Level-10"],"fileTypesAndContributionMap":{"java":{"insertions":14,"deletions":109}}}]},{"date":"2021-02-03","commitResults":[{"hash":"58995809187baf75ce292e7313ec6a565810ccb0","messageTitle":"Improve based on Coding Standard","messageBody":"","fileTypesAndContributionMap":{"gradle":{"insertions":0,"deletions":9},"txt":{"insertions":0,"deletions":1},"java":{"insertions":26,"deletions":97}}}]}]},"authorFileTypeContributionMap":{"yutingzou":{"java":1184,"md":0,"fxml":36,"sh":2,"bat":0,"gradle":14,"txt":19}},"authorContributionVariance":{"yutingzou":162718.98},"authorDisplayNameMap":{"yutingzou":"CS2103-T14-3 ZOU ..TING"}}
