{"authorDailyContributionsMap":{"Prabhakaran-Gokul":[{"date":"2021-01-18","commitResults":[{"hash":"b3e952720455f1067f6aad81142b201b692911f6","messageTitle":"created chatbot that echos user inputs","messageBody":"","tags":["Level-1"],"fileTypesAndContributionMap":{"java":{"insertions":29,"deletions":0}}}]},{"date":"2021-01-19","commitResults":[{"hash":"2438319e7867c1b83247aad77acf625ac9a9a604","messageTitle":"added the feature to store and display text entered by user","messageBody":"","tags":["Level-2"],"fileTypesAndContributionMap":{"java":{"insertions":40,"deletions":5}}},{"hash":"acc3701df4912fbaca52dbff7f72dd70600a1fc8","messageTitle":"added the ability to mark tasks as done","messageBody":"","tags":["Level-3"],"fileTypesAndContributionMap":{"java":{"insertions":42,"deletions":6}}}]},{"date":"2021-01-20","commitResults":[{"hash":"533c582c9ca0f3368c32e07c6e29b83d34e779ed","messageTitle":"Add Support for tracking Todos, Deadlines and Events Tasks","messageBody":"","fileTypesAndContributionMap":{"java":{"insertions":29,"deletions":28}}},{"hash":"19c254b888142eb78921681426038b58ec24a31c","messageTitle":"Add Task classes to track Todos, Events and Deadlines","messageBody":"","tags":["Level-4"],"fileTypesAndContributionMap":{"java":{"insertions":93,"deletions":0}}},{"hash":"d14e9f1513736501eef2627b59f46104fd4ca357","messageTitle":"Automate testing of text Duke","messageBody":"","tags":["A-TextUiTesting"],"fileTypesAndContributionMap":{"txt":{"insertions":12,"deletions":0},"java":{"insertions":4,"deletions":4}}},{"hash":"54c45512c32f0189327cd15c5e34726d9855d4a2","messageTitle":"Teach Duke to deal with errors such as incorrect inputs entered by the user","messageBody":"","tags":["Level-5"],"fileTypesAndContributionMap":{"java":{"insertions":61,"deletions":21}}},{"hash":"ddd23c6f4219c97a07e693fbd5af8604b9f3780c","messageTitle":"Add support for deleting tasks from the list","messageBody":"","tags":["Level-6"],"fileTypesAndContributionMap":{"java":{"insertions":24,"deletions":1}}}]},{"date":"2021-01-27","commitResults":[{"hash":"6a2ff93fe9ffd3f0adb0c758c6f1c6167c0ed5f5","messageTitle":"Add feature to save and load Tasks from the local disk","messageBody":"","fileTypesAndContributionMap":{"txt":{"insertions":5,"deletions":0},"java":{"insertions":200,"deletions":36}}},{"hash":"2790dd2043c464f46629aa0a3b585dc222162bcb","messageTitle":"Add functionality to understand data and time","messageBody":"","fileTypesAndContributionMap":{"java":{"insertions":50,"deletions":1}}},{"hash":"69ecdd187f42a0c352e048052f8b19d9dd1400e2","messageTitle":"Use Ui class to abstract out the ui portion of Duke","messageBody":"","tags":["A-MoreOOP"],"fileTypesAndContributionMap":{"txt":{"insertions":1,"deletions":2},"java":{"insertions":68,"deletions":43}}},{"hash":"0213dcf2d48cc7e90fcf18f4c1beb06f44cf1845","messageTitle":"Add JUnit tests to test behavious of the code","messageBody":"","tags":["v0.1","A-JUnit"],"fileTypesAndContributionMap":{"java":{"insertions":83,"deletions":2}}},{"hash":"a4d71d05028120a2ae25a19c7e2bf400fb48baa8","messageTitle":"Fix bug of data folder not found when running jar file","messageBody":"","fileTypesAndContributionMap":{"txt":{"insertions":1,"deletions":0},"java":{"insertions":2,"deletions":1}}},{"hash":"c5912ea5b7004a4c5a9c7a3e968fbf949914c140","messageTitle":"Add java docs","messageBody":"","fileTypesAndContributionMap":{"java":{"insertions":103,"deletions":4}}},{"hash":"e8da2c169123217fe9581d5a50c9135d72a65130","messageTitle":"Fix code to follow coding standard","messageBody":"","fileTypesAndContributionMap":{"java":{"insertions":46,"deletions":46}}},{"hash":"246b96fffe412536e86571ac10600810a544d34f","messageTitle":"Add feature to find tasks in the task list","messageBody":"","fileTypesAndContributionMap":{"java":{"insertions":27,"deletions":0}}}]}]},"authorFileTypeContributionMap":{"Prabhakaran-Gokul":{"java":704,"md":0,"fxml":0,"sh":0,"bat":0,"gradle":0,"txt":18}},"authorContributionVariance":{"Prabhakaran-Gokul":31310.107},"authorDisplayNameMap":{"Prabhakaran-Gokul":"- PRAB..OKUL"}}
