{"authorDailyContributionsMap":{"SiTingST":[{"date":"2021-01-17","commitResults":[{"hash":"7ac6da9e7bb45a80029cdfbe4d00fbd1d88f904a","messageTitle":"Completed Level 1","messageBody":"","tags":["Level-1"],"fileTypesAndContributionMap":{"java":{"insertions":29,"deletions":3}}},{"hash":"c308eb2c8f14342a0e7a225f25a6365e4a3c569e","messageTitle":"completed level 2","messageBody":"","tags":["Level-2"],"fileTypesAndContributionMap":{"java":{"insertions":25,"deletions":6}}},{"hash":"beec553301ca65ca44f54e5e66a757e64c25c39d","messageTitle":"Completed level 3, mark as done","messageBody":"","tags":["Level-3"],"fileTypesAndContributionMap":{"java":{"insertions":62,"deletions":20}}},{"hash":"2b79c834f57c220e83b69aecdc86fe655d35256c","messageTitle":"Completed Level 4","messageBody":"","tags":["Level-4","A-TextUiTesting"],"fileTypesAndContributionMap":{"java":{"insertions":103,"deletions":9}}}]},{"date":"2021-01-18","commitResults":[{"hash":"428ef7139b760271aaa49014ecba8174ddd64277","messageTitle":"Completed Level 5. Handle Errors","messageBody":"","fileTypesAndContributionMap":{"txt":{"insertions":7,"deletions":0},"java":{"insertions":57,"deletions":38},"bat":{"insertions":1,"deletions":0}}},{"hash":"88163f35daf3bf85098d786a13e30cd75fdd84a6","messageTitle":"completed Level 5","messageBody":"","tags":["Level-5"],"fileTypesAndContributionMap":{"java":{"insertions":106,"deletions":40}}},{"hash":"142697edba1003dcd9c9a679852e60dfa2f1ba78","messageTitle":"Level 6","messageBody":"","tags":["Level-6"],"fileTypesAndContributionMap":{"java":{"insertions":29,"deletions":17}}}]},{"date":"2021-01-19","commitResults":[{"hash":"367de3b6056e7c663b220f79d7042f8f214b3267","messageTitle":"Updated level 6","messageBody":"","fileTypesAndContributionMap":{"java":{"insertions":9,"deletions":10}}}]},{"date":"2021-01-25","commitResults":[{"hash":"c26ae49a43bc8a13efb2fef25e839b4b76e46a67","messageTitle":"Add level 7","messageBody":"","fileTypesAndContributionMap":{"txt":{"insertions":3,"deletions":0},"java":{"insertions":172,"deletions":28}}},{"hash":"acec480da4676c0924d3dc1629b1333fb70ada76","messageTitle":"Add level 8","messageBody":"","fileTypesAndContributionMap":{"java":{"insertions":44,"deletions":16}}},{"hash":"e7fc3bb60ab6dd539dcbf7a9eaef5adf0cf35a38","messageTitle":"redo level 7 and 8","messageBody":"","fileTypesAndContributionMap":{"txt":{"insertions":0,"deletions":3},"java":{"insertions":0,"deletions":422}}},{"hash":"8104a3eb43725a1a5455d24bee6b3313ed730310","messageTitle":"add back accidentally deleted files","messageBody":"","fileTypesAndContributionMap":{"java":{"insertions":288,"deletions":0}}},{"hash":"d9869fe51ab4fa575752eff24bc4ee302921cc95","messageTitle":"Add level 7","messageBody":"","fileTypesAndContributionMap":{"txt":{"insertions":2,"deletions":0},"java":{"insertions":193,"deletions":50}}},{"hash":"1b193946f04f12b79bea8862b55d6114ed9b9ba8","messageTitle":"Add A-MoreOOP","messageBody":"","fileTypesAndContributionMap":{"txt":{"insertions":1,"deletions":0},"java":{"insertions":667,"deletions":264}}},{"hash":"6f716b74e17a53f1905a2b670a6c3e0aa1e1a146","messageTitle":"Add more packages to project","messageBody":"","tags":["A-Packages"],"fileTypesAndContributionMap":{"java":{"insertions":76,"deletions":30}}}]},{"date":"2021-01-26","commitResults":[{"hash":"b2cf440dd3ceb9b9e928278d9b342833c69240ff","messageTitle":"Add J-units test","messageBody":"","fileTypesAndContributionMap":{"java":{"insertions":13,"deletions":0}}},{"hash":"f1948850b97a8a886281903112e63c5e8940ff96","messageTitle":"Add J Units","messageBody":"","tags":["A-JUnit"],"fileTypesAndContributionMap":{"java":{"insertions":51,"deletions":9}}},{"hash":"a92e7b5f4e78cce24d5cb0e195a705041e3a530c","messageTitle":"Update exception in storage class","messageBody":"","tags":["A-Jar"],"fileTypesAndContributionMap":{"java":{"insertions":1,"deletions":2}}},{"hash":"d71ddcc679981e35eaf494655cdbe576b7cc4dbe","messageTitle":"Added javadocs","messageBody":"","tags":["A-JavaDoc"],"fileTypesAndContributionMap":{"java":{"insertions":340,"deletions":15}}},{"hash":"ffce9b44eca6f820772f887740fdd031c8ca74bf","messageTitle":"Update files to match coding standard","messageBody":"","fileTypesAndContributionMap":{"java":{"insertions":39,"deletions":53}}},{"hash":"78a9ca494d4ace8fb7f6d196540b8ad36acd9dad","messageTitle":"Add find function to duke","messageBody":"","fileTypesAndContributionMap":{"txt":{"insertions":3,"deletions":0},"java":{"insertions":73,"deletions":25}}},{"hash":"2bc2cff0cc8444c0a372937c883b68e6f63aef5b","messageTitle":"Update level 9","messageBody":"","tags":["Level-9"],"fileTypesAndContributionMap":{"txt":{"insertions":1,"deletions":0},"java":{"insertions":42,"deletions":33}}},{"hash":"19d428a8d9f5c005ef1b9dfb4ee0ef511b68e66d","messageTitle":"Remove comments","messageBody":"","tags":["branch-Level-7"],"fileTypesAndContributionMap":{"java":{"insertions":0,"deletions":3}}},{"hash":"888ac916e1146cfab00a4564ddf6d14a44782eff","messageTitle":"Check files against checkstyle check","messageBody":"","fileTypesAndContributionMap":{"java":{"insertions":0,"deletions":0}}},{"hash":"127a086032e73ac12d90acb0f52567ed7b98724a","messageTitle":"Check files against checkstyle","messageBody":"","fileTypesAndContributionMap":{"txt":{"insertions":1,"deletions":1},"java":{"insertions":203,"deletions":196}}},{"hash":"1fe3874319b14e2aea2a45dcca56fbb7bcd205c5","messageTitle":"Solve bugs in find function","messageBody":"","fileTypesAndContributionMap":{"txt":{"insertions":1,"deletions":5},"java":{"insertions":6,"deletions":3}}},{"hash":"0501a1fe486e0b111098bcd1702f5b436cd63a01","messageTitle":"Rever to previous levels to add tags (A-MoreOOP tag)","messageBody":"","tags":["A-MoreOOP"],"fileTypesAndContributionMap":{"txt":{"insertions":1,"deletions":1},"java":{"insertions":783,"deletions":1030}}},{"hash":"ebb551cc5173a6b037f3912c74e4a71c7f0f0183","messageTitle":"Reverted back to level 8 to add tag (branch-level-8 tag)","messageBody":"","tags":["branch-Level-8"],"fileTypesAndContributionMap":{"txt":{"insertions":0,"deletions":1},"java":{"insertions":14,"deletions":599}}}]},{"date":"2021-01-27","commitResults":[{"hash":"efc8492ec9ea0d0a73d0c8eeb4abb8fcf03398c8","messageTitle":"Revert \"Reverted back to level 8 to add tag (branch-level-8 tag)\"","messageBody":"This reverts commit ebb551cc5173a6b037f3912c74e4a71c7f0f0183.\n","fileTypesAndContributionMap":{"txt":{"insertions":1,"deletions":0},"java":{"insertions":599,"deletions":14}}},{"hash":"0770935282d91a70fcf099ed7f23db1627d0e556","messageTitle":"Update to level 9 with java docs and checked against checkstyle","messageBody":"","tags":["A-CheckStyle"],"fileTypesAndContributionMap":{"txt":{"insertions":1,"deletions":1},"java":{"insertions":1095,"deletions":2}}}]},{"date":"2021-01-30","commitResults":[{"hash":"b0ddbda71340511beb75bfeb1ab00849c36316af","messageTitle":"Add gradle","messageBody":"","fileTypesAndContributionMap":{"gradle":{"insertions":46,"deletions":0},"txt":{"insertions":0,"deletions":1},"java":{"insertions":0,"deletions":1993},"bat":{"insertions":103,"deletions":0}}},{"hash":"f6e0dece5dcccdf3ec7d92b8b3e9d1ed908a9846","messageTitle":"Add gradle","messageBody":"","tags":["A-Gradle"],"fileTypesAndContributionMap":{"gradle":{"insertions":3,"deletions":1},"txt":{"insertions":1,"deletions":0},"java":{"insertions":1148,"deletions":0}}}]},{"date":"2021-01-31","commitResults":[{"hash":"f95e0897ae66defa2d141c5f6f9ac0e0b0d57626","messageTitle":"Add GUI to duke","messageBody":"","tags":["Level-10"],"fileTypesAndContributionMap":{"gradle":{"insertions":16,"deletions":3},"txt":{"insertions":2,"deletions":0},"java":{"insertions":341,"deletions":206}}}]},{"date":"2021-02-05","commitResults":[{"hash":"56cd67c4bdd685796480d2f4ca5a8c4b2e668f24","messageTitle":"Add edits to try out merging PR","messageBody":"","fileTypesAndContributionMap":{"txt":{"insertions":1,"deletions":0},"java":{"insertions":2,"deletions":3}}},{"hash":"aac704bae93b599b350495e17d63282ffbcef4fc","messageTitle":"Added Java Assertion","messageBody":"","tags":["A-Assertion"],"fileTypesAndContributionMap":{"java":{"insertions":1,"deletions":0}}},{"hash":"7bf71e0fa26f42017451e31d19ccded24ff8f46a","messageTitle":"Improve code quality","messageBody":"","tags":["A-CodeQuality"],"fileTypesAndContributionMap":{"java":{"insertions":9,"deletions":18}}}]},{"date":"2021-02-06","commitResults":[{"hash":"4495ddc81fb13124c100aef31036ea2ff86c9e78","messageTitle":"Added C-DetectDuplicates","messageBody":"","fileTypesAndContributionMap":{"txt":{"insertions":2,"deletions":3},"java":{"insertions":71,"deletions":12}}}]},{"date":"2021-02-09","commitResults":[{"hash":"09732663cd83f59e779086f130d1b632b1d7b875","messageTitle":"Improved code quality and fix bug","messageBody":"","fileTypesAndContributionMap":{"txt":{"insertions":3,"deletions":3},"java":{"insertions":44,"deletions":29}}},{"hash":"72df67fd14eafe799d45e97a27723d69b496d8c0","messageTitle":"Added more assertions","messageBody":"","fileTypesAndContributionMap":{"java":{"insertions":11,"deletions":9}}}]},{"date":"2021-02-15","commitResults":[{"hash":"67d7817bd5cf98169159276b5ecf801c1bf67a61","messageTitle":"Update GUI","messageBody":"","tags":["A-BetterGUI"],"fileTypesAndContributionMap":{"txt":{"insertions":1,"deletions":0},"java":{"insertions":23,"deletions":6}}},{"hash":"34a611eb079a78c97b89f0162bef98f375a89210","messageTitle":"Update README.md","messageBody":"","fileTypesAndContributionMap":{"md":{"insertions":4,"deletions":0}}},{"hash":"040cc3f81fe040d72bc570730a45a0c384ca320b","messageTitle":"Update README.md","messageBody":"","fileTypesAndContributionMap":{"md":{"insertions":189,"deletions":1}}},{"hash":"3b5c9ad6fa2b1eba1b5fca8c80b262336aa39e58","messageTitle":"Update README.md","messageBody":"","fileTypesAndContributionMap":{"md":{"insertions":22,"deletions":167}}}]},{"date":"2021-02-16","commitResults":[{"hash":"a0e77b9487bc4826bec569284e6fe4e5d50e6840","messageTitle":"Update ReadMe","messageBody":"","fileTypesAndContributionMap":{"md":{"insertions":79,"deletions":17}}},{"hash":"204e4f3930eaae18dcb383241977cc1f6b10cee1","messageTitle":"Update README.md","messageBody":"","fileTypesAndContributionMap":{"md":{"insertions":4,"deletions":7}}},{"hash":"6391c8dbd7666418ae77c5d64d9ab98329618bed","messageTitle":"Updated ReadMe with images","messageBody":"","fileTypesAndContributionMap":{"md":{"insertions":10,"deletions":9}}},{"hash":"14cb971ffd67dd3669dd2a71494067bf5020384e","messageTitle":"Updated Javadocs and fixed bugs","messageBody":"","tags":["A-UserGuide","A-Release"],"fileTypesAndContributionMap":{"txt":{"insertions":0,"deletions":4},"java":{"insertions":375,"deletions":318}}},{"hash":"d587a480f2109446ea7fa2468383bfdb6f1a78cc","messageTitle":"Update ReadMe with new images","messageBody":"","fileTypesAndContributionMap":{"md":{"insertions":12,"deletions":12}}},{"hash":"d2639066e0728d8afd6968aa7079b6f1d4f9e0a0","messageTitle":"Change formatting in ReadMe","messageBody":"","fileTypesAndContributionMap":{"md":{"insertions":11,"deletions":8}}},{"hash":"73a0845497e07bbb4010df00416ab550ef0ec323","messageTitle":"Added more spacing","messageBody":"","fileTypesAndContributionMap":{"md":{"insertions":9,"deletions":6}}},{"hash":"76ee956e4265db3326ddec19ef55e919cba9974f","messageTitle":"Correct some spelling and grammar error","messageBody":"","fileTypesAndContributionMap":{"md":{"insertions":10,"deletions":10}}},{"hash":"c41f52882da569d47da4542fcf79a6ddfb6aefff","messageTitle":"Attempt to fix the layout of READme","messageBody":"","fileTypesAndContributionMap":{"md":{"insertions":5,"deletions":5}}},{"hash":"5c6152f35dcd80d7839b66616da84bf51be1927a","messageTitle":"Update README","messageBody":"","fileTypesAndContributionMap":{"md":{"insertions":31,"deletions":37}}}]},{"date":"2021-02-17","commitResults":[{"hash":"abf9272d70e52243a8c440a2a8e823a15407e58a","messageTitle":"Update README.md","messageBody":"","fileTypesAndContributionMap":{"md":{"insertions":35,"deletions":29}}},{"hash":"ba12198c17e150b9d63bd5c829657d00ad8d0d75","messageTitle":"Update README.md","messageBody":"","fileTypesAndContributionMap":{"md":{"insertions":14,"deletions":7}}},{"hash":"a4ceb0dab710ccb886a14be078518cfe1cf364d2","messageTitle":"Update README.md","messageBody":"","fileTypesAndContributionMap":{"md":{"insertions":0,"deletions":1}}},{"hash":"ef454a523bf4586788bc7f99c8ea540d9cf9472d","messageTitle":"Update some checkstyle","messageBody":"","fileTypesAndContributionMap":{"java":{"insertions":54,"deletions":61}}},{"hash":"d4ca1152d3e425b6ad2863dd0a3dc4ec31193afa","messageTitle":"Remove redundant codes","messageBody":"","fileTypesAndContributionMap":{"java":{"insertions":0,"deletions":7}}},{"hash":"34abeb2e961669eb3fce008960712992b3731252","messageTitle":"Update README.md","messageBody":"","fileTypesAndContributionMap":{"md":{"insertions":3,"deletions":3}}},{"hash":"a516ce69458d4b2c7b5c4acef1487b5da69d8b3b","messageTitle":"Update README.md","messageBody":"","fileTypesAndContributionMap":{"md":{"insertions":3,"deletions":3}}},{"hash":"b43882624f8b7d05b741fea79056e964cca3566c","messageTitle":"Update README.md","messageBody":"","fileTypesAndContributionMap":{"md":{"insertions":5,"deletions":5}}},{"hash":"8f946c35bb5344c528833e92e9d12d20d7e6b3f6","messageTitle":"Update README.md","messageBody":"","fileTypesAndContributionMap":{"md":{"insertions":1,"deletions":1}}},{"hash":"26c85b6e81da7f497dc8ec94583a3bf47537f3d7","messageTitle":"Update README.md","messageBody":"","fileTypesAndContributionMap":{"md":{"insertions":4,"deletions":2}}},{"hash":"010e6f8188dbc7133812e4811d6a7919a8360359","messageTitle":"Update README.md","messageBody":"","fileTypesAndContributionMap":{"md":{"insertions":1,"deletions":2}}},{"hash":"1d9cd23cd71bc3ee82878189fdd2c9c3fb3a8d5c","messageTitle":"Update README.md","messageBody":"","fileTypesAndContributionMap":{"md":{"insertions":6,"deletions":0}}},{"hash":"b8b6c7b66195e7c13758cb51f604fd479c34a3e6","messageTitle":"Update README.md","messageBody":"","fileTypesAndContributionMap":{"md":{"insertions":1,"deletions":6}}},{"hash":"7ab00fa3801470d2cdb7e19ca28e97f333e6c0db","messageTitle":"Update README.md","messageBody":"","fileTypesAndContributionMap":{"md":{"insertions":8,"deletions":1}}},{"hash":"7d7f0c15f10e9dc5ccfdcfa71295e5346d9e2c37","messageTitle":"Update README.md","messageBody":"","fileTypesAndContributionMap":{"md":{"insertions":8,"deletions":15}}},{"hash":"f60867d3f8c3fb3b7019c5a6d2a59ab01ac1bcd8","messageTitle":"Fix table for github.io","messageBody":"","fileTypesAndContributionMap":{"md":{"insertions":7,"deletions":8}}},{"hash":"1f21658841d50f0ea50846cc85579ad538fb47a8","messageTitle":"Update README.md","messageBody":"","fileTypesAndContributionMap":{"md":{"insertions":3,"deletions":2}}},{"hash":"f40c49ac7811ff601b06cb53f96f781c9c239e5a","messageTitle":"Update README.md","messageBody":"","fileTypesAndContributionMap":{"md":{"insertions":1,"deletions":0}}},{"hash":"9fa12ab52220e253797c1e7ebe62e03d2a4c85c7","messageTitle":"Update README.md","messageBody":"","fileTypesAndContributionMap":{"md":{"insertions":12,"deletions":0}}},{"hash":"6b39826166742918fb576c4e5a5d973169d4537c","messageTitle":"Update README.md","messageBody":"","fileTypesAndContributionMap":{"md":{"insertions":4,"deletions":10}}},{"hash":"a112371898fbb2c15a89d6e323caae2168d51786","messageTitle":"Fix minor bugs","messageBody":"","fileTypesAndContributionMap":{"txt":{"insertions":3,"deletions":0},"java":{"insertions":116,"deletions":50}}},{"hash":"8f9e4dca7f7ac5bdc55e4fccc6a71a9decd0ea87","messageTitle":"Update README.md","messageBody":"","fileTypesAndContributionMap":{"md":{"insertions":1,"deletions":1}}},{"hash":"446656d9a6dff56368a58b7d286bdcc340f8b2cf","messageTitle":"Update README.md","messageBody":"","fileTypesAndContributionMap":{"md":{"insertions":17,"deletions":19}}},{"hash":"50fa349f9611be03d8ea74669cb1a8ea34ea7062","messageTitle":"Update README.md","messageBody":"","fileTypesAndContributionMap":{"md":{"insertions":8,"deletions":8}}},{"hash":"12de3e6ece6e23972a06f126a974866f70844a37","messageTitle":"Update README.md","messageBody":"","fileTypesAndContributionMap":{"md":{"insertions":6,"deletions":6}}},{"hash":"0b3975792406acb7e46f1883c80098dafad17c33","messageTitle":"Update README.md","messageBody":"","fileTypesAndContributionMap":{"md":{"insertions":11,"deletions":9}}},{"hash":"53a084d6ab6b1031b13449e4b702ebee869840e8","messageTitle":"Update README.md","messageBody":"","fileTypesAndContributionMap":{"md":{"insertions":24,"deletions":20}}},{"hash":"2560f228428cc6c09ff7523f97c863a253cfba73","messageTitle":"Update README.md","messageBody":"","fileTypesAndContributionMap":{"md":{"insertions":4,"deletions":3}}},{"hash":"d2d275229931ecc2efc28a744363e933d3a94f3d","messageTitle":"Updated java docs","messageBody":"","fileTypesAndContributionMap":{"txt":{"insertions":2,"deletions":2},"java":{"insertions":76,"deletions":87}}},{"hash":"5c56480ed1ab0a1c9fbbddd0f056dc636b0ef871","messageTitle":"Update README.md","messageBody":"","fileTypesAndContributionMap":{"md":{"insertions":1,"deletions":0}}},{"hash":"92ce38283f3ce43531a73dec4c64ecf39edab522","messageTitle":"Update codes against check style","messageBody":"","fileTypesAndContributionMap":{"txt":{"insertions":1,"deletions":0},"java":{"insertions":41,"deletions":60}}},{"hash":"02d552de85547a72b70c26f6bfb5fb29554e52f9","messageTitle":"Update README.md","messageBody":"","fileTypesAndContributionMap":{"md":{"insertions":3,"deletions":2}}},{"hash":"ec0ae3bbcc49342d86fefa4c6437196eca2b1f53","messageTitle":"Fix spacing of message","messageBody":"","fileTypesAndContributionMap":{"java":{"insertions":4,"deletions":4}}}]},{"date":"2021-02-18","commitResults":[{"hash":"4171cdbb5564c19012fa08b0ab2e92543515879d","messageTitle":"Fix bugs","messageBody":"","fileTypesAndContributionMap":{"java":{"insertions":12,"deletions":5}}},{"hash":"767dcb7c3f0c7e1ef249d42d2ab0cba90fb69ef0","messageTitle":"Change display message for empty task list","messageBody":"","fileTypesAndContributionMap":{"java":{"insertions":8,"deletions":1}}},{"hash":"383871d4d66555c027aa9c7849faf61c2f6b0e0f","messageTitle":"Update README.md","messageBody":"","fileTypesAndContributionMap":{"md":{"insertions":5,"deletions":5}}},{"hash":"622b8e552a8a8f64bd31807eb4f4589c50cacec7","messageTitle":"Update README.md","messageBody":"","fileTypesAndContributionMap":{"md":{"insertions":3,"deletions":3}}},{"hash":"7aec34db1695f37821836b6600675cfe2d54853e","messageTitle":"Update README.md","messageBody":"","fileTypesAndContributionMap":{"md":{"insertions":11,"deletions":11}}},{"hash":"2551e5e9fd9bfa2105ea53df885034cab9e1fc13","messageTitle":"Update README.md","messageBody":"","fileTypesAndContributionMap":{"md":{"insertions":2,"deletions":2}}},{"hash":"14c496a41ab9252671986540ea36b12d7e818d88","messageTitle":"Update README.md","messageBody":"","fileTypesAndContributionMap":{"md":{"insertions":2,"deletions":2}}}]},{"date":"2021-02-19","commitResults":[{"hash":"4add198de736889b90ba2da4e533d42dba2f94a5","messageTitle":"Update README.md","messageBody":"","fileTypesAndContributionMap":{"md":{"insertions":8,"deletions":9}}},{"hash":"2a9ba179beb798f71bc3800ce3f1f3ed57de3079","messageTitle":"Update README.md","messageBody":"","fileTypesAndContributionMap":{"md":{"insertions":3,"deletions":3}}},{"hash":"a7e025d5133e3aa30b016b76f8bf646eefc52449","messageTitle":"Fixed more bugs","messageBody":"","fileTypesAndContributionMap":{"txt":{"insertions":3,"deletions":4},"java":{"insertions":237,"deletions":96}}},{"hash":"e6dfaee8273c3ed8c57e68fb1e9fa87728a5d829","messageTitle":"Updated readme","messageBody":"","fileTypesAndContributionMap":{"md":{"insertions":19,"deletions":21}}},{"hash":"fcdfbff4a7b372404fcd86ee16399c31b33aca10","messageTitle":"Updated error message","messageBody":"","fileTypesAndContributionMap":{"java":{"insertions":3,"deletions":1}}},{"hash":"d9db4c59016278385c920bc421131818ff8fb3dc","messageTitle":"Update README.md","messageBody":"","fileTypesAndContributionMap":{"md":{"insertions":2,"deletions":2}}},{"hash":"6c2eb29a01d602beed5e5e39fe4250292cba71f8","messageTitle":"Fixed CheckStyle for src folder","messageBody":"","fileTypesAndContributionMap":{"java":{"insertions":239,"deletions":225}}},{"hash":"6cd0620a7c68936cc2be0bb24b137a4db232ae70","messageTitle":"Fixed codes against CheckStyle","messageBody":"","fileTypesAndContributionMap":{"java":{"insertions":20,"deletions":18}}}]}]},"authorFileTypeContributionMap":{"SiTingST":{"java":1619,"md":144,"fxml":37,"sh":0,"bat":104,"gradle":61,"txt":10}},"authorContributionVariance":{"SiTingST":720377.0},"authorDisplayNameMap":{"SiTingST":"CS2103T-W10-4 LIM ..TING"}}
