{"authorDailyContributionsMap":{"IanCKW":[{"date":"2021-01-20","commitResults":[{"hash":"f8811371edceceb2495896d0a5d2b477929b372d","messageTitle":"Level-1","messageBody":"","tags":["Level-1"],"fileTypesAndContributionMap":{"java":{"insertions":14,"deletions":0}}},{"hash":"a1fa3ee16ce70dd73fb46dfaf36dd09df374ec32","messageTitle":"Level 2","messageBody":"","tags":["Level-2"],"fileTypesAndContributionMap":{"java":{"insertions":23,"deletions":9}}},{"hash":"d979d5c729698a8e370937d59992147d73999650","messageTitle":"level-3","messageBody":"","tags":["level-3","Level-3"],"fileTypesAndContributionMap":{"java":{"insertions":48,"deletions":16}}}]},{"date":"2021-01-21","commitResults":[{"hash":"f8046ee2656dcbe87f82bd54dd0e8493da899e63","messageTitle":"Level-4","messageBody":"","tags":["Level-4"],"fileTypesAndContributionMap":{"java":{"insertions":134,"deletions":20}}},{"hash":"639ba152915d3f26ca82ebe02d62fc5643ecf1d2","messageTitle":"A-TextUiTesting","messageBody":"","tags":["A-TextUiTesting"],"fileTypesAndContributionMap":{"txt":{"insertions":2,"deletions":0},"sh":{"insertions":1,"deletions":1}}},{"hash":"a1d0add23d6a438ea33a08fbace47ff82c3b6bed","messageTitle":"Level-5","messageBody":"","tags":["Level-5"],"fileTypesAndContributionMap":{"java":{"insertions":42,"deletions":12}}},{"hash":"fa91e310b7906620dde8902a042cc50795f829b5","messageTitle":"Level-6","messageBody":"","tags":["Level-6"],"fileTypesAndContributionMap":{"java":{"insertions":20,"deletions":6}}}]},{"date":"2021-01-26","commitResults":[{"hash":"155ad19cbb83c0e3febd86c56722a820cfcac964","messageTitle":"level-7","messageBody":"","tags":["Level-7"],"fileTypesAndContributionMap":{"java":{"insertions":258,"deletions":147}}},{"hash":"8aacd05a255fc23b6701029377041e48e79ca01c","messageTitle":"level-8","messageBody":"","tags":["Level-8"],"fileTypesAndContributionMap":{"java":{"insertions":174,"deletions":146}}},{"hash":"66ca57679c62190a63b3d828ce450734d12bf009","messageTitle":"A-MoreOOP","messageBody":"","tags":["A-MoreOOP"],"fileTypesAndContributionMap":{"java":{"insertions":156,"deletions":108}}},{"hash":"1533447a1bee3968375101927b2490a19bf8141c","messageTitle":"A-Packages","messageBody":"","tags":["A-Packages"],"fileTypesAndContributionMap":{"java":{"insertions":59,"deletions":34}}},{"hash":"0a1d796c0d63caffa11b70d4fb3e75bbcaead1cc","messageTitle":"JUnit tests","messageBody":"","tags":["v0.1","A-JUnit"],"fileTypesAndContributionMap":{"java":{"insertions":37,"deletions":1}}},{"hash":"e5b41b8c2e55913f7e5332090028cedad698e539","messageTitle":"try to get JAR to work","messageBody":"","fileTypesAndContributionMap":{"java":{"insertions":9,"deletions":9}}},{"hash":"9af6cf03c84388906bc344660e6b5b6ee781a542","messageTitle":"first javadoc added","messageBody":"","fileTypesAndContributionMap":{"java":{"insertions":173,"deletions":14}}},{"hash":"01891ab5ac1fb5fd8b416c7843769a56e1270bdb","messageTitle":"commit \"coding standard\"","messageBody":"","fileTypesAndContributionMap":{"java":{"insertions":0,"deletions":1}}},{"hash":"44b277e7ec15a42850439110bdb914ac3bfcc524","messageTitle":"Find","messageBody":"","tags":["Find"],"fileTypesAndContributionMap":{"txt":{"insertions":55,"deletions":0},"java":{"insertions":21,"deletions":37},"bat":{"insertions":21,"deletions":0},"sh":{"insertions":38,"deletions":0},"md":{"insertions":52,"deletions":0}}}]}]},"authorFileTypeContributionMap":{"IanCKW":{"java":610,"md":52,"fxml":0,"sh":38,"bat":21,"gradle":0,"txt":57}},"authorContributionVariance":{"IanCKW":140380.86},"authorDisplayNameMap":{"IanCKW":"CS2103T-W15-3 IAN .. WAI"}}
