[{"path":"build.gradle","fileType":"gradle","lines":[{"lineNumber":1,"author":{"gitId":"-"},"content":"plugins {"},{"lineNumber":2,"author":{"gitId":"-"},"content":"    id \u0027java\u0027"},{"lineNumber":3,"author":{"gitId":"-"},"content":"    id \u0027application\u0027"},{"lineNumber":4,"author":{"gitId":"-"},"content":"    id \u0027checkstyle\u0027"},{"lineNumber":5,"author":{"gitId":"-"},"content":"    id \u0027com.github.johnrengelman.shadow\u0027 version \u00275.1.0\u0027"},{"lineNumber":6,"author":{"gitId":"-"},"content":"}"},{"lineNumber":7,"author":{"gitId":"-"},"content":""},{"lineNumber":8,"author":{"gitId":"-"},"content":"repositories {"},{"lineNumber":9,"author":{"gitId":"-"},"content":"    mavenCentral()"},{"lineNumber":10,"author":{"gitId":"-"},"content":"}"},{"lineNumber":11,"author":{"gitId":"-"},"content":""},{"lineNumber":12,"author":{"gitId":"-"},"content":"dependencies {"},{"lineNumber":13,"author":{"gitId":"-"},"content":"    testImplementation group: \u0027org.junit.jupiter\u0027, name: \u0027junit-jupiter-api\u0027, version: \u00275.5.0\u0027"},{"lineNumber":14,"author":{"gitId":"-"},"content":"    testRuntimeOnly group: \u0027org.junit.jupiter\u0027, name: \u0027junit-jupiter-engine\u0027, version: \u00275.5.0\u0027"},{"lineNumber":15,"author":{"gitId":"guanyz"},"content":"\t"},{"lineNumber":16,"author":{"gitId":"guanyz"},"content":"\tString javaFxVersion \u003d \u002711\u0027"},{"lineNumber":17,"author":{"gitId":"guanyz"},"content":""},{"lineNumber":18,"author":{"gitId":"guanyz"},"content":"    implementation group: \u0027org.openjfx\u0027, name: \u0027javafx-base\u0027, version: javaFxVersion, classifier: \u0027win\u0027"},{"lineNumber":19,"author":{"gitId":"guanyz"},"content":"    implementation group: \u0027org.openjfx\u0027, name: \u0027javafx-base\u0027, version: javaFxVersion, classifier: \u0027mac\u0027"},{"lineNumber":20,"author":{"gitId":"guanyz"},"content":"    implementation group: \u0027org.openjfx\u0027, name: \u0027javafx-base\u0027, version: javaFxVersion, classifier: \u0027linux\u0027"},{"lineNumber":21,"author":{"gitId":"guanyz"},"content":"    implementation group: \u0027org.openjfx\u0027, name: \u0027javafx-controls\u0027, version: javaFxVersion, classifier: \u0027win\u0027"},{"lineNumber":22,"author":{"gitId":"guanyz"},"content":"    implementation group: \u0027org.openjfx\u0027, name: \u0027javafx-controls\u0027, version: javaFxVersion, classifier: \u0027mac\u0027"},{"lineNumber":23,"author":{"gitId":"guanyz"},"content":"    implementation group: \u0027org.openjfx\u0027, name: \u0027javafx-controls\u0027, version: javaFxVersion, classifier: \u0027linux\u0027"},{"lineNumber":24,"author":{"gitId":"guanyz"},"content":"    implementation group: \u0027org.openjfx\u0027, name: \u0027javafx-fxml\u0027, version: javaFxVersion, classifier: \u0027win\u0027"},{"lineNumber":25,"author":{"gitId":"guanyz"},"content":"    implementation group: \u0027org.openjfx\u0027, name: \u0027javafx-fxml\u0027, version: javaFxVersion, classifier: \u0027mac\u0027"},{"lineNumber":26,"author":{"gitId":"guanyz"},"content":"    implementation group: \u0027org.openjfx\u0027, name: \u0027javafx-fxml\u0027, version: javaFxVersion, classifier: \u0027linux\u0027"},{"lineNumber":27,"author":{"gitId":"guanyz"},"content":"    implementation group: \u0027org.openjfx\u0027, name: \u0027javafx-graphics\u0027, version: javaFxVersion, classifier: \u0027win\u0027"},{"lineNumber":28,"author":{"gitId":"guanyz"},"content":"    implementation group: \u0027org.openjfx\u0027, name: \u0027javafx-graphics\u0027, version: javaFxVersion, classifier: \u0027mac\u0027"},{"lineNumber":29,"author":{"gitId":"guanyz"},"content":"    implementation group: \u0027org.openjfx\u0027, name: \u0027javafx-graphics\u0027, version: javaFxVersion, classifier: \u0027linux\u0027"},{"lineNumber":30,"author":{"gitId":"-"},"content":"}"},{"lineNumber":31,"author":{"gitId":"-"},"content":""},{"lineNumber":32,"author":{"gitId":"-"},"content":"test {"},{"lineNumber":33,"author":{"gitId":"-"},"content":"    useJUnitPlatform()"},{"lineNumber":34,"author":{"gitId":"-"},"content":""},{"lineNumber":35,"author":{"gitId":"-"},"content":"    testLogging {"},{"lineNumber":36,"author":{"gitId":"-"},"content":"        events \"passed\", \"skipped\", \"failed\""},{"lineNumber":37,"author":{"gitId":"-"},"content":""},{"lineNumber":38,"author":{"gitId":"-"},"content":"        showExceptions true"},{"lineNumber":39,"author":{"gitId":"-"},"content":"        exceptionFormat \"full\""},{"lineNumber":40,"author":{"gitId":"-"},"content":"        showCauses true"},{"lineNumber":41,"author":{"gitId":"-"},"content":"        showStackTraces true"},{"lineNumber":42,"author":{"gitId":"-"},"content":"        showStandardStreams \u003d false"},{"lineNumber":43,"author":{"gitId":"-"},"content":"    }"},{"lineNumber":44,"author":{"gitId":"-"},"content":"}"},{"lineNumber":45,"author":{"gitId":"-"},"content":""},{"lineNumber":46,"author":{"gitId":"-"},"content":"application {"},{"lineNumber":47,"author":{"gitId":"guanyz"},"content":"    mainClassName \u003d \"seedu.duke.Main\""},{"lineNumber":48,"author":{"gitId":"-"},"content":"}"},{"lineNumber":49,"author":{"gitId":"-"},"content":""},{"lineNumber":50,"author":{"gitId":"-"},"content":"shadowJar {"},{"lineNumber":51,"author":{"gitId":"-"},"content":"    archiveBaseName \u003d \"duke\""},{"lineNumber":52,"author":{"gitId":"-"},"content":"    archiveClassifier \u003d null"},{"lineNumber":53,"author":{"gitId":"-"},"content":"}"},{"lineNumber":54,"author":{"gitId":"-"},"content":""},{"lineNumber":55,"author":{"gitId":"-"},"content":"checkstyle {"},{"lineNumber":56,"author":{"gitId":"-"},"content":"    toolVersion \u003d \u00278.29\u0027"},{"lineNumber":57,"author":{"gitId":"-"},"content":"}"},{"lineNumber":58,"author":{"gitId":"-"},"content":""},{"lineNumber":59,"author":{"gitId":"-"},"content":"run {"},{"lineNumber":60,"author":{"gitId":"-"},"content":"    standardInput \u003d System.in"},{"lineNumber":61,"author":{"gitId":"-"},"content":"}"}],"authorContributionMap":{"-":45,"guanyz":16}},{"path":"src/main/java/DialogBox.java","fileType":"java","lines":[{"lineNumber":1,"author":{"gitId":"guanyz"},"content":"import java.io.IOException;"},{"lineNumber":2,"author":{"gitId":"guanyz"},"content":"import java.util.Collections;"},{"lineNumber":3,"author":{"gitId":"guanyz"},"content":""},{"lineNumber":4,"author":{"gitId":"guanyz"},"content":"import javafx.collections.FXCollections;"},{"lineNumber":5,"author":{"gitId":"guanyz"},"content":"import javafx.collections.ObservableList;"},{"lineNumber":6,"author":{"gitId":"guanyz"},"content":"import javafx.fxml.FXML;"},{"lineNumber":7,"author":{"gitId":"guanyz"},"content":"import javafx.fxml.FXMLLoader;"},{"lineNumber":8,"author":{"gitId":"guanyz"},"content":"import javafx.geometry.Pos;"},{"lineNumber":9,"author":{"gitId":"guanyz"},"content":"import javafx.scene.Node;"},{"lineNumber":10,"author":{"gitId":"guanyz"},"content":"import javafx.scene.control.Label;"},{"lineNumber":11,"author":{"gitId":"guanyz"},"content":"import javafx.scene.image.Image;"},{"lineNumber":12,"author":{"gitId":"guanyz"},"content":"import javafx.scene.image.ImageView;"},{"lineNumber":13,"author":{"gitId":"guanyz"},"content":"import javafx.scene.layout.HBox;"},{"lineNumber":14,"author":{"gitId":"guanyz"},"content":""},{"lineNumber":15,"author":{"gitId":"guanyz"},"content":"/**"},{"lineNumber":16,"author":{"gitId":"guanyz"},"content":" * An example of a custom control using FXML."},{"lineNumber":17,"author":{"gitId":"guanyz"},"content":" * This control represents a dialog box consisting of an ImageView to represent the speaker\u0027s face and a label"},{"lineNumber":18,"author":{"gitId":"guanyz"},"content":" * containing text from the speaker."},{"lineNumber":19,"author":{"gitId":"guanyz"},"content":" */"},{"lineNumber":20,"author":{"gitId":"guanyz"},"content":"public class DialogBox extends HBox {"},{"lineNumber":21,"author":{"gitId":"guanyz"},"content":"    @FXML"},{"lineNumber":22,"author":{"gitId":"guanyz"},"content":"    private Label dialog;"},{"lineNumber":23,"author":{"gitId":"guanyz"},"content":"    @FXML"},{"lineNumber":24,"author":{"gitId":"guanyz"},"content":"    private ImageView displayPicture;"},{"lineNumber":25,"author":{"gitId":"guanyz"},"content":""},{"lineNumber":26,"author":{"gitId":"guanyz"},"content":"    private DialogBox(String text, Image img) {"},{"lineNumber":27,"author":{"gitId":"guanyz"},"content":"        try {"},{"lineNumber":28,"author":{"gitId":"guanyz"},"content":"            FXMLLoader fxmlLoader \u003d new FXMLLoader(MainWindow.class.getResource(\"/view/DialogBox.fxml\"));"},{"lineNumber":29,"author":{"gitId":"guanyz"},"content":"            fxmlLoader.setController(this);"},{"lineNumber":30,"author":{"gitId":"guanyz"},"content":"            fxmlLoader.setRoot(this);"},{"lineNumber":31,"author":{"gitId":"guanyz"},"content":"            fxmlLoader.load();"},{"lineNumber":32,"author":{"gitId":"guanyz"},"content":"        } catch (IOException e) {"},{"lineNumber":33,"author":{"gitId":"guanyz"},"content":"            e.printStackTrace();"},{"lineNumber":34,"author":{"gitId":"guanyz"},"content":"        }"},{"lineNumber":35,"author":{"gitId":"guanyz"},"content":""},{"lineNumber":36,"author":{"gitId":"guanyz"},"content":"        dialog.setText(text);"},{"lineNumber":37,"author":{"gitId":"guanyz"},"content":"        displayPicture.setImage(img);"},{"lineNumber":38,"author":{"gitId":"guanyz"},"content":"    }"},{"lineNumber":39,"author":{"gitId":"guanyz"},"content":""},{"lineNumber":40,"author":{"gitId":"guanyz"},"content":"    /**"},{"lineNumber":41,"author":{"gitId":"guanyz"},"content":"     * Flips the dialog box such that the ImageView is on the left and text on the right."},{"lineNumber":42,"author":{"gitId":"guanyz"},"content":"     */"},{"lineNumber":43,"author":{"gitId":"guanyz"},"content":"    private void flip() {"},{"lineNumber":44,"author":{"gitId":"guanyz"},"content":"        ObservableList\u003cNode\u003e tmp \u003d FXCollections.observableArrayList(this.getChildren());"},{"lineNumber":45,"author":{"gitId":"guanyz"},"content":"        Collections.reverse(tmp);"},{"lineNumber":46,"author":{"gitId":"guanyz"},"content":"        getChildren().setAll(tmp);"},{"lineNumber":47,"author":{"gitId":"guanyz"},"content":"        setAlignment(Pos.TOP_LEFT);"},{"lineNumber":48,"author":{"gitId":"guanyz"},"content":"    }"},{"lineNumber":49,"author":{"gitId":"guanyz"},"content":""},{"lineNumber":50,"author":{"gitId":"guanyz"},"content":"    public static DialogBox getUserDialog(String text, Image img) {"},{"lineNumber":51,"author":{"gitId":"guanyz"},"content":"        return new DialogBox(text, img);"},{"lineNumber":52,"author":{"gitId":"guanyz"},"content":"    }"},{"lineNumber":53,"author":{"gitId":"guanyz"},"content":""},{"lineNumber":54,"author":{"gitId":"guanyz"},"content":"    public static DialogBox getDukeDialog(String text, Image img) {"},{"lineNumber":55,"author":{"gitId":"guanyz"},"content":"        var db \u003d new DialogBox(text, img);"},{"lineNumber":56,"author":{"gitId":"guanyz"},"content":"        db.flip();"},{"lineNumber":57,"author":{"gitId":"guanyz"},"content":"        return db;"},{"lineNumber":58,"author":{"gitId":"guanyz"},"content":"    }"},{"lineNumber":59,"author":{"gitId":"guanyz"},"content":"}"}],"authorContributionMap":{"guanyz":59}},{"path":"src/main/java/Launcher.java","fileType":"java","lines":[{"lineNumber":1,"author":{"gitId":"guanyz"},"content":"import javafx.application.Application;"},{"lineNumber":2,"author":{"gitId":"guanyz"},"content":""},{"lineNumber":3,"author":{"gitId":"guanyz"},"content":"/**"},{"lineNumber":4,"author":{"gitId":"guanyz"},"content":" * A launcher class to workaround classpath issues."},{"lineNumber":5,"author":{"gitId":"guanyz"},"content":" */"},{"lineNumber":6,"author":{"gitId":"guanyz"},"content":"public class Launcher {"},{"lineNumber":7,"author":{"gitId":"guanyz"},"content":"    public static void main(String[] args) {"},{"lineNumber":8,"author":{"gitId":"guanyz"},"content":"        Application.launch(Main.class, args);"},{"lineNumber":9,"author":{"gitId":"guanyz"},"content":"    }"},{"lineNumber":10,"author":{"gitId":"guanyz"},"content":"}"}],"authorContributionMap":{"guanyz":10}},{"path":"src/main/java/Main.java","fileType":"java","lines":[{"lineNumber":1,"author":{"gitId":"guanyz"},"content":"import duke.Duke;"},{"lineNumber":2,"author":{"gitId":"guanyz"},"content":"import java.io.IOException;"},{"lineNumber":3,"author":{"gitId":"guanyz"},"content":""},{"lineNumber":4,"author":{"gitId":"guanyz"},"content":"import javafx.application.Application;"},{"lineNumber":5,"author":{"gitId":"guanyz"},"content":"import javafx.fxml.FXMLLoader;"},{"lineNumber":6,"author":{"gitId":"guanyz"},"content":"import javafx.scene.Scene;"},{"lineNumber":7,"author":{"gitId":"guanyz"},"content":"import javafx.scene.layout.AnchorPane;"},{"lineNumber":8,"author":{"gitId":"guanyz"},"content":"import javafx.stage.Stage;"},{"lineNumber":9,"author":{"gitId":"guanyz"},"content":""},{"lineNumber":10,"author":{"gitId":"guanyz"},"content":"/**"},{"lineNumber":11,"author":{"gitId":"guanyz"},"content":" * A GUI for Duke using FXML."},{"lineNumber":12,"author":{"gitId":"guanyz"},"content":" */"},{"lineNumber":13,"author":{"gitId":"guanyz"},"content":"public class Main extends Application {"},{"lineNumber":14,"author":{"gitId":"guanyz"},"content":""},{"lineNumber":15,"author":{"gitId":"guanyz"},"content":"    private Duke duke \u003d new Duke(\"savedata.txt\");"},{"lineNumber":16,"author":{"gitId":"guanyz"},"content":""},{"lineNumber":17,"author":{"gitId":"guanyz"},"content":"    @Override"},{"lineNumber":18,"author":{"gitId":"guanyz"},"content":"    public void start(Stage stage) {"},{"lineNumber":19,"author":{"gitId":"guanyz"},"content":"        try {"},{"lineNumber":20,"author":{"gitId":"guanyz"},"content":"            FXMLLoader fxmlLoader \u003d new FXMLLoader(Main.class.getResource(\"/view/MainWindow.fxml\"));"},{"lineNumber":21,"author":{"gitId":"guanyz"},"content":"            AnchorPane ap \u003d fxmlLoader.load();"},{"lineNumber":22,"author":{"gitId":"guanyz"},"content":"            Scene scene \u003d new Scene(ap);"},{"lineNumber":23,"author":{"gitId":"guanyz"},"content":"            stage.setScene(scene);"},{"lineNumber":24,"author":{"gitId":"guanyz"},"content":"            fxmlLoader.\u003cMainWindow\u003egetController().setDuke(duke);"},{"lineNumber":25,"author":{"gitId":"guanyz"},"content":"            stage.show();"},{"lineNumber":26,"author":{"gitId":"guanyz"},"content":"        } catch (IOException e) {"},{"lineNumber":27,"author":{"gitId":"guanyz"},"content":"            e.printStackTrace();"},{"lineNumber":28,"author":{"gitId":"guanyz"},"content":"        }"},{"lineNumber":29,"author":{"gitId":"guanyz"},"content":"    }"},{"lineNumber":30,"author":{"gitId":"guanyz"},"content":"}"}],"authorContributionMap":{"guanyz":30}},{"path":"src/main/java/MainWindow.java","fileType":"java","lines":[{"lineNumber":1,"author":{"gitId":"guanyz"},"content":"import duke.Duke;"},{"lineNumber":2,"author":{"gitId":"guanyz"},"content":"import duke.DukeException;"},{"lineNumber":3,"author":{"gitId":"guanyz"},"content":"import javafx.fxml.FXML;"},{"lineNumber":4,"author":{"gitId":"guanyz"},"content":"import javafx.scene.control.Button;"},{"lineNumber":5,"author":{"gitId":"guanyz"},"content":"import javafx.scene.control.ScrollPane;"},{"lineNumber":6,"author":{"gitId":"guanyz"},"content":"import javafx.scene.control.TextField;"},{"lineNumber":7,"author":{"gitId":"guanyz"},"content":"import javafx.scene.image.Image;"},{"lineNumber":8,"author":{"gitId":"guanyz"},"content":"import javafx.scene.layout.AnchorPane;"},{"lineNumber":9,"author":{"gitId":"guanyz"},"content":"import javafx.scene.layout.VBox;"},{"lineNumber":10,"author":{"gitId":"guanyz"},"content":"/**"},{"lineNumber":11,"author":{"gitId":"guanyz"},"content":" * Controller for MainWindow. Provides the layout for the other controls."},{"lineNumber":12,"author":{"gitId":"guanyz"},"content":" */"},{"lineNumber":13,"author":{"gitId":"guanyz"},"content":"public class MainWindow extends AnchorPane {"},{"lineNumber":14,"author":{"gitId":"guanyz"},"content":"    @FXML"},{"lineNumber":15,"author":{"gitId":"guanyz"},"content":"    private ScrollPane scrollPane;"},{"lineNumber":16,"author":{"gitId":"guanyz"},"content":"    @FXML"},{"lineNumber":17,"author":{"gitId":"guanyz"},"content":"    private VBox dialogContainer;"},{"lineNumber":18,"author":{"gitId":"guanyz"},"content":"    @FXML"},{"lineNumber":19,"author":{"gitId":"guanyz"},"content":"    private TextField userInput;"},{"lineNumber":20,"author":{"gitId":"guanyz"},"content":"    @FXML"},{"lineNumber":21,"author":{"gitId":"guanyz"},"content":"    private Button sendButton;"},{"lineNumber":22,"author":{"gitId":"guanyz"},"content":""},{"lineNumber":23,"author":{"gitId":"guanyz"},"content":"    private Duke duke;"},{"lineNumber":24,"author":{"gitId":"guanyz"},"content":""},{"lineNumber":25,"author":{"gitId":"guanyz"},"content":"    private Image userImage \u003d new Image(this.getClass().getResourceAsStream(\"/images/user.png\"));"},{"lineNumber":26,"author":{"gitId":"guanyz"},"content":"    private Image dukeImage \u003d new Image(this.getClass().getResourceAsStream(\"/images/duke.png\"));"},{"lineNumber":27,"author":{"gitId":"guanyz"},"content":""},{"lineNumber":28,"author":{"gitId":"guanyz"},"content":"    @FXML"},{"lineNumber":29,"author":{"gitId":"guanyz"},"content":"    public void initialize() {"},{"lineNumber":30,"author":{"gitId":"guanyz"},"content":"        scrollPane.vvalueProperty().bind(dialogContainer.heightProperty());"},{"lineNumber":31,"author":{"gitId":"guanyz"},"content":"    }"},{"lineNumber":32,"author":{"gitId":"guanyz"},"content":""},{"lineNumber":33,"author":{"gitId":"guanyz"},"content":"    public void setDuke(Duke d) {"},{"lineNumber":34,"author":{"gitId":"guanyz"},"content":"        duke \u003d d;"},{"lineNumber":35,"author":{"gitId":"guanyz"},"content":"    }"},{"lineNumber":36,"author":{"gitId":"guanyz"},"content":""},{"lineNumber":37,"author":{"gitId":"guanyz"},"content":"    /**"},{"lineNumber":38,"author":{"gitId":"guanyz"},"content":"     * Creates two dialog boxes, one echoing user input and the other containing Duke\u0027s reply and then appends them to"},{"lineNumber":39,"author":{"gitId":"guanyz"},"content":"     * the dialog container. Clears the user input after processing."},{"lineNumber":40,"author":{"gitId":"guanyz"},"content":"     */"},{"lineNumber":41,"author":{"gitId":"guanyz"},"content":"    @FXML"},{"lineNumber":42,"author":{"gitId":"guanyz"},"content":"    private void handleUserInput() {"},{"lineNumber":43,"author":{"gitId":"guanyz"},"content":"        String input \u003d userInput.getText();"},{"lineNumber":44,"author":{"gitId":"guanyz"},"content":"        String response;"},{"lineNumber":45,"author":{"gitId":"guanyz"},"content":"        try {"},{"lineNumber":46,"author":{"gitId":"guanyz"},"content":"            response \u003d duke.getResponse(input);"},{"lineNumber":47,"author":{"gitId":"guanyz"},"content":"        } catch (DukeException de) {"},{"lineNumber":48,"author":{"gitId":"guanyz"},"content":"            response \u003d de.getMessage();"},{"lineNumber":49,"author":{"gitId":"guanyz"},"content":"        }"},{"lineNumber":50,"author":{"gitId":"guanyz"},"content":"        dialogContainer.getChildren().addAll("},{"lineNumber":51,"author":{"gitId":"guanyz"},"content":"                DialogBox.getUserDialog(input, userImage),"},{"lineNumber":52,"author":{"gitId":"guanyz"},"content":"                DialogBox.getDukeDialog(response, dukeImage)"},{"lineNumber":53,"author":{"gitId":"guanyz"},"content":"        );"},{"lineNumber":54,"author":{"gitId":"guanyz"},"content":"        userInput.clear();"},{"lineNumber":55,"author":{"gitId":"guanyz"},"content":"    }"},{"lineNumber":56,"author":{"gitId":"guanyz"},"content":"}"}],"authorContributionMap":{"guanyz":56}},{"path":"src/main/java/duke/CommandParser.java","fileType":"java","lines":[{"lineNumber":1,"author":{"gitId":"guanyz"},"content":"package duke;"},{"lineNumber":2,"author":{"gitId":"guanyz"},"content":""},{"lineNumber":3,"author":{"gitId":"guanyz"},"content":"/**"},{"lineNumber":4,"author":{"gitId":"guanyz"},"content":" * Parses user commands and triggers corresponding effects."},{"lineNumber":5,"author":{"gitId":"guanyz"},"content":" */"},{"lineNumber":6,"author":{"gitId":"guanyz"},"content":"public class CommandParser {"},{"lineNumber":7,"author":{"gitId":"guanyz"},"content":"    private static final int SPLIT_LIMIT \u003d 2;"},{"lineNumber":8,"author":{"gitId":"guanyz"},"content":"    private TaskList tasks;"},{"lineNumber":9,"author":{"gitId":"guanyz"},"content":"    private Ui ui;"},{"lineNumber":10,"author":{"gitId":"guanyz"},"content":""},{"lineNumber":11,"author":{"gitId":"guanyz"},"content":"    public CommandParser(TaskList tasks, Ui ui) {"},{"lineNumber":12,"author":{"gitId":"guanyz"},"content":"        this.tasks \u003d tasks;"},{"lineNumber":13,"author":{"gitId":"guanyz"},"content":"        this.ui \u003d ui;"},{"lineNumber":14,"author":{"gitId":"guanyz"},"content":"    }"},{"lineNumber":15,"author":{"gitId":"guanyz"},"content":""},{"lineNumber":16,"author":{"gitId":"guanyz"},"content":"    /**"},{"lineNumber":17,"author":{"gitId":"guanyz"},"content":"     * Parses a user-input command and triggers the relevant effects."},{"lineNumber":18,"author":{"gitId":"guanyz"},"content":"     * @param userInput String representation of the command to be parsed."},{"lineNumber":19,"author":{"gitId":"guanyz"},"content":"     * @return String response to the command."},{"lineNumber":20,"author":{"gitId":"guanyz"},"content":"     * @throws DukeException If an Exception occurs due to a malformed command."},{"lineNumber":21,"author":{"gitId":"guanyz"},"content":"     */"},{"lineNumber":22,"author":{"gitId":"guanyz"},"content":"    public String parseCommand(String userInput) throws DukeException {"},{"lineNumber":23,"author":{"gitId":"guanyz"},"content":"        String reply;"},{"lineNumber":24,"author":{"gitId":"guanyz"},"content":"        if (userInput.toLowerCase().equals(\"list\")) {"},{"lineNumber":25,"author":{"gitId":"guanyz"},"content":"            // display list"},{"lineNumber":26,"author":{"gitId":"guanyz"},"content":"            reply \u003d ui.displayList(tasks);"},{"lineNumber":27,"author":{"gitId":"guanyz"},"content":"        } else if (userInput.toLowerCase().matches(\"^(do(ne)?|finish(ed)?|completed?) \\\\d+$\")) {"},{"lineNumber":28,"author":{"gitId":"guanyz"},"content":"            // finish a task"},{"lineNumber":29,"author":{"gitId":"guanyz"},"content":"            String[] bits \u003d userInput.split(\" \");"},{"lineNumber":30,"author":{"gitId":"guanyz"},"content":"            int idx \u003d Integer.parseInt(bits[1]);"},{"lineNumber":31,"author":{"gitId":"guanyz"},"content":"            if (idx \u003c 1 || idx \u003e tasks.size()) {"},{"lineNumber":32,"author":{"gitId":"guanyz"},"content":"                throw new DukeException(\"Oops! That doesn\u0027t appear to be a valid task number.\");"},{"lineNumber":33,"author":{"gitId":"guanyz"},"content":"            } else {"},{"lineNumber":34,"author":{"gitId":"guanyz"},"content":"                Task finishedTask \u003d tasks.get(idx);"},{"lineNumber":35,"author":{"gitId":"guanyz"},"content":"                if (finishedTask.isDone()) {"},{"lineNumber":36,"author":{"gitId":"guanyz"},"content":"                    throw new DukeException(\"That task\u0027s already done!\");"},{"lineNumber":37,"author":{"gitId":"guanyz"},"content":"                } else {"},{"lineNumber":38,"author":{"gitId":"guanyz"},"content":"                    finishedTask.markAsDone();"},{"lineNumber":39,"author":{"gitId":"guanyz"},"content":"                    reply \u003d ui.showDoneTask(finishedTask);"},{"lineNumber":40,"author":{"gitId":"guanyz"},"content":"                }"},{"lineNumber":41,"author":{"gitId":"guanyz"},"content":"            }"},{"lineNumber":42,"author":{"gitId":"guanyz"},"content":"        } else if (userInput.toLowerCase().matches(\"^(delete|remove) \\\\d+$\")) {"},{"lineNumber":43,"author":{"gitId":"guanyz"},"content":"            // manually remove task"},{"lineNumber":44,"author":{"gitId":"guanyz"},"content":"            String[] bits \u003d userInput.split(\" \");"},{"lineNumber":45,"author":{"gitId":"guanyz"},"content":"            int idx \u003d Integer.parseInt(bits[1]);"},{"lineNumber":46,"author":{"gitId":"guanyz"},"content":"            if (idx \u003c 1 || idx \u003e tasks.size()) {"},{"lineNumber":47,"author":{"gitId":"guanyz"},"content":"                throw new DukeException(\"Oops! That doesn\u0027t appear to be a valid task number.\");"},{"lineNumber":48,"author":{"gitId":"guanyz"},"content":"            } else {"},{"lineNumber":49,"author":{"gitId":"guanyz"},"content":"                Task removedTask \u003d tasks.remove(idx);"},{"lineNumber":50,"author":{"gitId":"guanyz"},"content":"                reply \u003d ui.showRemovedTask(removedTask, tasks.size());"},{"lineNumber":51,"author":{"gitId":"guanyz"},"content":"            }"},{"lineNumber":52,"author":{"gitId":"guanyz"},"content":"        } else if (userInput.toLowerCase().matches(\"^(todo|deadline|event)( .+)?$\")) {"},{"lineNumber":53,"author":{"gitId":"guanyz"},"content":"            // add task to list"},{"lineNumber":54,"author":{"gitId":"guanyz"},"content":"            Task newTask \u003d TaskParser.parseTask(userInput);"},{"lineNumber":55,"author":{"gitId":"guanyz"},"content":"            tasks.add(newTask);"},{"lineNumber":56,"author":{"gitId":"guanyz"},"content":"            reply \u003d ui.showAddedTask(newTask, tasks.size());"},{"lineNumber":57,"author":{"gitId":"guanyz"},"content":"        } else if (userInput.toLowerCase().startsWith(\"find\")) {"},{"lineNumber":58,"author":{"gitId":"guanyz"},"content":"            // find task in list"},{"lineNumber":59,"author":{"gitId":"guanyz"},"content":"            String[] bits \u003d userInput.split(\" \", SPLIT_LIMIT);"},{"lineNumber":60,"author":{"gitId":"guanyz"},"content":"            if (bits.length \u003d\u003d 1) {"},{"lineNumber":61,"author":{"gitId":"guanyz"},"content":"                throw new DukeException(\"Oops! Usage: find [search pattern]\");"},{"lineNumber":62,"author":{"gitId":"guanyz"},"content":"            } else {"},{"lineNumber":63,"author":{"gitId":"guanyz"},"content":"                TaskList matchingTasks \u003d tasks.find(bits[1]);"},{"lineNumber":64,"author":{"gitId":"guanyz"},"content":"                reply \u003d ui.displayList(matchingTasks);"},{"lineNumber":65,"author":{"gitId":"guanyz"},"content":"            }"},{"lineNumber":66,"author":{"gitId":"guanyz"},"content":"        } else {"},{"lineNumber":67,"author":{"gitId":"guanyz"},"content":"            throw new DukeException(\"I don\u0027t understand that command!\");"},{"lineNumber":68,"author":{"gitId":"guanyz"},"content":"        }"},{"lineNumber":69,"author":{"gitId":"guanyz"},"content":"        return reply;"},{"lineNumber":70,"author":{"gitId":"guanyz"},"content":"    }"},{"lineNumber":71,"author":{"gitId":"guanyz"},"content":"}"}],"authorContributionMap":{"guanyz":71}},{"path":"src/main/java/duke/Deadline.java","fileType":"java","lines":[{"lineNumber":1,"author":{"gitId":"guanyz"},"content":"package duke;"},{"lineNumber":2,"author":{"gitId":"guanyz"},"content":""},{"lineNumber":3,"author":{"gitId":"guanyz"},"content":"import java.time.LocalDate;"},{"lineNumber":4,"author":{"gitId":"guanyz"},"content":"import java.time.format.DateTimeFormatter;"},{"lineNumber":5,"author":{"gitId":"guanyz"},"content":""},{"lineNumber":6,"author":{"gitId":"guanyz"},"content":"/**"},{"lineNumber":7,"author":{"gitId":"guanyz"},"content":" * Represents a Deadline object."},{"lineNumber":8,"author":{"gitId":"guanyz"},"content":" */"},{"lineNumber":9,"author":{"gitId":"guanyz"},"content":"public class Deadline extends Task {"},{"lineNumber":10,"author":{"gitId":"guanyz"},"content":"    private LocalDate deadline;"},{"lineNumber":11,"author":{"gitId":"guanyz"},"content":""},{"lineNumber":12,"author":{"gitId":"guanyz"},"content":"    public Deadline(String description, LocalDate deadline) {"},{"lineNumber":13,"author":{"gitId":"guanyz"},"content":"        super(description);"},{"lineNumber":14,"author":{"gitId":"guanyz"},"content":"        this.deadline \u003d deadline;"},{"lineNumber":15,"author":{"gitId":"guanyz"},"content":"    }"},{"lineNumber":16,"author":{"gitId":"guanyz"},"content":""},{"lineNumber":17,"author":{"gitId":"guanyz"},"content":"    /**"},{"lineNumber":18,"author":{"gitId":"guanyz"},"content":"     * Returns a String representing this object to be saved into a save data file."},{"lineNumber":19,"author":{"gitId":"guanyz"},"content":"     * @return String representation of this object, formatted for save data use."},{"lineNumber":20,"author":{"gitId":"guanyz"},"content":"     */"},{"lineNumber":21,"author":{"gitId":"guanyz"},"content":"    public String getSaveString() {"},{"lineNumber":22,"author":{"gitId":"guanyz"},"content":"        String datetimeString \u003d deadline.format(DateTimeFormatter.ofPattern(\"dd/MM/yyyy\"));"},{"lineNumber":23,"author":{"gitId":"guanyz"},"content":"        if (this.isDone()) {"},{"lineNumber":24,"author":{"gitId":"guanyz"},"content":"            return String.format(\"deadline [isDone] %s /by %s\\n\", description, datetimeString);"},{"lineNumber":25,"author":{"gitId":"guanyz"},"content":"        } else {"},{"lineNumber":26,"author":{"gitId":"guanyz"},"content":"            return String.format(\"deadline %s /by %s\\n\", description, datetimeString);"},{"lineNumber":27,"author":{"gitId":"guanyz"},"content":"        }"},{"lineNumber":28,"author":{"gitId":"guanyz"},"content":"    }"},{"lineNumber":29,"author":{"gitId":"guanyz"},"content":""},{"lineNumber":30,"author":{"gitId":"guanyz"},"content":"    @Override"},{"lineNumber":31,"author":{"gitId":"guanyz"},"content":"    public String toString() {"},{"lineNumber":32,"author":{"gitId":"guanyz"},"content":"        String datetimeString \u003d deadline.format(DateTimeFormatter.ofPattern(\"dd MMM yyyy\"));"},{"lineNumber":33,"author":{"gitId":"guanyz"},"content":"        return String.format(\"[D][%s] %s (by: %s)\", getStatus(), description, datetimeString);"},{"lineNumber":34,"author":{"gitId":"guanyz"},"content":"    }"},{"lineNumber":35,"author":{"gitId":"guanyz"},"content":"}"}],"authorContributionMap":{"guanyz":35}},{"path":"src/main/java/duke/Duke.java","fileType":"java","lines":[{"lineNumber":1,"author":{"gitId":"guanyz"},"content":"package duke;"},{"lineNumber":2,"author":{"gitId":"guanyz"},"content":""},{"lineNumber":3,"author":{"gitId":"-"},"content":"public class Duke {"},{"lineNumber":4,"author":{"gitId":"guanyz"},"content":"    private TaskList tasks;"},{"lineNumber":5,"author":{"gitId":"guanyz"},"content":"    private Ui ui;"},{"lineNumber":6,"author":{"gitId":"guanyz"},"content":"    private Storage storage;"},{"lineNumber":7,"author":{"gitId":"guanyz"},"content":"    private CommandParser commandParser;"},{"lineNumber":8,"author":{"gitId":"guanyz"},"content":""},{"lineNumber":9,"author":{"gitId":"guanyz"},"content":"    public Duke(String filepath) {"},{"lineNumber":10,"author":{"gitId":"guanyz"},"content":"        this.ui \u003d new Ui();"},{"lineNumber":11,"author":{"gitId":"guanyz"},"content":"        this.storage \u003d new Storage(filepath);"},{"lineNumber":12,"author":{"gitId":"guanyz"},"content":""},{"lineNumber":13,"author":{"gitId":"guanyz"},"content":"        try {"},{"lineNumber":14,"author":{"gitId":"guanyz"},"content":"            tasks \u003d new TaskList(storage.load());"},{"lineNumber":15,"author":{"gitId":"guanyz"},"content":"        } catch (DukeException e) {"},{"lineNumber":16,"author":{"gitId":"guanyz"},"content":"            this.tasks \u003d new TaskList();"},{"lineNumber":17,"author":{"gitId":"guanyz"},"content":"        }"},{"lineNumber":18,"author":{"gitId":"guanyz"},"content":""},{"lineNumber":19,"author":{"gitId":"guanyz"},"content":"        this.commandParser \u003d new CommandParser(tasks, ui);"},{"lineNumber":20,"author":{"gitId":"guanyz"},"content":"    }"},{"lineNumber":21,"author":{"gitId":"guanyz"},"content":""},{"lineNumber":22,"author":{"gitId":"guanyz"},"content":"    /**"},{"lineNumber":23,"author":{"gitId":"guanyz"},"content":"     * Generates a relevant response to the user input."},{"lineNumber":24,"author":{"gitId":"guanyz"},"content":"     * @param input"},{"lineNumber":25,"author":{"gitId":"guanyz"},"content":"     * @return"},{"lineNumber":26,"author":{"gitId":"guanyz"},"content":"     * @throws DukeException"},{"lineNumber":27,"author":{"gitId":"guanyz"},"content":"     */"},{"lineNumber":28,"author":{"gitId":"guanyz"},"content":"    public String getResponse(String input) throws DukeException {"},{"lineNumber":29,"author":{"gitId":"guanyz"},"content":"        String response \u003d commandParser.parseCommand(input);"},{"lineNumber":30,"author":{"gitId":"guanyz"},"content":"        storage.saveTasks(tasks);"},{"lineNumber":31,"author":{"gitId":"guanyz"},"content":"        return response;"},{"lineNumber":32,"author":{"gitId":"guanyz"},"content":"    }"},{"lineNumber":33,"author":{"gitId":"-"},"content":"}"}],"authorContributionMap":{"guanyz":31,"-":2}},{"path":"src/main/java/duke/DukeException.java","fileType":"java","lines":[{"lineNumber":1,"author":{"gitId":"guanyz"},"content":"package duke;"},{"lineNumber":2,"author":{"gitId":"guanyz"},"content":""},{"lineNumber":3,"author":{"gitId":"guanyz"},"content":"public class DukeException extends Exception {"},{"lineNumber":4,"author":{"gitId":"guanyz"},"content":"    public DukeException(String errorMessage) {"},{"lineNumber":5,"author":{"gitId":"guanyz"},"content":"        super(errorMessage);"},{"lineNumber":6,"author":{"gitId":"guanyz"},"content":"    }"},{"lineNumber":7,"author":{"gitId":"guanyz"},"content":"}"}],"authorContributionMap":{"guanyz":7}},{"path":"src/main/java/duke/Event.java","fileType":"java","lines":[{"lineNumber":1,"author":{"gitId":"guanyz"},"content":"package duke;"},{"lineNumber":2,"author":{"gitId":"guanyz"},"content":""},{"lineNumber":3,"author":{"gitId":"guanyz"},"content":"import java.time.LocalDate;"},{"lineNumber":4,"author":{"gitId":"guanyz"},"content":"import java.time.format.DateTimeFormatter;"},{"lineNumber":5,"author":{"gitId":"guanyz"},"content":""},{"lineNumber":6,"author":{"gitId":"guanyz"},"content":"/**"},{"lineNumber":7,"author":{"gitId":"guanyz"},"content":" * Represents an Event object."},{"lineNumber":8,"author":{"gitId":"guanyz"},"content":" */"},{"lineNumber":9,"author":{"gitId":"guanyz"},"content":"public class Event extends Task {"},{"lineNumber":10,"author":{"gitId":"guanyz"},"content":"    private LocalDate datetime;"},{"lineNumber":11,"author":{"gitId":"guanyz"},"content":""},{"lineNumber":12,"author":{"gitId":"guanyz"},"content":"    public Event(String description, LocalDate time) {"},{"lineNumber":13,"author":{"gitId":"guanyz"},"content":"        super(description);"},{"lineNumber":14,"author":{"gitId":"guanyz"},"content":"        this.datetime \u003d time;"},{"lineNumber":15,"author":{"gitId":"guanyz"},"content":"    }"},{"lineNumber":16,"author":{"gitId":"guanyz"},"content":""},{"lineNumber":17,"author":{"gitId":"guanyz"},"content":"    /**"},{"lineNumber":18,"author":{"gitId":"guanyz"},"content":"     * Returns a String representing this object to be saved into a save data file."},{"lineNumber":19,"author":{"gitId":"guanyz"},"content":"     * @return String representation of this object, formatted for save data use."},{"lineNumber":20,"author":{"gitId":"guanyz"},"content":"     */"},{"lineNumber":21,"author":{"gitId":"guanyz"},"content":"    public String getSaveString() {"},{"lineNumber":22,"author":{"gitId":"guanyz"},"content":"        String datetimeString \u003d datetime.format(DateTimeFormatter.ofPattern(\"dd/MM/yyyy\"));"},{"lineNumber":23,"author":{"gitId":"guanyz"},"content":"        if (this.isDone()) {"},{"lineNumber":24,"author":{"gitId":"guanyz"},"content":"            return String.format(\"event [isDone] %s /on %s\\n\", description, datetimeString);"},{"lineNumber":25,"author":{"gitId":"guanyz"},"content":"        } else {"},{"lineNumber":26,"author":{"gitId":"guanyz"},"content":"            return String.format(\"event %s /on %s\\n\", description, datetimeString);"},{"lineNumber":27,"author":{"gitId":"guanyz"},"content":"        }"},{"lineNumber":28,"author":{"gitId":"guanyz"},"content":"    }"},{"lineNumber":29,"author":{"gitId":"guanyz"},"content":""},{"lineNumber":30,"author":{"gitId":"guanyz"},"content":"    @Override"},{"lineNumber":31,"author":{"gitId":"guanyz"},"content":"    public String toString() {"},{"lineNumber":32,"author":{"gitId":"guanyz"},"content":"        String datetimeString \u003d datetime.format(DateTimeFormatter.ofPattern(\"dd MMM yyyy\"));"},{"lineNumber":33,"author":{"gitId":"guanyz"},"content":"        return String.format(\"[E][%s] %s (on: %s)\", getStatus(), description, datetimeString);"},{"lineNumber":34,"author":{"gitId":"guanyz"},"content":"    }"},{"lineNumber":35,"author":{"gitId":"guanyz"},"content":"}"}],"authorContributionMap":{"guanyz":35}},{"path":"src/main/java/duke/Storage.java","fileType":"java","lines":[{"lineNumber":1,"author":{"gitId":"guanyz"},"content":"package duke;"},{"lineNumber":2,"author":{"gitId":"guanyz"},"content":""},{"lineNumber":3,"author":{"gitId":"guanyz"},"content":"import java.io.File;"},{"lineNumber":4,"author":{"gitId":"guanyz"},"content":"import java.io.FileNotFoundException;"},{"lineNumber":5,"author":{"gitId":"guanyz"},"content":"import java.io.FileWriter;"},{"lineNumber":6,"author":{"gitId":"guanyz"},"content":"import java.util.ArrayList;"},{"lineNumber":7,"author":{"gitId":"guanyz"},"content":"import java.util.Scanner;"},{"lineNumber":8,"author":{"gitId":"guanyz"},"content":""},{"lineNumber":9,"author":{"gitId":"guanyz"},"content":"/**"},{"lineNumber":10,"author":{"gitId":"guanyz"},"content":" * Handles saving and loading the TaskList to/from the hard disk via a save data text file."},{"lineNumber":11,"author":{"gitId":"guanyz"},"content":" */"},{"lineNumber":12,"author":{"gitId":"guanyz"},"content":"public class Storage {"},{"lineNumber":13,"author":{"gitId":"guanyz"},"content":"    private String filepath;"},{"lineNumber":14,"author":{"gitId":"guanyz"},"content":""},{"lineNumber":15,"author":{"gitId":"guanyz"},"content":"    public Storage(String filepath) {"},{"lineNumber":16,"author":{"gitId":"guanyz"},"content":"        this.filepath \u003d filepath;"},{"lineNumber":17,"author":{"gitId":"guanyz"},"content":"    }"},{"lineNumber":18,"author":{"gitId":"guanyz"},"content":""},{"lineNumber":19,"author":{"gitId":"guanyz"},"content":"    /**"},{"lineNumber":20,"author":{"gitId":"guanyz"},"content":"     * Loads list of Tasks from the text file specified in the Storage object\u0027s filepath."},{"lineNumber":21,"author":{"gitId":"guanyz"},"content":"     *"},{"lineNumber":22,"author":{"gitId":"guanyz"},"content":"     * @return ArrayList of the Tasks stored in the save data file."},{"lineNumber":23,"author":{"gitId":"guanyz"},"content":"     * @throws DukeException If an Exception occurs as a result of the stored save data being malformed."},{"lineNumber":24,"author":{"gitId":"guanyz"},"content":"     */"},{"lineNumber":25,"author":{"gitId":"guanyz"},"content":"    public ArrayList\u003cTask\u003e load() throws DukeException {"},{"lineNumber":26,"author":{"gitId":"guanyz"},"content":"        ArrayList\u003cTask\u003e tasks \u003d new ArrayList\u003c\u003e();"},{"lineNumber":27,"author":{"gitId":"guanyz"},"content":""},{"lineNumber":28,"author":{"gitId":"guanyz"},"content":"        try {"},{"lineNumber":29,"author":{"gitId":"guanyz"},"content":"            File savefile \u003d new File(filepath);"},{"lineNumber":30,"author":{"gitId":"guanyz"},"content":"            Scanner saveReader \u003d new Scanner(savefile);"},{"lineNumber":31,"author":{"gitId":"guanyz"},"content":""},{"lineNumber":32,"author":{"gitId":"guanyz"},"content":"            while (saveReader.hasNextLine()) {"},{"lineNumber":33,"author":{"gitId":"guanyz"},"content":"                String savedata \u003d saveReader.nextLine();"},{"lineNumber":34,"author":{"gitId":"guanyz"},"content":"                tasks.add(TaskParser.parseTask(savedata));"},{"lineNumber":35,"author":{"gitId":"guanyz"},"content":"            }"},{"lineNumber":36,"author":{"gitId":"guanyz"},"content":""},{"lineNumber":37,"author":{"gitId":"guanyz"},"content":"            saveReader.close();"},{"lineNumber":38,"author":{"gitId":"guanyz"},"content":"        } catch (FileNotFoundException e) {"},{"lineNumber":39,"author":{"gitId":"guanyz"},"content":"            tasks.clear();"},{"lineNumber":40,"author":{"gitId":"guanyz"},"content":""},{"lineNumber":41,"author":{"gitId":"guanyz"},"content":"            // create file if it doesn\u0027t exist"},{"lineNumber":42,"author":{"gitId":"guanyz"},"content":"            File saveFile \u003d new File(filepath);"},{"lineNumber":43,"author":{"gitId":"guanyz"},"content":"            try {"},{"lineNumber":44,"author":{"gitId":"guanyz"},"content":"                saveFile.createNewFile();"},{"lineNumber":45,"author":{"gitId":"guanyz"},"content":"            } catch (Exception err) {"},{"lineNumber":46,"author":{"gitId":"guanyz"},"content":"                String errorMsg \u003d \"There was an error creating the save file!\\n\""},{"lineNumber":47,"author":{"gitId":"guanyz"},"content":"                        + \"You can still use this todo list, but your data won\u0027t be saved.\";"},{"lineNumber":48,"author":{"gitId":"guanyz"},"content":"                throw new DukeException(errorMsg);"},{"lineNumber":49,"author":{"gitId":"guanyz"},"content":"            }"},{"lineNumber":50,"author":{"gitId":"guanyz"},"content":"        } catch (DukeException e) {"},{"lineNumber":51,"author":{"gitId":"guanyz"},"content":"            tasks.clear();"},{"lineNumber":52,"author":{"gitId":"guanyz"},"content":""},{"lineNumber":53,"author":{"gitId":"guanyz"},"content":"            String errorMsg \u003d \"Looks like the save data\u0027s been corrupted.\\n\""},{"lineNumber":54,"author":{"gitId":"guanyz"},"content":"                    + \"Please avoid manually editing this file!\\n\""},{"lineNumber":55,"author":{"gitId":"guanyz"},"content":"                    + \"For now, I\u0027ve cleared the save data.\";"},{"lineNumber":56,"author":{"gitId":"guanyz"},"content":"            throw new DukeException(errorMsg);"},{"lineNumber":57,"author":{"gitId":"guanyz"},"content":""},{"lineNumber":58,"author":{"gitId":"guanyz"},"content":"        }"},{"lineNumber":59,"author":{"gitId":"guanyz"},"content":"        return tasks;"},{"lineNumber":60,"author":{"gitId":"guanyz"},"content":"    }"},{"lineNumber":61,"author":{"gitId":"guanyz"},"content":""},{"lineNumber":62,"author":{"gitId":"guanyz"},"content":"    /**"},{"lineNumber":63,"author":{"gitId":"guanyz"},"content":"     * Saves list of Tasks to the save data file."},{"lineNumber":64,"author":{"gitId":"guanyz"},"content":"     * @param tasks The list of Tasks to be saved to the file."},{"lineNumber":65,"author":{"gitId":"guanyz"},"content":"     * @throws DukeException If an Exception occurs as a result of the stored save data being malformed."},{"lineNumber":66,"author":{"gitId":"guanyz"},"content":"     */"},{"lineNumber":67,"author":{"gitId":"guanyz"},"content":"    public void saveTasks(TaskList tasks) throws DukeException {"},{"lineNumber":68,"author":{"gitId":"guanyz"},"content":"        try {"},{"lineNumber":69,"author":{"gitId":"guanyz"},"content":"            FileWriter saveWriter \u003d new FileWriter(filepath);"},{"lineNumber":70,"author":{"gitId":"guanyz"},"content":""},{"lineNumber":71,"author":{"gitId":"guanyz"},"content":"            StringBuilder saveStringBuilder \u003d new StringBuilder();"},{"lineNumber":72,"author":{"gitId":"guanyz"},"content":"            for (int i \u003d 1; i \u003c\u003d tasks.size(); i++) {"},{"lineNumber":73,"author":{"gitId":"guanyz"},"content":"                saveStringBuilder.append(tasks.get(i).getSaveString());"},{"lineNumber":74,"author":{"gitId":"guanyz"},"content":"            }"},{"lineNumber":75,"author":{"gitId":"guanyz"},"content":""},{"lineNumber":76,"author":{"gitId":"guanyz"},"content":"            saveWriter.write(saveStringBuilder.toString());"},{"lineNumber":77,"author":{"gitId":"guanyz"},"content":"            saveWriter.close();"},{"lineNumber":78,"author":{"gitId":"guanyz"},"content":"        } catch (Exception e) {"},{"lineNumber":79,"author":{"gitId":"guanyz"},"content":"            String errorMsg \u003d \"Save file not found!\\n\" +"},{"lineNumber":80,"author":{"gitId":"guanyz"},"content":"                    \"Please don\u0027t manually edit the save file.\";"},{"lineNumber":81,"author":{"gitId":"guanyz"},"content":"            throw new DukeException(errorMsg);"},{"lineNumber":82,"author":{"gitId":"guanyz"},"content":"        }"},{"lineNumber":83,"author":{"gitId":"guanyz"},"content":"    }"},{"lineNumber":84,"author":{"gitId":"guanyz"},"content":"}"}],"authorContributionMap":{"guanyz":84}},{"path":"src/main/java/duke/Task.java","fileType":"java","lines":[{"lineNumber":1,"author":{"gitId":"guanyz"},"content":"package duke;"},{"lineNumber":2,"author":{"gitId":"guanyz"},"content":""},{"lineNumber":3,"author":{"gitId":"guanyz"},"content":"/**"},{"lineNumber":4,"author":{"gitId":"guanyz"},"content":" * Represents a Task object."},{"lineNumber":5,"author":{"gitId":"guanyz"},"content":" */"},{"lineNumber":6,"author":{"gitId":"guanyz"},"content":"public abstract class Task {"},{"lineNumber":7,"author":{"gitId":"guanyz"},"content":"    protected final String description;"},{"lineNumber":8,"author":{"gitId":"guanyz"},"content":"    protected boolean isDone;"},{"lineNumber":9,"author":{"gitId":"guanyz"},"content":""},{"lineNumber":10,"author":{"gitId":"guanyz"},"content":"    public Task(String description) {"},{"lineNumber":11,"author":{"gitId":"guanyz"},"content":"        this.description \u003d description;"},{"lineNumber":12,"author":{"gitId":"guanyz"},"content":"        this.isDone \u003d false; // tasks always start as not done"},{"lineNumber":13,"author":{"gitId":"guanyz"},"content":"    }"},{"lineNumber":14,"author":{"gitId":"guanyz"},"content":""},{"lineNumber":15,"author":{"gitId":"guanyz"},"content":"    public boolean isDone() { return isDone; }"},{"lineNumber":16,"author":{"gitId":"guanyz"},"content":""},{"lineNumber":17,"author":{"gitId":"guanyz"},"content":"    public String getDescription() {"},{"lineNumber":18,"author":{"gitId":"guanyz"},"content":"        return description;"},{"lineNumber":19,"author":{"gitId":"guanyz"},"content":"    }"},{"lineNumber":20,"author":{"gitId":"guanyz"},"content":""},{"lineNumber":21,"author":{"gitId":"guanyz"},"content":"    public void markAsDone() {"},{"lineNumber":22,"author":{"gitId":"guanyz"},"content":"        this.isDone \u003d true;"},{"lineNumber":23,"author":{"gitId":"guanyz"},"content":"    }"},{"lineNumber":24,"author":{"gitId":"guanyz"},"content":""},{"lineNumber":25,"author":{"gitId":"guanyz"},"content":"    public abstract String getSaveString();"},{"lineNumber":26,"author":{"gitId":"guanyz"},"content":""},{"lineNumber":27,"author":{"gitId":"guanyz"},"content":"    /**"},{"lineNumber":28,"author":{"gitId":"guanyz"},"content":"     * Returns a String representation of whether this Task is done."},{"lineNumber":29,"author":{"gitId":"guanyz"},"content":"     * @return \"X\" if the Task is done, \" \" (one space) otherwise."},{"lineNumber":30,"author":{"gitId":"guanyz"},"content":"     */"},{"lineNumber":31,"author":{"gitId":"guanyz"},"content":"    protected String getStatus() {"},{"lineNumber":32,"author":{"gitId":"guanyz"},"content":"        if (this.isDone) {"},{"lineNumber":33,"author":{"gitId":"guanyz"},"content":"            return \"X\";"},{"lineNumber":34,"author":{"gitId":"guanyz"},"content":"        } else {"},{"lineNumber":35,"author":{"gitId":"guanyz"},"content":"            return \" \";"},{"lineNumber":36,"author":{"gitId":"guanyz"},"content":"        }"},{"lineNumber":37,"author":{"gitId":"guanyz"},"content":"    }"},{"lineNumber":38,"author":{"gitId":"guanyz"},"content":"}"}],"authorContributionMap":{"guanyz":38}},{"path":"src/main/java/duke/TaskList.java","fileType":"java","lines":[{"lineNumber":1,"author":{"gitId":"guanyz"},"content":"package duke;"},{"lineNumber":2,"author":{"gitId":"guanyz"},"content":""},{"lineNumber":3,"author":{"gitId":"guanyz"},"content":"import java.util.ArrayList;"},{"lineNumber":4,"author":{"gitId":"guanyz"},"content":""},{"lineNumber":5,"author":{"gitId":"guanyz"},"content":"/**"},{"lineNumber":6,"author":{"gitId":"guanyz"},"content":" * Represents a list of Task objects, and governs interactions between Tasks and this List."},{"lineNumber":7,"author":{"gitId":"guanyz"},"content":" */"},{"lineNumber":8,"author":{"gitId":"guanyz"},"content":"public class TaskList {"},{"lineNumber":9,"author":{"gitId":"guanyz"},"content":"    private ArrayList\u003cTask\u003e tasks;"},{"lineNumber":10,"author":{"gitId":"guanyz"},"content":""},{"lineNumber":11,"author":{"gitId":"guanyz"},"content":"    public TaskList() {"},{"lineNumber":12,"author":{"gitId":"guanyz"},"content":"        this.tasks \u003d new ArrayList\u003c\u003e();"},{"lineNumber":13,"author":{"gitId":"guanyz"},"content":"    }"},{"lineNumber":14,"author":{"gitId":"guanyz"},"content":""},{"lineNumber":15,"author":{"gitId":"guanyz"},"content":"    public TaskList(ArrayList\u003cTask\u003e tasks) {"},{"lineNumber":16,"author":{"gitId":"guanyz"},"content":"        this.tasks \u003d tasks;"},{"lineNumber":17,"author":{"gitId":"guanyz"},"content":"    }"},{"lineNumber":18,"author":{"gitId":"guanyz"},"content":""},{"lineNumber":19,"author":{"gitId":"guanyz"},"content":"    /**"},{"lineNumber":20,"author":{"gitId":"guanyz"},"content":"     * Adds a Task to the TaskList."},{"lineNumber":21,"author":{"gitId":"guanyz"},"content":"     * @param task Task to be added."},{"lineNumber":22,"author":{"gitId":"guanyz"},"content":"     */"},{"lineNumber":23,"author":{"gitId":"guanyz"},"content":"    public void add(Task task) {"},{"lineNumber":24,"author":{"gitId":"guanyz"},"content":"        tasks.add(task);"},{"lineNumber":25,"author":{"gitId":"guanyz"},"content":"    }"},{"lineNumber":26,"author":{"gitId":"guanyz"},"content":""},{"lineNumber":27,"author":{"gitId":"guanyz"},"content":"    /**"},{"lineNumber":28,"author":{"gitId":"guanyz"},"content":"     * Removes and returns the Task at the specified index from the TaskList."},{"lineNumber":29,"author":{"gitId":"guanyz"},"content":"     * @param idx (1-indexed) index of the Task to be removed from the TaskList."},{"lineNumber":30,"author":{"gitId":"guanyz"},"content":"     * @return Task that was removed from the TaskList."},{"lineNumber":31,"author":{"gitId":"guanyz"},"content":"     */"},{"lineNumber":32,"author":{"gitId":"guanyz"},"content":"    public Task remove(int idx) {"},{"lineNumber":33,"author":{"gitId":"guanyz"},"content":"        return tasks.remove(idx - 1); // TaskList is 1-indexed"},{"lineNumber":34,"author":{"gitId":"guanyz"},"content":"    }"},{"lineNumber":35,"author":{"gitId":"guanyz"},"content":""},{"lineNumber":36,"author":{"gitId":"guanyz"},"content":"    /**"},{"lineNumber":37,"author":{"gitId":"guanyz"},"content":"     * Returns the Task at the specified index from the TaskList."},{"lineNumber":38,"author":{"gitId":"guanyz"},"content":"     * @param idx (1-indexed) index of the Task to be returned from the TaskList."},{"lineNumber":39,"author":{"gitId":"guanyz"},"content":"     * @return Task to at the given (1-indexed) index of the TaskList."},{"lineNumber":40,"author":{"gitId":"guanyz"},"content":"     */"},{"lineNumber":41,"author":{"gitId":"guanyz"},"content":"    public Task get(int idx) {"},{"lineNumber":42,"author":{"gitId":"guanyz"},"content":"        return tasks.get(idx - 1); // TaskList is 1-indexed"},{"lineNumber":43,"author":{"gitId":"guanyz"},"content":"    }"},{"lineNumber":44,"author":{"gitId":"guanyz"},"content":""},{"lineNumber":45,"author":{"gitId":"guanyz"},"content":"    /**"},{"lineNumber":46,"author":{"gitId":"guanyz"},"content":"     * Returns the number of Tasks in the TaskList."},{"lineNumber":47,"author":{"gitId":"guanyz"},"content":"     * @return Number of Tasks in the TaskList."},{"lineNumber":48,"author":{"gitId":"guanyz"},"content":"     */"},{"lineNumber":49,"author":{"gitId":"guanyz"},"content":"    public int size() {"},{"lineNumber":50,"author":{"gitId":"guanyz"},"content":"        return tasks.size();"},{"lineNumber":51,"author":{"gitId":"guanyz"},"content":"    }"},{"lineNumber":52,"author":{"gitId":"guanyz"},"content":""},{"lineNumber":53,"author":{"gitId":"guanyz"},"content":"    /**"},{"lineNumber":54,"author":{"gitId":"guanyz"},"content":"     * Removes all Tasks from the TaskList."},{"lineNumber":55,"author":{"gitId":"guanyz"},"content":"     */"},{"lineNumber":56,"author":{"gitId":"guanyz"},"content":"    public void clear() {"},{"lineNumber":57,"author":{"gitId":"guanyz"},"content":"        tasks.clear();"},{"lineNumber":58,"author":{"gitId":"guanyz"},"content":"    }"},{"lineNumber":59,"author":{"gitId":"guanyz"},"content":""},{"lineNumber":60,"author":{"gitId":"guanyz"},"content":"    /**"},{"lineNumber":61,"author":{"gitId":"guanyz"},"content":"     * Finds all Tasks whose descriptions contain the search parameter and returns them in a TaskList."},{"lineNumber":62,"author":{"gitId":"guanyz"},"content":"     * @param search Search parameter, as a String."},{"lineNumber":63,"author":{"gitId":"guanyz"},"content":"     * @return TaskList containing all the matching Tasks."},{"lineNumber":64,"author":{"gitId":"guanyz"},"content":"     */"},{"lineNumber":65,"author":{"gitId":"guanyz"},"content":"    public TaskList find(String search) {"},{"lineNumber":66,"author":{"gitId":"guanyz"},"content":"        TaskList matchingTasks \u003d new TaskList();"},{"lineNumber":67,"author":{"gitId":"guanyz"},"content":"        String searchPattern \u003d \"^.*\" + search.toLowerCase() + \".*$\";"},{"lineNumber":68,"author":{"gitId":"guanyz"},"content":"        for (Task task : tasks) {"},{"lineNumber":69,"author":{"gitId":"guanyz"},"content":"            if (task.getDescription().toLowerCase().matches(searchPattern)) {"},{"lineNumber":70,"author":{"gitId":"guanyz"},"content":"                matchingTasks.add(task);"},{"lineNumber":71,"author":{"gitId":"guanyz"},"content":"            }"},{"lineNumber":72,"author":{"gitId":"guanyz"},"content":"        }"},{"lineNumber":73,"author":{"gitId":"guanyz"},"content":"        return matchingTasks;"},{"lineNumber":74,"author":{"gitId":"guanyz"},"content":"    }"},{"lineNumber":75,"author":{"gitId":"guanyz"},"content":"}"}],"authorContributionMap":{"guanyz":75}},{"path":"src/main/java/duke/TaskParser.java","fileType":"java","lines":[{"lineNumber":1,"author":{"gitId":"guanyz"},"content":"package duke;"},{"lineNumber":2,"author":{"gitId":"guanyz"},"content":""},{"lineNumber":3,"author":{"gitId":"guanyz"},"content":"import java.time.LocalDate;"},{"lineNumber":4,"author":{"gitId":"guanyz"},"content":"import java.time.format.DateTimeFormatter;"},{"lineNumber":5,"author":{"gitId":"guanyz"},"content":""},{"lineNumber":6,"author":{"gitId":"guanyz"},"content":"/**"},{"lineNumber":7,"author":{"gitId":"guanyz"},"content":" * Parses String representations of Tasks into Task objects."},{"lineNumber":8,"author":{"gitId":"guanyz"},"content":" */"},{"lineNumber":9,"author":{"gitId":"guanyz"},"content":"public class TaskParser {"},{"lineNumber":10,"author":{"gitId":"guanyz"},"content":"    private static final int SPLIT_LIMIT \u003d 2;"},{"lineNumber":11,"author":{"gitId":"guanyz"},"content":""},{"lineNumber":12,"author":{"gitId":"guanyz"},"content":"    /**"},{"lineNumber":13,"author":{"gitId":"guanyz"},"content":"     * Parses a String representation of a Task into a Task object, and returns the resultant Task object."},{"lineNumber":14,"author":{"gitId":"guanyz"},"content":"     *"},{"lineNumber":15,"author":{"gitId":"guanyz"},"content":"     * @param taskString String representation of the Task to be parsed."},{"lineNumber":16,"author":{"gitId":"guanyz"},"content":"     * @return Task object parsed from the input String."},{"lineNumber":17,"author":{"gitId":"guanyz"},"content":"     * @throws DukeException If an Exception occurs as a result of the String being malformed."},{"lineNumber":18,"author":{"gitId":"guanyz"},"content":"     */"},{"lineNumber":19,"author":{"gitId":"guanyz"},"content":"    public static Task parseTask(String taskString) throws DukeException {"},{"lineNumber":20,"author":{"gitId":"guanyz"},"content":"        Task newTask;"},{"lineNumber":21,"author":{"gitId":"guanyz"},"content":"        String desc;"},{"lineNumber":22,"author":{"gitId":"guanyz"},"content":"        boolean isDone \u003d false;"},{"lineNumber":23,"author":{"gitId":"guanyz"},"content":""},{"lineNumber":24,"author":{"gitId":"guanyz"},"content":"        if (taskString.startsWith(\"todo\")) {"},{"lineNumber":25,"author":{"gitId":"guanyz"},"content":"            String[] taskParts \u003d taskString.split(\"todo\", SPLIT_LIMIT);"},{"lineNumber":26,"author":{"gitId":"guanyz"},"content":""},{"lineNumber":27,"author":{"gitId":"guanyz"},"content":"            if (taskParts[1].length() \u003d\u003d 0) {"},{"lineNumber":28,"author":{"gitId":"guanyz"},"content":"                throw new DukeException(\"Oops! Usage: todo [desc]\");"},{"lineNumber":29,"author":{"gitId":"guanyz"},"content":"            } else {"},{"lineNumber":30,"author":{"gitId":"guanyz"},"content":"                desc \u003d taskParts[1].trim();"},{"lineNumber":31,"author":{"gitId":"guanyz"},"content":"            }"},{"lineNumber":32,"author":{"gitId":"guanyz"},"content":""},{"lineNumber":33,"author":{"gitId":"guanyz"},"content":"            if (desc.startsWith(\"[isDone]\")) {"},{"lineNumber":34,"author":{"gitId":"guanyz"},"content":"                desc \u003d desc.split(\"\\\\[isDone\\\\]\", SPLIT_LIMIT)[1].trim();"},{"lineNumber":35,"author":{"gitId":"guanyz"},"content":"                isDone \u003d true;"},{"lineNumber":36,"author":{"gitId":"guanyz"},"content":"            }"},{"lineNumber":37,"author":{"gitId":"guanyz"},"content":""},{"lineNumber":38,"author":{"gitId":"guanyz"},"content":"            newTask \u003d new Todo(desc);"},{"lineNumber":39,"author":{"gitId":"guanyz"},"content":"        } else if (taskString.startsWith(\"event\")) {"},{"lineNumber":40,"author":{"gitId":"guanyz"},"content":"            desc \u003d taskString.split(\"event\", SPLIT_LIMIT)[1].trim();"},{"lineNumber":41,"author":{"gitId":"guanyz"},"content":"            String[] taskParts \u003d desc.split(\" /on \");"},{"lineNumber":42,"author":{"gitId":"guanyz"},"content":""},{"lineNumber":43,"author":{"gitId":"guanyz"},"content":"            if (taskParts.length \u003d\u003d 1) {"},{"lineNumber":44,"author":{"gitId":"guanyz"},"content":"                throw new DukeException(\"Oops! Usage: event [desc] /on [date]\");"},{"lineNumber":45,"author":{"gitId":"guanyz"},"content":"            } else {"},{"lineNumber":46,"author":{"gitId":"guanyz"},"content":"                if (taskParts[0].startsWith(\"[isDone]\")) {"},{"lineNumber":47,"author":{"gitId":"guanyz"},"content":"                    taskParts[0] \u003d taskParts[0].split(\"\\\\[isDone\\\\]\", SPLIT_LIMIT)[1].trim();"},{"lineNumber":48,"author":{"gitId":"guanyz"},"content":"                    isDone \u003d true;"},{"lineNumber":49,"author":{"gitId":"guanyz"},"content":"                }"},{"lineNumber":50,"author":{"gitId":"guanyz"},"content":""},{"lineNumber":51,"author":{"gitId":"guanyz"},"content":"                try {"},{"lineNumber":52,"author":{"gitId":"guanyz"},"content":"                    LocalDate datetime \u003d LocalDate.parse(taskParts[1], DateTimeFormatter.ofPattern(\"dd/MM/yyyy\"));"},{"lineNumber":53,"author":{"gitId":"guanyz"},"content":"                    newTask \u003d new Event(taskParts[0], datetime);"},{"lineNumber":54,"author":{"gitId":"guanyz"},"content":"                } catch (Exception e) {"},{"lineNumber":55,"author":{"gitId":"guanyz"},"content":"                    throw new DukeException(\"Looks like your date\u0027s formatted incorrectly! Try this: dd/mm/yyyy\");"},{"lineNumber":56,"author":{"gitId":"guanyz"},"content":"                }"},{"lineNumber":57,"author":{"gitId":"guanyz"},"content":"            }"},{"lineNumber":58,"author":{"gitId":"guanyz"},"content":"        } else if (taskString.startsWith(\"deadline\")) {"},{"lineNumber":59,"author":{"gitId":"guanyz"},"content":"            desc \u003d taskString.split(\"deadline\", SPLIT_LIMIT)[1].trim();"},{"lineNumber":60,"author":{"gitId":"guanyz"},"content":"            String[] taskParts \u003d desc.split(\" /by \");"},{"lineNumber":61,"author":{"gitId":"guanyz"},"content":""},{"lineNumber":62,"author":{"gitId":"guanyz"},"content":"            if (taskParts.length \u003d\u003d 1) {"},{"lineNumber":63,"author":{"gitId":"guanyz"},"content":"                throw new DukeException(\"Oops! Usage: deadline [desc] /by [date]\");"},{"lineNumber":64,"author":{"gitId":"guanyz"},"content":"            } else {"},{"lineNumber":65,"author":{"gitId":"guanyz"},"content":"                if (taskParts[0].startsWith(\"[isDone]\", SPLIT_LIMIT)) {"},{"lineNumber":66,"author":{"gitId":"guanyz"},"content":"                    taskParts[0] \u003d taskParts[0].split(\"\\\\[isDone\\\\]\")[1].trim();"},{"lineNumber":67,"author":{"gitId":"guanyz"},"content":"                    isDone \u003d true;"},{"lineNumber":68,"author":{"gitId":"guanyz"},"content":"                }"},{"lineNumber":69,"author":{"gitId":"guanyz"},"content":""},{"lineNumber":70,"author":{"gitId":"guanyz"},"content":"                try {"},{"lineNumber":71,"author":{"gitId":"guanyz"},"content":"                    LocalDate datetime \u003d LocalDate.parse(taskParts[1], DateTimeFormatter.ofPattern(\"dd/MM/yyyy\"));"},{"lineNumber":72,"author":{"gitId":"guanyz"},"content":"                    newTask \u003d new Deadline(taskParts[0], datetime);"},{"lineNumber":73,"author":{"gitId":"guanyz"},"content":"                } catch (Exception e) {"},{"lineNumber":74,"author":{"gitId":"guanyz"},"content":"                    throw new DukeException(\"Looks like your date\u0027s formatted incorrectly! Try this: dd/mm/yyyy\");"},{"lineNumber":75,"author":{"gitId":"guanyz"},"content":"                }"},{"lineNumber":76,"author":{"gitId":"guanyz"},"content":"            }"},{"lineNumber":77,"author":{"gitId":"guanyz"},"content":"        } else {"},{"lineNumber":78,"author":{"gitId":"guanyz"},"content":"            throw new DukeException(\"Unknown command!\");"},{"lineNumber":79,"author":{"gitId":"guanyz"},"content":"        }"},{"lineNumber":80,"author":{"gitId":"guanyz"},"content":"        if (isDone) {"},{"lineNumber":81,"author":{"gitId":"guanyz"},"content":"            newTask.markAsDone();"},{"lineNumber":82,"author":{"gitId":"guanyz"},"content":"        }"},{"lineNumber":83,"author":{"gitId":"guanyz"},"content":"        return newTask;"},{"lineNumber":84,"author":{"gitId":"guanyz"},"content":"    }"},{"lineNumber":85,"author":{"gitId":"guanyz"},"content":"}"}],"authorContributionMap":{"guanyz":85}},{"path":"src/main/java/duke/Todo.java","fileType":"java","lines":[{"lineNumber":1,"author":{"gitId":"guanyz"},"content":"package duke;"},{"lineNumber":2,"author":{"gitId":"guanyz"},"content":""},{"lineNumber":3,"author":{"gitId":"guanyz"},"content":"/**"},{"lineNumber":4,"author":{"gitId":"guanyz"},"content":" * Represents a Todo object."},{"lineNumber":5,"author":{"gitId":"guanyz"},"content":" */"},{"lineNumber":6,"author":{"gitId":"guanyz"},"content":"public class Todo extends Task {"},{"lineNumber":7,"author":{"gitId":"guanyz"},"content":"    public Todo(String description) {"},{"lineNumber":8,"author":{"gitId":"guanyz"},"content":"        super(description);"},{"lineNumber":9,"author":{"gitId":"guanyz"},"content":"    }"},{"lineNumber":10,"author":{"gitId":"guanyz"},"content":""},{"lineNumber":11,"author":{"gitId":"guanyz"},"content":"    /**"},{"lineNumber":12,"author":{"gitId":"guanyz"},"content":"     * Returns a String representing this object to be saved into a save data file."},{"lineNumber":13,"author":{"gitId":"guanyz"},"content":"     * @return String representation of this object, formatted for save data use."},{"lineNumber":14,"author":{"gitId":"guanyz"},"content":"     */"},{"lineNumber":15,"author":{"gitId":"guanyz"},"content":"    public String getSaveString() {"},{"lineNumber":16,"author":{"gitId":"guanyz"},"content":"        if (this.isDone()) {"},{"lineNumber":17,"author":{"gitId":"guanyz"},"content":"            return String.format(\"todo [isDone] %s\\n\", description);"},{"lineNumber":18,"author":{"gitId":"guanyz"},"content":"        } else {"},{"lineNumber":19,"author":{"gitId":"guanyz"},"content":"            return String.format(\"todo %s\\n\", description);"},{"lineNumber":20,"author":{"gitId":"guanyz"},"content":"        }"},{"lineNumber":21,"author":{"gitId":"guanyz"},"content":"    }"},{"lineNumber":22,"author":{"gitId":"guanyz"},"content":""},{"lineNumber":23,"author":{"gitId":"guanyz"},"content":"    @Override"},{"lineNumber":24,"author":{"gitId":"guanyz"},"content":"    public String toString() {"},{"lineNumber":25,"author":{"gitId":"guanyz"},"content":"        return String.format(\"[T][%s] %s\", getStatus(), description);"},{"lineNumber":26,"author":{"gitId":"guanyz"},"content":"    }"},{"lineNumber":27,"author":{"gitId":"guanyz"},"content":"}"}],"authorContributionMap":{"guanyz":27}},{"path":"src/main/java/duke/Ui.java","fileType":"java","lines":[{"lineNumber":1,"author":{"gitId":"guanyz"},"content":"package duke;"},{"lineNumber":2,"author":{"gitId":"guanyz"},"content":""},{"lineNumber":3,"author":{"gitId":"guanyz"},"content":"import java.util.Scanner;"},{"lineNumber":4,"author":{"gitId":"guanyz"},"content":""},{"lineNumber":5,"author":{"gitId":"guanyz"},"content":"/**"},{"lineNumber":6,"author":{"gitId":"guanyz"},"content":" * Handles receiving user input and outputting relevant textual information for the user to see."},{"lineNumber":7,"author":{"gitId":"guanyz"},"content":" */"},{"lineNumber":8,"author":{"gitId":"guanyz"},"content":"public class Ui {"},{"lineNumber":9,"author":{"gitId":"guanyz"},"content":"    private Scanner scanner;"},{"lineNumber":10,"author":{"gitId":"guanyz"},"content":""},{"lineNumber":11,"author":{"gitId":"guanyz"},"content":"    public Ui() {"},{"lineNumber":12,"author":{"gitId":"guanyz"},"content":"        this.scanner \u003d new Scanner(System.in);"},{"lineNumber":13,"author":{"gitId":"guanyz"},"content":"    }"},{"lineNumber":14,"author":{"gitId":"guanyz"},"content":""},{"lineNumber":15,"author":{"gitId":"guanyz"},"content":"    /**"},{"lineNumber":16,"author":{"gitId":"guanyz"},"content":"     * Shows details of a Task that\u0027s been added to the TaskList."},{"lineNumber":17,"author":{"gitId":"guanyz"},"content":"     * @param task Task that\u0027s added to the TaskList."},{"lineNumber":18,"author":{"gitId":"guanyz"},"content":"     * @param listSize Size of the TaskList, after the Task is added."},{"lineNumber":19,"author":{"gitId":"guanyz"},"content":"     * @return Message confirming that the task has been added."},{"lineNumber":20,"author":{"gitId":"guanyz"},"content":"     */"},{"lineNumber":21,"author":{"gitId":"guanyz"},"content":"    public String showAddedTask(Task task, int listSize) {"},{"lineNumber":22,"author":{"gitId":"guanyz"},"content":"        String msg \u003d String.format(\"I\u0027ve added this task: %s\\nYou now have %d items on your todo list.\","},{"lineNumber":23,"author":{"gitId":"guanyz"},"content":"                task.toString(),"},{"lineNumber":24,"author":{"gitId":"guanyz"},"content":"                listSize);"},{"lineNumber":25,"author":{"gitId":"guanyz"},"content":"        return msg;"},{"lineNumber":26,"author":{"gitId":"guanyz"},"content":"    }"},{"lineNumber":27,"author":{"gitId":"guanyz"},"content":""},{"lineNumber":28,"author":{"gitId":"guanyz"},"content":"    /**"},{"lineNumber":29,"author":{"gitId":"guanyz"},"content":"     * Shows details of a Task that\u0027s been removed from the TaskList."},{"lineNumber":30,"author":{"gitId":"guanyz"},"content":"     * @param task Task that\u0027s been removed from the TaskList."},{"lineNumber":31,"author":{"gitId":"guanyz"},"content":"     * @param listSize Size of the TaskList, after the Task is removed."},{"lineNumber":32,"author":{"gitId":"guanyz"},"content":"     * @return Message confirming that the task has been removed."},{"lineNumber":33,"author":{"gitId":"guanyz"},"content":"     */"},{"lineNumber":34,"author":{"gitId":"guanyz"},"content":"    public String showRemovedTask(Task task, int listSize) {"},{"lineNumber":35,"author":{"gitId":"guanyz"},"content":"        String msg \u003d String.format(\"I\u0027ve removed this task: %s\\nYou now have %d items on your todo list.\","},{"lineNumber":36,"author":{"gitId":"guanyz"},"content":"                task.toString(),"},{"lineNumber":37,"author":{"gitId":"guanyz"},"content":"                listSize);"},{"lineNumber":38,"author":{"gitId":"guanyz"},"content":"        return msg;"},{"lineNumber":39,"author":{"gitId":"guanyz"},"content":"    }"},{"lineNumber":40,"author":{"gitId":"guanyz"},"content":""},{"lineNumber":41,"author":{"gitId":"guanyz"},"content":"    /**"},{"lineNumber":42,"author":{"gitId":"guanyz"},"content":"     * Shows details of a Task that\u0027s been marked as done/completed."},{"lineNumber":43,"author":{"gitId":"guanyz"},"content":"     * @param task Task that\u0027s been marked as done/completed."},{"lineNumber":44,"author":{"gitId":"guanyz"},"content":"     * @return Message confirming that the task has been marked as done/completed."},{"lineNumber":45,"author":{"gitId":"guanyz"},"content":"     */"},{"lineNumber":46,"author":{"gitId":"guanyz"},"content":"    public String showDoneTask(Task task) {"},{"lineNumber":47,"author":{"gitId":"guanyz"},"content":"        String msg \u003d String.format(\"Congrats! The following task has been marked as done:\\n  %s\","},{"lineNumber":48,"author":{"gitId":"guanyz"},"content":"                task.toString());"},{"lineNumber":49,"author":{"gitId":"guanyz"},"content":"        return msg;"},{"lineNumber":50,"author":{"gitId":"guanyz"},"content":"    }"},{"lineNumber":51,"author":{"gitId":"guanyz"},"content":""},{"lineNumber":52,"author":{"gitId":"guanyz"},"content":"    /**"},{"lineNumber":53,"author":{"gitId":"guanyz"},"content":"     * Returns the contents of a TaskList in a neat format."},{"lineNumber":54,"author":{"gitId":"guanyz"},"content":"     * @param tasks"},{"lineNumber":55,"author":{"gitId":"guanyz"},"content":"     * @return"},{"lineNumber":56,"author":{"gitId":"guanyz"},"content":"     */"},{"lineNumber":57,"author":{"gitId":"guanyz"},"content":"    public String displayList(TaskList tasks) {"},{"lineNumber":58,"author":{"gitId":"guanyz"},"content":"        StringBuilder items \u003d new StringBuilder();"},{"lineNumber":59,"author":{"gitId":"guanyz"},"content":"        for (int i \u003d 1; i \u003c\u003d tasks.size(); i++) {"},{"lineNumber":60,"author":{"gitId":"guanyz"},"content":"            items.append(String.valueOf(i) + \". \" + tasks.get(i).toString() + \"\\n\");"},{"lineNumber":61,"author":{"gitId":"guanyz"},"content":"        }"},{"lineNumber":62,"author":{"gitId":"guanyz"},"content":"        String output \u003d items.toString().trim();"},{"lineNumber":63,"author":{"gitId":"guanyz"},"content":"        if (output.length() \u003e 0) {"},{"lineNumber":64,"author":{"gitId":"guanyz"},"content":"            output \u003d \"Here\u0027s all the matches I found:\\n\" + output;"},{"lineNumber":65,"author":{"gitId":"guanyz"},"content":"        } else {"},{"lineNumber":66,"author":{"gitId":"guanyz"},"content":"            output \u003d \"I couldn\u0027t find anything!\";"},{"lineNumber":67,"author":{"gitId":"guanyz"},"content":"        }"},{"lineNumber":68,"author":{"gitId":"guanyz"},"content":"        return output;"},{"lineNumber":69,"author":{"gitId":"guanyz"},"content":"    }"},{"lineNumber":70,"author":{"gitId":"guanyz"},"content":"}"}],"authorContributionMap":{"guanyz":70}},{"path":"src/main/resources/view/DialogBox.fxml","fileType":"fxml","lines":[{"lineNumber":1,"author":{"gitId":"guanyz"},"content":"\u003c?xml version\u003d\"1.0\" encoding\u003d\"UTF-8\"?\u003e"},{"lineNumber":2,"author":{"gitId":"guanyz"},"content":""},{"lineNumber":3,"author":{"gitId":"guanyz"},"content":"\u003c?import javafx.geometry.Insets?\u003e"},{"lineNumber":4,"author":{"gitId":"guanyz"},"content":"\u003c?import javafx.scene.control.Label?\u003e"},{"lineNumber":5,"author":{"gitId":"guanyz"},"content":"\u003c?import javafx.scene.image.ImageView?\u003e"},{"lineNumber":6,"author":{"gitId":"guanyz"},"content":"\u003c?import javafx.scene.layout.HBox?\u003e"},{"lineNumber":7,"author":{"gitId":"guanyz"},"content":""},{"lineNumber":8,"author":{"gitId":"guanyz"},"content":"\u003cfx:root alignment\u003d\"TOP_RIGHT\" maxHeight\u003d\"1.7976931348623157E308\" maxWidth\u003d\"1.7976931348623157E308\" prefWidth\u003d\"400.0\" type\u003d\"javafx.scene.layout.HBox\" xmlns\u003d\"http://javafx.com/javafx/8.0.171\" xmlns:fx\u003d\"http://javafx.com/fxml/1\"\u003e"},{"lineNumber":9,"author":{"gitId":"guanyz"},"content":"    \u003cchildren\u003e"},{"lineNumber":10,"author":{"gitId":"guanyz"},"content":"        \u003cLabel fx:id\u003d\"dialog\" text\u003d\"Label\" wrapText\u003d\"true\" /\u003e"},{"lineNumber":11,"author":{"gitId":"guanyz"},"content":"        \u003cImageView fx:id\u003d\"displayPicture\" fitHeight\u003d\"99.0\" fitWidth\u003d\"99.0\" pickOnBounds\u003d\"true\" preserveRatio\u003d\"true\" /\u003e"},{"lineNumber":12,"author":{"gitId":"guanyz"},"content":"    \u003c/children\u003e"},{"lineNumber":13,"author":{"gitId":"guanyz"},"content":"    \u003cpadding\u003e"},{"lineNumber":14,"author":{"gitId":"guanyz"},"content":"        \u003cInsets bottom\u003d\"15.0\" left\u003d\"5.0\" right\u003d\"5.0\" top\u003d\"15.0\" /\u003e"},{"lineNumber":15,"author":{"gitId":"guanyz"},"content":"    \u003c/padding\u003e"},{"lineNumber":16,"author":{"gitId":"guanyz"},"content":"\u003c/fx:root\u003e"}],"authorContributionMap":{"guanyz":16}},{"path":"src/main/resources/view/MainWindow.fxml","fileType":"fxml","lines":[{"lineNumber":1,"author":{"gitId":"guanyz"},"content":"\u003c?xml version\u003d\"1.0\" encoding\u003d\"UTF-8\"?\u003e"},{"lineNumber":2,"author":{"gitId":"guanyz"},"content":""},{"lineNumber":3,"author":{"gitId":"guanyz"},"content":"\u003c?import javafx.scene.control.Button?\u003e"},{"lineNumber":4,"author":{"gitId":"guanyz"},"content":"\u003c?import javafx.scene.control.ScrollPane?\u003e"},{"lineNumber":5,"author":{"gitId":"guanyz"},"content":"\u003c?import javafx.scene.control.TextField?\u003e"},{"lineNumber":6,"author":{"gitId":"guanyz"},"content":"\u003c?import javafx.scene.layout.AnchorPane?\u003e"},{"lineNumber":7,"author":{"gitId":"guanyz"},"content":"\u003c?import javafx.scene.layout.VBox?\u003e"},{"lineNumber":8,"author":{"gitId":"guanyz"},"content":""},{"lineNumber":9,"author":{"gitId":"guanyz"},"content":"\u003cAnchorPane maxHeight\u003d\"-Infinity\" maxWidth\u003d\"-Infinity\" minHeight\u003d\"-Infinity\" minWidth\u003d\"-Infinity\" prefHeight\u003d\"600.0\" prefWidth\u003d\"400.0\" xmlns\u003d\"http://javafx.com/javafx/8.0.171\" xmlns:fx\u003d\"http://javafx.com/fxml/1\" fx:controller\u003d\"MainWindow\"\u003e"},{"lineNumber":10,"author":{"gitId":"guanyz"},"content":"    \u003cchildren\u003e"},{"lineNumber":11,"author":{"gitId":"guanyz"},"content":"        \u003cTextField fx:id\u003d\"userInput\" layoutY\u003d\"558.0\" onAction\u003d\"#handleUserInput\" prefHeight\u003d\"41.0\" prefWidth\u003d\"324.0\" AnchorPane.bottomAnchor\u003d\"1.0\" /\u003e"},{"lineNumber":12,"author":{"gitId":"guanyz"},"content":"        \u003cButton fx:id\u003d\"sendButton\" layoutX\u003d\"324.0\" layoutY\u003d\"558.0\" mnemonicParsing\u003d\"false\" onAction\u003d\"#handleUserInput\" prefHeight\u003d\"41.0\" prefWidth\u003d\"76.0\" text\u003d\"Send\" /\u003e"},{"lineNumber":13,"author":{"gitId":"guanyz"},"content":"        \u003cScrollPane fx:id\u003d\"scrollPane\" hbarPolicy\u003d\"NEVER\" hvalue\u003d\"1.0\" prefHeight\u003d\"557.0\" prefWidth\u003d\"400.0\" vvalue\u003d\"1.0\"\u003e"},{"lineNumber":14,"author":{"gitId":"guanyz"},"content":"            \u003ccontent\u003e"},{"lineNumber":15,"author":{"gitId":"guanyz"},"content":"                \u003cVBox fx:id\u003d\"dialogContainer\" prefHeight\u003d\"552.0\" prefWidth\u003d\"388.0\" /\u003e"},{"lineNumber":16,"author":{"gitId":"guanyz"},"content":"            \u003c/content\u003e"},{"lineNumber":17,"author":{"gitId":"guanyz"},"content":"        \u003c/ScrollPane\u003e"},{"lineNumber":18,"author":{"gitId":"guanyz"},"content":"    \u003c/children\u003e"},{"lineNumber":19,"author":{"gitId":"guanyz"},"content":"\u003c/AnchorPane\u003e"}],"authorContributionMap":{"guanyz":19}},{"path":"text-ui-test/input.txt","fileType":"txt","lines":[{"lineNumber":1,"author":{"gitId":"guanyz"},"content":"todo TODO 1"},{"lineNumber":2,"author":{"gitId":"guanyz"},"content":"deadline DEADLINE 2 /by SOME TIME"},{"lineNumber":3,"author":{"gitId":"guanyz"},"content":"event EVENT 3 /on SOME TIME"},{"lineNumber":4,"author":{"gitId":"guanyz"},"content":"list"},{"lineNumber":5,"author":{"gitId":"guanyz"},"content":"todo TODO 4"},{"lineNumber":6,"author":{"gitId":"guanyz"},"content":"event EVENT 5 /on SOME TIME"},{"lineNumber":7,"author":{"gitId":"guanyz"},"content":"deadline DEADLINE 6 /by SOME TIME"},{"lineNumber":8,"author":{"gitId":"guanyz"},"content":"list"},{"lineNumber":9,"author":{"gitId":"guanyz"},"content":"done 1"},{"lineNumber":10,"author":{"gitId":"guanyz"},"content":"finish 2"},{"lineNumber":11,"author":{"gitId":"guanyz"},"content":"complete 3"},{"lineNumber":12,"author":{"gitId":"guanyz"},"content":"list"},{"lineNumber":13,"author":{"gitId":"guanyz"},"content":"bye"}],"authorContributionMap":{"guanyz":13}}]
