[{"path":"src/main/java/Deadline.java","fileType":"java","lines":[{"lineNumber":1,"author":{"gitId":"yaowei-soc"},"content":"/**"},{"lineNumber":2,"author":{"gitId":"yaowei-soc"},"content":" * Deadline is a type of Task that needs to be done before a specific date/time."},{"lineNumber":3,"author":{"gitId":"yaowei-soc"},"content":" * Note: Date/time are treated as Strings, so any formats are accepted."},{"lineNumber":4,"author":{"gitId":"yaowei-soc"},"content":" */"},{"lineNumber":5,"author":{"gitId":"yaowei-soc"},"content":"public class Deadline extends Task {"},{"lineNumber":6,"author":{"gitId":"yaowei-soc"},"content":""},{"lineNumber":7,"author":{"gitId":"yaowei-soc"},"content":"    /**"},{"lineNumber":8,"author":{"gitId":"yaowei-soc"},"content":"     * Indicates the end date/time of the deadline."},{"lineNumber":9,"author":{"gitId":"yaowei-soc"},"content":"     */"},{"lineNumber":10,"author":{"gitId":"yaowei-soc"},"content":"    protected String by;"},{"lineNumber":11,"author":{"gitId":"yaowei-soc"},"content":""},{"lineNumber":12,"author":{"gitId":"yaowei-soc"},"content":"    public Deadline(String description, String by) {"},{"lineNumber":13,"author":{"gitId":"yaowei-soc"},"content":"        super(description);"},{"lineNumber":14,"author":{"gitId":"yaowei-soc"},"content":"        this.by \u003d by;"},{"lineNumber":15,"author":{"gitId":"yaowei-soc"},"content":"    }"},{"lineNumber":16,"author":{"gitId":"yaowei-soc"},"content":""},{"lineNumber":17,"author":{"gitId":"yaowei-soc"},"content":"    @Override"},{"lineNumber":18,"author":{"gitId":"yaowei-soc"},"content":"    public String toString() {"},{"lineNumber":19,"author":{"gitId":"yaowei-soc"},"content":"        return \"[D]\" + super.toString() + \" (by: \" + by + \")\";"},{"lineNumber":20,"author":{"gitId":"yaowei-soc"},"content":"    }"},{"lineNumber":21,"author":{"gitId":"yaowei-soc"},"content":"}"}],"authorContributionMap":{"yaowei-soc":21}},{"path":"src/main/java/Duke.java","fileType":"java","lines":[{"lineNumber":1,"author":{"gitId":"yaowei-soc"},"content":"import java.util.ArrayList;"},{"lineNumber":2,"author":{"gitId":"yaowei-soc"},"content":"import java.util.List;"},{"lineNumber":3,"author":{"gitId":"yaowei-soc"},"content":"import java.util.Scanner;"},{"lineNumber":4,"author":{"gitId":"yaowei-soc"},"content":""},{"lineNumber":5,"author":{"gitId":"-"},"content":"public class Duke {"},{"lineNumber":6,"author":{"gitId":"-"},"content":"    public static void main(String[] args) {"},{"lineNumber":7,"author":{"gitId":"yaowei-soc"},"content":"        Scanner scanner \u003d new Scanner(System.in);"},{"lineNumber":8,"author":{"gitId":"yaowei-soc"},"content":"        List\u003cTask\u003e tasks \u003d new ArrayList\u003c\u003e();"},{"lineNumber":9,"author":{"gitId":"yaowei-soc"},"content":"        String userInput \u003d \"\";"},{"lineNumber":10,"author":{"gitId":"yaowei-soc"},"content":""},{"lineNumber":11,"author":{"gitId":"yaowei-soc"},"content":"        printSegment();"},{"lineNumber":12,"author":{"gitId":"yaowei-soc"},"content":"        System.out.println(\"\\tHello! I\u0027m Duke\");"},{"lineNumber":13,"author":{"gitId":"yaowei-soc"},"content":"        System.out.println(\"\\tWhat can I do for you?\");"},{"lineNumber":14,"author":{"gitId":"yaowei-soc"},"content":"        printSegment();"},{"lineNumber":15,"author":{"gitId":"yaowei-soc"},"content":""},{"lineNumber":16,"author":{"gitId":"yaowei-soc"},"content":"        while (!userInput.equals(\"bye\")) {"},{"lineNumber":17,"author":{"gitId":"yaowei-soc"},"content":"            userInput \u003d scanner.nextLine().trim();"},{"lineNumber":18,"author":{"gitId":"yaowei-soc"},"content":"            String[] userInputArray \u003d userInput.split(\" \", 2);"},{"lineNumber":19,"author":{"gitId":"yaowei-soc"},"content":"            switch (userInputArray[0]) {"},{"lineNumber":20,"author":{"gitId":"yaowei-soc"},"content":"                case \"list\": {"},{"lineNumber":21,"author":{"gitId":"yaowei-soc"},"content":"                    printSegment();"},{"lineNumber":22,"author":{"gitId":"yaowei-soc"},"content":"                    System.out.println(\"\\tHere are the tasks in your list:\");"},{"lineNumber":23,"author":{"gitId":"yaowei-soc"},"content":"                    for (int i \u003d 0; i \u003c tasks.size(); i++) {"},{"lineNumber":24,"author":{"gitId":"yaowei-soc"},"content":"                        System.out.println(\"\\t\" + (i + 1) + \". \" + tasks.get(i));"},{"lineNumber":25,"author":{"gitId":"yaowei-soc"},"content":"                    }"},{"lineNumber":26,"author":{"gitId":"yaowei-soc"},"content":"                    printSegment();"},{"lineNumber":27,"author":{"gitId":"yaowei-soc"},"content":"                    break;"},{"lineNumber":28,"author":{"gitId":"yaowei-soc"},"content":"                }"},{"lineNumber":29,"author":{"gitId":"yaowei-soc"},"content":"                case \"done\": {"},{"lineNumber":30,"author":{"gitId":"yaowei-soc"},"content":"                    int userIndex \u003d Integer.parseInt(userInputArray[1]);"},{"lineNumber":31,"author":{"gitId":"yaowei-soc"},"content":"                    tasks.get(userIndex - 1).markAsDone();"},{"lineNumber":32,"author":{"gitId":"yaowei-soc"},"content":"                    printSegment();"},{"lineNumber":33,"author":{"gitId":"yaowei-soc"},"content":"                    System.out.println(\"\\tNice! I\u0027ve marked this task as done:\");"},{"lineNumber":34,"author":{"gitId":"yaowei-soc"},"content":"                    System.out.println(\"\\t\" + tasks.get(userIndex - 1));"},{"lineNumber":35,"author":{"gitId":"yaowei-soc"},"content":"                    printSegment();"},{"lineNumber":36,"author":{"gitId":"yaowei-soc"},"content":"                    break;"},{"lineNumber":37,"author":{"gitId":"yaowei-soc"},"content":"                }"},{"lineNumber":38,"author":{"gitId":"yaowei-soc"},"content":"                case \"delete\": {"},{"lineNumber":39,"author":{"gitId":"yaowei-soc"},"content":"                    int userIndex \u003d Integer.parseInt(userInputArray[1]);"},{"lineNumber":40,"author":{"gitId":"yaowei-soc"},"content":"                    Task removedTask \u003d tasks.remove(userIndex - 1);"},{"lineNumber":41,"author":{"gitId":"yaowei-soc"},"content":"                    printSegment();"},{"lineNumber":42,"author":{"gitId":"yaowei-soc"},"content":"                    System.out.println(\"\\tNoted. I\u0027ve removed this task:\");"},{"lineNumber":43,"author":{"gitId":"yaowei-soc"},"content":"                    System.out.println(\"\\t\\t\" + removedTask);"},{"lineNumber":44,"author":{"gitId":"yaowei-soc"},"content":"                    System.out.println(\"\\tNow you have \" + tasks.size() + \" tasks in the list.\");"},{"lineNumber":45,"author":{"gitId":"yaowei-soc"},"content":"                    printSegment();"},{"lineNumber":46,"author":{"gitId":"yaowei-soc"},"content":"                    break;"},{"lineNumber":47,"author":{"gitId":"yaowei-soc"},"content":"                }"},{"lineNumber":48,"author":{"gitId":"yaowei-soc"},"content":"                case \"bye\":"},{"lineNumber":49,"author":{"gitId":"yaowei-soc"},"content":"                    break;"},{"lineNumber":50,"author":{"gitId":"yaowei-soc"},"content":"                default: {"},{"lineNumber":51,"author":{"gitId":"yaowei-soc"},"content":"                    Task newTask \u003d null;"},{"lineNumber":52,"author":{"gitId":"yaowei-soc"},"content":"                    try {"},{"lineNumber":53,"author":{"gitId":"yaowei-soc"},"content":"                        newTask \u003d parseTask(userInputArray);"},{"lineNumber":54,"author":{"gitId":"yaowei-soc"},"content":"                        tasks.add(newTask);"},{"lineNumber":55,"author":{"gitId":"yaowei-soc"},"content":"                        printSegment();"},{"lineNumber":56,"author":{"gitId":"yaowei-soc"},"content":"                        System.out.println(\"\\tGot it. I\u0027ve added this task:\");"},{"lineNumber":57,"author":{"gitId":"yaowei-soc"},"content":"                        System.out.println(\"\\t\\t\" + newTask);"},{"lineNumber":58,"author":{"gitId":"yaowei-soc"},"content":"                        System.out.println(\"\\tNow you have \" + tasks.size() + \" tasks in the list.\");"},{"lineNumber":59,"author":{"gitId":"yaowei-soc"},"content":"                        printSegment();"},{"lineNumber":60,"author":{"gitId":"yaowei-soc"},"content":"                    } catch (DukeException e) {"},{"lineNumber":61,"author":{"gitId":"yaowei-soc"},"content":"                        printSegment();"},{"lineNumber":62,"author":{"gitId":"yaowei-soc"},"content":"                        System.out.println(\"\\t☹ OOPS!!! \" + e.getLocalizedMessage());"},{"lineNumber":63,"author":{"gitId":"yaowei-soc"},"content":"                        printSegment();"},{"lineNumber":64,"author":{"gitId":"yaowei-soc"},"content":"                    }"},{"lineNumber":65,"author":{"gitId":"yaowei-soc"},"content":"                }"},{"lineNumber":66,"author":{"gitId":"yaowei-soc"},"content":"            }"},{"lineNumber":67,"author":{"gitId":"yaowei-soc"},"content":"        }"},{"lineNumber":68,"author":{"gitId":"yaowei-soc"},"content":""},{"lineNumber":69,"author":{"gitId":"yaowei-soc"},"content":"        printSegment();"},{"lineNumber":70,"author":{"gitId":"yaowei-soc"},"content":"        System.out.println(\"\\tBye. Hope to see you again soon!\");"},{"lineNumber":71,"author":{"gitId":"yaowei-soc"},"content":"        printSegment();"},{"lineNumber":72,"author":{"gitId":"yaowei-soc"},"content":"    }"},{"lineNumber":73,"author":{"gitId":"yaowei-soc"},"content":""},{"lineNumber":74,"author":{"gitId":"yaowei-soc"},"content":"    static Task parseTask(String[] userInputArray) throws DukeException {"},{"lineNumber":75,"author":{"gitId":"yaowei-soc"},"content":"        Task newTask;"},{"lineNumber":76,"author":{"gitId":"yaowei-soc"},"content":"        switch (userInputArray[0]) {"},{"lineNumber":77,"author":{"gitId":"yaowei-soc"},"content":"            case \"todo\": {"},{"lineNumber":78,"author":{"gitId":"yaowei-soc"},"content":"                if (userInputArray.length \u003d\u003d 1) {"},{"lineNumber":79,"author":{"gitId":"yaowei-soc"},"content":"                    throw new DukeException(\"The description of a todo cannot be empty.\");"},{"lineNumber":80,"author":{"gitId":"yaowei-soc"},"content":"                }"},{"lineNumber":81,"author":{"gitId":"yaowei-soc"},"content":"                newTask \u003d new ToDo(userInputArray[1]);"},{"lineNumber":82,"author":{"gitId":"yaowei-soc"},"content":"                break;"},{"lineNumber":83,"author":{"gitId":"yaowei-soc"},"content":"            }"},{"lineNumber":84,"author":{"gitId":"yaowei-soc"},"content":"            case \"deadline\": {"},{"lineNumber":85,"author":{"gitId":"yaowei-soc"},"content":"                String[] deadlineInputs \u003d userInputArray[1].split(\"(\\\\s/by\\\\s)+\");"},{"lineNumber":86,"author":{"gitId":"yaowei-soc"},"content":"                newTask \u003d new Deadline(deadlineInputs[0].trim(), deadlineInputs[1].trim());"},{"lineNumber":87,"author":{"gitId":"yaowei-soc"},"content":"                break;"},{"lineNumber":88,"author":{"gitId":"yaowei-soc"},"content":"            }"},{"lineNumber":89,"author":{"gitId":"yaowei-soc"},"content":"            case \"event\": {"},{"lineNumber":90,"author":{"gitId":"yaowei-soc"},"content":"                String[] eventInputs \u003d userInputArray[1].split(\"(\\\\s\\\\/at\\\\s)+\");"},{"lineNumber":91,"author":{"gitId":"yaowei-soc"},"content":"                newTask \u003d new Event(eventInputs[0].trim(), eventInputs[1].trim());"},{"lineNumber":92,"author":{"gitId":"yaowei-soc"},"content":"                break;"},{"lineNumber":93,"author":{"gitId":"yaowei-soc"},"content":"            }"},{"lineNumber":94,"author":{"gitId":"yaowei-soc"},"content":"            default:"},{"lineNumber":95,"author":{"gitId":"yaowei-soc"},"content":"                throw new DukeException(\"I\u0027m sorry, but I don\u0027t know what that means :-(\");"},{"lineNumber":96,"author":{"gitId":"yaowei-soc"},"content":"        }"},{"lineNumber":97,"author":{"gitId":"yaowei-soc"},"content":"        return newTask;"},{"lineNumber":98,"author":{"gitId":"yaowei-soc"},"content":"    }"},{"lineNumber":99,"author":{"gitId":"yaowei-soc"},"content":""},{"lineNumber":100,"author":{"gitId":"yaowei-soc"},"content":"    static void printSegment() {"},{"lineNumber":101,"author":{"gitId":"yaowei-soc"},"content":"        System.out.println(\"\\t____________________________________________________________\");"},{"lineNumber":102,"author":{"gitId":"-"},"content":"    }"},{"lineNumber":103,"author":{"gitId":"-"},"content":"}"}],"authorContributionMap":{"yaowei-soc":99,"-":4}},{"path":"src/main/java/DukeException.java","fileType":"java","lines":[{"lineNumber":1,"author":{"gitId":"yaowei-soc"},"content":"/**"},{"lineNumber":2,"author":{"gitId":"yaowei-soc"},"content":" * Indicates an error during Duke Application runtime."},{"lineNumber":3,"author":{"gitId":"yaowei-soc"},"content":" */"},{"lineNumber":4,"author":{"gitId":"yaowei-soc"},"content":"class DukeException extends Exception {"},{"lineNumber":5,"author":{"gitId":"yaowei-soc"},"content":""},{"lineNumber":6,"author":{"gitId":"yaowei-soc"},"content":"    public DukeException(String description) {"},{"lineNumber":7,"author":{"gitId":"yaowei-soc"},"content":"        super(description);"},{"lineNumber":8,"author":{"gitId":"yaowei-soc"},"content":"    }"},{"lineNumber":9,"author":{"gitId":"yaowei-soc"},"content":"}"}],"authorContributionMap":{"yaowei-soc":9}},{"path":"src/main/java/Event.java","fileType":"java","lines":[{"lineNumber":1,"author":{"gitId":"yaowei-soc"},"content":"/**"},{"lineNumber":2,"author":{"gitId":"yaowei-soc"},"content":" * Event is a type of Task that includes a time."},{"lineNumber":3,"author":{"gitId":"yaowei-soc"},"content":" * Note: Date/time are treated as Strings, so any formats are accepted."},{"lineNumber":4,"author":{"gitId":"yaowei-soc"},"content":" */"},{"lineNumber":5,"author":{"gitId":"yaowei-soc"},"content":"public class Event extends Task {"},{"lineNumber":6,"author":{"gitId":"yaowei-soc"},"content":""},{"lineNumber":7,"author":{"gitId":"yaowei-soc"},"content":"    /**"},{"lineNumber":8,"author":{"gitId":"yaowei-soc"},"content":"     * Indicates the time of the event."},{"lineNumber":9,"author":{"gitId":"yaowei-soc"},"content":"     */"},{"lineNumber":10,"author":{"gitId":"yaowei-soc"},"content":"    protected String at;"},{"lineNumber":11,"author":{"gitId":"yaowei-soc"},"content":""},{"lineNumber":12,"author":{"gitId":"yaowei-soc"},"content":"    public Event(String description, String at) {"},{"lineNumber":13,"author":{"gitId":"yaowei-soc"},"content":"        super(description);"},{"lineNumber":14,"author":{"gitId":"yaowei-soc"},"content":"        this.at \u003d at;"},{"lineNumber":15,"author":{"gitId":"yaowei-soc"},"content":"    }"},{"lineNumber":16,"author":{"gitId":"yaowei-soc"},"content":""},{"lineNumber":17,"author":{"gitId":"yaowei-soc"},"content":"    @Override"},{"lineNumber":18,"author":{"gitId":"yaowei-soc"},"content":"    public String toString() {"},{"lineNumber":19,"author":{"gitId":"yaowei-soc"},"content":"        return \"[E]\" + super.toString() + \" (at: \" + at + \")\";"},{"lineNumber":20,"author":{"gitId":"yaowei-soc"},"content":"    }"},{"lineNumber":21,"author":{"gitId":"yaowei-soc"},"content":"}"}],"authorContributionMap":{"yaowei-soc":21}},{"path":"src/main/java/Task.java","fileType":"java","lines":[{"lineNumber":1,"author":{"gitId":"yaowei-soc"},"content":"/**"},{"lineNumber":2,"author":{"gitId":"yaowei-soc"},"content":" * An abstract class Task in added by the user."},{"lineNumber":3,"author":{"gitId":"yaowei-soc"},"content":" */"},{"lineNumber":4,"author":{"gitId":"yaowei-soc"},"content":"public abstract class Task {"},{"lineNumber":5,"author":{"gitId":"yaowei-soc"},"content":"    /**"},{"lineNumber":6,"author":{"gitId":"yaowei-soc"},"content":"     * Description of the task."},{"lineNumber":7,"author":{"gitId":"yaowei-soc"},"content":"     */"},{"lineNumber":8,"author":{"gitId":"yaowei-soc"},"content":"    protected String description;"},{"lineNumber":9,"author":{"gitId":"yaowei-soc"},"content":""},{"lineNumber":10,"author":{"gitId":"yaowei-soc"},"content":"    /**"},{"lineNumber":11,"author":{"gitId":"yaowei-soc"},"content":"     * Indicates if the task is completed."},{"lineNumber":12,"author":{"gitId":"yaowei-soc"},"content":"     */"},{"lineNumber":13,"author":{"gitId":"yaowei-soc"},"content":"    protected boolean isDone;"},{"lineNumber":14,"author":{"gitId":"yaowei-soc"},"content":""},{"lineNumber":15,"author":{"gitId":"yaowei-soc"},"content":"    /**"},{"lineNumber":16,"author":{"gitId":"yaowei-soc"},"content":"     * Creates a new task with the provided description."},{"lineNumber":17,"author":{"gitId":"yaowei-soc"},"content":"     *"},{"lineNumber":18,"author":{"gitId":"yaowei-soc"},"content":"     * @param description"},{"lineNumber":19,"author":{"gitId":"yaowei-soc"},"content":"     */"},{"lineNumber":20,"author":{"gitId":"yaowei-soc"},"content":"    public Task(String description) {"},{"lineNumber":21,"author":{"gitId":"yaowei-soc"},"content":"        this.description \u003d description;"},{"lineNumber":22,"author":{"gitId":"yaowei-soc"},"content":"        this.isDone \u003d false;"},{"lineNumber":23,"author":{"gitId":"yaowei-soc"},"content":"    }"},{"lineNumber":24,"author":{"gitId":"yaowei-soc"},"content":""},{"lineNumber":25,"author":{"gitId":"yaowei-soc"},"content":"    /**"},{"lineNumber":26,"author":{"gitId":"yaowei-soc"},"content":"     * Mark the task as completed"},{"lineNumber":27,"author":{"gitId":"yaowei-soc"},"content":"     */"},{"lineNumber":28,"author":{"gitId":"yaowei-soc"},"content":"    public void markAsDone() {"},{"lineNumber":29,"author":{"gitId":"yaowei-soc"},"content":"        this.isDone \u003d true;"},{"lineNumber":30,"author":{"gitId":"yaowei-soc"},"content":"    }"},{"lineNumber":31,"author":{"gitId":"yaowei-soc"},"content":""},{"lineNumber":32,"author":{"gitId":"yaowei-soc"},"content":"    /**"},{"lineNumber":33,"author":{"gitId":"yaowei-soc"},"content":"     * Returns the status icon for the task."},{"lineNumber":34,"author":{"gitId":"yaowei-soc"},"content":"     * If done, returns a tick (unicode character), else it will return space"},{"lineNumber":35,"author":{"gitId":"yaowei-soc"},"content":"     *"},{"lineNumber":36,"author":{"gitId":"yaowei-soc"},"content":"     * @return"},{"lineNumber":37,"author":{"gitId":"yaowei-soc"},"content":"     */"},{"lineNumber":38,"author":{"gitId":"yaowei-soc"},"content":"    private String getStatusIcon() {"},{"lineNumber":39,"author":{"gitId":"yaowei-soc"},"content":"        return (isDone ? \"\\u2713\" : \" \"); //return tick or X symbols"},{"lineNumber":40,"author":{"gitId":"yaowei-soc"},"content":"    }"},{"lineNumber":41,"author":{"gitId":"yaowei-soc"},"content":""},{"lineNumber":42,"author":{"gitId":"yaowei-soc"},"content":"    @Override"},{"lineNumber":43,"author":{"gitId":"yaowei-soc"},"content":"    public String toString() {"},{"lineNumber":44,"author":{"gitId":"yaowei-soc"},"content":"        return \"[\" + this.getStatusIcon() + \"] \" + this.description;"},{"lineNumber":45,"author":{"gitId":"yaowei-soc"},"content":"    }"},{"lineNumber":46,"author":{"gitId":"yaowei-soc"},"content":"}"}],"authorContributionMap":{"yaowei-soc":46}},{"path":"src/main/java/ToDo.java","fileType":"java","lines":[{"lineNumber":1,"author":{"gitId":"yaowei-soc"},"content":"/**"},{"lineNumber":2,"author":{"gitId":"yaowei-soc"},"content":" * ToDo is a type of Task that contains just a description."},{"lineNumber":3,"author":{"gitId":"yaowei-soc"},"content":" *"},{"lineNumber":4,"author":{"gitId":"yaowei-soc"},"content":" */"},{"lineNumber":5,"author":{"gitId":"yaowei-soc"},"content":"public class ToDo extends Task {"},{"lineNumber":6,"author":{"gitId":"yaowei-soc"},"content":""},{"lineNumber":7,"author":{"gitId":"yaowei-soc"},"content":"    public ToDo(String description) {"},{"lineNumber":8,"author":{"gitId":"yaowei-soc"},"content":"        super(description);"},{"lineNumber":9,"author":{"gitId":"yaowei-soc"},"content":"    }"},{"lineNumber":10,"author":{"gitId":"yaowei-soc"},"content":""},{"lineNumber":11,"author":{"gitId":"yaowei-soc"},"content":"    @Override"},{"lineNumber":12,"author":{"gitId":"yaowei-soc"},"content":"    public String toString() {"},{"lineNumber":13,"author":{"gitId":"yaowei-soc"},"content":"        return \"[T]\" + super.toString();"},{"lineNumber":14,"author":{"gitId":"yaowei-soc"},"content":"    }"},{"lineNumber":15,"author":{"gitId":"yaowei-soc"},"content":"}"}],"authorContributionMap":{"yaowei-soc":15}},{"path":"text-ui-test/input.txt","fileType":"txt","lines":[{"lineNumber":1,"author":{"gitId":"yaowei-soc"},"content":"todo borrow book"},{"lineNumber":2,"author":{"gitId":"yaowei-soc"},"content":"deadline return book /by Sunday"},{"lineNumber":3,"author":{"gitId":"yaowei-soc"},"content":"event project meeting /at Mon 2-4pm"},{"lineNumber":4,"author":{"gitId":"yaowei-soc"},"content":"deadline do homework /by no idea :-p"},{"lineNumber":5,"author":{"gitId":"yaowei-soc"},"content":"done 2"},{"lineNumber":6,"author":{"gitId":"yaowei-soc"},"content":"delete 2"},{"lineNumber":7,"author":{"gitId":"yaowei-soc"},"content":"list"},{"lineNumber":8,"author":{"gitId":"yaowei-soc"},"content":"bye"}],"authorContributionMap":{"yaowei-soc":8}}]
