{"authorDailyContributionsMap":{"chesterhow":[{"date":"2021-01-17","commitResults":[{"hash":"d58e254c177479af71467869ceef636175c0d64b","messageTitle":"Build greet, echo and exit commands","messageBody":"","tags":["Level-1"],"fileTypesAndContributionMap":{"java":{"insertions":41,"deletions":0}}},{"hash":"5c025197347ae4e7f599016b80876cc00ab3e0ad","messageTitle":"Build add and list commands","messageBody":"","tags":["Level-2"],"fileTypesAndContributionMap":{"java":{"insertions":28,"deletions":9}}},{"hash":"c3d4145a8f9f8f3b62f5cd605df3b801c307ddac","messageTitle":"Implement Task class and mark as done feature","messageBody":"","tags":["Level-3"],"fileTypesAndContributionMap":{"java":{"insertions":49,"deletions":7}}},{"hash":"bd47190c20e33b18b0569bbff4b04b17b8cf8194","messageTitle":"Abstract duplicate reply code","messageBody":"","fileTypesAndContributionMap":{"java":{"insertions":17,"deletions":23}}},{"hash":"0dfa40a2d5aca9fcc3193d6d72bca3994ed7514e","messageTitle":"Create Todo task type","messageBody":"","fileTypesAndContributionMap":{"java":{"insertions":24,"deletions":1}}},{"hash":"f82f28779e3abda8bd46fa29d0c84526dcee4dd0","messageTitle":"Create Deadline task type","messageBody":"","fileTypesAndContributionMap":{"java":{"insertions":30,"deletions":4}}},{"hash":"93e8c4f114573993008d5588df34105177cfc244","messageTitle":"Create Event task type","messageBody":"","tags":["Level-4"],"fileTypesAndContributionMap":{"java":{"insertions":36,"deletions":12}}},{"hash":"107814a9851d1eafe08b1fd84509c5754788e9f5","messageTitle":"Set up automated UI testing","messageBody":"","tags":["A-TextUiTesting"],"fileTypesAndContributionMap":{"txt":{"insertions":9,"deletions":0},"java":{"insertions":1,"deletions":1},"sh":{"insertions":0,"deletions":0}}},{"hash":"94c43945bf464c95162d78e7a008a27c3ad32e0c","messageTitle":"Handle invalid inputs and create exceptions","messageBody":"","tags":["Level-5","A-Exceptions"],"fileTypesAndContributionMap":{"java":{"insertions":58,"deletions":30}}}]},{"date":"2021-01-18","commitResults":[{"hash":"f6beb8a00dfd473c97987c1012782a32fa5b8655","messageTitle":"Allow deletion of tasks","messageBody":"","tags":["Level-6"],"fileTypesAndContributionMap":{"java":{"insertions":24,"deletions":3}}},{"hash":"21789023119e0f8cf65cdb5fff6897ba4585e71c","messageTitle":"Use constants and improve exception handling","messageBody":"","fileTypesAndContributionMap":{"java":{"insertions":140,"deletions":76}}},{"hash":"e2761a4a831bc6b0fbc3de32bf1310605a2b70b4","messageTitle":"Clean up and update tests","messageBody":"","fileTypesAndContributionMap":{"txt":{"insertions":3,"deletions":0},"java":{"insertions":18,"deletions":14}}}]},{"date":"2021-01-26","commitResults":[{"hash":"b7f8e849cf9e504a4a18acd49f89e5696597076a","messageTitle":"Implement saving and reading from file","messageBody":"","tags":["Level-7"],"fileTypesAndContributionMap":{"txt":{"insertions":4,"deletions":0},"java":{"insertions":137,"deletions":30}}},{"hash":"fd932f35f29401cd4825b5e349505d2c00a19e8a","messageTitle":"Manage deadline dates with LocalDateTime class","messageBody":"","tags":["Level-8"],"fileTypesAndContributionMap":{"java":{"insertions":28,"deletions":6}}},{"hash":"0a21e40ceae8207819ff2dfb4077e99f7c305bf4","messageTitle":"Make Duke functions non static","messageBody":"","fileTypesAndContributionMap":{"java":{"insertions":27,"deletions":23}}},{"hash":"5da46829339bf0978077b10320b74ff794b5c1ea","messageTitle":"Abstract UI logic into a separate class","messageBody":"","fileTypesAndContributionMap":{"java":{"insertions":90,"deletions":73}}},{"hash":"cbd4332906006fda71ca2d216485f2a600fedec6","messageTitle":"Abstract Storage logic into a separate class","messageBody":"","fileTypesAndContributionMap":{"txt":{"insertions":2,"deletions":1},"java":{"insertions":108,"deletions":93}}},{"hash":"f4cea2c22931cd82309294bb693a68d0fab048b9","messageTitle":"Abstract Parser logic into a separate class","messageBody":"","fileTypesAndContributionMap":{"java":{"insertions":15,"deletions":14}}},{"hash":"214f44867953b14da562cb5fb8a8709e2c462f1e","messageTitle":"Abstract TaskList logic into a separate class","messageBody":"","tags":["A-MoreOOP"],"fileTypesAndContributionMap":{"java":{"insertions":44,"deletions":23}}},{"hash":"948f5899a3b2c15c479b19adc13ac3c8d4458f67","messageTitle":"Write tests for Deadline and Command classes","messageBody":"","tags":["v0.1","A-Jar","A-JUnit"],"fileTypesAndContributionMap":{"java":{"insertions":49,"deletions":0}}},{"hash":"d2be25538966314dbab59ca345c0531faeb153dc","messageTitle":"Add JavaDoc comments","messageBody":"","fileTypesAndContributionMap":{"java":{"insertions":143,"deletions":16}}},{"hash":"e90ca39b5a8de9f0e736f9373763532c883b79eb","messageTitle":"Modify code to comply with coding standard","messageBody":"","fileTypesAndContributionMap":{"java":{"insertions":133,"deletions":132}}},{"hash":"d7d2cd6c17715f6be93ea7d751f17a7d16538d2b","messageTitle":"Implement task finding by keyword","messageBody":"","fileTypesAndContributionMap":{"java":{"insertions":86,"deletions":46}}}]},{"date":"2021-02-01","commitResults":[{"hash":"8b171fc4cdbac8add24bc71cb04f405be553e648","messageTitle":"Configure build.gradle file","messageBody":"","fileTypesAndContributionMap":{"gradle":{"insertions":1,"deletions":1}}}]},{"date":"2021-02-02","commitResults":[{"hash":"4cb5c060460f026227a21f31e507d0f8f05ee31c","messageTitle":"Set up javafx","messageBody":"","fileTypesAndContributionMap":{"gradle":{"insertions":16,"deletions":1},"java":{"insertions":91,"deletions":22}}},{"hash":"c4b2598215086fa5421d67f94f4dd1b799e6d02a","messageTitle":"Tweak app to use javafx instead of CLI","messageBody":"","fileTypesAndContributionMap":{"java":{"insertions":232,"deletions":176}}}]},{"date":"2021-02-08","commitResults":[{"hash":"2016fe6389491d53b272fa153f17c64a4ea4ebb6","messageTitle":"Add assertions","messageBody":"","fileTypesAndContributionMap":{"java":{"insertions":9,"deletions":0}}},{"hash":"5df20c61705f276850f3a52876028157c03d195c","messageTitle":"Enable assertions on gradle","messageBody":"","fileTypesAndContributionMap":{"gradle":{"insertions":1,"deletions":0}}},{"hash":"89183e95a1b82bbdf4aa21bba857f456d3b42e5d","messageTitle":"Improve code quality","messageBody":"","fileTypesAndContributionMap":{"java":{"insertions":86,"deletions":43}}},{"hash":"49400c6ef08d4dd69e9425886a5e21013e7a9974","messageTitle":"Use lambda and streams","messageBody":"","fileTypesAndContributionMap":{"java":{"insertions":4,"deletions":5}}}]},{"date":"2021-02-09","commitResults":[{"hash":"3fdb9fcfff76f34f6ef70c21ec742a4446afe5a2","messageTitle":"Clean up checkstyle errors","messageBody":"","fileTypesAndContributionMap":{"java":{"insertions":4,"deletions":1}}},{"hash":"e9386a76d3d9015073e64c63af435589b2f8cd50","messageTitle":"Clean up checkstyle errors in test files","messageBody":"","fileTypesAndContributionMap":{"java":{"insertions":8,"deletions":8}}},{"hash":"e48ac95a9470ac477361cfc51726f52ee7005fac","messageTitle":"Implement tagging of tasks","messageBody":"","fileTypesAndContributionMap":{"txt":{"insertions":5,"deletions":5},"java":{"insertions":170,"deletions":16}}},{"hash":"e0fad53908248fc5fab937c3e9320dfb82d5b9eb","messageTitle":"Delete unused method","messageBody":"","fileTypesAndContributionMap":{"java":{"insertions":0,"deletions":4}}}]},{"date":"2021-02-15","commitResults":[{"hash":"5906bf4ecb7b04f173081a67bfae4bca78c4b0de","messageTitle":"Improve GUI","messageBody":"","tags":["A-BetterGui"],"fileTypesAndContributionMap":{"java":{"insertions":4,"deletions":3}}},{"hash":"bf881ce60d6435a64acb29fd2b3c3853c56ad3bb","messageTitle":"Make UI resizable","messageBody":"","fileTypesAndContributionMap":{"txt":{"insertions":5,"deletions":5},"java":{"insertions":2,"deletions":1}}},{"hash":"e303b043ae77f1ef056b6d8cf999b4ff9cdec901","messageTitle":"Update docs and app screenshot","messageBody":"","tags":["v0.2","A-UserGuide","A-Release"],"fileTypesAndContributionMap":{"txt":{"insertions":2,"deletions":2},"md":{"insertions":41,"deletions":10}}}]}]},"authorFileTypeContributionMap":{"chesterhow":{"java":1038,"md":40,"fxml":37,"sh":0,"bat":0,"gradle":17,"txt":17}},"authorContributionVariance":{"chesterhow":58156.406},"authorDisplayNameMap":{"chesterhow":"CS2103T-W14-1 HOW ..STER"}}
