[{"path":"src/main/java/Command.java","fileType":"java","lines":[{"lineNumber":1,"author":{"gitId":"tsh22"},"content":"public abstract class Command {"},{"lineNumber":2,"author":{"gitId":"tsh22"},"content":"    String description;"},{"lineNumber":3,"author":{"gitId":"tsh22"},"content":"    int index;"},{"lineNumber":4,"author":{"gitId":"tsh22"},"content":""},{"lineNumber":5,"author":{"gitId":"tsh22"},"content":"    public Command() {"},{"lineNumber":6,"author":{"gitId":"tsh22"},"content":"    }"},{"lineNumber":7,"author":{"gitId":"tsh22"},"content":""},{"lineNumber":8,"author":{"gitId":"tsh22"},"content":"    public Command(int index) {"},{"lineNumber":9,"author":{"gitId":"tsh22"},"content":"        this.index \u003d index;"},{"lineNumber":10,"author":{"gitId":"tsh22"},"content":"    }"},{"lineNumber":11,"author":{"gitId":"tsh22"},"content":""},{"lineNumber":12,"author":{"gitId":"tsh22"},"content":"    public Command(String description) {"},{"lineNumber":13,"author":{"gitId":"tsh22"},"content":"        this.description \u003d description;"},{"lineNumber":14,"author":{"gitId":"tsh22"},"content":"    }"},{"lineNumber":15,"author":{"gitId":"tsh22"},"content":""},{"lineNumber":16,"author":{"gitId":"tsh22"},"content":"    public abstract void execute(TaskList taskList, Ui ui, Storage storage);"},{"lineNumber":17,"author":{"gitId":"tsh22"},"content":"}"}],"authorContributionMap":{"tsh22":17}},{"path":"src/main/java/Deadline.java","fileType":"java","lines":[{"lineNumber":1,"author":{"gitId":"tsh22"},"content":"import java.time.LocalDate;"},{"lineNumber":2,"author":{"gitId":"tsh22"},"content":"import java.time.format.DateTimeFormatter;"},{"lineNumber":3,"author":{"gitId":"tsh22"},"content":"import java.time.format.DateTimeParseException;"},{"lineNumber":4,"author":{"gitId":"tsh22"},"content":""},{"lineNumber":5,"author":{"gitId":"tsh22"},"content":"public class Deadline extends Task {"},{"lineNumber":6,"author":{"gitId":"tsh22"},"content":"    public LocalDate by;"},{"lineNumber":7,"author":{"gitId":"tsh22"},"content":""},{"lineNumber":8,"author":{"gitId":"tsh22"},"content":"    public Deadline(String description, String by) {"},{"lineNumber":9,"author":{"gitId":"tsh22"},"content":"        super(description, \"Deadline\");"},{"lineNumber":10,"author":{"gitId":"tsh22"},"content":"        try {"},{"lineNumber":11,"author":{"gitId":"tsh22"},"content":"            this.by \u003d LocalDate.parse(by);"},{"lineNumber":12,"author":{"gitId":"tsh22"},"content":"        } catch (DateTimeParseException e) {"},{"lineNumber":13,"author":{"gitId":"tsh22"},"content":"            System.out.println(\"Invalid date entered!\");"},{"lineNumber":14,"author":{"gitId":"tsh22"},"content":"        }"},{"lineNumber":15,"author":{"gitId":"tsh22"},"content":"    }"},{"lineNumber":16,"author":{"gitId":"tsh22"},"content":""},{"lineNumber":17,"author":{"gitId":"tsh22"},"content":"    public String getBy() {"},{"lineNumber":18,"author":{"gitId":"tsh22"},"content":"        return by.toString();"},{"lineNumber":19,"author":{"gitId":"tsh22"},"content":"    }"},{"lineNumber":20,"author":{"gitId":"tsh22"},"content":""},{"lineNumber":21,"author":{"gitId":"tsh22"},"content":"    @Override"},{"lineNumber":22,"author":{"gitId":"tsh22"},"content":"    public String toString() {"},{"lineNumber":23,"author":{"gitId":"tsh22"},"content":"        String formatBy \u003d by.format(DateTimeFormatter.ofPattern(\"MMM dd yyyy\"));"},{"lineNumber":24,"author":{"gitId":"tsh22"},"content":"        return \"[D]\" + super.toString() + \"(by: \" + formatBy + \")\";"},{"lineNumber":25,"author":{"gitId":"tsh22"},"content":"    }"},{"lineNumber":26,"author":{"gitId":"tsh22"},"content":"}"}],"authorContributionMap":{"tsh22":26}},{"path":"src/main/java/DeadlineCommand.java","fileType":"java","lines":[{"lineNumber":1,"author":{"gitId":"tsh22"},"content":"public class DeadlineCommand extends Command {"},{"lineNumber":2,"author":{"gitId":"tsh22"},"content":"    String by;"},{"lineNumber":3,"author":{"gitId":"tsh22"},"content":""},{"lineNumber":4,"author":{"gitId":"tsh22"},"content":"    public DeadlineCommand(String description, String by) {"},{"lineNumber":5,"author":{"gitId":"tsh22"},"content":"        super(description);"},{"lineNumber":6,"author":{"gitId":"tsh22"},"content":"        this.by \u003d by;"},{"lineNumber":7,"author":{"gitId":"tsh22"},"content":"    }"},{"lineNumber":8,"author":{"gitId":"tsh22"},"content":""},{"lineNumber":9,"author":{"gitId":"tsh22"},"content":"    @Override"},{"lineNumber":10,"author":{"gitId":"tsh22"},"content":"    public void execute(TaskList taskList, Ui ui, Storage storage) {"},{"lineNumber":11,"author":{"gitId":"tsh22"},"content":"        Deadline deadline \u003d new Deadline(description, by);"},{"lineNumber":12,"author":{"gitId":"tsh22"},"content":"        taskList.addDeadlineTask(deadline);"},{"lineNumber":13,"author":{"gitId":"tsh22"},"content":"        storage.writeToFile(taskList.getList());"},{"lineNumber":14,"author":{"gitId":"tsh22"},"content":"        ui.showTaskAdded(deadline);"},{"lineNumber":15,"author":{"gitId":"tsh22"},"content":"    }"},{"lineNumber":16,"author":{"gitId":"tsh22"},"content":"}"}],"authorContributionMap":{"tsh22":16}},{"path":"src/main/java/DeleteCommand.java","fileType":"java","lines":[{"lineNumber":1,"author":{"gitId":"tsh22"},"content":"public class DeleteCommand extends Command {"},{"lineNumber":2,"author":{"gitId":"tsh22"},"content":""},{"lineNumber":3,"author":{"gitId":"tsh22"},"content":"    public DeleteCommand(int index) {"},{"lineNumber":4,"author":{"gitId":"tsh22"},"content":"        super(index);"},{"lineNumber":5,"author":{"gitId":"tsh22"},"content":"    }"},{"lineNumber":6,"author":{"gitId":"tsh22"},"content":""},{"lineNumber":7,"author":{"gitId":"tsh22"},"content":"    @Override"},{"lineNumber":8,"author":{"gitId":"tsh22"},"content":"    public void execute(TaskList taskList, Ui ui, Storage storage) {"},{"lineNumber":9,"author":{"gitId":"tsh22"},"content":"        Task task \u003d taskList.deleteTask(index);"},{"lineNumber":10,"author":{"gitId":"tsh22"},"content":"        storage.writeToFile(taskList.getList());"},{"lineNumber":11,"author":{"gitId":"tsh22"},"content":"        ui.showTaskDeleted(task);"},{"lineNumber":12,"author":{"gitId":"tsh22"},"content":"    }"},{"lineNumber":13,"author":{"gitId":"tsh22"},"content":"}"}],"authorContributionMap":{"tsh22":13}},{"path":"src/main/java/DoneCommand.java","fileType":"java","lines":[{"lineNumber":1,"author":{"gitId":"tsh22"},"content":"public class DoneCommand extends Command {"},{"lineNumber":2,"author":{"gitId":"tsh22"},"content":""},{"lineNumber":3,"author":{"gitId":"tsh22"},"content":"    public DoneCommand(int index) {"},{"lineNumber":4,"author":{"gitId":"tsh22"},"content":"        super(index);"},{"lineNumber":5,"author":{"gitId":"tsh22"},"content":"    }"},{"lineNumber":6,"author":{"gitId":"tsh22"},"content":""},{"lineNumber":7,"author":{"gitId":"tsh22"},"content":"    @Override"},{"lineNumber":8,"author":{"gitId":"tsh22"},"content":"    public void execute(TaskList taskList, Ui ui, Storage storage) {"},{"lineNumber":9,"author":{"gitId":"tsh22"},"content":"        Task task \u003d taskList.taskDone(index);"},{"lineNumber":10,"author":{"gitId":"tsh22"},"content":"        storage.writeToFile(taskList.getList());"},{"lineNumber":11,"author":{"gitId":"tsh22"},"content":"        ui.showTaskDone(task);"},{"lineNumber":12,"author":{"gitId":"tsh22"},"content":"    }"},{"lineNumber":13,"author":{"gitId":"tsh22"},"content":"}"}],"authorContributionMap":{"tsh22":13}},{"path":"src/main/java/Duke.java","fileType":"java","lines":[{"lineNumber":1,"author":{"gitId":"tsh22"},"content":"import java.util.Scanner;"},{"lineNumber":2,"author":{"gitId":"tsh22"},"content":""},{"lineNumber":3,"author":{"gitId":"-"},"content":"public class Duke {"},{"lineNumber":4,"author":{"gitId":"tsh22"},"content":"    public Storage storage;"},{"lineNumber":5,"author":{"gitId":"tsh22"},"content":"    public TaskList taskList;"},{"lineNumber":6,"author":{"gitId":"tsh22"},"content":"    public Ui ui;"},{"lineNumber":7,"author":{"gitId":"tsh22"},"content":""},{"lineNumber":8,"author":{"gitId":"tsh22"},"content":"    public Duke(String filePath) {"},{"lineNumber":9,"author":{"gitId":"tsh22"},"content":"        ui \u003d new Ui();"},{"lineNumber":10,"author":{"gitId":"tsh22"},"content":"        storage \u003d new Storage(filePath);"},{"lineNumber":11,"author":{"gitId":"tsh22"},"content":"        taskList \u003d new TaskList(storage.loadData());"},{"lineNumber":12,"author":{"gitId":"tsh22"},"content":"    }"},{"lineNumber":13,"author":{"gitId":"tsh22"},"content":""},{"lineNumber":14,"author":{"gitId":"-"},"content":"    public static void main(String[] args) {"},{"lineNumber":15,"author":{"gitId":"tsh22"},"content":"        final String PATH \u003d \"./data/duke.txt\";"},{"lineNumber":16,"author":{"gitId":"tsh22"},"content":"        Duke duke \u003d new Duke(PATH);"},{"lineNumber":17,"author":{"gitId":"tsh22"},"content":"        duke.ui.showWelcomeMessage();"},{"lineNumber":18,"author":{"gitId":"tsh22"},"content":""},{"lineNumber":19,"author":{"gitId":"tsh22"},"content":"        Scanner scan \u003d new Scanner(System.in);"},{"lineNumber":20,"author":{"gitId":"tsh22"},"content":"        while (scan.hasNextLine()) {"},{"lineNumber":21,"author":{"gitId":"tsh22"},"content":"            String userInput \u003d scan.nextLine();"},{"lineNumber":22,"author":{"gitId":"tsh22"},"content":"            Command command \u003d Parser.parseCommand(userInput);"},{"lineNumber":23,"author":{"gitId":"tsh22"},"content":"            command.execute(duke.taskList, duke.ui, duke.storage);"},{"lineNumber":24,"author":{"gitId":"tsh22"},"content":"        }"},{"lineNumber":25,"author":{"gitId":"-"},"content":"    }"},{"lineNumber":26,"author":{"gitId":"-"},"content":"}"},{"lineNumber":27,"author":{"gitId":"tsh22"},"content":""}],"authorContributionMap":{"tsh22":23,"-":4}},{"path":"src/main/java/Event.java","fileType":"java","lines":[{"lineNumber":1,"author":{"gitId":"tsh22"},"content":"import java.time.LocalDate;"},{"lineNumber":2,"author":{"gitId":"tsh22"},"content":"import java.time.format.DateTimeFormatter;"},{"lineNumber":3,"author":{"gitId":"tsh22"},"content":"import java.time.format.DateTimeParseException;"},{"lineNumber":4,"author":{"gitId":"tsh22"},"content":""},{"lineNumber":5,"author":{"gitId":"tsh22"},"content":"public class Event extends Task {"},{"lineNumber":6,"author":{"gitId":"tsh22"},"content":"    public LocalDate at;"},{"lineNumber":7,"author":{"gitId":"tsh22"},"content":""},{"lineNumber":8,"author":{"gitId":"tsh22"},"content":"    public Event(String description, String at) {"},{"lineNumber":9,"author":{"gitId":"tsh22"},"content":"        super(description, \"Event\");"},{"lineNumber":10,"author":{"gitId":"tsh22"},"content":"        try {"},{"lineNumber":11,"author":{"gitId":"tsh22"},"content":"            this.at \u003d LocalDate.parse(at);"},{"lineNumber":12,"author":{"gitId":"tsh22"},"content":"        } catch (DateTimeParseException e) {"},{"lineNumber":13,"author":{"gitId":"tsh22"},"content":"            System.out.println(\"Invalid date entered!\");"},{"lineNumber":14,"author":{"gitId":"tsh22"},"content":"        }"},{"lineNumber":15,"author":{"gitId":"tsh22"},"content":"    }"},{"lineNumber":16,"author":{"gitId":"tsh22"},"content":""},{"lineNumber":17,"author":{"gitId":"tsh22"},"content":"    public String getAt() {"},{"lineNumber":18,"author":{"gitId":"tsh22"},"content":"        return at.toString();"},{"lineNumber":19,"author":{"gitId":"tsh22"},"content":"    }"},{"lineNumber":20,"author":{"gitId":"tsh22"},"content":""},{"lineNumber":21,"author":{"gitId":"tsh22"},"content":"    @Override"},{"lineNumber":22,"author":{"gitId":"tsh22"},"content":"    public String toString() {"},{"lineNumber":23,"author":{"gitId":"tsh22"},"content":"        String formatAt \u003d at.format(DateTimeFormatter.ofPattern(\"MMM dd yyyy\"));"},{"lineNumber":24,"author":{"gitId":"tsh22"},"content":"        return \"[E]\" + super.toString() + \"(at: \" + formatAt + \")\";"},{"lineNumber":25,"author":{"gitId":"tsh22"},"content":"    }"},{"lineNumber":26,"author":{"gitId":"tsh22"},"content":"}"}],"authorContributionMap":{"tsh22":26}},{"path":"src/main/java/EventCommand.java","fileType":"java","lines":[{"lineNumber":1,"author":{"gitId":"tsh22"},"content":"public class EventCommand extends Command{"},{"lineNumber":2,"author":{"gitId":"tsh22"},"content":"    String at;"},{"lineNumber":3,"author":{"gitId":"tsh22"},"content":""},{"lineNumber":4,"author":{"gitId":"tsh22"},"content":"    public EventCommand(String description, String at) {"},{"lineNumber":5,"author":{"gitId":"tsh22"},"content":"        super(description);"},{"lineNumber":6,"author":{"gitId":"tsh22"},"content":"        this.at \u003d at;"},{"lineNumber":7,"author":{"gitId":"tsh22"},"content":"    }"},{"lineNumber":8,"author":{"gitId":"tsh22"},"content":""},{"lineNumber":9,"author":{"gitId":"tsh22"},"content":"    @Override"},{"lineNumber":10,"author":{"gitId":"tsh22"},"content":"    public void execute(TaskList taskList, Ui ui, Storage storage) {"},{"lineNumber":11,"author":{"gitId":"tsh22"},"content":"        Event event \u003d new Event(description, at);"},{"lineNumber":12,"author":{"gitId":"tsh22"},"content":"        taskList.addEventTask(event);"},{"lineNumber":13,"author":{"gitId":"tsh22"},"content":"        storage.writeToFile(taskList.getList());"},{"lineNumber":14,"author":{"gitId":"tsh22"},"content":"        ui.showTaskAdded(event);"},{"lineNumber":15,"author":{"gitId":"tsh22"},"content":"    }"},{"lineNumber":16,"author":{"gitId":"tsh22"},"content":"}"}],"authorContributionMap":{"tsh22":16}},{"path":"src/main/java/ExitCommand.java","fileType":"java","lines":[{"lineNumber":1,"author":{"gitId":"tsh22"},"content":"public class ExitCommand extends Command {"},{"lineNumber":2,"author":{"gitId":"tsh22"},"content":""},{"lineNumber":3,"author":{"gitId":"tsh22"},"content":"    public ExitCommand() {"},{"lineNumber":4,"author":{"gitId":"tsh22"},"content":"    }"},{"lineNumber":5,"author":{"gitId":"tsh22"},"content":""},{"lineNumber":6,"author":{"gitId":"tsh22"},"content":"    @Override"},{"lineNumber":7,"author":{"gitId":"tsh22"},"content":"    public void execute(TaskList taskList, Ui ui, Storage storage) {"},{"lineNumber":8,"author":{"gitId":"tsh22"},"content":"        storage.writeToFile(taskList.getList());"},{"lineNumber":9,"author":{"gitId":"tsh22"},"content":"        ui.showGoodbyeMessage();"},{"lineNumber":10,"author":{"gitId":"tsh22"},"content":"        System.exit(0);"},{"lineNumber":11,"author":{"gitId":"tsh22"},"content":"    }"},{"lineNumber":12,"author":{"gitId":"tsh22"},"content":"}"}],"authorContributionMap":{"tsh22":12}},{"path":"src/main/java/InvalidTaskCommand.java","fileType":"java","lines":[{"lineNumber":1,"author":{"gitId":"tsh22"},"content":"public class InvalidTaskCommand extends Command {"},{"lineNumber":2,"author":{"gitId":"tsh22"},"content":""},{"lineNumber":3,"author":{"gitId":"tsh22"},"content":"    public InvalidTaskCommand() {"},{"lineNumber":4,"author":{"gitId":"tsh22"},"content":"    }"},{"lineNumber":5,"author":{"gitId":"tsh22"},"content":""},{"lineNumber":6,"author":{"gitId":"tsh22"},"content":"    @Override"},{"lineNumber":7,"author":{"gitId":"tsh22"},"content":"    public void execute(TaskList taskList, Ui ui, Storage storage) {"},{"lineNumber":8,"author":{"gitId":"tsh22"},"content":"        ui.showInvalidTaskMessage();"},{"lineNumber":9,"author":{"gitId":"tsh22"},"content":"    }"},{"lineNumber":10,"author":{"gitId":"tsh22"},"content":"}"}],"authorContributionMap":{"tsh22":10}},{"path":"src/main/java/ListCommand.java","fileType":"java","lines":[{"lineNumber":1,"author":{"gitId":"tsh22"},"content":"public class ListCommand extends Command {"},{"lineNumber":2,"author":{"gitId":"tsh22"},"content":""},{"lineNumber":3,"author":{"gitId":"tsh22"},"content":"    public ListCommand() {"},{"lineNumber":4,"author":{"gitId":"tsh22"},"content":"    }"},{"lineNumber":5,"author":{"gitId":"tsh22"},"content":""},{"lineNumber":6,"author":{"gitId":"tsh22"},"content":"    @Override"},{"lineNumber":7,"author":{"gitId":"tsh22"},"content":"    public void execute(TaskList taskList, Ui ui, Storage storage) {"},{"lineNumber":8,"author":{"gitId":"tsh22"},"content":"        ui.showTaskList(taskList.getList());"},{"lineNumber":9,"author":{"gitId":"tsh22"},"content":"    }"},{"lineNumber":10,"author":{"gitId":"tsh22"},"content":"}"}],"authorContributionMap":{"tsh22":10}},{"path":"src/main/java/Parser.java","fileType":"java","lines":[{"lineNumber":1,"author":{"gitId":"tsh22"},"content":"public class Parser {"},{"lineNumber":2,"author":{"gitId":"tsh22"},"content":"    public static Command parseCommand(String userInput) {"},{"lineNumber":3,"author":{"gitId":"tsh22"},"content":"        String[] commandArr \u003d userInput.split(\" \", 2);"},{"lineNumber":4,"author":{"gitId":"tsh22"},"content":"        String commandType \u003d commandArr[0];"},{"lineNumber":5,"author":{"gitId":"tsh22"},"content":""},{"lineNumber":6,"author":{"gitId":"tsh22"},"content":"        if (commandType.equals(\"bye\")) {"},{"lineNumber":7,"author":{"gitId":"tsh22"},"content":"            return new ExitCommand();"},{"lineNumber":8,"author":{"gitId":"tsh22"},"content":"        } else if (commandType.equals(\"list\")) {"},{"lineNumber":9,"author":{"gitId":"tsh22"},"content":"            return new ListCommand();"},{"lineNumber":10,"author":{"gitId":"tsh22"},"content":"        } else if (commandType.equals(\"done\")) {"},{"lineNumber":11,"author":{"gitId":"tsh22"},"content":"            int taskIndex \u003d Integer.parseInt(commandArr[1]) - 1;"},{"lineNumber":12,"author":{"gitId":"tsh22"},"content":"            return new DoneCommand(taskIndex);"},{"lineNumber":13,"author":{"gitId":"tsh22"},"content":"        } else if (commandType.equals(\"delete\")) {"},{"lineNumber":14,"author":{"gitId":"tsh22"},"content":"            int taskIndex \u003d Integer.parseInt(commandArr[1]) - 1;"},{"lineNumber":15,"author":{"gitId":"tsh22"},"content":"            return new DeleteCommand(taskIndex);"},{"lineNumber":16,"author":{"gitId":"tsh22"},"content":"        } else if (commandType.equals(\"deadline\")) {"},{"lineNumber":17,"author":{"gitId":"tsh22"},"content":"            if (commandArr.length \u003d\u003d 1) {"},{"lineNumber":18,"author":{"gitId":"tsh22"},"content":"                System.out.println(\"Oops! The description of deadline cannot be empty!\");"},{"lineNumber":19,"author":{"gitId":"tsh22"},"content":"                return new InvalidTaskCommand();"},{"lineNumber":20,"author":{"gitId":"tsh22"},"content":"            } else {"},{"lineNumber":21,"author":{"gitId":"tsh22"},"content":"                String commandDescription \u003d commandArr[1];"},{"lineNumber":22,"author":{"gitId":"tsh22"},"content":"                String[] descriptionArr \u003d commandDescription.split(\"/by \");"},{"lineNumber":23,"author":{"gitId":"tsh22"},"content":"                return new DeadlineCommand(descriptionArr[0], descriptionArr[1]);"},{"lineNumber":24,"author":{"gitId":"tsh22"},"content":"            }"},{"lineNumber":25,"author":{"gitId":"tsh22"},"content":"        } else if (commandType.equals(\"event\")) {"},{"lineNumber":26,"author":{"gitId":"tsh22"},"content":"            if (commandArr.length \u003d\u003d 1) {"},{"lineNumber":27,"author":{"gitId":"tsh22"},"content":"                System.out.println(\"Oops! The description of event cannot be empty!\");"},{"lineNumber":28,"author":{"gitId":"tsh22"},"content":"                return new InvalidTaskCommand();"},{"lineNumber":29,"author":{"gitId":"tsh22"},"content":"            } else {"},{"lineNumber":30,"author":{"gitId":"tsh22"},"content":"                String commandDescription \u003d commandArr[1];"},{"lineNumber":31,"author":{"gitId":"tsh22"},"content":"                String[] descriptionArr \u003d commandDescription.split(\"/at \");"},{"lineNumber":32,"author":{"gitId":"tsh22"},"content":"                return new EventCommand(descriptionArr[0], descriptionArr[1]);"},{"lineNumber":33,"author":{"gitId":"tsh22"},"content":"            }"},{"lineNumber":34,"author":{"gitId":"tsh22"},"content":"        } else if (commandType.equals(\"todo\")) {"},{"lineNumber":35,"author":{"gitId":"tsh22"},"content":"            if (commandArr.length \u003d\u003d 1) {"},{"lineNumber":36,"author":{"gitId":"tsh22"},"content":"                System.out.println(\"Oops! The description of todo cannot be empty!\");"},{"lineNumber":37,"author":{"gitId":"tsh22"},"content":"                return new InvalidTaskCommand();"},{"lineNumber":38,"author":{"gitId":"tsh22"},"content":"            } else {"},{"lineNumber":39,"author":{"gitId":"tsh22"},"content":"                String commandDescription \u003d commandArr[1];"},{"lineNumber":40,"author":{"gitId":"tsh22"},"content":"                return new TodoCommand(commandDescription);"},{"lineNumber":41,"author":{"gitId":"tsh22"},"content":"            }"},{"lineNumber":42,"author":{"gitId":"tsh22"},"content":"        } else {"},{"lineNumber":43,"author":{"gitId":"tsh22"},"content":"            return new InvalidTaskCommand();"},{"lineNumber":44,"author":{"gitId":"tsh22"},"content":"        }"},{"lineNumber":45,"author":{"gitId":"tsh22"},"content":"    }"},{"lineNumber":46,"author":{"gitId":"tsh22"},"content":"}"}],"authorContributionMap":{"tsh22":46}},{"path":"src/main/java/Storage.java","fileType":"java","lines":[{"lineNumber":1,"author":{"gitId":"tsh22"},"content":"import java.io.File;"},{"lineNumber":2,"author":{"gitId":"tsh22"},"content":"import java.io.FileWriter;"},{"lineNumber":3,"author":{"gitId":"tsh22"},"content":"import java.io.IOException;"},{"lineNumber":4,"author":{"gitId":"tsh22"},"content":"import java.util.ArrayList;"},{"lineNumber":5,"author":{"gitId":"tsh22"},"content":"import java.util.Scanner;"},{"lineNumber":6,"author":{"gitId":"tsh22"},"content":""},{"lineNumber":7,"author":{"gitId":"tsh22"},"content":"public class Storage {"},{"lineNumber":8,"author":{"gitId":"tsh22"},"content":"    private final String filePath;"},{"lineNumber":9,"author":{"gitId":"tsh22"},"content":""},{"lineNumber":10,"author":{"gitId":"tsh22"},"content":"    public Storage(String filePath) {"},{"lineNumber":11,"author":{"gitId":"tsh22"},"content":"        this.filePath \u003d filePath;"},{"lineNumber":12,"author":{"gitId":"tsh22"},"content":"    }"},{"lineNumber":13,"author":{"gitId":"tsh22"},"content":""},{"lineNumber":14,"author":{"gitId":"tsh22"},"content":"    public ArrayList\u003cTask\u003e loadData() {"},{"lineNumber":15,"author":{"gitId":"tsh22"},"content":"        ArrayList\u003cTask\u003e taskList \u003d new ArrayList\u003c\u003e();"},{"lineNumber":16,"author":{"gitId":"tsh22"},"content":"        try {"},{"lineNumber":17,"author":{"gitId":"tsh22"},"content":"            File file \u003d new File(filePath);"},{"lineNumber":18,"author":{"gitId":"tsh22"},"content":""},{"lineNumber":19,"author":{"gitId":"tsh22"},"content":"            if (!file.exists()) {"},{"lineNumber":20,"author":{"gitId":"tsh22"},"content":"                file.createNewFile();"},{"lineNumber":21,"author":{"gitId":"tsh22"},"content":"            }"},{"lineNumber":22,"author":{"gitId":"tsh22"},"content":""},{"lineNumber":23,"author":{"gitId":"tsh22"},"content":"            Scanner scan \u003d new Scanner(file);"},{"lineNumber":24,"author":{"gitId":"tsh22"},"content":"            while (scan.hasNext()) {"},{"lineNumber":25,"author":{"gitId":"tsh22"},"content":"                String input \u003d scan.nextLine();"},{"lineNumber":26,"author":{"gitId":"tsh22"},"content":"                taskList.add(stringToTask(input));"},{"lineNumber":27,"author":{"gitId":"tsh22"},"content":"            }"},{"lineNumber":28,"author":{"gitId":"tsh22"},"content":"        } catch (IOException e) {"},{"lineNumber":29,"author":{"gitId":"tsh22"},"content":"            System.out.println(\"Oops sorry, unable to create a new file.\");"},{"lineNumber":30,"author":{"gitId":"tsh22"},"content":"        }"},{"lineNumber":31,"author":{"gitId":"tsh22"},"content":"        return taskList;"},{"lineNumber":32,"author":{"gitId":"tsh22"},"content":"    }"},{"lineNumber":33,"author":{"gitId":"tsh22"},"content":""},{"lineNumber":34,"author":{"gitId":"tsh22"},"content":"    public Task stringToTask(String input) {"},{"lineNumber":35,"author":{"gitId":"tsh22"},"content":"        String[] splitTask \u003d input.split(\" \\\\| \");"},{"lineNumber":36,"author":{"gitId":"tsh22"},"content":"        String taskType \u003d splitTask[0];"},{"lineNumber":37,"author":{"gitId":"tsh22"},"content":"        String isDone \u003d splitTask[1];"},{"lineNumber":38,"author":{"gitId":"tsh22"},"content":"        String description \u003d splitTask[2];"},{"lineNumber":39,"author":{"gitId":"tsh22"},"content":"        Task task \u003d new Task(\" \", \" \");"},{"lineNumber":40,"author":{"gitId":"tsh22"},"content":""},{"lineNumber":41,"author":{"gitId":"tsh22"},"content":"        switch(taskType) {"},{"lineNumber":42,"author":{"gitId":"tsh22"},"content":"        case \"D\":"},{"lineNumber":43,"author":{"gitId":"tsh22"},"content":"            String by \u003d splitTask[3];"},{"lineNumber":44,"author":{"gitId":"tsh22"},"content":"            task \u003d new Deadline(description, by);"},{"lineNumber":45,"author":{"gitId":"tsh22"},"content":"            break;"},{"lineNumber":46,"author":{"gitId":"tsh22"},"content":"        case \"E\":"},{"lineNumber":47,"author":{"gitId":"tsh22"},"content":"            String at \u003d splitTask[3];"},{"lineNumber":48,"author":{"gitId":"tsh22"},"content":"            task \u003d new Event(description, at);"},{"lineNumber":49,"author":{"gitId":"tsh22"},"content":"            break;"},{"lineNumber":50,"author":{"gitId":"tsh22"},"content":"        case \"T\":"},{"lineNumber":51,"author":{"gitId":"tsh22"},"content":"            task \u003d new Todo(description);"},{"lineNumber":52,"author":{"gitId":"tsh22"},"content":"            break;"},{"lineNumber":53,"author":{"gitId":"tsh22"},"content":"        default:"},{"lineNumber":54,"author":{"gitId":"tsh22"},"content":"            System.out.println(\"I don\u0027t recognise this task type!\");"},{"lineNumber":55,"author":{"gitId":"tsh22"},"content":"        }"},{"lineNumber":56,"author":{"gitId":"tsh22"},"content":""},{"lineNumber":57,"author":{"gitId":"tsh22"},"content":"        if (isDone.equals(\"1\")) {"},{"lineNumber":58,"author":{"gitId":"tsh22"},"content":"            task.markAsDone();"},{"lineNumber":59,"author":{"gitId":"tsh22"},"content":"        }"},{"lineNumber":60,"author":{"gitId":"tsh22"},"content":"        return task;"},{"lineNumber":61,"author":{"gitId":"tsh22"},"content":"    }"},{"lineNumber":62,"author":{"gitId":"tsh22"},"content":""},{"lineNumber":63,"author":{"gitId":"tsh22"},"content":"    public void writeToFile(ArrayList\u003cTask\u003e taskList) {"},{"lineNumber":64,"author":{"gitId":"tsh22"},"content":"        try {"},{"lineNumber":65,"author":{"gitId":"tsh22"},"content":"            FileWriter fw \u003d new FileWriter(filePath);"},{"lineNumber":66,"author":{"gitId":"tsh22"},"content":"            for (int i \u003d 0; i \u003c taskList.size(); i++) {"},{"lineNumber":67,"author":{"gitId":"tsh22"},"content":"                Task task \u003d taskList.get(i);"},{"lineNumber":68,"author":{"gitId":"tsh22"},"content":"                fw.write(taskToString(task) + System.lineSeparator());"},{"lineNumber":69,"author":{"gitId":"tsh22"},"content":"            }"},{"lineNumber":70,"author":{"gitId":"tsh22"},"content":"            fw.close();"},{"lineNumber":71,"author":{"gitId":"tsh22"},"content":"        } catch (IOException e) {"},{"lineNumber":72,"author":{"gitId":"tsh22"},"content":"            System.out.println(\"Oops, unable to write to file!\");"},{"lineNumber":73,"author":{"gitId":"tsh22"},"content":"        }"},{"lineNumber":74,"author":{"gitId":"tsh22"},"content":"    }"},{"lineNumber":75,"author":{"gitId":"tsh22"},"content":""},{"lineNumber":76,"author":{"gitId":"tsh22"},"content":"    public String taskToString(Task task) {"},{"lineNumber":77,"author":{"gitId":"tsh22"},"content":"        int isDone;"},{"lineNumber":78,"author":{"gitId":"tsh22"},"content":"        String converted \u003d \" \";"},{"lineNumber":79,"author":{"gitId":"tsh22"},"content":"        String taskType \u003d task.getTaskType();"},{"lineNumber":80,"author":{"gitId":"tsh22"},"content":"        String description \u003d task.getDescription();"},{"lineNumber":81,"author":{"gitId":"tsh22"},"content":""},{"lineNumber":82,"author":{"gitId":"tsh22"},"content":"        if (task.isDone()) {"},{"lineNumber":83,"author":{"gitId":"tsh22"},"content":"            isDone \u003d 1;"},{"lineNumber":84,"author":{"gitId":"tsh22"},"content":"        } else {"},{"lineNumber":85,"author":{"gitId":"tsh22"},"content":"            isDone \u003d 0;"},{"lineNumber":86,"author":{"gitId":"tsh22"},"content":"        }"},{"lineNumber":87,"author":{"gitId":"tsh22"},"content":""},{"lineNumber":88,"author":{"gitId":"tsh22"},"content":"        switch (taskType) {"},{"lineNumber":89,"author":{"gitId":"tsh22"},"content":"        case \"Deadline\":"},{"lineNumber":90,"author":{"gitId":"tsh22"},"content":"            String by \u003d ((Deadline) task).getBy();"},{"lineNumber":91,"author":{"gitId":"tsh22"},"content":"            converted \u003d String.format(\"D | %d | %s | %s\", isDone, description, by);"},{"lineNumber":92,"author":{"gitId":"tsh22"},"content":"            break;"},{"lineNumber":93,"author":{"gitId":"tsh22"},"content":"        case \"Event\":"},{"lineNumber":94,"author":{"gitId":"tsh22"},"content":"            String at \u003d ((Event) task).getAt();"},{"lineNumber":95,"author":{"gitId":"tsh22"},"content":"            converted \u003d String.format(\"E | %d | %s | %s\", isDone, description, at);"},{"lineNumber":96,"author":{"gitId":"tsh22"},"content":"            break;"},{"lineNumber":97,"author":{"gitId":"tsh22"},"content":"        case \"Todo\":"},{"lineNumber":98,"author":{"gitId":"tsh22"},"content":"            converted \u003d String.format(\"T | %d | %s\", isDone, description);"},{"lineNumber":99,"author":{"gitId":"tsh22"},"content":"            break;"},{"lineNumber":100,"author":{"gitId":"tsh22"},"content":"        default:"},{"lineNumber":101,"author":{"gitId":"tsh22"},"content":"            System.out.println(\"I don\u0027t recognise this task type!\");"},{"lineNumber":102,"author":{"gitId":"tsh22"},"content":"        }"},{"lineNumber":103,"author":{"gitId":"tsh22"},"content":"        return converted;"},{"lineNumber":104,"author":{"gitId":"tsh22"},"content":"    }"},{"lineNumber":105,"author":{"gitId":"tsh22"},"content":"}"}],"authorContributionMap":{"tsh22":105}},{"path":"src/main/java/Task.java","fileType":"java","lines":[{"lineNumber":1,"author":{"gitId":"tsh22"},"content":"public class Task {"},{"lineNumber":2,"author":{"gitId":"tsh22"},"content":"    public String description;"},{"lineNumber":3,"author":{"gitId":"tsh22"},"content":"    public boolean isDone;"},{"lineNumber":4,"author":{"gitId":"tsh22"},"content":"    public String taskType;"},{"lineNumber":5,"author":{"gitId":"tsh22"},"content":""},{"lineNumber":6,"author":{"gitId":"tsh22"},"content":"    public Task(String description, String taskType) {"},{"lineNumber":7,"author":{"gitId":"tsh22"},"content":"        this.description \u003d description;"},{"lineNumber":8,"author":{"gitId":"tsh22"},"content":"        this.isDone \u003d false;"},{"lineNumber":9,"author":{"gitId":"tsh22"},"content":"        this.taskType \u003d taskType;"},{"lineNumber":10,"author":{"gitId":"tsh22"},"content":"    }"},{"lineNumber":11,"author":{"gitId":"tsh22"},"content":""},{"lineNumber":12,"author":{"gitId":"tsh22"},"content":"    public String getStatus() {"},{"lineNumber":13,"author":{"gitId":"tsh22"},"content":"        return (isDone ? \"\\u2713\" : \" \"); //return tick if done"},{"lineNumber":14,"author":{"gitId":"tsh22"},"content":"    }"},{"lineNumber":15,"author":{"gitId":"tsh22"},"content":""},{"lineNumber":16,"author":{"gitId":"tsh22"},"content":"    public boolean isDone() {"},{"lineNumber":17,"author":{"gitId":"tsh22"},"content":"        return isDone;"},{"lineNumber":18,"author":{"gitId":"tsh22"},"content":"    }"},{"lineNumber":19,"author":{"gitId":"tsh22"},"content":""},{"lineNumber":20,"author":{"gitId":"tsh22"},"content":"    public void markAsDone() {"},{"lineNumber":21,"author":{"gitId":"tsh22"},"content":"        isDone \u003d true;"},{"lineNumber":22,"author":{"gitId":"tsh22"},"content":"    }"},{"lineNumber":23,"author":{"gitId":"tsh22"},"content":""},{"lineNumber":24,"author":{"gitId":"tsh22"},"content":"    public String getTaskType() {"},{"lineNumber":25,"author":{"gitId":"tsh22"},"content":"        return taskType;"},{"lineNumber":26,"author":{"gitId":"tsh22"},"content":"    }"},{"lineNumber":27,"author":{"gitId":"tsh22"},"content":""},{"lineNumber":28,"author":{"gitId":"tsh22"},"content":"    public String getDescription() {"},{"lineNumber":29,"author":{"gitId":"tsh22"},"content":"        return description;"},{"lineNumber":30,"author":{"gitId":"tsh22"},"content":"    }"},{"lineNumber":31,"author":{"gitId":"tsh22"},"content":""},{"lineNumber":32,"author":{"gitId":"tsh22"},"content":"    @Override"},{"lineNumber":33,"author":{"gitId":"tsh22"},"content":"    public String toString() {"},{"lineNumber":34,"author":{"gitId":"tsh22"},"content":"        return \"[\" + this.getStatus() + \"] \" + description;"},{"lineNumber":35,"author":{"gitId":"tsh22"},"content":"    }"},{"lineNumber":36,"author":{"gitId":"tsh22"},"content":"}"}],"authorContributionMap":{"tsh22":36}},{"path":"src/main/java/TaskList.java","fileType":"java","lines":[{"lineNumber":1,"author":{"gitId":"tsh22"},"content":"import java.util.ArrayList;"},{"lineNumber":2,"author":{"gitId":"tsh22"},"content":""},{"lineNumber":3,"author":{"gitId":"tsh22"},"content":"public class TaskList {"},{"lineNumber":4,"author":{"gitId":"tsh22"},"content":"    public ArrayList\u003cTask\u003e taskList;"},{"lineNumber":5,"author":{"gitId":"tsh22"},"content":"    public static int taskListSize;"},{"lineNumber":6,"author":{"gitId":"tsh22"},"content":""},{"lineNumber":7,"author":{"gitId":"tsh22"},"content":"    public TaskList(ArrayList\u003cTask\u003e taskList) {"},{"lineNumber":8,"author":{"gitId":"tsh22"},"content":"        this.taskList \u003d taskList;"},{"lineNumber":9,"author":{"gitId":"tsh22"},"content":"    }"},{"lineNumber":10,"author":{"gitId":"tsh22"},"content":""},{"lineNumber":11,"author":{"gitId":"tsh22"},"content":"    public Task addTodoTask(Todo task){"},{"lineNumber":12,"author":{"gitId":"tsh22"},"content":"        taskList.add(task);"},{"lineNumber":13,"author":{"gitId":"tsh22"},"content":"        taskListSize \u003d taskList.size();"},{"lineNumber":14,"author":{"gitId":"tsh22"},"content":"        return task;"},{"lineNumber":15,"author":{"gitId":"tsh22"},"content":"    }"},{"lineNumber":16,"author":{"gitId":"tsh22"},"content":""},{"lineNumber":17,"author":{"gitId":"tsh22"},"content":"    public Task addDeadlineTask(Deadline task){"},{"lineNumber":18,"author":{"gitId":"tsh22"},"content":"        taskList.add(task);"},{"lineNumber":19,"author":{"gitId":"tsh22"},"content":"        taskListSize \u003d taskList.size();"},{"lineNumber":20,"author":{"gitId":"tsh22"},"content":"        return task;"},{"lineNumber":21,"author":{"gitId":"tsh22"},"content":"    }"},{"lineNumber":22,"author":{"gitId":"tsh22"},"content":""},{"lineNumber":23,"author":{"gitId":"tsh22"},"content":"    public Task addEventTask(Event task){"},{"lineNumber":24,"author":{"gitId":"tsh22"},"content":"        taskList.add(task);"},{"lineNumber":25,"author":{"gitId":"tsh22"},"content":"        taskListSize \u003d taskList.size();"},{"lineNumber":26,"author":{"gitId":"tsh22"},"content":"        return task;"},{"lineNumber":27,"author":{"gitId":"tsh22"},"content":"    }"},{"lineNumber":28,"author":{"gitId":"tsh22"},"content":""},{"lineNumber":29,"author":{"gitId":"tsh22"},"content":"    public Task deleteTask(int index) {"},{"lineNumber":30,"author":{"gitId":"tsh22"},"content":"        Task task \u003d taskList.get(index);"},{"lineNumber":31,"author":{"gitId":"tsh22"},"content":"        taskList.remove(index);"},{"lineNumber":32,"author":{"gitId":"tsh22"},"content":"        taskListSize \u003d taskList.size();"},{"lineNumber":33,"author":{"gitId":"tsh22"},"content":"        return task;"},{"lineNumber":34,"author":{"gitId":"tsh22"},"content":"    }"},{"lineNumber":35,"author":{"gitId":"tsh22"},"content":""},{"lineNumber":36,"author":{"gitId":"tsh22"},"content":"    public Task taskDone(int index) {"},{"lineNumber":37,"author":{"gitId":"tsh22"},"content":"        Task task \u003d taskList.get(index);"},{"lineNumber":38,"author":{"gitId":"tsh22"},"content":"        task.markAsDone();"},{"lineNumber":39,"author":{"gitId":"tsh22"},"content":"        return task;"},{"lineNumber":40,"author":{"gitId":"tsh22"},"content":"    }"},{"lineNumber":41,"author":{"gitId":"tsh22"},"content":""},{"lineNumber":42,"author":{"gitId":"tsh22"},"content":"    public int getListSize() {"},{"lineNumber":43,"author":{"gitId":"tsh22"},"content":"        return taskList.size();"},{"lineNumber":44,"author":{"gitId":"tsh22"},"content":"    }"},{"lineNumber":45,"author":{"gitId":"tsh22"},"content":""},{"lineNumber":46,"author":{"gitId":"tsh22"},"content":"    public ArrayList\u003cTask\u003e getList() {"},{"lineNumber":47,"author":{"gitId":"tsh22"},"content":"        return taskList;"},{"lineNumber":48,"author":{"gitId":"tsh22"},"content":"    }"},{"lineNumber":49,"author":{"gitId":"tsh22"},"content":"}"}],"authorContributionMap":{"tsh22":49}},{"path":"src/main/java/Todo.java","fileType":"java","lines":[{"lineNumber":1,"author":{"gitId":"tsh22"},"content":"public class Todo extends Task {"},{"lineNumber":2,"author":{"gitId":"tsh22"},"content":""},{"lineNumber":3,"author":{"gitId":"tsh22"},"content":"    public Todo(String description) {"},{"lineNumber":4,"author":{"gitId":"tsh22"},"content":"        super(description, \"Todo\");"},{"lineNumber":5,"author":{"gitId":"tsh22"},"content":"    }"},{"lineNumber":6,"author":{"gitId":"tsh22"},"content":""},{"lineNumber":7,"author":{"gitId":"tsh22"},"content":"    @Override"},{"lineNumber":8,"author":{"gitId":"tsh22"},"content":"    public String toString() {"},{"lineNumber":9,"author":{"gitId":"tsh22"},"content":"        return \"[T]\" + super.toString();"},{"lineNumber":10,"author":{"gitId":"tsh22"},"content":"    }"},{"lineNumber":11,"author":{"gitId":"tsh22"},"content":"}"}],"authorContributionMap":{"tsh22":11}},{"path":"src/main/java/TodoCommand.java","fileType":"java","lines":[{"lineNumber":1,"author":{"gitId":"tsh22"},"content":"public class TodoCommand extends Command {"},{"lineNumber":2,"author":{"gitId":"tsh22"},"content":""},{"lineNumber":3,"author":{"gitId":"tsh22"},"content":"    public TodoCommand(String description) {"},{"lineNumber":4,"author":{"gitId":"tsh22"},"content":"        super(description);"},{"lineNumber":5,"author":{"gitId":"tsh22"},"content":"    }"},{"lineNumber":6,"author":{"gitId":"tsh22"},"content":""},{"lineNumber":7,"author":{"gitId":"tsh22"},"content":"    @Override"},{"lineNumber":8,"author":{"gitId":"tsh22"},"content":"    public void execute(TaskList taskList, Ui ui, Storage storage) {"},{"lineNumber":9,"author":{"gitId":"tsh22"},"content":"        Todo todo \u003d new Todo(description);"},{"lineNumber":10,"author":{"gitId":"tsh22"},"content":"        taskList.addTodoTask(todo);"},{"lineNumber":11,"author":{"gitId":"tsh22"},"content":"        storage.writeToFile(taskList.getList());"},{"lineNumber":12,"author":{"gitId":"tsh22"},"content":"        ui.showTaskAdded(todo);"},{"lineNumber":13,"author":{"gitId":"tsh22"},"content":"    }"},{"lineNumber":14,"author":{"gitId":"tsh22"},"content":"}"}],"authorContributionMap":{"tsh22":14}},{"path":"src/main/java/Ui.java","fileType":"java","lines":[{"lineNumber":1,"author":{"gitId":"tsh22"},"content":"import java.util.ArrayList;"},{"lineNumber":2,"author":{"gitId":"tsh22"},"content":"import java.util.Scanner;"},{"lineNumber":3,"author":{"gitId":"tsh22"},"content":""},{"lineNumber":4,"author":{"gitId":"tsh22"},"content":"public class Ui {"},{"lineNumber":5,"author":{"gitId":"tsh22"},"content":""},{"lineNumber":6,"author":{"gitId":"tsh22"},"content":"    public Ui() {"},{"lineNumber":7,"author":{"gitId":"tsh22"},"content":"    }"},{"lineNumber":8,"author":{"gitId":"tsh22"},"content":""},{"lineNumber":9,"author":{"gitId":"tsh22"},"content":"    public void showWelcomeMessage() {"},{"lineNumber":10,"author":{"gitId":"tsh22"},"content":"        System.out.println(\"Hey, I\u0027m Duke!\\n\" + \"How can I help you?\");"},{"lineNumber":11,"author":{"gitId":"tsh22"},"content":"    }"},{"lineNumber":12,"author":{"gitId":"tsh22"},"content":""},{"lineNumber":13,"author":{"gitId":"tsh22"},"content":"    public void showGoodbyeMessage() {"},{"lineNumber":14,"author":{"gitId":"tsh22"},"content":"        System.out.println(\"Aw. It was nice chatting with you! Don\u0027t forget me! :)\");"},{"lineNumber":15,"author":{"gitId":"tsh22"},"content":"    }"},{"lineNumber":16,"author":{"gitId":"tsh22"},"content":""},{"lineNumber":17,"author":{"gitId":"tsh22"},"content":"    public void showInvalidTaskMessage() {"},{"lineNumber":18,"author":{"gitId":"tsh22"},"content":"        System.out.println(\"Oops! I don\u0027t know what this means! :(\");"},{"lineNumber":19,"author":{"gitId":"tsh22"},"content":"    }"},{"lineNumber":20,"author":{"gitId":"tsh22"},"content":""},{"lineNumber":21,"author":{"gitId":"tsh22"},"content":"    public void showTaskAdded(Task task) {"},{"lineNumber":22,"author":{"gitId":"tsh22"},"content":"        System.out.println(\"Got it. I\u0027ve added this task:\\n\""},{"lineNumber":23,"author":{"gitId":"tsh22"},"content":"                + task.toString()"},{"lineNumber":24,"author":{"gitId":"tsh22"},"content":"                + \"\\nNow you have \" + TaskList.taskListSize + \" task(s) in the list.\");"},{"lineNumber":25,"author":{"gitId":"tsh22"},"content":"    }"},{"lineNumber":26,"author":{"gitId":"tsh22"},"content":""},{"lineNumber":27,"author":{"gitId":"tsh22"},"content":"    public void showTaskDeleted(Task task) {"},{"lineNumber":28,"author":{"gitId":"tsh22"},"content":"        System.out.println(\"Gotcha. I\u0027ve removed this task:\\n\""},{"lineNumber":29,"author":{"gitId":"tsh22"},"content":"                + task.toString()"},{"lineNumber":30,"author":{"gitId":"tsh22"},"content":"                + \"\\nNow you have \" + TaskList.taskListSize + \" task(s) in the list.\");"},{"lineNumber":31,"author":{"gitId":"tsh22"},"content":"    }"},{"lineNumber":32,"author":{"gitId":"tsh22"},"content":""},{"lineNumber":33,"author":{"gitId":"tsh22"},"content":"    public void showTaskDone(Task task) {"},{"lineNumber":34,"author":{"gitId":"tsh22"},"content":"        System.out.println(\"Nice job! I\u0027ve marked this task as done:\\n\""},{"lineNumber":35,"author":{"gitId":"tsh22"},"content":"                + task.toString());"},{"lineNumber":36,"author":{"gitId":"tsh22"},"content":"    }"},{"lineNumber":37,"author":{"gitId":"tsh22"},"content":""},{"lineNumber":38,"author":{"gitId":"tsh22"},"content":"    public void showTaskList(ArrayList\u003cTask\u003e taskList) {"},{"lineNumber":39,"author":{"gitId":"tsh22"},"content":"        if (taskList.size() \u003d\u003d 0) {"},{"lineNumber":40,"author":{"gitId":"tsh22"},"content":"            System.out.println(\"Looks like you have no tasks currently. Add some tasks!\");"},{"lineNumber":41,"author":{"gitId":"tsh22"},"content":"        }"},{"lineNumber":42,"author":{"gitId":"tsh22"},"content":""},{"lineNumber":43,"author":{"gitId":"tsh22"},"content":"        System.out.println(\"Here are the tasks in your list:\");"},{"lineNumber":44,"author":{"gitId":"tsh22"},"content":"        for (int i \u003d 0; i \u003c taskList.size(); i++) {"},{"lineNumber":45,"author":{"gitId":"tsh22"},"content":"            Task item \u003d taskList.get(i);"},{"lineNumber":46,"author":{"gitId":"tsh22"},"content":"            System.out.println((i + 1) + \".\" + item.toString());"},{"lineNumber":47,"author":{"gitId":"tsh22"},"content":"        }"},{"lineNumber":48,"author":{"gitId":"tsh22"},"content":"    }"},{"lineNumber":49,"author":{"gitId":"tsh22"},"content":"}"}],"authorContributionMap":{"tsh22":49}},{"path":"text-ui-test/input.txt","fileType":"txt","lines":[{"lineNumber":1,"author":{"gitId":"tsh22"},"content":"todo read book"},{"lineNumber":2,"author":{"gitId":"tsh22"},"content":"todo join sports club"},{"lineNumber":3,"author":{"gitId":"tsh22"},"content":"deadline return book /by June 6th"},{"lineNumber":4,"author":{"gitId":"tsh22"},"content":"event project meeting /at Aug 6th 2-4pm"},{"lineNumber":5,"author":{"gitId":"tsh22"},"content":"done 1"},{"lineNumber":6,"author":{"gitId":"tsh22"},"content":"done 2"},{"lineNumber":7,"author":{"gitId":"tsh22"},"content":"deadline do homework /by no idea :-p"},{"lineNumber":8,"author":{"gitId":"tsh22"},"content":"list"},{"lineNumber":9,"author":{"gitId":"tsh22"},"content":"blah"},{"lineNumber":10,"author":{"gitId":"tsh22"},"content":"todo"},{"lineNumber":11,"author":{"gitId":"tsh22"},"content":"deadline"},{"lineNumber":12,"author":{"gitId":"tsh22"},"content":"event"},{"lineNumber":13,"author":{"gitId":"tsh22"},"content":"delete 3"},{"lineNumber":14,"author":{"gitId":"tsh22"},"content":"list"}],"authorContributionMap":{"tsh22":14}}]
