{"authorDailyContributionsMap":{"arsatis":[{"date":"2021-01-18","commitResults":[{"hash":"1c156b43951c16cb575a476bbe85c64e3126787a","messageTitle":"Modify Duke.java","messageBody":"","fileTypesAndContributionMap":{"java":{"insertions":15,"deletions":6}}},{"hash":"4ddf130aa015aa07994c2a4eb1d6b202328c2b81","messageTitle":"Update Duke.java with Level-1 increments","messageBody":"","tags":["Level-1"],"fileTypesAndContributionMap":{"java":{"insertions":18,"deletions":19}}},{"hash":"28de293c10ad1ae36b9988c2213ca5e06301d236","messageTitle":"Update Duke.java with Level-2 increments and added TaskManager.java","messageBody":"","tags":["Level-2"],"fileTypesAndContributionMap":{"java":{"insertions":35,"deletions":0}}},{"hash":"5424eeb6603cde8385206c32203b41e4204286f7","messageTitle":"Delete TaskManager.java","messageBody":"","fileTypesAndContributionMap":{"java":{"insertions":0,"deletions":4}}},{"hash":"fb909738485b95e64f94a7e71922c5a01988bc5f","messageTitle":"Update Duke.java with Level-3 increments and added Task.java","messageBody":"","tags":["Level-3"],"fileTypesAndContributionMap":{"java":{"insertions":52,"deletions":8}}},{"hash":"be20fe5fc6b550da26c9090430e00e6b526bca9e","messageTitle":"Update Duke.java with Level-4 increments and added subclasses for Task","messageBody":"","tags":["Level-4"],"fileTypesAndContributionMap":{"java":{"insertions":75,"deletions":7},"bat":{"insertions":21,"deletions":21},"sh":{"insertions":37,"deletions":37},"md":{"insertions":52,"deletions":52}}},{"hash":"62e369e6830b036ae06b612cf24fbe44e7d32ff2","messageTitle":"Update runtest.bat with location of main class and packages","messageBody":"","tags":["A-TextUiTesting"],"fileTypesAndContributionMap":{"txt":{"insertions":6,"deletions":0},"bat":{"insertions":2,"deletions":2}}}]},{"date":"2021-01-19","commitResults":[{"hash":"fa1bf97595ff3920beabee5b636532717d901d4d","messageTitle":"Update Duke.java with Level-5 increments","messageBody":"","tags":["Level-5"],"fileTypesAndContributionMap":{"java":{"insertions":80,"deletions":31}}},{"hash":"3d957b1b8e53887bdcc56ae78714cc950e765995","messageTitle":"Update Duke.java with Level-6 increments","messageBody":"","tags":["Level-6"],"fileTypesAndContributionMap":{"java":{"insertions":76,"deletions":19}}},{"hash":"ebdff7172e9f5801410ec40433ade73e3a379a86","messageTitle":"Fix syntax","messageBody":"","fileTypesAndContributionMap":{"txt":{"insertions":6,"deletions":2},"java":{"insertions":32,"deletions":22}}},{"hash":"7928dba5f3d96dd5f4ba9b2e71bc82209b3fabf7","messageTitle":"Create Javadoc comments for all classes","messageBody":"","fileTypesAndContributionMap":{"java":{"insertions":122,"deletions":4}}},{"hash":"aed29b2ef03ce466a0af9e6ddea6c767549f5bd5","messageTitle":"Create Javadoc comments for all methods","messageBody":"","tags":["A-Enums"],"fileTypesAndContributionMap":{"java":{"insertions":224,"deletions":20}}}]},{"date":"2021-01-25","commitResults":[{"hash":"6559ca39aa180af9fb08add174faaed79b2eadda","messageTitle":"Update Duke.java with Level-7 increments","messageBody":"","fileTypesAndContributionMap":{"txt":{"insertions":15,"deletions":0},"java":{"insertions":91,"deletions":1}}},{"hash":"1d001bc9a413a922cee4a23bce8da2d231a68c42","messageTitle":"Update Duke.java with Level-8 increments","messageBody":"","fileTypesAndContributionMap":{"txt":{"insertions":7,"deletions":0},"java":{"insertions":117,"deletions":17}}},{"hash":"5e36427989b4f345e01b3b0a8771892df17af5cf","messageTitle":"Add Storage.java","messageBody":"","fileTypesAndContributionMap":{"txt":{"insertions":7,"deletions":13},"java":{"insertions":133,"deletions":97}}},{"hash":"e5cf64bb3622a64da96011825825687184664911","messageTitle":"Add Ui.java and Parser.java","messageBody":"","fileTypesAndContributionMap":{"txt":{"insertions":0,"deletions":6},"java":{"insertions":146,"deletions":119}}},{"hash":"a6ee3319f34831fa5c614f7f309e193fc27e77da","messageTitle":"Add *Command.java","messageBody":"","tags":["A-MoreOOP"],"fileTypesAndContributionMap":{"java":{"insertions":215,"deletions":94}}},{"hash":"598e8afbaa1af799641e01a6159cb2c08db0cef4","messageTitle":"Divide classes into packages","messageBody":"","tags":["A-Packages"],"fileTypesAndContributionMap":{"java":{"insertions":64,"deletions":61},"bat":{"insertions":2,"deletions":2}}},{"hash":"92376ad4c0a7640c097e5d1b78261e634dbd28ac","messageTitle":"Add JUnit tests for Task.java and subclasses","messageBody":"","fileTypesAndContributionMap":{"txt":{"insertions":3,"deletions":0},"java":{"insertions":150,"deletions":1}}},{"hash":"317b3261244b415c4994302891e028ec80a803c7","messageTitle":"Add JUnit tests for Parser.java","messageBody":"","tags":["v0.1","A-JUnit"],"fileTypesAndContributionMap":{"java":{"insertions":67,"deletions":8}}}]},{"date":"2021-01-26","commitResults":[{"hash":"029598b2effcd50141952283d889375b37d16068","messageTitle":"Create ip.jar","messageBody":"","tags":["A-Jar"],"fileTypesAndContributionMap":{"txt":{"insertions":0,"deletions":3},"java":{"insertions":1,"deletions":1}}},{"hash":"c565ffbf82c8956f92c4570c835754b6b4e60077","messageTitle":"Add JavaDoc comments for all classes","messageBody":"","fileTypesAndContributionMap":{"java":{"insertions":344,"deletions":54}}},{"hash":"4669827ce96dc55077e46b2c5dded8783a236eb0","messageTitle":"Tweak the code to comply with the coding standard","messageBody":"","fileTypesAndContributionMap":{"java":{"insertions":12,"deletions":12}}},{"hash":"93b17cfbb91d23a613e013110013c9293f7bcd32","messageTitle":"Update Duke.java with Level-9 increments","messageBody":"","fileTypesAndContributionMap":{"java":{"insertions":46,"deletions":0}}},{"hash":"36b9d58c06aaf048857d85a8470ce50a30f2f8dd","messageTitle":"Add JavaDoc comments for remaining classes","messageBody":"","fileTypesAndContributionMap":{"java":{"insertions":39,"deletions":4}}}]},{"date":"2021-01-31","commitResults":[{"hash":"ee9a8589a26fac9fc1fe80bd4af7d04d316dadf3","messageTitle":"Add Gradle support","messageBody":"","tags":["A-Gradle"],"fileTypesAndContributionMap":{"gradle":{"insertions":2,"deletions":1},"java":{"insertions":103,"deletions":92}}},{"hash":"f674b9619e25775d16f96fde9d263d963c457f3b","messageTitle":"Use CheckStyle","messageBody":"","fileTypesAndContributionMap":{"gradle":{"insertions":1,"deletions":1}}}]},{"date":"2021-02-01","commitResults":[{"hash":"59a92634888cb09bb26ef2a3105ddc75d30872ee","messageTitle":"Complete JavaFX tutorial part 3","messageBody":"","fileTypesAndContributionMap":{"gradle":{"insertions":16,"deletions":1},"java":{"insertions":266,"deletions":4}}},{"hash":"a0e5c0ba4ad8798bfa78598c5c911fe88e8942d1","messageTitle":"Clean up GUI","messageBody":"","fileTypesAndContributionMap":{"java":{"insertions":143,"deletions":85}}}]},{"date":"2021-02-02","commitResults":[{"hash":"64d1386b31010bf7bde971b1e2365cde920aff72","messageTitle":"Tidy up Duke.java","messageBody":"","fileTypesAndContributionMap":{"java":{"insertions":37,"deletions":135}}},{"hash":"e5b07fa9cfa8d9db5cef11182d3469dd4c54fabe","messageTitle":"Use varargs for constructor of Storage.java","messageBody":"","fileTypesAndContributionMap":{"java":{"insertions":10,"deletions":6}}}]}]},"authorFileTypeContributionMap":{"arsatis":{"java":1792,"md":0,"fxml":35,"sh":0,"bat":2,"gradle":18,"txt":20}},"authorContributionVariance":{"arsatis":113627.305},"authorDisplayNameMap":{"arsatis":"CS2103T-W13-2 ANG ..YONG"}}
