{"authorDailyContributionsMap":{"JulietTeoh":[{"date":"2021-01-18","commitResults":[{"hash":"647e1a09d308b359e3704ecb95e08e07813d785d","messageTitle":"Finish level 1: Greet, Echo, Exit Duke bot can repeat what a user says","messageBody":"","tags":["Level-1"],"fileTypesAndContributionMap":{"java":{"insertions":37,"deletions":0}}},{"hash":"7b449461c83b19f977a1f65d4a268d274566ca25","messageTitle":"added an abstract class named \"task\", which all tasks will inherit from","messageBody":"","fileTypesAndContributionMap":{"java":{"insertions":17,"deletions":8}}},{"hash":"0c6b60cf6880252ccab9956c02d6459aa9255555","messageTitle":"Level 2: Added the ability to store whatever text entered by the user in DUKE","messageBody":"","tags":["Level-2"],"fileTypesAndContributionMap":{"java":{"insertions":38,"deletions":6}}},{"hash":"f9c7844028458ad08c6b9779ddc8ad3540528618","messageTitle":"Renamed Task to Manager Echo to Echo Manager and changed some variable names to better represent the system I am modelling","messageBody":"","fileTypesAndContributionMap":{"java":{"insertions":4,"deletions":6}}},{"hash":"2c3965b40d426f06b8997ff37cc1cea9ed6832e2","messageTitle":"Implemented a class named task, which is the user\u0027s task, and ensure that it still works with task 2","messageBody":"","fileTypesAndContributionMap":{"java":{"insertions":32,"deletions":5}}}]},{"date":"2021-01-19","commitResults":[{"hash":"51dcb4d0e0358ad13eaf59ec65b00cd383ec92e7","messageTitle":"Task 3: implemented the requirements for task 3 using task manager and task","messageBody":"","tags":["Level-3"],"fileTypesAndContributionMap":{"java":{"insertions":37,"deletions":9}}},{"hash":"a7c879c1e297a5d29b2ad9f90384bcd6a919c8a2","messageTitle":"Added Deadline, which is an extension of Task","messageBody":"","fileTypesAndContributionMap":{"java":{"insertions":28,"deletions":0}}},{"hash":"1987d9eef4a41efa9272ef61449ce846abc2c075","messageTitle":"Added Todo, which is another extension of Task","messageBody":"","fileTypesAndContributionMap":{"java":{"insertions":9,"deletions":1}}},{"hash":"efac6e4c38b70764c98e20085c8c1775e4e7877d","messageTitle":"Added Event, which is yet another extension of Task","messageBody":"","fileTypesAndContributionMap":{"java":{"insertions":6,"deletions":2}}},{"hash":"a589a6a7acbc60a01f01421129cd4ee1bee26f73","messageTitle":"Task 4: added support for todo, event and deadlines","messageBody":"","tags":["Level-4"],"fileTypesAndContributionMap":{"java":{"insertions":34,"deletions":7}}},{"hash":"2c2929a3863c706a7bb7fe2127254363d521de67","messageTitle":"implemented some exceptions for event, todo and deadline to deal with inaccurate user input","messageBody":"","fileTypesAndContributionMap":{"java":{"insertions":67,"deletions":24}}},{"hash":"64b3c2cf83446edf63f57514bdeca2776255d245","messageTitle":"shifted the handling of \"done\" related user input to ListManager, handled exception that can arise from the user during the \"done\" operation","messageBody":"","fileTypesAndContributionMap":{"java":{"insertions":53,"deletions":30}}},{"hash":"f3023ff5d21f2c654b02564772805c11d0a0f372","messageTitle":"changed the number of \"__\" to match that of the cs2103t project website","messageBody":"","fileTypesAndContributionMap":{"java":{"insertions":1,"deletions":1}}},{"hash":"321f848f89d713a7a382457b846b4de21daebfe6","messageTitle":"updated test that will test the todo, event and deadline features and well as how exception related to these features wills be handled","messageBody":"","fileTypesAndContributionMap":{"txt":{"insertions":10,"deletions":0},"sh":{"insertions":0,"deletions":0}}},{"hash":"76f8d5b290b3535a96c32f1083ddf64a5d1304c7","messageTitle":"Task 4 completed - able to handle all possible errors in the current version of duke","messageBody":"","tags":["Level-5"],"fileTypesAndContributionMap":{"java":{"insertions":0,"deletions":2}}},{"hash":"8b0658d3aee0e99a20e4a621462629a44dab8c42","messageTitle":"Add deletion feature for Duke","messageBody":"can delete tasks in the list using the command \"delete x\", where x is a number representing a task in the list\n","tags":["Level-6"],"fileTypesAndContributionMap":{"java":{"insertions":37,"deletions":3}}},{"hash":"dc829ae9ad73763b01d6d382fc7dbea14e395ad4","messageTitle":"updated test to test the deletion feature","messageBody":"","fileTypesAndContributionMap":{"txt":{"insertions":7,"deletions":0}}}]},{"date":"2021-01-23","commitResults":[{"hash":"b987dab5bb64f4e08ffddaf9ad6d225665646e0e","messageTitle":"Add 2 boolean function, checkStringStartingEquals and checkStringEquals, to check userInput.","messageBody":"checkStringStartingEqual checks if the first n characters of String is equal to a given String\ncheckStringEquals checks if the user input is equal to a given String or equal to a given String + \" \"\nThis is to avoid repetitive and messy code.\n","fileTypesAndContributionMap":{"java":{"insertions":24,"deletions":16}}},{"hash":"e7f69daea8eea3a781cc5bb1051c0b82e95072c2","messageTitle":"Update automated text ui files","messageBody":"","tags":["A-TextUiTesting"],"fileTypesAndContributionMap":{"txt":{"insertions":4,"deletions":0}}}]},{"date":"2021-01-27","commitResults":[{"hash":"2ef5c9488387e57dad7126cdb589f00f71686468","messageTitle":"Improved the handling of user input","messageBody":"Moved the handling of user input from Duke to ListManager using a new method, handleAllUserInput\nAdded the padSpaces method to Manager abstract class to help the generating to Strings\n","fileTypesAndContributionMap":{"java":{"insertions":40,"deletions":15}}},{"hash":"6904f746d046ece2db730734d01eef0f42171a39","messageTitle":"Catch exception where user does not put a space after a task. eg \"todosleep\"","messageBody":"","fileTypesAndContributionMap":{"java":{"insertions":25,"deletions":6}}},{"hash":"a66ae3179d244c4242fdd1aecb6e5979f15cd884","messageTitle":"Level 7 - Save tasks onto hard disk","messageBody":"Changed Task, Todo, Event, Deadline to allow these classes to output the format to be saved in the datafile, and create tasks from parsed input from the datafile\n\nAdded feature that will create data folder and dukedata.txt if they dont exist\n\nAdded feature that will save the tasks in the datafile automatically when the task list changes\n\nAdded feature that will load data from the datafile, restore the state of the task list in the previous session\n","fileTypesAndContributionMap":{"txt":{"insertions":4,"deletions":0},"java":{"insertions":140,"deletions":12}}},{"hash":"1333b2f287f3c4b7c40d3f051348d8fdd9094902","messageTitle":"Change default input in dukedata.txt for testing purposes","messageBody":"","fileTypesAndContributionMap":{"txt":{"insertions":3,"deletions":4}}},{"hash":"04f99c1373f960f62a09eeb057c9bf77edca7621","messageTitle":"Update testing files to ensure previous features are not lost","messageBody":"","tags":["Level-7"],"fileTypesAndContributionMap":{"txt":{"insertions":6,"deletions":0}}},{"hash":"e2080950182f4677df1dc9a22a2a6f4fc51ad15e","messageTitle":"Level 8 - added date and time handling for deadline tasks, in the dd-mm-yyyy format","messageBody":"","fileTypesAndContributionMap":{"java":{"insertions":33,"deletions":3}}},{"hash":"fcf14d711c11d9428c1e6aeb7a0086b8a44f0f47","messageTitle":"Add support for deadline dates of the format yyyy-mm-dd","messageBody":"","fileTypesAndContributionMap":{"java":{"insertions":9,"deletions":2}}},{"hash":"42c26b3cc6960eedd1e8f83273eec3683086bbbe","messageTitle":"Level 8 - Merged the save feature from level 7 with the date feature of level 8","messageBody":"Rectified the Deadline class such that it handles dates properly when loading saved data\nHandled exception in ListManager and Duke where the dukedata is not in the correct format for it to become a task\n","tags":["Level-8"],"fileTypesAndContributionMap":{"txt":{"insertions":1,"deletions":3},"java":{"insertions":31,"deletions":13}}}]}]},"authorFileTypeContributionMap":{"JulietTeoh":{"java":532,"md":0,"fxml":0,"sh":0,"bat":0,"gradle":0,"txt":28}},"authorContributionVariance":{"JulietTeoh":13765.91},"authorDisplayNameMap":{"JulietTeoh":"CS2103T-T12-4 JULI..YING"}}
