{"authorDailyContributionsMap":{"whatthelump":[{"date":"2021-01-19","commitResults":[{"hash":"1dd8a55c4f7531f71b8440c73caabb81d4abd99e","messageTitle":"iP Level 1","messageBody":"","tags":["Level-1"],"fileTypesAndContributionMap":{"java":{"insertions":16,"deletions":0}}},{"hash":"6bb393ed993592dcc10e7d08456a51d62b95e754","messageTitle":"iP Level 2","messageBody":"","tags":["Level-2"],"fileTypesAndContributionMap":{"java":{"insertions":13,"deletions":1}}}]},{"date":"2021-01-20","commitResults":[{"hash":"83bf6a590c1825131e26fc4824fb87070a89159f","messageTitle":"iP Level 3","messageBody":"","tags":["Level-3"],"fileTypesAndContributionMap":{"java":{"insertions":43,"deletions":2}}},{"hash":"9b51fb48825f7c78197c329535ade0c617d2a327","messageTitle":"iP Level 4","messageBody":"","tags":["Level-4"],"fileTypesAndContributionMap":{"java":{"insertions":82,"deletions":8}}},{"hash":"92648bfa70ec867f97d271ed84baedae15941633","messageTitle":"iP Level 5","messageBody":"","tags":["Level-5"],"fileTypesAndContributionMap":{"java":{"insertions":104,"deletions":46},"bat":{"insertions":2,"deletions":2}}},{"hash":"c5fa1bd02d1175d0a61b1e55f02e6d8fb7a40d20","messageTitle":"iP Level 6","messageBody":"","tags":["Level-6"],"fileTypesAndContributionMap":{"java":{"insertions":14,"deletions":2}}}]},{"date":"2021-01-21","commitResults":[{"hash":"f6922df0ba55c9b9884dad8ca389f0986efd1d61","messageTitle":"Automated Text UI Testing","messageBody":"","tags":["A-TextUiTesting"],"fileTypesAndContributionMap":{"txt":{"insertions":1,"deletions":0},"bat":{"insertions":2,"deletions":2}}}]},{"date":"2021-01-27","commitResults":[{"hash":"2c97fa38c94cf12f9b065943bb9fa301a5667efc","messageTitle":"Update input.txt and EXPECTED.TXT as well as add tags","messageBody":"","fileTypesAndContributionMap":{"txt":{"insertions":21,"deletions":0}}}]}]},"authorFileTypeContributionMap":{"whatthelump":{"java":214,"md":0,"fxml":0,"sh":0,"bat":1,"gradle":0,"txt":22}},"authorContributionVariance":{"whatthelump":5101.474},"authorDisplayNameMap":{"whatthelump":"- LIM ..GANG"}}
