{"authorDailyContributionsMap":{"Jonathan-Cao":[{"date":"2021-01-18","commitResults":[{"hash":"a8ecf90cdd695c62176a2e1fe39921a2e02cd749","messageTitle":"add Greet, Echo, Exit","messageBody":"","tags":["Level-1"],"fileTypesAndContributionMap":{"java":{"insertions":14,"deletions":0}}},{"hash":"39938ee873dfbc0dfa50c84dcbac0dd347dd455a","messageTitle":"add Add, List","messageBody":"","tags":["Level-2"],"fileTypesAndContributionMap":{"java":{"insertions":13,"deletions":3}}}]},{"date":"2021-01-19","commitResults":[{"hash":"1055a40223e3f79f4cd57060b75c3e61f94ce8cc","messageTitle":"add Mark as Done and Task class","messageBody":"","tags":["Level-3"],"fileTypesAndContributionMap":{"java":{"insertions":38,"deletions":4}}},{"hash":"b72dd55ad55dc41ed1074db0f8de580f2f8d8a75","messageTitle":"add ToDo, Event, Deadline classes","messageBody":"","tags":["Level-4"],"fileTypesAndContributionMap":{"java":{"insertions":65,"deletions":19}}},{"hash":"acb026aa31c93f93316563cfa989f5b7eb3f9ba8","messageTitle":"add Automated Text UI Testing","messageBody":"","tags":["A-TextUiTesting"],"fileTypesAndContributionMap":{"txt":{"insertions":13,"deletions":0},"java":{"insertions":2,"deletions":1}}}]},{"date":"2021-01-20","commitResults":[{"hash":"3be2ed436955d065a555f9eb0a3f3f7eaba74ef3","messageTitle":"add Error Handling and DukeException class","messageBody":"","tags":["Level-5"],"fileTypesAndContributionMap":{"java":{"insertions":80,"deletions":41}}},{"hash":"13cb488b2ba2fa8b49c764863b1a34aaaca2f6c1","messageTitle":"add Delete","messageBody":"","tags":["Level-6"],"fileTypesAndContributionMap":{"java":{"insertions":18,"deletions":2}}}]},{"date":"2021-01-21","commitResults":[{"hash":"cff3d966fe4f7e8fedceb4d0909274e4d6387ee7","messageTitle":"add Enumerations and updated testing","messageBody":"","tags":["A-Enums"],"fileTypesAndContributionMap":{"txt":{"insertions":11,"deletions":0},"java":{"insertions":120,"deletions":84}}}]},{"date":"2021-01-26","commitResults":[{"hash":"5361c833027d696eb650dcb8f3a29e341b85c1c2","messageTitle":"add saving and loading of tasks","messageBody":"","fileTypesAndContributionMap":{"java":{"insertions":150,"deletions":98}}},{"hash":"5cd2d053a25b2599372b7b84d8da8b69e701bcbe","messageTitle":"add date and time","messageBody":"","fileTypesAndContributionMap":{"java":{"insertions":125,"deletions":102}}},{"hash":"909c088bfd31701f84cb4892f9891a3057cbe543","messageTitle":"update test cases for date and time","messageBody":"","fileTypesAndContributionMap":{"txt":{"insertions":2,"deletions":0}}}]},{"date":"2021-01-27","commitResults":[{"hash":"a9612b36d61c95da83025c505f9c3368759e7910","messageTitle":"add Ui class that deals with interactions with the user","messageBody":"","fileTypesAndContributionMap":{"java":{"insertions":65,"deletions":36}}},{"hash":"fe8935ef948563cbf764a3826ca02600fdf8ea6b","messageTitle":"add Storage class that deals with loading tasks from the file and saving tasks in the file","messageBody":"","fileTypesAndContributionMap":{"java":{"insertions":60,"deletions":46}}},{"hash":"979de8fe3e5b2a8aa1b39d3eec48acbba0776964","messageTitle":"add Parser class that deals with making sense of the user command","messageBody":"","fileTypesAndContributionMap":{"java":{"insertions":109,"deletions":84}}},{"hash":"eac20fabe7f9bcc6a1e779f33ebe5137f2094229","messageTitle":"add TaskList class that contains the task list","messageBody":"","tags":["A-MoreOOP"],"fileTypesAndContributionMap":{"java":{"insertions":109,"deletions":55}}},{"hash":"3f494de33005149d1f7c48242ee1190e62685721","messageTitle":"add duke package","messageBody":"","tags":["A-Packages"],"fileTypesAndContributionMap":{"java":{"insertions":28,"deletions":5},"bat":{"insertions":1,"deletions":1}}}]},{"date":"2021-01-28","commitResults":[{"hash":"1b6fc3741d1cc1da50c3f75aad0773a2b6f61c0f","messageTitle":"add JUnit tests","messageBody":"","tags":["v0.1","A-JUnit"],"fileTypesAndContributionMap":{"java":{"insertions":85,"deletions":0}}}]},{"date":"2021-01-29","commitResults":[{"hash":"d32a7d57f9a4e5634b106bd06831ac374cdeb190","messageTitle":"add JavaDoc comments to all Classes","messageBody":"","fileTypesAndContributionMap":{"java":{"insertions":241,"deletions":0}}},{"hash":"83ab907d95c3de5385bed273bbe7e4ac2f50d8dd","messageTitle":"tweak code to comply with module\u0027s coding standard","messageBody":"","fileTypesAndContributionMap":{"java":{"insertions":32,"deletions":31}}},{"hash":"a56cf9850ff281c10e9e1827a983bfb40250039a","messageTitle":"add finding tasks by searching for a keyword","messageBody":"","fileTypesAndContributionMap":{"java":{"insertions":51,"deletions":0}}}]},{"date":"2021-02-03","commitResults":[{"hash":"ee2f870f515e2c8103e66de284430fc7a4ca9739","messageTitle":"use Checkstyle to detect coding style violations","messageBody":"","tags":["A-CheckStyle"],"fileTypesAndContributionMap":{"gradle":{"insertions":1,"deletions":1},"java":{"insertions":70,"deletions":31}}}]},{"date":"2021-02-05","commitResults":[{"hash":"509dbd72d78aab5332d4b6403ffea7bb6be8e1cf","messageTitle":"add GUI using JavaFX","messageBody":"","fileTypesAndContributionMap":{"gradle":{"insertions":15,"deletions":0},"java":{"insertions":343,"deletions":155}}}]}]},"authorFileTypeContributionMap":{"Jonathan-Cao":{"java":1051,"md":0,"fxml":35,"sh":0,"bat":1,"gradle":16,"txt":26}},"authorContributionVariance":{"Jonathan-Cao":31091.908},"authorDisplayNameMap":{"Jonathan-Cao":"CS2103T-T12-1 CAO ..THAN"}}
