{"authorDailyContributionsMap":{"Assyarul":[{"date":"2021-01-18","commitResults":[{"hash":"8b7d91b78bd0f160b31642d75cb03736bfd4a196","messageTitle":"initial level-1","messageBody":"","tags":["Level-1"],"fileTypesAndContributionMap":{"java":{"insertions":27,"deletions":1}}},{"hash":"27ebbeef4299e51a2847b6d9709f63b755a3e45e","messageTitle":"Level 2 initial","messageBody":"","tags":["Level-2"],"fileTypesAndContributionMap":{"java":{"insertions":34,"deletions":2}}}]},{"date":"2021-01-19","commitResults":[{"hash":"eb22344d0359e80bb5faecc1f2ca84675dc0ce0a","messageTitle":"Level-3 w/ Command and Decorator Patterns implemented","messageBody":"","tags":["Level-3"],"fileTypesAndContributionMap":{"java":{"insertions":193,"deletions":46}}},{"hash":"23440852aae14087d0b960e2ac87533f10053093","messageTitle":"Level 4 w/ Factory Pattern for Task subtypes","messageBody":"","tags":["Level-4"],"fileTypesAndContributionMap":{"java":{"insertions":111,"deletions":28}}}]},{"date":"2021-01-20","commitResults":[{"hash":"c703a1fdfb82387bb75cb6f673df11a96252eba6","messageTitle":"Level-5. Error-handling.","messageBody":"","tags":["Level-5","A-TextUiTesting"],"fileTypesAndContributionMap":{"txt":{"insertions":16,"deletions":0},"java":{"insertions":42,"deletions":18}}},{"hash":"07ac3cd0d67697e0eee2b3e29a944ea36e6793bf","messageTitle":"Level-6. Added delete functionality.","messageBody":"","tags":["Level-6"],"fileTypesAndContributionMap":{"txt":{"insertions":3,"deletions":0},"java":{"insertions":42,"deletions":9}}}]},{"date":"2021-01-26","commitResults":[{"hash":"4a80747ec556162acba700a653ccdd497d29f157","messageTitle":"Level-7 Save","messageBody":"","fileTypesAndContributionMap":{"java":{"insertions":171,"deletions":7}}},{"hash":"8f436939e5c4cc546e4b651bae6a6e9dbae80005","messageTitle":"Level-8 Date and Time parse","messageBody":"","fileTypesAndContributionMap":{"java":{"insertions":15,"deletions":2}}},{"hash":"3619640fd280545a3ab66918870be92961133d6e","messageTitle":"Added more OOP","messageBody":"","tags":["A-MoreOOP"],"fileTypesAndContributionMap":{"java":{"insertions":91,"deletions":60}}}]},{"date":"2021-01-27","commitResults":[{"hash":"d1c9b34b86b51367a3dd10f34cba6e00468b93a6","messageTitle":"Add JUnit test for EventFactory class","messageBody":"","tags":["v0.1","A-Jar","A-JUnit"],"fileTypesAndContributionMap":{"java":{"insertions":26,"deletions":0}}},{"hash":"c5f6758101f3204c7f746f65bf9a913bedb83cac","messageTitle":"Added JavaDocs to some classes","messageBody":"","fileTypesAndContributionMap":{"java":{"insertions":143,"deletions":14}}},{"hash":"1280bdde1e4d8889748d2ce79a91e626b06f3d2c","messageTitle":"Level-9 added Find feature","messageBody":"","fileTypesAndContributionMap":{"java":{"insertions":41,"deletions":1}}},{"hash":"21ea615af584610a5430a6ad4deb812a693c4548","messageTitle":"Fix bug where file has not been initially read when program started","messageBody":"","fileTypesAndContributionMap":{"java":{"insertions":3,"deletions":1}}},{"hash":"4d6bf72633c6ad3546d6703a5afb18c9d036ed05","messageTitle":"Update modifiers on most methods and classes.","messageBody":"","fileTypesAndContributionMap":{"java":{"insertions":73,"deletions":74}}}]},{"date":"2021-01-31","commitResults":[{"hash":"4757a32d14194d78e130fb024bb0b172503d65b8","messageTitle":"refactor: implemented packages.","messageBody":"fix:fixed minor bug in Storage.\n","fileTypesAndContributionMap":{"java":{"insertions":53,"deletions":6}}},{"hash":"b27f09b2f77fc176645bb781a66e97a34db1b073","messageTitle":"docs: added more javadocs to duke.command package.","messageBody":"This commit also contains changes that was supposed\nto be brought forth from previous commit.\n","fileTypesAndContributionMap":{"java":{"insertions":166,"deletions":92},"md":{"insertions":2,"deletions":2}}},{"hash":"f12cfd05162f6e8712a2279cb2c33b36c9c13e0a","messageTitle":"refactor: restructure test cases to be in separate test folder","messageBody":"","fileTypesAndContributionMap":{"java":{"insertions":1,"deletions":2}}},{"hash":"af7f02a370eecf40b15dd08c714357d4211752f7","messageTitle":"Implement gradle usage for automation,","messageBody":"Current state does not use gradle for automation.\n\nSince there\u0027s no automation in place, it is harder to\ncheck the consistency of the code.\n\nLet\u0027s implement gradle into the project. Additionally,\ncode will be changed to avoid checkstyle errors when\nbuilding using gradle.\n","fileTypesAndContributionMap":{"gradle":{"insertions":1,"deletions":1},"java":{"insertions":201,"deletions":97},"sh":{"insertions":74,"deletions":0}}}]}]},"authorFileTypeContributionMap":{"Assyarul":{"java":999,"md":2,"fxml":0,"sh":74,"bat":0,"gradle":1,"txt":19}},"authorContributionVariance":{"Assyarul":34439.074},"authorDisplayNameMap":{"Assyarul":"CS2103T-W14-1 MUHA..OMAR"}}
