{"authorDailyContributionsMap":{"car155":[{"date":"2021-01-21","commitResults":[{"hash":"67c8d0d1f364525840f711fca71a6d112c838e38","messageTitle":"Duke skeleton. Added greeting, echo and exit.","messageBody":"","tags":["Level-1"],"fileTypesAndContributionMap":{"java":{"insertions":18,"deletions":6}}},{"hash":"a8d4578306d161c6e5929dac5e3238e1ea199375","messageTitle":"Added list, add function","messageBody":"","tags":["Level-2"],"fileTypesAndContributionMap":{"java":{"insertions":25,"deletions":5}}},{"hash":"6e7177472085aefe245cfc56ec7240ff8489a44e","messageTitle":"Duke: added done function. Task: added class.","messageBody":"","tags":["Level-3"],"fileTypesAndContributionMap":{"java":{"insertions":40,"deletions":5}}},{"hash":"18722c9c60e28ef7a13cbe277bc81758e16b6a06","messageTitle":"Added todo, deadline, event.","messageBody":"","tags":["Level-4"],"fileTypesAndContributionMap":{"txt":{"insertions":11,"deletions":0},"java":{"insertions":67,"deletions":17}}},{"hash":"0f7de09298dddf94d73eeb176bec3ef739f1b375","messageTitle":"Automated testing","messageBody":"","tags":["A-TextUiTesting"],"fileTypesAndContributionMap":{"txt":{"insertions":0,"deletions":1}}}]},{"date":"2021-01-22","commitResults":[{"hash":"19140281d1b542d559f69f107f56b7810d50e052","messageTitle":"Added error handling: empty task description, invalid commands.","messageBody":"","tags":["Level-5"],"fileTypesAndContributionMap":{"java":{"insertions":69,"deletions":24}}},{"hash":"c674b06ee061a0f42532363cb62a54904c2e2414","messageTitle":"Duke: added delete function","messageBody":"","tags":["Level-6"],"fileTypesAndContributionMap":{"java":{"insertions":5,"deletions":0}}}]}]},"authorFileTypeContributionMap":{"car155":{"java":173,"md":0,"fxml":0,"sh":0,"bat":0,"gradle":0,"txt":10}},"authorContributionVariance":{"car155":3372.9094},"authorDisplayNameMap":{"car155":"CS2103-W16-4 CARI..TENG"}}
