[{"path":"src/main/java/Main.java","fileType":"java","lines":[{"lineNumber":1,"author":{"gitId":"yungweezy"},"content":"import duke.Duke;"},{"lineNumber":2,"author":{"gitId":"yungweezy"},"content":"import exception.DukeException;"},{"lineNumber":3,"author":{"gitId":"yungweezy"},"content":""},{"lineNumber":4,"author":{"gitId":"yungweezy"},"content":"import java.util.Scanner;"},{"lineNumber":5,"author":{"gitId":"yungweezy"},"content":""},{"lineNumber":6,"author":{"gitId":"yungweezy"},"content":"public class Main {"},{"lineNumber":7,"author":{"gitId":"yungweezy"},"content":"    public static void main(String[] args) {"},{"lineNumber":8,"author":{"gitId":"yungweezy"},"content":"        String logo \u003d \" ____        _        \\n\""},{"lineNumber":9,"author":{"gitId":"yungweezy"},"content":"                + \"|  _ \\\\ _   _| | _____ \\n\""},{"lineNumber":10,"author":{"gitId":"yungweezy"},"content":"                + \"| | | | | | | |/ / _ \\\\\\n\""},{"lineNumber":11,"author":{"gitId":"yungweezy"},"content":"                + \"| |_| | |_| |   \u003c  __/\\n\""},{"lineNumber":12,"author":{"gitId":"yungweezy"},"content":"                + \"|____/ \\\\__,_|_|\\\\_\\\\___|\\n\";"},{"lineNumber":13,"author":{"gitId":"yungweezy"},"content":"        System.out.println(\"Hello from\\n\" + logo);"},{"lineNumber":14,"author":{"gitId":"yungweezy"},"content":"        Scanner sc \u003d new Scanner(System.in);"},{"lineNumber":15,"author":{"gitId":"yungweezy"},"content":"        Duke duke \u003d new Duke();"},{"lineNumber":16,"author":{"gitId":"yungweezy"},"content":""},{"lineNumber":17,"author":{"gitId":"yungweezy"},"content":"        while(sc.hasNextLine()) {"},{"lineNumber":18,"author":{"gitId":"yungweezy"},"content":"            try {"},{"lineNumber":19,"author":{"gitId":"yungweezy"},"content":"                if (duke.parse(sc.nextLine()) \u003d\u003d 0) break;"},{"lineNumber":20,"author":{"gitId":"yungweezy"},"content":"            } catch (DukeException ex) {"},{"lineNumber":21,"author":{"gitId":"yungweezy"},"content":"                System.out.println(ex.toString());"},{"lineNumber":22,"author":{"gitId":"yungweezy"},"content":"            }"},{"lineNumber":23,"author":{"gitId":"yungweezy"},"content":"        }"},{"lineNumber":24,"author":{"gitId":"yungweezy"},"content":"    }"},{"lineNumber":25,"author":{"gitId":"yungweezy"},"content":"}"}],"authorContributionMap":{"yungweezy":25}},{"path":"src/main/java/duke/Duke.java","fileType":"java","lines":[{"lineNumber":1,"author":{"gitId":"yungweezy"},"content":"package duke;"},{"lineNumber":2,"author":{"gitId":"yungweezy"},"content":""},{"lineNumber":3,"author":{"gitId":"yungweezy"},"content":"import exception.*;"},{"lineNumber":4,"author":{"gitId":"yungweezy"},"content":"import task.Deadline;"},{"lineNumber":5,"author":{"gitId":"yungweezy"},"content":"import task.Event;"},{"lineNumber":6,"author":{"gitId":"yungweezy"},"content":"import task.Task;"},{"lineNumber":7,"author":{"gitId":"yungweezy"},"content":"import task.Todo;"},{"lineNumber":8,"author":{"gitId":"yungweezy"},"content":""},{"lineNumber":9,"author":{"gitId":"yungweezy"},"content":"import java.util.ArrayList;"},{"lineNumber":10,"author":{"gitId":"yungweezy"},"content":""},{"lineNumber":11,"author":{"gitId":"yungweezy"},"content":"/**"},{"lineNumber":12,"author":{"gitId":"yungweezy"},"content":" * A duke chat-bot object."},{"lineNumber":13,"author":{"gitId":"yungweezy"},"content":" */"},{"lineNumber":14,"author":{"gitId":"yungweezy"},"content":"public class Duke {"},{"lineNumber":15,"author":{"gitId":"yungweezy"},"content":"    /**"},{"lineNumber":16,"author":{"gitId":"yungweezy"},"content":"     * Duke stored task list."},{"lineNumber":17,"author":{"gitId":"yungweezy"},"content":"     */"},{"lineNumber":18,"author":{"gitId":"yungweezy"},"content":"    public ArrayList\u003cTask\u003e taskList;"},{"lineNumber":19,"author":{"gitId":"yungweezy"},"content":""},{"lineNumber":20,"author":{"gitId":"yungweezy"},"content":"    /**"},{"lineNumber":21,"author":{"gitId":"yungweezy"},"content":"     * DukeResponse object to handle responses."},{"lineNumber":22,"author":{"gitId":"yungweezy"},"content":"     */"},{"lineNumber":23,"author":{"gitId":"yungweezy"},"content":"    public DukeResponse dukeResponse;"},{"lineNumber":24,"author":{"gitId":"yungweezy"},"content":"    /**"},{"lineNumber":25,"author":{"gitId":"yungweezy"},"content":"     * Instantiates a new duke."},{"lineNumber":26,"author":{"gitId":"yungweezy"},"content":"     */"},{"lineNumber":27,"author":{"gitId":"yungweezy"},"content":"    public Duke() {"},{"lineNumber":28,"author":{"gitId":"yungweezy"},"content":"        taskList \u003d new ArrayList\u003c\u003e();"},{"lineNumber":29,"author":{"gitId":"yungweezy"},"content":"        dukeResponse \u003d new DukeResponse();"},{"lineNumber":30,"author":{"gitId":"yungweezy"},"content":"    }"},{"lineNumber":31,"author":{"gitId":"yungweezy"},"content":""},{"lineNumber":32,"author":{"gitId":"yungweezy"},"content":"    /**"},{"lineNumber":33,"author":{"gitId":"yungweezy"},"content":"     * Parses given input and sets a new current message based on input."},{"lineNumber":34,"author":{"gitId":"yungweezy"},"content":"     *"},{"lineNumber":35,"author":{"gitId":"yungweezy"},"content":"     * @param input the input message."},{"lineNumber":36,"author":{"gitId":"yungweezy"},"content":"     * @return integer. 0 represents an terminating entry, 1 represents a continuing entry."},{"lineNumber":37,"author":{"gitId":"yungweezy"},"content":"     */"},{"lineNumber":38,"author":{"gitId":"yungweezy"},"content":"    public int parse(String input) throws DukeException {"},{"lineNumber":39,"author":{"gitId":"yungweezy"},"content":"        String[] parsedInput \u003d input.split(\"\\\\s+\", 2);"},{"lineNumber":40,"author":{"gitId":"yungweezy"},"content":"        switch(parsedInput[0]) {"},{"lineNumber":41,"author":{"gitId":"yungweezy"},"content":"            case (\"\"):"},{"lineNumber":42,"author":{"gitId":"yungweezy"},"content":"                throw new DukeNoInputException();"},{"lineNumber":43,"author":{"gitId":"yungweezy"},"content":"            case (\"todo\"): {"},{"lineNumber":44,"author":{"gitId":"yungweezy"},"content":"                if (parsedInput.length \u003c 2 || parsedInput[1].length() \u003d\u003d 0) {"},{"lineNumber":45,"author":{"gitId":"yungweezy"},"content":"                    throw new DukeMissingArgumentsException();"},{"lineNumber":46,"author":{"gitId":"yungweezy"},"content":"                } else {"},{"lineNumber":47,"author":{"gitId":"yungweezy"},"content":"                    Todo currTodo \u003d new Todo(parsedInput[1]);"},{"lineNumber":48,"author":{"gitId":"yungweezy"},"content":"                    taskList.add(currTodo);"},{"lineNumber":49,"author":{"gitId":"yungweezy"},"content":"                    dukeResponse.addTask(currTodo, taskList.size());"},{"lineNumber":50,"author":{"gitId":"yungweezy"},"content":"                }"},{"lineNumber":51,"author":{"gitId":"yungweezy"},"content":"                break;"},{"lineNumber":52,"author":{"gitId":"yungweezy"},"content":"            }"},{"lineNumber":53,"author":{"gitId":"yungweezy"},"content":"            case (\"event\"): {"},{"lineNumber":54,"author":{"gitId":"yungweezy"},"content":"                if (parsedInput.length \u003c 2) {"},{"lineNumber":55,"author":{"gitId":"yungweezy"},"content":"                    throw new DukeMissingArgumentsException();"},{"lineNumber":56,"author":{"gitId":"yungweezy"},"content":"                }"},{"lineNumber":57,"author":{"gitId":"yungweezy"},"content":"                String[] args \u003d parsedInput[1].split(\"/at\", 2);"},{"lineNumber":58,"author":{"gitId":"yungweezy"},"content":"                if (args.length \u003c 2 || args[1].length() \u003d\u003d 0) {"},{"lineNumber":59,"author":{"gitId":"yungweezy"},"content":"                    throw new DukeMissingArgumentsException();"},{"lineNumber":60,"author":{"gitId":"yungweezy"},"content":"                }"},{"lineNumber":61,"author":{"gitId":"yungweezy"},"content":"                Event currEvent \u003d new Event(args[0], args[1]);"},{"lineNumber":62,"author":{"gitId":"yungweezy"},"content":"                taskList.add(currEvent);"},{"lineNumber":63,"author":{"gitId":"yungweezy"},"content":"                dukeResponse.addTask(currEvent, taskList.size());"},{"lineNumber":64,"author":{"gitId":"yungweezy"},"content":"                break;"},{"lineNumber":65,"author":{"gitId":"yungweezy"},"content":"            }"},{"lineNumber":66,"author":{"gitId":"yungweezy"},"content":"            case (\"deadline\"): {"},{"lineNumber":67,"author":{"gitId":"yungweezy"},"content":"                if (parsedInput.length \u003c 2) {"},{"lineNumber":68,"author":{"gitId":"yungweezy"},"content":"                    throw new DukeMissingArgumentsException();"},{"lineNumber":69,"author":{"gitId":"yungweezy"},"content":"                }"},{"lineNumber":70,"author":{"gitId":"yungweezy"},"content":"                String[] args \u003d parsedInput[1].split(\"/by\", 2);"},{"lineNumber":71,"author":{"gitId":"yungweezy"},"content":"                if (args.length \u003c 2 || args[1].length() \u003d\u003d 0) {"},{"lineNumber":72,"author":{"gitId":"yungweezy"},"content":"                    throw new DukeMissingArgumentsException();"},{"lineNumber":73,"author":{"gitId":"yungweezy"},"content":"                }"},{"lineNumber":74,"author":{"gitId":"yungweezy"},"content":"                Deadline currDeadline \u003d new Deadline(args[0], args[1]);"},{"lineNumber":75,"author":{"gitId":"yungweezy"},"content":"                taskList.add(currDeadline);"},{"lineNumber":76,"author":{"gitId":"yungweezy"},"content":"                dukeResponse.addTask(currDeadline, taskList.size());"},{"lineNumber":77,"author":{"gitId":"yungweezy"},"content":"                break;"},{"lineNumber":78,"author":{"gitId":"yungweezy"},"content":"            }"},{"lineNumber":79,"author":{"gitId":"yungweezy"},"content":"            case (\"delete\"):"},{"lineNumber":80,"author":{"gitId":"yungweezy"},"content":"                if (parsedInput.length \u003c 2) {"},{"lineNumber":81,"author":{"gitId":"yungweezy"},"content":"                    throw new DukeMissingArgumentsException();"},{"lineNumber":82,"author":{"gitId":"yungweezy"},"content":"                }"},{"lineNumber":83,"author":{"gitId":"yungweezy"},"content":"                int deleteIndex \u003d Integer.parseInt(parsedInput[1]) - 1;"},{"lineNumber":84,"author":{"gitId":"yungweezy"},"content":"                if (deleteIndex \u003e taskList.size()) {"},{"lineNumber":85,"author":{"gitId":"yungweezy"},"content":"                    throw new DukeMissingTaskException();"},{"lineNumber":86,"author":{"gitId":"yungweezy"},"content":"                }"},{"lineNumber":87,"author":{"gitId":"yungweezy"},"content":"                Task deletedTask \u003d taskList.get(deleteIndex);"},{"lineNumber":88,"author":{"gitId":"yungweezy"},"content":"                taskList.remove(deleteIndex);"},{"lineNumber":89,"author":{"gitId":"yungweezy"},"content":"                dukeResponse.deleteTask(deletedTask, taskList.size());"},{"lineNumber":90,"author":{"gitId":"yungweezy"},"content":"                break;"},{"lineNumber":91,"author":{"gitId":"yungweezy"},"content":"            case (\"list\"):"},{"lineNumber":92,"author":{"gitId":"yungweezy"},"content":"                dukeResponse.listTasks(taskList);"},{"lineNumber":93,"author":{"gitId":"yungweezy"},"content":"                break;"},{"lineNumber":94,"author":{"gitId":"yungweezy"},"content":"            case (\"done\"): {"},{"lineNumber":95,"author":{"gitId":"yungweezy"},"content":"                if (parsedInput.length \u003c 2) {"},{"lineNumber":96,"author":{"gitId":"yungweezy"},"content":"                    throw new DukeMissingArgumentsException();"},{"lineNumber":97,"author":{"gitId":"yungweezy"},"content":"                }"},{"lineNumber":98,"author":{"gitId":"yungweezy"},"content":"                int index \u003d Integer.parseInt(parsedInput[1])-1;"},{"lineNumber":99,"author":{"gitId":"yungweezy"},"content":"                if (index \u003e\u003d taskList.size()) {"},{"lineNumber":100,"author":{"gitId":"yungweezy"},"content":"                    throw new DukeMissingTaskException();"},{"lineNumber":101,"author":{"gitId":"yungweezy"},"content":"                }"},{"lineNumber":102,"author":{"gitId":"yungweezy"},"content":"                Task currTask \u003d taskList.get(index);"},{"lineNumber":103,"author":{"gitId":"yungweezy"},"content":"                currTask.markAsDone();"},{"lineNumber":104,"author":{"gitId":"yungweezy"},"content":"                dukeResponse.markAsDone(currTask);"},{"lineNumber":105,"author":{"gitId":"yungweezy"},"content":"                break;"},{"lineNumber":106,"author":{"gitId":"yungweezy"},"content":"            }"},{"lineNumber":107,"author":{"gitId":"yungweezy"},"content":"            case (\"bye\"):"},{"lineNumber":108,"author":{"gitId":"yungweezy"},"content":"                dukeResponse.farewell();"},{"lineNumber":109,"author":{"gitId":"yungweezy"},"content":"                return 0;"},{"lineNumber":110,"author":{"gitId":"yungweezy"},"content":"            default:"},{"lineNumber":111,"author":{"gitId":"yungweezy"},"content":"                throw new DukeUnknownInputException();"},{"lineNumber":112,"author":{"gitId":"yungweezy"},"content":"        }"},{"lineNumber":113,"author":{"gitId":"yungweezy"},"content":"        return 1;"},{"lineNumber":114,"author":{"gitId":"yungweezy"},"content":"    }"},{"lineNumber":115,"author":{"gitId":"yungweezy"},"content":"}"}],"authorContributionMap":{"yungweezy":115}},{"path":"src/main/java/duke/DukeResponse.java","fileType":"java","lines":[{"lineNumber":1,"author":{"gitId":"yungweezy"},"content":"package duke;"},{"lineNumber":2,"author":{"gitId":"yungweezy"},"content":""},{"lineNumber":3,"author":{"gitId":"yungweezy"},"content":"import exception.DukeEmptyTaskListException;"},{"lineNumber":4,"author":{"gitId":"yungweezy"},"content":"import misc.Color;"},{"lineNumber":5,"author":{"gitId":"yungweezy"},"content":"import misc.Emoji;"},{"lineNumber":6,"author":{"gitId":"yungweezy"},"content":"import task.Task;"},{"lineNumber":7,"author":{"gitId":"yungweezy"},"content":""},{"lineNumber":8,"author":{"gitId":"yungweezy"},"content":"import java.util.ArrayList;"},{"lineNumber":9,"author":{"gitId":"yungweezy"},"content":""},{"lineNumber":10,"author":{"gitId":"yungweezy"},"content":"/**"},{"lineNumber":11,"author":{"gitId":"yungweezy"},"content":" * Duke response object."},{"lineNumber":12,"author":{"gitId":"yungweezy"},"content":" */"},{"lineNumber":13,"author":{"gitId":"yungweezy"},"content":"public class DukeResponse {"},{"lineNumber":14,"author":{"gitId":"yungweezy"},"content":"    /**"},{"lineNumber":15,"author":{"gitId":"yungweezy"},"content":"     * Last output message."},{"lineNumber":16,"author":{"gitId":"yungweezy"},"content":"     */"},{"lineNumber":17,"author":{"gitId":"yungweezy"},"content":"    protected String currentMessage;"},{"lineNumber":18,"author":{"gitId":"yungweezy"},"content":""},{"lineNumber":19,"author":{"gitId":"yungweezy"},"content":"    /**"},{"lineNumber":20,"author":{"gitId":"yungweezy"},"content":"     * Duke message dividers."},{"lineNumber":21,"author":{"gitId":"yungweezy"},"content":"     */"},{"lineNumber":22,"author":{"gitId":"yungweezy"},"content":"    public final static String  DIVIDER1 \u003d \"\\n═══════════════════════════╣\""},{"lineNumber":23,"author":{"gitId":"yungweezy"},"content":"            + \"DUKE╠═══════════════════════════\\n\";"},{"lineNumber":24,"author":{"gitId":"yungweezy"},"content":"    /**"},{"lineNumber":25,"author":{"gitId":"yungweezy"},"content":"     * Duke message dividers."},{"lineNumber":26,"author":{"gitId":"yungweezy"},"content":"     */"},{"lineNumber":27,"author":{"gitId":"yungweezy"},"content":"    public final static String  DIVIDER2 \u003d \"\\n════════════════════════════\""},{"lineNumber":28,"author":{"gitId":"yungweezy"},"content":"            + \"════════════════════════════════\\n\";"},{"lineNumber":29,"author":{"gitId":"yungweezy"},"content":"    /**"},{"lineNumber":30,"author":{"gitId":"yungweezy"},"content":"     * Duke task add headers."},{"lineNumber":31,"author":{"gitId":"yungweezy"},"content":"     */"},{"lineNumber":32,"author":{"gitId":"yungweezy"},"content":"    public final static String TASK_ADD_HEADER \u003d \"Alrighty! I\u0027ve added this task:\\n\";"},{"lineNumber":33,"author":{"gitId":"yungweezy"},"content":"    /**"},{"lineNumber":34,"author":{"gitId":"yungweezy"},"content":"     * Duke task delete headers."},{"lineNumber":35,"author":{"gitId":"yungweezy"},"content":"     */"},{"lineNumber":36,"author":{"gitId":"yungweezy"},"content":"    public final static String TASK_DELETE_HEADER \u003d \"Gotcha! I\u0027ve removed this task:\\n\";"},{"lineNumber":37,"author":{"gitId":"yungweezy"},"content":"    /**"},{"lineNumber":38,"author":{"gitId":"yungweezy"},"content":"     * Duke task footer1."},{"lineNumber":39,"author":{"gitId":"yungweezy"},"content":"     */"},{"lineNumber":40,"author":{"gitId":"yungweezy"},"content":"    public final static String TASK_FOOTER1 \u003d \"\\nNow you have \";"},{"lineNumber":41,"author":{"gitId":"yungweezy"},"content":"    /**"},{"lineNumber":42,"author":{"gitId":"yungweezy"},"content":"     * Duke task footer2."},{"lineNumber":43,"author":{"gitId":"yungweezy"},"content":"     */"},{"lineNumber":44,"author":{"gitId":"yungweezy"},"content":"    public final static String TASK_FOOTER2 \u003d \" tasks in the list.\";"},{"lineNumber":45,"author":{"gitId":"yungweezy"},"content":""},{"lineNumber":46,"author":{"gitId":"yungweezy"},"content":"    /**"},{"lineNumber":47,"author":{"gitId":"yungweezy"},"content":"     * Instantiates a new Duke response."},{"lineNumber":48,"author":{"gitId":"yungweezy"},"content":"     */"},{"lineNumber":49,"author":{"gitId":"yungweezy"},"content":"    public DukeResponse() {"},{"lineNumber":50,"author":{"gitId":"yungweezy"},"content":"        welcome();"},{"lineNumber":51,"author":{"gitId":"yungweezy"},"content":"    }"},{"lineNumber":52,"author":{"gitId":"yungweezy"},"content":""},{"lineNumber":53,"author":{"gitId":"yungweezy"},"content":"    /**"},{"lineNumber":54,"author":{"gitId":"yungweezy"},"content":"     * Respond a welcome message to the user."},{"lineNumber":55,"author":{"gitId":"yungweezy"},"content":"     */"},{"lineNumber":56,"author":{"gitId":"yungweezy"},"content":"    public void welcome() {"},{"lineNumber":57,"author":{"gitId":"yungweezy"},"content":"        this.currentMessage \u003d \"Hey there! I\u0027m Duke\\n\""},{"lineNumber":58,"author":{"gitId":"yungweezy"},"content":"                + \"What can I do for you today?\";"},{"lineNumber":59,"author":{"gitId":"yungweezy"},"content":"        printMessage();"},{"lineNumber":60,"author":{"gitId":"yungweezy"},"content":"    }"},{"lineNumber":61,"author":{"gitId":"yungweezy"},"content":""},{"lineNumber":62,"author":{"gitId":"yungweezy"},"content":"    /**"},{"lineNumber":63,"author":{"gitId":"yungweezy"},"content":"     * Respond a farewell message to the user."},{"lineNumber":64,"author":{"gitId":"yungweezy"},"content":"     */"},{"lineNumber":65,"author":{"gitId":"yungweezy"},"content":"    public void farewell() {"},{"lineNumber":66,"author":{"gitId":"yungweezy"},"content":"        this.currentMessage \u003d \"Good bye. Hope to see you again soon!\";"},{"lineNumber":67,"author":{"gitId":"yungweezy"},"content":"        printMessage();"},{"lineNumber":68,"author":{"gitId":"yungweezy"},"content":"    }"},{"lineNumber":69,"author":{"gitId":"yungweezy"},"content":""},{"lineNumber":70,"author":{"gitId":"yungweezy"},"content":"    /**"},{"lineNumber":71,"author":{"gitId":"yungweezy"},"content":"     * Acknowledges user with added task message."},{"lineNumber":72,"author":{"gitId":"yungweezy"},"content":"     *"},{"lineNumber":73,"author":{"gitId":"yungweezy"},"content":"     * @param task  the task"},{"lineNumber":74,"author":{"gitId":"yungweezy"},"content":"     * @param count the count"},{"lineNumber":75,"author":{"gitId":"yungweezy"},"content":"     */"},{"lineNumber":76,"author":{"gitId":"yungweezy"},"content":"    public void addTask(Task task, int count) {"},{"lineNumber":77,"author":{"gitId":"yungweezy"},"content":"        this.currentMessage \u003d TASK_ADD_HEADER + Emoji.TASK + \" \""},{"lineNumber":78,"author":{"gitId":"yungweezy"},"content":"                + task + TASK_FOOTER1 + count + TASK_FOOTER2;"},{"lineNumber":79,"author":{"gitId":"yungweezy"},"content":"        printMessage();"},{"lineNumber":80,"author":{"gitId":"yungweezy"},"content":"    }"},{"lineNumber":81,"author":{"gitId":"yungweezy"},"content":""},{"lineNumber":82,"author":{"gitId":"yungweezy"},"content":"    /**"},{"lineNumber":83,"author":{"gitId":"yungweezy"},"content":"     * Acknowledges user with deleted task message."},{"lineNumber":84,"author":{"gitId":"yungweezy"},"content":"     *"},{"lineNumber":85,"author":{"gitId":"yungweezy"},"content":"     * @param task  the task"},{"lineNumber":86,"author":{"gitId":"yungweezy"},"content":"     * @param count the count"},{"lineNumber":87,"author":{"gitId":"yungweezy"},"content":"     */"},{"lineNumber":88,"author":{"gitId":"yungweezy"},"content":"    public void deleteTask(Task task, int count) {"},{"lineNumber":89,"author":{"gitId":"yungweezy"},"content":"        this.currentMessage \u003d TASK_DELETE_HEADER + Color.BLUE_BOLD"},{"lineNumber":90,"author":{"gitId":"yungweezy"},"content":"                + Emoji.TRASH +  Color.RESET + \" \" + task"},{"lineNumber":91,"author":{"gitId":"yungweezy"},"content":"                + TASK_FOOTER1 + count + TASK_FOOTER2;"},{"lineNumber":92,"author":{"gitId":"yungweezy"},"content":"        printMessage();"},{"lineNumber":93,"author":{"gitId":"yungweezy"},"content":"    }"},{"lineNumber":94,"author":{"gitId":"yungweezy"},"content":""},{"lineNumber":95,"author":{"gitId":"yungweezy"},"content":"    /**"},{"lineNumber":96,"author":{"gitId":"yungweezy"},"content":"     * Respond with a task marked done message."},{"lineNumber":97,"author":{"gitId":"yungweezy"},"content":"     *"},{"lineNumber":98,"author":{"gitId":"yungweezy"},"content":"     * @param task the task"},{"lineNumber":99,"author":{"gitId":"yungweezy"},"content":"     */"},{"lineNumber":100,"author":{"gitId":"yungweezy"},"content":"    public void markAsDone(Task task) {"},{"lineNumber":101,"author":{"gitId":"yungweezy"},"content":"        this.currentMessage \u003d \"Sweet! I\u0027ve marked this task as done:\\n\""},{"lineNumber":102,"author":{"gitId":"yungweezy"},"content":"                + task.toString();"},{"lineNumber":103,"author":{"gitId":"yungweezy"},"content":"        printMessage();"},{"lineNumber":104,"author":{"gitId":"yungweezy"},"content":"    }"},{"lineNumber":105,"author":{"gitId":"yungweezy"},"content":""},{"lineNumber":106,"author":{"gitId":"yungweezy"},"content":"    /**"},{"lineNumber":107,"author":{"gitId":"yungweezy"},"content":"     * Output the current task list."},{"lineNumber":108,"author":{"gitId":"yungweezy"},"content":"     *"},{"lineNumber":109,"author":{"gitId":"yungweezy"},"content":"     * @param list the list"},{"lineNumber":110,"author":{"gitId":"yungweezy"},"content":"     */"},{"lineNumber":111,"author":{"gitId":"yungweezy"},"content":"    public void listTasks(ArrayList\u003cTask\u003e list) throws DukeEmptyTaskListException {"},{"lineNumber":112,"author":{"gitId":"yungweezy"},"content":"        if (list.size() \u003d\u003d 0) {"},{"lineNumber":113,"author":{"gitId":"yungweezy"},"content":"            throw new DukeEmptyTaskListException();"},{"lineNumber":114,"author":{"gitId":"yungweezy"},"content":"        }"},{"lineNumber":115,"author":{"gitId":"yungweezy"},"content":"        StringBuilder strList \u003d new StringBuilder();"},{"lineNumber":116,"author":{"gitId":"yungweezy"},"content":"        for (int i \u003d 0; i \u003c list.size(); i++) {"},{"lineNumber":117,"author":{"gitId":"yungweezy"},"content":"            Task task \u003d list.get(i);"},{"lineNumber":118,"author":{"gitId":"yungweezy"},"content":"            String currStr \u003d (i+1) + \" \\u00BB \" + task.toString() + \"\\n\";"},{"lineNumber":119,"author":{"gitId":"yungweezy"},"content":"            strList.append(currStr);"},{"lineNumber":120,"author":{"gitId":"yungweezy"},"content":"        }"},{"lineNumber":121,"author":{"gitId":"yungweezy"},"content":"        this.currentMessage \u003d strList.substring(0,"},{"lineNumber":122,"author":{"gitId":"yungweezy"},"content":"                strList.toString().length() - 1);"},{"lineNumber":123,"author":{"gitId":"yungweezy"},"content":"        printMessage();"},{"lineNumber":124,"author":{"gitId":"yungweezy"},"content":"    }"},{"lineNumber":125,"author":{"gitId":"yungweezy"},"content":""},{"lineNumber":126,"author":{"gitId":"yungweezy"},"content":""},{"lineNumber":127,"author":{"gitId":"yungweezy"},"content":"    /**"},{"lineNumber":128,"author":{"gitId":"yungweezy"},"content":"     * Print message."},{"lineNumber":129,"author":{"gitId":"yungweezy"},"content":"     */"},{"lineNumber":130,"author":{"gitId":"yungweezy"},"content":"    public void printMessage() {"},{"lineNumber":131,"author":{"gitId":"yungweezy"},"content":"        System.out.println(DIVIDER1 + this.currentMessage + DIVIDER2);"},{"lineNumber":132,"author":{"gitId":"yungweezy"},"content":"    }"},{"lineNumber":133,"author":{"gitId":"yungweezy"},"content":""},{"lineNumber":134,"author":{"gitId":"yungweezy"},"content":"}"}],"authorContributionMap":{"yungweezy":134}},{"path":"src/main/java/exception/DukeEmptyTaskListException.java","fileType":"java","lines":[{"lineNumber":1,"author":{"gitId":"yungweezy"},"content":"package exception;"},{"lineNumber":2,"author":{"gitId":"yungweezy"},"content":""},{"lineNumber":3,"author":{"gitId":"yungweezy"},"content":"/**"},{"lineNumber":4,"author":{"gitId":"yungweezy"},"content":" * Duke empty task list exception."},{"lineNumber":5,"author":{"gitId":"yungweezy"},"content":" */"},{"lineNumber":6,"author":{"gitId":"yungweezy"},"content":"public class DukeEmptyTaskListException extends DukeException {"},{"lineNumber":7,"author":{"gitId":"yungweezy"},"content":"    /**"},{"lineNumber":8,"author":{"gitId":"yungweezy"},"content":"     * Instantiates a new Duke empty task list exception."},{"lineNumber":9,"author":{"gitId":"yungweezy"},"content":"     */"},{"lineNumber":10,"author":{"gitId":"yungweezy"},"content":"    public DukeEmptyTaskListException() {"},{"lineNumber":11,"author":{"gitId":"yungweezy"},"content":"        super(\" You have no tasks scheduled at the moment \");"},{"lineNumber":12,"author":{"gitId":"yungweezy"},"content":"    }"},{"lineNumber":13,"author":{"gitId":"yungweezy"},"content":"}"}],"authorContributionMap":{"yungweezy":13}},{"path":"src/main/java/exception/DukeException.java","fileType":"java","lines":[{"lineNumber":1,"author":{"gitId":"yungweezy"},"content":"package exception;"},{"lineNumber":2,"author":{"gitId":"yungweezy"},"content":""},{"lineNumber":3,"author":{"gitId":"yungweezy"},"content":"import misc.Color;"},{"lineNumber":4,"author":{"gitId":"yungweezy"},"content":"import misc.Emoji;"},{"lineNumber":5,"author":{"gitId":"yungweezy"},"content":""},{"lineNumber":6,"author":{"gitId":"yungweezy"},"content":"/**"},{"lineNumber":7,"author":{"gitId":"yungweezy"},"content":" * duke.Duke exceptions handler."},{"lineNumber":8,"author":{"gitId":"yungweezy"},"content":" */"},{"lineNumber":9,"author":{"gitId":"yungweezy"},"content":"public class DukeException extends Exception {"},{"lineNumber":10,"author":{"gitId":"yungweezy"},"content":""},{"lineNumber":11,"author":{"gitId":"yungweezy"},"content":"    /**"},{"lineNumber":12,"author":{"gitId":"yungweezy"},"content":"     * duke.Duke message dividers."},{"lineNumber":13,"author":{"gitId":"yungweezy"},"content":"     */"},{"lineNumber":14,"author":{"gitId":"yungweezy"},"content":"    public final static String  DIVIDER1 \u003d \"\\n═══════════════════════════╣\""},{"lineNumber":15,"author":{"gitId":"yungweezy"},"content":"            + \"DUKE╠═══════════════════════════\\n\";"},{"lineNumber":16,"author":{"gitId":"yungweezy"},"content":"    /**"},{"lineNumber":17,"author":{"gitId":"yungweezy"},"content":"     * duke.Duke message dividers."},{"lineNumber":18,"author":{"gitId":"yungweezy"},"content":"     */"},{"lineNumber":19,"author":{"gitId":"yungweezy"},"content":"    public final static String  DIVIDER2 \u003d \"\\n════════════════════════════\""},{"lineNumber":20,"author":{"gitId":"yungweezy"},"content":"            + \"════════════════════════════════\\n\";"},{"lineNumber":21,"author":{"gitId":"yungweezy"},"content":"    /**"},{"lineNumber":22,"author":{"gitId":"yungweezy"},"content":"     * Instantiates a new duke.Duke exception."},{"lineNumber":23,"author":{"gitId":"yungweezy"},"content":"     *"},{"lineNumber":24,"author":{"gitId":"yungweezy"},"content":"     * @param message the message"},{"lineNumber":25,"author":{"gitId":"yungweezy"},"content":"     */"},{"lineNumber":26,"author":{"gitId":"yungweezy"},"content":"    public DukeException(String message) {"},{"lineNumber":27,"author":{"gitId":"yungweezy"},"content":"        super(message);"},{"lineNumber":28,"author":{"gitId":"yungweezy"},"content":"    }"},{"lineNumber":29,"author":{"gitId":"yungweezy"},"content":""},{"lineNumber":30,"author":{"gitId":"yungweezy"},"content":"    @Override"},{"lineNumber":31,"author":{"gitId":"yungweezy"},"content":"    public String toString() {"},{"lineNumber":32,"author":{"gitId":"yungweezy"},"content":"        return DIVIDER1 + Color.YELLOW_BOLD + Emoji.ERROR + Color.RESET + \" \""},{"lineNumber":33,"author":{"gitId":"yungweezy"},"content":"                + this.getMessage() + \" \" + Color.YELLOW_BOLD"},{"lineNumber":34,"author":{"gitId":"yungweezy"},"content":"                + Emoji.ERROR + Color.RESET + DIVIDER2;"},{"lineNumber":35,"author":{"gitId":"yungweezy"},"content":"    }"},{"lineNumber":36,"author":{"gitId":"yungweezy"},"content":"}"}],"authorContributionMap":{"yungweezy":36}},{"path":"src/main/java/exception/DukeMissingArgumentsException.java","fileType":"java","lines":[{"lineNumber":1,"author":{"gitId":"yungweezy"},"content":"package exception;"},{"lineNumber":2,"author":{"gitId":"yungweezy"},"content":""},{"lineNumber":3,"author":{"gitId":"yungweezy"},"content":"/**"},{"lineNumber":4,"author":{"gitId":"yungweezy"},"content":" * duke.Duke missing arguments exception."},{"lineNumber":5,"author":{"gitId":"yungweezy"},"content":" */"},{"lineNumber":6,"author":{"gitId":"yungweezy"},"content":"public class DukeMissingArgumentsException extends DukeException {"},{"lineNumber":7,"author":{"gitId":"yungweezy"},"content":"    /**"},{"lineNumber":8,"author":{"gitId":"yungweezy"},"content":"     * Instantiates a missing arguments exception."},{"lineNumber":9,"author":{"gitId":"yungweezy"},"content":"     */"},{"lineNumber":10,"author":{"gitId":"yungweezy"},"content":"    public DukeMissingArgumentsException() {"},{"lineNumber":11,"author":{"gitId":"yungweezy"},"content":"        super(\"Oops! One or more arguments are not valid, please try again\");"},{"lineNumber":12,"author":{"gitId":"yungweezy"},"content":"    }"},{"lineNumber":13,"author":{"gitId":"yungweezy"},"content":"}"}],"authorContributionMap":{"yungweezy":13}},{"path":"src/main/java/exception/DukeMissingTaskException.java","fileType":"java","lines":[{"lineNumber":1,"author":{"gitId":"yungweezy"},"content":"package exception;"},{"lineNumber":2,"author":{"gitId":"yungweezy"},"content":""},{"lineNumber":3,"author":{"gitId":"yungweezy"},"content":"/**"},{"lineNumber":4,"author":{"gitId":"yungweezy"},"content":" * duke.Duke missing task exception."},{"lineNumber":5,"author":{"gitId":"yungweezy"},"content":" */"},{"lineNumber":6,"author":{"gitId":"yungweezy"},"content":"public class DukeMissingTaskException extends DukeException {"},{"lineNumber":7,"author":{"gitId":"yungweezy"},"content":"    /**"},{"lineNumber":8,"author":{"gitId":"yungweezy"},"content":"     * Instantiates a new duke.Duke missing task exception."},{"lineNumber":9,"author":{"gitId":"yungweezy"},"content":"     */"},{"lineNumber":10,"author":{"gitId":"yungweezy"},"content":"    public DukeMissingTaskException() {"},{"lineNumber":11,"author":{"gitId":"yungweezy"},"content":"        super(\"Oops! task.Task not found, please try again.\");"},{"lineNumber":12,"author":{"gitId":"yungweezy"},"content":"    }"},{"lineNumber":13,"author":{"gitId":"yungweezy"},"content":"}"}],"authorContributionMap":{"yungweezy":13}},{"path":"src/main/java/exception/DukeNoInputException.java","fileType":"java","lines":[{"lineNumber":1,"author":{"gitId":"yungweezy"},"content":"package exception;"},{"lineNumber":2,"author":{"gitId":"yungweezy"},"content":""},{"lineNumber":3,"author":{"gitId":"yungweezy"},"content":"/**"},{"lineNumber":4,"author":{"gitId":"yungweezy"},"content":" * duke.Duke no input exception."},{"lineNumber":5,"author":{"gitId":"yungweezy"},"content":" */"},{"lineNumber":6,"author":{"gitId":"yungweezy"},"content":"public class DukeNoInputException extends DukeException {"},{"lineNumber":7,"author":{"gitId":"yungweezy"},"content":"    /**"},{"lineNumber":8,"author":{"gitId":"yungweezy"},"content":"     * Instantiates a new duke.Duke exception."},{"lineNumber":9,"author":{"gitId":"yungweezy"},"content":"     */"},{"lineNumber":10,"author":{"gitId":"yungweezy"},"content":"    public DukeNoInputException() {"},{"lineNumber":11,"author":{"gitId":"yungweezy"},"content":"        super(\"Oops, I cannot process nothing as input!\");"},{"lineNumber":12,"author":{"gitId":"yungweezy"},"content":"    }"},{"lineNumber":13,"author":{"gitId":"yungweezy"},"content":"}"}],"authorContributionMap":{"yungweezy":13}},{"path":"src/main/java/exception/DukeUnknownInputException.java","fileType":"java","lines":[{"lineNumber":1,"author":{"gitId":"yungweezy"},"content":"package exception;"},{"lineNumber":2,"author":{"gitId":"yungweezy"},"content":""},{"lineNumber":3,"author":{"gitId":"yungweezy"},"content":"/**"},{"lineNumber":4,"author":{"gitId":"yungweezy"},"content":" * duke.Duke unknown input exception."},{"lineNumber":5,"author":{"gitId":"yungweezy"},"content":" */"},{"lineNumber":6,"author":{"gitId":"yungweezy"},"content":"public class DukeUnknownInputException extends DukeException {"},{"lineNumber":7,"author":{"gitId":"yungweezy"},"content":"    /**"},{"lineNumber":8,"author":{"gitId":"yungweezy"},"content":"     * Instantiates a duke.Duke unknown input exception."},{"lineNumber":9,"author":{"gitId":"yungweezy"},"content":"     */"},{"lineNumber":10,"author":{"gitId":"yungweezy"},"content":"    public DukeUnknownInputException() {"},{"lineNumber":11,"author":{"gitId":"yungweezy"},"content":"        super(\"Oops! I\u0027m not quite sure what you meant there.\");"},{"lineNumber":12,"author":{"gitId":"yungweezy"},"content":"    }"},{"lineNumber":13,"author":{"gitId":"yungweezy"},"content":"}"}],"authorContributionMap":{"yungweezy":13}},{"path":"src/main/java/misc/Color.java","fileType":"java","lines":[{"lineNumber":1,"author":{"gitId":"yungweezy"},"content":"package misc;"},{"lineNumber":2,"author":{"gitId":"yungweezy"},"content":""},{"lineNumber":3,"author":{"gitId":"yungweezy"},"content":"/**"},{"lineNumber":4,"author":{"gitId":"yungweezy"},"content":" * The enum Color."},{"lineNumber":5,"author":{"gitId":"yungweezy"},"content":" */"},{"lineNumber":6,"author":{"gitId":"yungweezy"},"content":"public enum Color {"},{"lineNumber":7,"author":{"gitId":"yungweezy"},"content":"    RESET(\"\\033[0m\"),"},{"lineNumber":8,"author":{"gitId":"yungweezy"},"content":"    BLACK(\"\\033[0;30m\"),"},{"lineNumber":9,"author":{"gitId":"yungweezy"},"content":"    RED(\"\\033[0;31m\"),"},{"lineNumber":10,"author":{"gitId":"yungweezy"},"content":"    GREEN(\"\\033[0;32m\"),"},{"lineNumber":11,"author":{"gitId":"yungweezy"},"content":"    YELLOW(\"\\033[0;33m\"),"},{"lineNumber":12,"author":{"gitId":"yungweezy"},"content":"    BLUE(\"\\033[0;34m\"),"},{"lineNumber":13,"author":{"gitId":"yungweezy"},"content":"    MAGENTA(\"\\033[0;35m\"),"},{"lineNumber":14,"author":{"gitId":"yungweezy"},"content":"    CYAN(\"\\033[0;36m\"),"},{"lineNumber":15,"author":{"gitId":"yungweezy"},"content":"    WHITE(\"\\033[0;37m\"),"},{"lineNumber":16,"author":{"gitId":"yungweezy"},"content":"    BLACK_BOLD(\"\\033[1;30m\"),"},{"lineNumber":17,"author":{"gitId":"yungweezy"},"content":"    RED_BOLD(\"\\033[1;31m\"),"},{"lineNumber":18,"author":{"gitId":"yungweezy"},"content":"    GREEN_BOLD(\"\\033[1;32m\"),"},{"lineNumber":19,"author":{"gitId":"yungweezy"},"content":"    YELLOW_BOLD(\"\\033[1;33m\"),"},{"lineNumber":20,"author":{"gitId":"yungweezy"},"content":"    BLUE_BOLD(\"\\033[1;34m\"),"},{"lineNumber":21,"author":{"gitId":"yungweezy"},"content":"    MAGENTA_BOLD(\"\\033[1;35m\"),"},{"lineNumber":22,"author":{"gitId":"yungweezy"},"content":"    CYAN_BOLD(\"\\033[1;36m\"),"},{"lineNumber":23,"author":{"gitId":"yungweezy"},"content":"    WHITE_BOLD(\"\\033[1;37m\");"},{"lineNumber":24,"author":{"gitId":"yungweezy"},"content":""},{"lineNumber":25,"author":{"gitId":"yungweezy"},"content":"    /**"},{"lineNumber":26,"author":{"gitId":"yungweezy"},"content":"     * Unicode for colors."},{"lineNumber":27,"author":{"gitId":"yungweezy"},"content":"     */"},{"lineNumber":28,"author":{"gitId":"yungweezy"},"content":"    public final String code;"},{"lineNumber":29,"author":{"gitId":"yungweezy"},"content":""},{"lineNumber":30,"author":{"gitId":"yungweezy"},"content":"    Color(String code) {"},{"lineNumber":31,"author":{"gitId":"yungweezy"},"content":"        this.code \u003d code;"},{"lineNumber":32,"author":{"gitId":"yungweezy"},"content":"    }"},{"lineNumber":33,"author":{"gitId":"yungweezy"},"content":""},{"lineNumber":34,"author":{"gitId":"yungweezy"},"content":"    @Override"},{"lineNumber":35,"author":{"gitId":"yungweezy"},"content":"    public String toString() {"},{"lineNumber":36,"author":{"gitId":"yungweezy"},"content":"        return code;"},{"lineNumber":37,"author":{"gitId":"yungweezy"},"content":"    }"},{"lineNumber":38,"author":{"gitId":"yungweezy"},"content":"}"}],"authorContributionMap":{"yungweezy":38}},{"path":"src/main/java/misc/Emoji.java","fileType":"java","lines":[{"lineNumber":1,"author":{"gitId":"yungweezy"},"content":"package misc;"},{"lineNumber":2,"author":{"gitId":"yungweezy"},"content":""},{"lineNumber":3,"author":{"gitId":"yungweezy"},"content":"/**"},{"lineNumber":4,"author":{"gitId":"yungweezy"},"content":" * The enum Emoji."},{"lineNumber":5,"author":{"gitId":"yungweezy"},"content":" */"},{"lineNumber":6,"author":{"gitId":"yungweezy"},"content":"public enum Emoji {"},{"lineNumber":7,"author":{"gitId":"yungweezy"},"content":"    TASK(\"\\uD83D\\uDCC5\"),"},{"lineNumber":8,"author":{"gitId":"yungweezy"},"content":"    TRASH(\"\\uD83D\\uDEAE\"),"},{"lineNumber":9,"author":{"gitId":"yungweezy"},"content":"    ERROR(\"\\u26A0\");"},{"lineNumber":10,"author":{"gitId":"yungweezy"},"content":""},{"lineNumber":11,"author":{"gitId":"yungweezy"},"content":"    /**"},{"lineNumber":12,"author":{"gitId":"yungweezy"},"content":"     * Unicode for emoji."},{"lineNumber":13,"author":{"gitId":"yungweezy"},"content":"     */"},{"lineNumber":14,"author":{"gitId":"yungweezy"},"content":"    public final String code;"},{"lineNumber":15,"author":{"gitId":"yungweezy"},"content":""},{"lineNumber":16,"author":{"gitId":"yungweezy"},"content":"    Emoji(String code) {"},{"lineNumber":17,"author":{"gitId":"yungweezy"},"content":"        this.code \u003d code;"},{"lineNumber":18,"author":{"gitId":"yungweezy"},"content":"    }"},{"lineNumber":19,"author":{"gitId":"yungweezy"},"content":""},{"lineNumber":20,"author":{"gitId":"yungweezy"},"content":"    @Override"},{"lineNumber":21,"author":{"gitId":"yungweezy"},"content":"    public String toString() {"},{"lineNumber":22,"author":{"gitId":"yungweezy"},"content":"        return code;"},{"lineNumber":23,"author":{"gitId":"yungweezy"},"content":"    }"},{"lineNumber":24,"author":{"gitId":"yungweezy"},"content":"}"}],"authorContributionMap":{"yungweezy":24}},{"path":"src/main/java/task/Deadline.java","fileType":"java","lines":[{"lineNumber":1,"author":{"gitId":"yungweezy"},"content":"package task;"},{"lineNumber":2,"author":{"gitId":"yungweezy"},"content":""},{"lineNumber":3,"author":{"gitId":"yungweezy"},"content":"public class Deadline extends Task{"},{"lineNumber":4,"author":{"gitId":"yungweezy"},"content":"    protected String by;"},{"lineNumber":5,"author":{"gitId":"yungweezy"},"content":"    /**"},{"lineNumber":6,"author":{"gitId":"yungweezy"},"content":"     * Instantiates a new deadline task."},{"lineNumber":7,"author":{"gitId":"yungweezy"},"content":"     *"},{"lineNumber":8,"author":{"gitId":"yungweezy"},"content":"     * @param description the deadline description"},{"lineNumber":9,"author":{"gitId":"yungweezy"},"content":"     */"},{"lineNumber":10,"author":{"gitId":"yungweezy"},"content":"    public Deadline(String description, String by) {"},{"lineNumber":11,"author":{"gitId":"yungweezy"},"content":"        super(description);"},{"lineNumber":12,"author":{"gitId":"yungweezy"},"content":"        this.by \u003d by;"},{"lineNumber":13,"author":{"gitId":"yungweezy"},"content":"    }"},{"lineNumber":14,"author":{"gitId":"yungweezy"},"content":""},{"lineNumber":15,"author":{"gitId":"yungweezy"},"content":"    @Override"},{"lineNumber":16,"author":{"gitId":"yungweezy"},"content":"    public String toString() {"},{"lineNumber":17,"author":{"gitId":"yungweezy"},"content":"        return \"DEADLINE \\u00BB \" + super.description + \" (by: \" + by + \") \" + super.getStatusIcon();"},{"lineNumber":18,"author":{"gitId":"yungweezy"},"content":"    }"},{"lineNumber":19,"author":{"gitId":"yungweezy"},"content":"}"}],"authorContributionMap":{"yungweezy":19}},{"path":"src/main/java/task/Event.java","fileType":"java","lines":[{"lineNumber":1,"author":{"gitId":"yungweezy"},"content":"package task;"},{"lineNumber":2,"author":{"gitId":"yungweezy"},"content":""},{"lineNumber":3,"author":{"gitId":"yungweezy"},"content":"public class Event extends Task{"},{"lineNumber":4,"author":{"gitId":"yungweezy"},"content":"    protected String at;"},{"lineNumber":5,"author":{"gitId":"yungweezy"},"content":"    /**"},{"lineNumber":6,"author":{"gitId":"yungweezy"},"content":"     * Instantiates a new event task."},{"lineNumber":7,"author":{"gitId":"yungweezy"},"content":"     *"},{"lineNumber":8,"author":{"gitId":"yungweezy"},"content":"     * @param description the event description"},{"lineNumber":9,"author":{"gitId":"yungweezy"},"content":"     */"},{"lineNumber":10,"author":{"gitId":"yungweezy"},"content":"    public Event(String description, String at) {"},{"lineNumber":11,"author":{"gitId":"yungweezy"},"content":"        super(description);"},{"lineNumber":12,"author":{"gitId":"yungweezy"},"content":"        this.at \u003d at;"},{"lineNumber":13,"author":{"gitId":"yungweezy"},"content":"    }"},{"lineNumber":14,"author":{"gitId":"yungweezy"},"content":""},{"lineNumber":15,"author":{"gitId":"yungweezy"},"content":"    @Override"},{"lineNumber":16,"author":{"gitId":"yungweezy"},"content":"    public String toString() {"},{"lineNumber":17,"author":{"gitId":"yungweezy"},"content":"        return \"EVENT \\u00BB \" + super.description + \" (at: \" + at + \") \" + super.getStatusIcon();"},{"lineNumber":18,"author":{"gitId":"yungweezy"},"content":"    }"},{"lineNumber":19,"author":{"gitId":"yungweezy"},"content":"}"}],"authorContributionMap":{"yungweezy":19}},{"path":"src/main/java/task/Task.java","fileType":"java","lines":[{"lineNumber":1,"author":{"gitId":"yungweezy"},"content":"package task;"},{"lineNumber":2,"author":{"gitId":"yungweezy"},"content":""},{"lineNumber":3,"author":{"gitId":"yungweezy"},"content":"import misc.Color;"},{"lineNumber":4,"author":{"gitId":"yungweezy"},"content":""},{"lineNumber":5,"author":{"gitId":"yungweezy"},"content":"/**"},{"lineNumber":6,"author":{"gitId":"yungweezy"},"content":" * task.Task object."},{"lineNumber":7,"author":{"gitId":"yungweezy"},"content":" */"},{"lineNumber":8,"author":{"gitId":"yungweezy"},"content":"public class Task {"},{"lineNumber":9,"author":{"gitId":"yungweezy"},"content":"    /**"},{"lineNumber":10,"author":{"gitId":"yungweezy"},"content":"     * task.Task description."},{"lineNumber":11,"author":{"gitId":"yungweezy"},"content":"     */"},{"lineNumber":12,"author":{"gitId":"yungweezy"},"content":"    public String description;"},{"lineNumber":13,"author":{"gitId":"yungweezy"},"content":"    /**"},{"lineNumber":14,"author":{"gitId":"yungweezy"},"content":"     * task.Task completion status."},{"lineNumber":15,"author":{"gitId":"yungweezy"},"content":"     */"},{"lineNumber":16,"author":{"gitId":"yungweezy"},"content":"    public boolean isDone;"},{"lineNumber":17,"author":{"gitId":"yungweezy"},"content":""},{"lineNumber":18,"author":{"gitId":"yungweezy"},"content":"    /**"},{"lineNumber":19,"author":{"gitId":"yungweezy"},"content":"     * Instantiates a new task.Task."},{"lineNumber":20,"author":{"gitId":"yungweezy"},"content":"     *"},{"lineNumber":21,"author":{"gitId":"yungweezy"},"content":"     * @param description the description"},{"lineNumber":22,"author":{"gitId":"yungweezy"},"content":"     */"},{"lineNumber":23,"author":{"gitId":"yungweezy"},"content":"    public Task(String description) {"},{"lineNumber":24,"author":{"gitId":"yungweezy"},"content":"        this.description \u003d description;"},{"lineNumber":25,"author":{"gitId":"yungweezy"},"content":"        this.isDone \u003d false;"},{"lineNumber":26,"author":{"gitId":"yungweezy"},"content":"    }"},{"lineNumber":27,"author":{"gitId":"yungweezy"},"content":""},{"lineNumber":28,"author":{"gitId":"yungweezy"},"content":"    /**"},{"lineNumber":29,"author":{"gitId":"yungweezy"},"content":"     * Marks a task as done."},{"lineNumber":30,"author":{"gitId":"yungweezy"},"content":"     */"},{"lineNumber":31,"author":{"gitId":"yungweezy"},"content":"    public void markAsDone() {"},{"lineNumber":32,"author":{"gitId":"yungweezy"},"content":"        this.isDone \u003d true;"},{"lineNumber":33,"author":{"gitId":"yungweezy"},"content":"    }"},{"lineNumber":34,"author":{"gitId":"yungweezy"},"content":""},{"lineNumber":35,"author":{"gitId":"yungweezy"},"content":"    /**"},{"lineNumber":36,"author":{"gitId":"yungweezy"},"content":"     * Retrieves status string."},{"lineNumber":37,"author":{"gitId":"yungweezy"},"content":"     *r"},{"lineNumber":38,"author":{"gitId":"yungweezy"},"content":"     * @return status icon. A check mark for complete tasks , an x mark otherwise."},{"lineNumber":39,"author":{"gitId":"yungweezy"},"content":"     */"},{"lineNumber":40,"author":{"gitId":"yungweezy"},"content":"    public String getStatusIcon() {"},{"lineNumber":41,"author":{"gitId":"yungweezy"},"content":"        return (isDone"},{"lineNumber":42,"author":{"gitId":"yungweezy"},"content":"                ? Color.GREEN_BOLD + \"\\u2713\" + Color.RESET"},{"lineNumber":43,"author":{"gitId":"yungweezy"},"content":"                : Color.RED_BOLD + \"\\u2718\" + Color.RESET);"},{"lineNumber":44,"author":{"gitId":"yungweezy"},"content":"    }"},{"lineNumber":45,"author":{"gitId":"yungweezy"},"content":""},{"lineNumber":46,"author":{"gitId":"yungweezy"},"content":"    @Override"},{"lineNumber":47,"author":{"gitId":"yungweezy"},"content":"    public String toString() {"},{"lineNumber":48,"author":{"gitId":"yungweezy"},"content":"        return this.description + \" \" + getStatusIcon();"},{"lineNumber":49,"author":{"gitId":"yungweezy"},"content":"    }"},{"lineNumber":50,"author":{"gitId":"yungweezy"},"content":"}"}],"authorContributionMap":{"yungweezy":50}},{"path":"src/main/java/task/Todo.java","fileType":"java","lines":[{"lineNumber":1,"author":{"gitId":"yungweezy"},"content":"package task;"},{"lineNumber":2,"author":{"gitId":"yungweezy"},"content":""},{"lineNumber":3,"author":{"gitId":"yungweezy"},"content":"public class Todo extends Task{"},{"lineNumber":4,"author":{"gitId":"yungweezy"},"content":"    /**"},{"lineNumber":5,"author":{"gitId":"yungweezy"},"content":"     * Instantiates a new todo task."},{"lineNumber":6,"author":{"gitId":"yungweezy"},"content":"     *"},{"lineNumber":7,"author":{"gitId":"yungweezy"},"content":"     * @param description the todo description"},{"lineNumber":8,"author":{"gitId":"yungweezy"},"content":"     */"},{"lineNumber":9,"author":{"gitId":"yungweezy"},"content":"    public Todo(String description) {"},{"lineNumber":10,"author":{"gitId":"yungweezy"},"content":"        super(description);"},{"lineNumber":11,"author":{"gitId":"yungweezy"},"content":"    }"},{"lineNumber":12,"author":{"gitId":"yungweezy"},"content":""},{"lineNumber":13,"author":{"gitId":"yungweezy"},"content":"    @Override"},{"lineNumber":14,"author":{"gitId":"yungweezy"},"content":"    public String toString() {"},{"lineNumber":15,"author":{"gitId":"yungweezy"},"content":"        return \"TODO \\u00BB \" + super.toString();"},{"lineNumber":16,"author":{"gitId":"yungweezy"},"content":"    }"},{"lineNumber":17,"author":{"gitId":"yungweezy"},"content":"}"}],"authorContributionMap":{"yungweezy":17}},{"path":"text-ui-test/input.txt","fileType":"txt","lines":[{"lineNumber":1,"author":{"gitId":"yungweezy"},"content":"todo read book"},{"lineNumber":2,"author":{"gitId":"yungweezy"},"content":"deadline read book /by June 6th"},{"lineNumber":3,"author":{"gitId":"yungweezy"},"content":"event project meeting /at Aug 6th 2-4pm"},{"lineNumber":4,"author":{"gitId":"yungweezy"},"content":"todo join sports club"},{"lineNumber":5,"author":{"gitId":"yungweezy"},"content":"done 1"},{"lineNumber":6,"author":{"gitId":"yungweezy"},"content":"done 4"},{"lineNumber":7,"author":{"gitId":"yungweezy"},"content":"todo borrow book"},{"lineNumber":8,"author":{"gitId":"yungweezy"},"content":"list"},{"lineNumber":9,"author":{"gitId":"yungweezy"},"content":"deadline return book /by Sunday"},{"lineNumber":10,"author":{"gitId":"yungweezy"},"content":"event project meeting /at Mon 2-4pm"},{"lineNumber":11,"author":{"gitId":"yungweezy"},"content":"list"}],"authorContributionMap":{"yungweezy":11}},{"path":"text-ui-test/runtest.bat","fileType":"bat","lines":[{"lineNumber":1,"author":{"gitId":"-"},"content":"@ECHO OFF"},{"lineNumber":2,"author":{"gitId":"-"},"content":""},{"lineNumber":3,"author":{"gitId":"-"},"content":"REM create bin directory if it doesn\u0027t exist"},{"lineNumber":4,"author":{"gitId":"-"},"content":"if not exist ..\\bin mkdir ..\\bin"},{"lineNumber":5,"author":{"gitId":"-"},"content":""},{"lineNumber":6,"author":{"gitId":"-"},"content":"REM delete output from previous run"},{"lineNumber":7,"author":{"gitId":"-"},"content":"if exist ACTUAL.TXT del ACTUAL.TXT"},{"lineNumber":8,"author":{"gitId":"-"},"content":""},{"lineNumber":9,"author":{"gitId":"-"},"content":"REM compile the code into the bin folder"},{"lineNumber":10,"author":{"gitId":"yungweezy"},"content":"javac -encoding ISO-8859-1 -cp ..\\src\\main\\java -Xlint:none -d ..\\bin ..\\src\\main\\java\\*.java"},{"lineNumber":11,"author":{"gitId":"-"},"content":"IF ERRORLEVEL 1 ("},{"lineNumber":12,"author":{"gitId":"-"},"content":"    echo ********** BUILD FAILURE **********"},{"lineNumber":13,"author":{"gitId":"-"},"content":"    exit /b 1"},{"lineNumber":14,"author":{"gitId":"-"},"content":")"},{"lineNumber":15,"author":{"gitId":"-"},"content":"REM no error here, errorlevel \u003d\u003d 0"},{"lineNumber":16,"author":{"gitId":"-"},"content":""},{"lineNumber":17,"author":{"gitId":"-"},"content":"REM run the program, feed commands from input.txt file and redirect the output to the ACTUAL.TXT"},{"lineNumber":18,"author":{"gitId":"yungweezy"},"content":"java -classpath ..\\bin Main \u003c input.txt \u003e ACTUAL.TXT"},{"lineNumber":19,"author":{"gitId":"-"},"content":""},{"lineNumber":20,"author":{"gitId":"-"},"content":"REM compare the output to the expected output"},{"lineNumber":21,"author":{"gitId":"-"},"content":"FC ACTUAL.TXT EXPECTED.TXT"}],"authorContributionMap":{"-":19,"yungweezy":2}},{"path":"text-ui-test/runtest.sh","fileType":"sh","lines":[{"lineNumber":1,"author":{"gitId":"-"},"content":"#!/usr/bin/env bash"},{"lineNumber":2,"author":{"gitId":"-"},"content":""},{"lineNumber":3,"author":{"gitId":"-"},"content":"# create bin directory if it doesn\u0027t exist"},{"lineNumber":4,"author":{"gitId":"-"},"content":"if [ ! -d \"../bin\" ]"},{"lineNumber":5,"author":{"gitId":"-"},"content":"then"},{"lineNumber":6,"author":{"gitId":"-"},"content":"    mkdir ../bin"},{"lineNumber":7,"author":{"gitId":"-"},"content":"fi"},{"lineNumber":8,"author":{"gitId":"-"},"content":""},{"lineNumber":9,"author":{"gitId":"-"},"content":"# delete output from previous run"},{"lineNumber":10,"author":{"gitId":"-"},"content":"if [ -e \"./ACTUAL.TXT\" ]"},{"lineNumber":11,"author":{"gitId":"-"},"content":"then"},{"lineNumber":12,"author":{"gitId":"-"},"content":"    rm ACTUAL.TXT"},{"lineNumber":13,"author":{"gitId":"-"},"content":"fi"},{"lineNumber":14,"author":{"gitId":"-"},"content":""},{"lineNumber":15,"author":{"gitId":"-"},"content":"# compile the code into the bin folder, terminates if error occurred"},{"lineNumber":16,"author":{"gitId":"-"},"content":"if ! javac -cp ../src/main/java -Xlint:none -d ../bin ../src/main/java/*.java"},{"lineNumber":17,"author":{"gitId":"-"},"content":"then"},{"lineNumber":18,"author":{"gitId":"-"},"content":"    echo \"********** BUILD FAILURE **********\""},{"lineNumber":19,"author":{"gitId":"-"},"content":"    exit 1"},{"lineNumber":20,"author":{"gitId":"-"},"content":"fi"},{"lineNumber":21,"author":{"gitId":"-"},"content":""},{"lineNumber":22,"author":{"gitId":"-"},"content":"# run the program, feed commands from input.txt file and redirect the output to the ACTUAL.TXT"},{"lineNumber":23,"author":{"gitId":"yungweezy"},"content":"java -classpath ../bin Main \u003c input.txt \u003e ACTUAL.TXT"},{"lineNumber":24,"author":{"gitId":"-"},"content":""},{"lineNumber":25,"author":{"gitId":"-"},"content":"# convert to UNIX format"},{"lineNumber":26,"author":{"gitId":"-"},"content":"cp EXPECTED.TXT EXPECTED-UNIX.TXT"},{"lineNumber":27,"author":{"gitId":"-"},"content":"dos2unix ACTUAL.TXT EXPECTED-UNIX.TXT"},{"lineNumber":28,"author":{"gitId":"-"},"content":""},{"lineNumber":29,"author":{"gitId":"-"},"content":"# compare the output to the expected output"},{"lineNumber":30,"author":{"gitId":"-"},"content":"diff ACTUAL.TXT EXPECTED-UNIX.TXT"},{"lineNumber":31,"author":{"gitId":"-"},"content":"if [ $? -eq 0 ]"},{"lineNumber":32,"author":{"gitId":"-"},"content":"then"},{"lineNumber":33,"author":{"gitId":"-"},"content":"    echo \"Test result: PASSED\""},{"lineNumber":34,"author":{"gitId":"-"},"content":"    exit 0"},{"lineNumber":35,"author":{"gitId":"-"},"content":"else"},{"lineNumber":36,"author":{"gitId":"-"},"content":"    echo \"Test result: FAILED\""},{"lineNumber":37,"author":{"gitId":"-"},"content":"    exit 1"},{"lineNumber":38,"author":{"gitId":"-"},"content":"fi"}],"authorContributionMap":{"-":37,"yungweezy":1}}]
