{"authorDailyContributionsMap":{"lrj689":[{"date":"2021-01-21","commitResults":[{"hash":"0330f55b8752b45cada9ac6e79796ae2b42e8015","messageTitle":"Update Duke","messageBody":"Added increment Level-1: Greet, Echo, Exit\n","tags":["Outdated"],"fileTypesAndContributionMap":{"java":{"insertions":20,"deletions":1}}},{"hash":"bc23f77588a7239f829a7fb6be464c235d142d76","messageTitle":"Update Duke Level-1","messageBody":"tidy up code\n\nno functional changes\n","tags":["Level-1"],"fileTypesAndContributionMap":{"java":{"insertions":9,"deletions":9}}},{"hash":"62544bc9357863148599b2a239f5d8a4a027d28a","messageTitle":"Added DukeList.java","messageBody":"Updated Duke.java\n\nDukeList class functions as a custom ArrayList to store user inputs\n\nDuke class updated to use DukeList class for user inputs and outputs\n","fileTypesAndContributionMap":{"java":{"insertions":29,"deletions":1}}},{"hash":"caa2194d87d684c87c6700d5130ee247d8f0049e","messageTitle":"Update DukeList.java with print method","messageBody":"Print method prints DukeList object in Duke.java\n","tags":["Level-2"],"fileTypesAndContributionMap":{"java":{"insertions":4,"deletions":1}}},{"hash":"70db9dd18e6d5064a60de76836830aa5aadf86e5","messageTitle":"Added Task.java","messageBody":"Updated DukeList.java, Duke.java\n\nTask is a class representing a String and a boolean\n\nUpdated DukeList use Task objects\n","tags":["Level-3"],"fileTypesAndContributionMap":{"java":{"insertions":55,"deletions":9}}},{"hash":"f6139d932923a8788a522dbfca7d2578a431f75e","messageTitle":"Add Deadlines.java, ToDos.java, Events.java","messageBody":"DukeList class: updated functionality to use new classes as mentioned above\n\nDuke class: cleaned up text output\n","tags":["Level-4"],"fileTypesAndContributionMap":{"java":{"insertions":79,"deletions":18}}},{"hash":"27c5f7a3f757f5094d07b619b6fb85a9d79e1bc0","messageTitle":"Update runtest.bat","messageBody":"","tags":["A-TextUiTesting"],"fileTypesAndContributionMap":{"txt":{"insertions":5,"deletions":0},"java":{"insertions":1,"deletions":1},"bat":{"insertions":1,"deletions":0}}},{"hash":"63cf4472b3fe52e18099c286da60bdc7b650270d","messageTitle":"Add DukeExceptions.java","messageBody":"Update Duke to handle exceptions\n","tags":["Level-5"],"fileTypesAndContributionMap":{"txt":{"insertions":13,"deletions":4},"java":{"insertions":66,"deletions":22}}},{"hash":"c301ff3d4d9b2d85bfc833abbc1e543261ffb177","messageTitle":"Update Duke.java, DukeList.java","messageBody":"DukeList: add delete() method\n\nDuke: updated to use delete method from DukeList and to handle new exceptions introduced\n","tags":["Level-6"],"fileTypesAndContributionMap":{"java":{"insertions":31,"deletions":2}}}]},{"date":"2021-01-26","commitResults":[{"hash":"d7ebc49f12fd203aea9a215c5ddaa832bb58feff","messageTitle":"Update Duke.java to save changes","messageBody":"","tags":["Level-7"],"fileTypesAndContributionMap":{"txt":{"insertions":0,"deletions":0},"java":{"insertions":132,"deletions":7}}}]},{"date":"2021-01-27","commitResults":[{"hash":"95c843edb6bd230b7f7ea4c8f89759c1618aaaa2","messageTitle":"Add LocalDate","messageBody":"","fileTypesAndContributionMap":{"java":{"insertions":3,"deletions":0}}}]},{"date":"2021-01-28","commitResults":[{"hash":"5ac014ef1923643c481cad9d252654abcaa1fe3d","messageTitle":"Duke class: update to use Date format, add show command","messageBody":"show command: takes in a date and prints all task on that given date\n","fileTypesAndContributionMap":{"txt":{"insertions":12,"deletions":11},"java":{"insertions":80,"deletions":24}}}]},{"date":"2021-02-01","commitResults":[{"hash":"67437412dc924bd36c9cf1e7392f801186962781","messageTitle":"Duke class: Add reset command, cleaned up code","messageBody":"reset command: deletes all current tasks\n","fileTypesAndContributionMap":{"txt":{"insertions":20,"deletions":45},"java":{"insertions":93,"deletions":62}}}]},{"date":"2021-02-03","commitResults":[{"hash":"28183d23e93aad33912aa3ef98d056a97519cc05","messageTitle":"Add Parser.java UI.java","messageBody":"","fileTypesAndContributionMap":{"java":{"insertions":120,"deletions":1}}}]},{"date":"2021-02-04","commitResults":[{"hash":"45878a9e6b308f786356e5f1ee4a9352d7884bb7","messageTitle":"Update UI.java","messageBody":"","fileTypesAndContributionMap":{"txt":{"insertions":1,"deletions":0},"java":{"insertions":32,"deletions":8}}},{"hash":"88764372036fc0492ce3b64115423866bc5f2eb9","messageTitle":"Add Storage.java Updated Duke.java, DukeList.java, Parser.java, UI.java Storage: Store and read the contents of DukeList Others: Update functionality","messageBody":"","tags":["A-MoreOOP"],"fileTypesAndContributionMap":{"txt":{"insertions":24,"deletions":18},"java":{"insertions":236,"deletions":307}}},{"hash":"2b5223fcfc286358c071173b5edb50a7d4980cc1","messageTitle":"Add JUI tests","messageBody":"","tags":["v0.1","A-JUnit"],"fileTypesAndContributionMap":{"java":{"insertions":52,"deletions":0}}},{"hash":"a5a4e290336c63381e174b5d60d9f6e47f0930d2","messageTitle":"Add JavaDocs","messageBody":"","tags":["A-JavaDoc"],"fileTypesAndContributionMap":{"txt":{"insertions":1,"deletions":4},"java":{"insertions":106,"deletions":5}}},{"hash":"e8bbf6713b5a7f5ba2d92f318386bac3a8f56c7c","messageTitle":"Adhere to java coding standard","messageBody":"","tags":["A-CodingStandard"],"fileTypesAndContributionMap":{"java":{"insertions":1,"deletions":1}}}]},{"date":"2021-02-05","commitResults":[{"hash":"bde62d694bbf2d81bb226679dab8f182b8fa5c48","messageTitle":"Update Find functionality Find: outputs tasks that matches keyword provided","messageBody":"","tags":["Level-9"],"fileTypesAndContributionMap":{"txt":{"insertions":8,"deletions":8},"java":{"insertions":34,"deletions":37}}},{"hash":"789cbb86b3a05a7fb29708b9ebd50a85d03c2966","messageTitle":"Update Ui.java, Parser.java Update to use String[] as arg for more flexibility","messageBody":"","fileTypesAndContributionMap":{"txt":{"insertions":1,"deletions":4},"java":{"insertions":12,"deletions":17}}},{"hash":"f9febc8da96ff4886c52ab1920ebc6b2f20830d5","messageTitle":"Update UI.java, Parser.java","messageBody":"Improved text output quality\n","fileTypesAndContributionMap":{"java":{"insertions":21,"deletions":12}}},{"hash":"4580b9c88029ed99f624069c345e5d0df061c1b5","messageTitle":"Update Duke.java, DukeList.java, Storage.java Cleaned up code","messageBody":"","fileTypesAndContributionMap":{"java":{"insertions":15,"deletions":9}}},{"hash":"2384fdc878a0c6a0f1936c0cd78c8fb12aaae4b0","messageTitle":"Update Storage.java, Task.java Clean up code","messageBody":"","fileTypesAndContributionMap":{"txt":{"insertions":0,"deletions":3},"java":{"insertions":9,"deletions":8}}}]},{"date":"2021-02-10","commitResults":[{"hash":"1bb8b46d60bfc43a5e85185a93c281fcf25451fb","messageTitle":"Add Gradle Support Update DukeListTest.java","messageBody":"","tags":["A-Gradle"],"fileTypesAndContributionMap":{"java":{"insertions":17,"deletions":20}}}]},{"date":"2021-02-16","commitResults":[{"hash":"e421b093dedda7894ed59561aad19bd39b65a54e","messageTitle":"Add Main.java Add MainWindow.java Add Laucher.java Add DialogBox.java Add DialogBox.fxml Add MainWindow.fxml","messageBody":"","fileTypesAndContributionMap":{"java":{"insertions":8,"deletions":0}}},{"hash":"8aac12eb510d72fe06ab59a1dfb81f84b50ec8e3","messageTitle":"Add Laucher.java Add Main.java Add MainWindow.java Add DialogBox.java Add DialogBox.fxml Add MainWindow..fxml","messageBody":"Skeletal GUI implemented\n","fileTypesAndContributionMap":{"gradle":{"insertions":14,"deletions":0},"java":{"insertions":309,"deletions":39}}}]},{"date":"2021-02-17","commitResults":[{"hash":"d9daa4d87c598c88dc0830dc79817118d32128db","messageTitle":"Update Duke.java Update UI.java Duke : updated to launch GUI UI: updated to return Strings","messageBody":"","fileTypesAndContributionMap":{"txt":{"insertions":3,"deletions":0},"java":{"insertions":136,"deletions":280}}},{"hash":"7a682eeb0cb9983325622e1a4366e55f3a7f0512","messageTitle":"Update GUI with exit functionality","messageBody":"","tags":["Level-10"],"fileTypesAndContributionMap":{"gradle":{"insertions":1,"deletions":1},"txt":{"insertions":2,"deletions":2},"java":{"insertions":10,"deletions":4}}},{"hash":"088d7764a298f8d70243a9f5ce309c29ecc942a3","messageTitle":"Add Package dukePackage Update userImage Update dukeImage","messageBody":"","fileTypesAndContributionMap":{"gradle":{"insertions":1,"deletions":1},"txt":{"insertions":1,"deletions":3},"java":{"insertions":35,"deletions":9}}},{"hash":"b5d53012aab24e08881b39a3ca436408ca3ee81c","messageTitle":"Update package name","messageBody":"","tags":["v0.2"],"fileTypesAndContributionMap":{"java":{"insertions":0,"deletions":0}}},{"hash":"c23faa053c12332d65fd662b4b1b9f7c47e1fb38","messageTitle":"Add Assertions","messageBody":"","fileTypesAndContributionMap":{"txt":{"insertions":1,"deletions":0},"java":{"insertions":6,"deletions":1}}},{"hash":"adfc0f4c92efeb42f3f8a67f55557c62ddf0ecfb","messageTitle":"Update Storage.java Clean up code","messageBody":"","fileTypesAndContributionMap":{"txt":{"insertions":3,"deletions":1},"java":{"insertions":21,"deletions":25}}},{"hash":"61233e93e9c28bca37d51dfccd98d44dfe02c687","messageTitle":"Add more Assertions","messageBody":"","fileTypesAndContributionMap":{"txt":{"insertions":1,"deletions":0},"java":{"insertions":19,"deletions":1}}}]},{"date":"2021-02-18","commitResults":[{"hash":"b3638d9595d9b9ca73d06208bfe49090f38911f4","messageTitle":"Add Assertions","messageBody":"","fileTypesAndContributionMap":{"txt":{"insertions":4,"deletions":0},"java":{"insertions":3,"deletions":0}}},{"hash":"f4a8169bce92d2bf84aa90b738b9a9fb3323e885","messageTitle":"Update DialogBox.java Update DialogBox.fxml","messageBody":"Fixed issue when long text is overriden by the next text\n","fileTypesAndContributionMap":{"txt":{"insertions":4,"deletions":0},"java":{"insertions":4,"deletions":3}}},{"hash":"7c3ed7a1af6d06c1b94fb57404d42ea0626b3beb","messageTitle":"Update package name","messageBody":"","fileTypesAndContributionMap":{"java":{"insertions":16,"deletions":16}}},{"hash":"7f463b127dcf403c27540d8c74b79876bbc951cb","messageTitle":"Improved Code Quality","messageBody":"Removed DukeException due to redundancy\n","fileTypesAndContributionMap":{"java":{"insertions":45,"deletions":28}}},{"hash":"bbafe74fedc997ee48361e9a90e028293b756540","messageTitle":"Delete ParserTest.java Update DukeList.java Update DukeListTest.java","messageBody":"ParserTest.java not used hence deleted\n\nDukeList deleteAll() method updated to use clear() method from ArrayList\n\nMore tests added to DukeListTest\n","fileTypesAndContributionMap":{"java":{"insertions":13,"deletions":5}}},{"hash":"639e7179d7a089ddb0dda060b4ee679c93d6495a","messageTitle":"Add help command","messageBody":"help command displays all usable commands to the user\n","fileTypesAndContributionMap":{"java":{"insertions":14,"deletions":2}}},{"hash":"4bb2378c550d2f3629bff8042777c924466f5995","messageTitle":"Update duke.txt","messageBody":"","fileTypesAndContributionMap":{"txt":{"insertions":7,"deletions":7}}},{"hash":"4a9ed5908d5e5047ed4bcc5f78ea956e7cfed346","messageTitle":"Update Welcome and Goodbye messages","messageBody":"","fileTypesAndContributionMap":{"java":{"insertions":4,"deletions":2}}},{"hash":"5c5c7c244e21d0a531f168bdbc250d1f91fe7711","messageTitle":"Update UI.java","messageBody":"","fileTypesAndContributionMap":{"java":{"insertions":1,"deletions":0}}},{"hash":"4e6fbc7e7e33c0eb1da3f117ad873f411b286891","messageTitle":"Update GUI","messageBody":"","tags":["A-BetterGui"],"fileTypesAndContributionMap":{"txt":{"insertions":3,"deletions":0}}}]},{"date":"2021-02-19","commitResults":[{"hash":"f00ffd5f530f6ccbaf155ba287cc9fd19fadd33b","messageTitle":"Update help command","messageBody":"Improved help text clarity\n","fileTypesAndContributionMap":{"gradle":{"insertions":1,"deletions":1},"txt":{"insertions":1,"deletions":3},"java":{"insertions":10,"deletions":6},"md":{"insertions":29,"deletions":4}}},{"hash":"3f9ab84eb3ee1a98b1b9fea91c4b6338786c4103","messageTitle":"Update UserGuide","messageBody":"","tags":["A-UserGuide","1.0"],"fileTypesAndContributionMap":{"txt":{"insertions":1,"deletions":0},"java":{"insertions":3,"deletions":3},"md":{"insertions":115,"deletions":11}}},{"hash":"b75c5f5418622ec1047c7fce5419ba646c7235c8","messageTitle":"Update README.md","messageBody":"","fileTypesAndContributionMap":{"md":{"insertions":1,"deletions":1}}},{"hash":"f1710cfc9748100fd6b97425dd45b76d19f5b798","messageTitle":"README.md: fixed some formating issues","messageBody":"","fileTypesAndContributionMap":{"md":{"insertions":5,"deletions":3}}},{"hash":"2b594e87d216398405d059f35d80b89f365e2545","messageTitle":"Rename README.md to doc/README.md","messageBody":"","fileTypesAndContributionMap":{"md":{"insertions":0,"deletions":0}}},{"hash":"c72789ad3758ff7879cb7ae4c00995859addb946","messageTitle":"Rename docs/README.md to README.md","messageBody":"","fileTypesAndContributionMap":{"md":{"insertions":1,"deletions":1}}},{"hash":"8bf56dc75f0498cdd1988669a822634493c1183a","messageTitle":"Fix file structure","messageBody":"","fileTypesAndContributionMap":{"md":{"insertions":174,"deletions":174}}},{"hash":"ceed731183869837a89e411b631d257e9a01efbe","messageTitle":"Update README.md","messageBody":"","tags":["A-Release"],"fileTypesAndContributionMap":{"md":{"insertions":1,"deletions":1}}}]}]},"authorFileTypeContributionMap":{"lrj689":{"java":875,"md":148,"fxml":45,"sh":0,"bat":1,"gradle":15,"txt":30}},"authorContributionVariance":{"lrj689":34301.2},"authorDisplayNameMap":{"lrj689":"CS2103T-W13-4 LEE ..JIEH"}}
