{"authorDailyContributionsMap":{"jingxueguo":[{"date":"2021-01-21","commitResults":[{"hash":"8588ce3cc602684f87ba0879313b6aaf4b0d0634","messageTitle":"Revert \"Add function to greet user and echo user input\"","messageBody":"This reverts commit 44763c2df39b93548d2bbe9c6da33e5b5fa3e18b.\n","fileTypesAndContributionMap":{"java":{"insertions":0,"deletions":13}}},{"hash":"56655dbfa246e75ad717b79ec3434c3e45404c15","messageTitle":"Add function to greet user and echo user input","messageBody":"","tags":["Level-1"],"fileTypesAndContributionMap":{"java":{"insertions":13,"deletions":0}}}]}]},"authorFileTypeContributionMap":{"jingxueguo":{"java":13,"md":0,"fxml":0,"sh":0,"bat":0,"gradle":0,"txt":0}},"authorContributionVariance":{"jingxueguo":55.86777},"authorDisplayNameMap":{"jingxueguo":"GUO ..GXUE"}}
