{"authorDailyContributionsMap":{"BigDoot":[{"date":"2021-01-20","commitResults":[{"hash":"6a6cc27aa1a641f1fedcb69789683fb081988da6","messageTitle":"Add greet, echo and exit features","messageBody":"","tags":["Level-1"],"fileTypesAndContributionMap":{"java":{"insertions":12,"deletions":1}}},{"hash":"4b44401a24181582f92b05a91144992e46b56db9","messageTitle":"Add ability to store tasks and list them out","messageBody":"","tags":["Level-2"],"fileTypesAndContributionMap":{"java":{"insertions":14,"deletions":3}}},{"hash":"afae6be3016a7ac40b2cce3388bf813d5b8da93b","messageTitle":"Add Task class","messageBody":"","fileTypesAndContributionMap":{"java":{"insertions":23,"deletions":1}}},{"hash":"6f5b754a770352216276d4c0c046b65332a707c1","messageTitle":"Add ability to mark tasks as done","messageBody":"","tags":["Level-3"],"fileTypesAndContributionMap":{"java":{"insertions":16,"deletions":10}}},{"hash":"aa80bf465ccdf9e73cea963fbdd2dc8733fb1d5c","messageTitle":"Add Deadline, Todo and Event subclasses","messageBody":"","fileTypesAndContributionMap":{"java":{"insertions":44,"deletions":2}}},{"hash":"fd33eb029fadb4e6eb6512ac993d48b2b046d5c3","messageTitle":"Implement Todo tasks in Duke.java","messageBody":"","fileTypesAndContributionMap":{"java":{"insertions":18,"deletions":8}}},{"hash":"f2431e7c00b8c9a15f53fd7f3b20f3af5a8c0602","messageTitle":"Implement Deadline and Event Tasks in Duke.java","messageBody":"","tags":["Level-4"],"fileTypesAndContributionMap":{"java":{"insertions":22,"deletions":4}}},{"hash":"30207b2ca88c6de343db702398fe15996117c36e","messageTitle":"Implement DukeExceptions in the case where user provides no description or invalid input","messageBody":"","tags":["Level-5"],"fileTypesAndContributionMap":{"java":{"insertions":21,"deletions":8}}}]},{"date":"2021-01-21","commitResults":[{"hash":"bfcf3ac853eccf47e3d30e879fc7c0a7b6e698f4","messageTitle":"Replace Array with ArrayList to store tasks","messageBody":"","fileTypesAndContributionMap":{"java":{"insertions":13,"deletions":10}}},{"hash":"5011f6e2e4babc25c54d5d455ad17cd36f11469d","messageTitle":"Add ability to delete tasks","messageBody":"","tags":["Level-6"],"fileTypesAndContributionMap":{"java":{"insertions":10,"deletions":0}}}]},{"date":"2021-01-26","commitResults":[{"hash":"5a6d08e02f77ae8962fa9fe5a3d77661f6cb4ba3","messageTitle":"Add ability to save tasks","messageBody":"","tags":["Level-7"],"fileTypesAndContributionMap":{"txt":{"insertions":2,"deletions":0},"java":{"insertions":50,"deletions":2}}},{"hash":"9ba2fb924e4a7ba859dcbb7404029bce714a2fb0","messageTitle":"Add ability for Duke to store deadlines as LocalDate objects","messageBody":"","tags":["Level-8"],"fileTypesAndContributionMap":{"java":{"insertions":22,"deletions":3}}},{"hash":"eeba5c96fdb0fc8be10bd9ecedf01753d2169bf3","messageTitle":"Create TaskList class to manage tasks","messageBody":"","fileTypesAndContributionMap":{"txt":{"insertions":0,"deletions":2},"java":{"insertions":81,"deletions":40}}}]},{"date":"2021-01-27","commitResults":[{"hash":"026ed1742508ab536c86c5c194e67b47c9f80158","messageTitle":"Create Storage class to manage loading and saving of tasks","messageBody":"","fileTypesAndContributionMap":{"txt":{"insertions":3,"deletions":0},"java":{"insertions":52,"deletions":38}}},{"hash":"4dcc40478afb5922969cc2df115a9d58bdfbaab1","messageTitle":"Create Parser class to make sense of user commands","messageBody":"","fileTypesAndContributionMap":{"txt":{"insertions":3,"deletions":0},"java":{"insertions":66,"deletions":60}}},{"hash":"43e9221587171c0bb0e9045829228e696ac2f20b","messageTitle":"Create Ui class to manager user interactions","messageBody":"","fileTypesAndContributionMap":{"txt":{"insertions":1,"deletions":1},"java":{"insertions":29,"deletions":10}}},{"hash":"1848a3c8e7c87edc874fa0eb69313cf62ffe1d7d","messageTitle":"Clean up Duke.java code","messageBody":"","tags":["A-MoreOOP"],"fileTypesAndContributionMap":{"java":{"insertions":17,"deletions":10}}},{"hash":"d0c5516786a7ebd74a812b88193c065633c096e0","messageTitle":"Add JUnit Tests for Deadline.java and TaskList.java","messageBody":"","tags":["v0.1","A-JUnit"],"fileTypesAndContributionMap":{"java":{"insertions":39,"deletions":0}}},{"hash":"4ea7efdf6cd8fd26637fe90f4fc424162f638c59","messageTitle":"Use I/O redirection technique to test Duke","messageBody":"","tags":["A-TextUiTesting"],"fileTypesAndContributionMap":{"txt":{"insertions":1,"deletions":0},"bat":{"insertions":2,"deletions":2}}},{"hash":"a30ee9660231ad3cdd58d005e5ed3096b3e912f4","messageTitle":"Add JavaDoc comments for all classes","messageBody":"","fileTypesAndContributionMap":{"java":{"insertions":30,"deletions":0}}},{"hash":"e52813a5b9ca29e32deb8630dec32e49be52df1b","messageTitle":"Add JavaDoc comments for all class constructors","messageBody":"","fileTypesAndContributionMap":{"java":{"insertions":40,"deletions":1}}},{"hash":"e7a1810c5f470debf2b98cdedf8edd4550eaf54b","messageTitle":"Add JavaDoc comments for all methods","messageBody":"","tags":["A-JavaDoc"],"fileTypesAndContributionMap":{"java":{"insertions":102,"deletions":8}}},{"hash":"d831dd5b4e214aad7cb3bbe52b1ce3decd4b40e2","messageTitle":"Modify code to comply with coding standards","messageBody":"","tags":["A-CodingStandard"],"fileTypesAndContributionMap":{"txt":{"insertions":2,"deletions":2},"java":{"insertions":71,"deletions":72}}},{"hash":"3ac557beed4c30e3a158d62b13121fdd4c2158d6","messageTitle":"Add ability for users to find a task using a keyword","messageBody":"","tags":["Level-9"],"fileTypesAndContributionMap":{"java":{"insertions":18,"deletions":0}}},{"hash":"7ab545561137bd3fec9164ca718f018fbf5527e0","messageTitle":"Add JavaDoc comments for the matchTasks() method in TaskList.java","messageBody":"","fileTypesAndContributionMap":{"txt":{"insertions":1,"deletions":0},"java":{"insertions":9,"deletions":20}}}]}]},"authorFileTypeContributionMap":{"BigDoot":{"java":528,"md":0,"fxml":0,"sh":0,"bat":2,"gradle":0,"txt":8}},"authorContributionVariance":{"BigDoot":30045.709},"authorDisplayNameMap":{"BigDoot":"CS2103T-W12-1 CHUA..NDON"}}
