{"authorDailyContributionsMap":{"laurenlhy":[{"date":"2021-01-16","commitResults":[{"hash":"f186e3224f213fd2eecb686478339a0d05cb837b","messageTitle":"Add greet, echo, exit","messageBody":"","tags":["Level-1"],"fileTypesAndContributionMap":{"java":{"insertions":16,"deletions":6}}},{"hash":"c9d84b2d990cdd4384e0a5f748f611a26b7ae6f4","messageTitle":"Add add, list","messageBody":"","tags":["Level-2"],"fileTypesAndContributionMap":{"java":{"insertions":35,"deletions":5}}},{"hash":"f8f828672f3a491bdf12ecfd0585b48e1eee1ffe","messageTitle":"Add mark as done","messageBody":"","tags":["Level-3"],"fileTypesAndContributionMap":{"java":{"insertions":39,"deletions":4}}},{"hash":"b04441d84caf7486a2d7d55d879f57b18b1f1114","messageTitle":"Add deadline, event, todo","messageBody":"","tags":["Level-4"],"fileTypesAndContributionMap":{"java":{"insertions":68,"deletions":9}}}]},{"date":"2021-01-17","commitResults":[{"hash":"56a01b2f62310a4757ec38cd9139869098303137","messageTitle":"Add automated testing","messageBody":"","tags":["A-TextUiTesting"],"fileTypesAndContributionMap":{"txt":{"insertions":9,"deletions":0},"java":{"insertions":1,"deletions":1},"bat":{"insertions":1,"deletions":1}}},{"hash":"696e580ab970c89917496917257aee983c7efd91","messageTitle":"Add exceptions","messageBody":"","tags":["Level-5"],"fileTypesAndContributionMap":{"txt":{"insertions":5,"deletions":3},"java":{"insertions":76,"deletions":46}}},{"hash":"8f5ee77b06c1aa516f89a603ffa24018f1cf3e12","messageTitle":"Add delete task","messageBody":"","tags":["Level-6"],"fileTypesAndContributionMap":{"txt":{"insertions":5,"deletions":0},"java":{"insertions":21,"deletions":14}}}]},{"date":"2021-01-23","commitResults":[{"hash":"756b628b408c0dc7256431f9c914fb202769d0b4","messageTitle":"Add save function","messageBody":"","tags":["Level-7"],"fileTypesAndContributionMap":{"txt":{"insertions":1,"deletions":0},"java":{"insertions":103,"deletions":0}}},{"hash":"2c4b7eae30206a7a451d8bf9b7521fac3a405a91","messageTitle":"Add date and time","messageBody":"","fileTypesAndContributionMap":{"txt":{"insertions":2,"deletions":2},"java":{"insertions":18,"deletions":8}}}]},{"date":"2021-01-24","commitResults":[{"hash":"2c720d2a39528ab31146fb048885fe8f6de5d64b","messageTitle":"Add Parser, TaskList, Storage, Ui classes","messageBody":"","tags":["A-MoreOOP"],"fileTypesAndContributionMap":{"txt":{"insertions":5,"deletions":12},"java":{"insertions":169,"deletions":106}}},{"hash":"4b2c3fa62ef6225906f7d5fd7bb833f767b6cad5","messageTitle":"Add JUnit tests","messageBody":"","tags":["A-Jar","A-JUnit"],"fileTypesAndContributionMap":{"java":{"insertions":61,"deletions":10}}},{"hash":"2965f7229e7e0e01c553f44ffa9fed6f6527e95b","messageTitle":"Add Javadoc","messageBody":"","fileTypesAndContributionMap":{"java":{"insertions":66,"deletions":25}}},{"hash":"8ec76801d267c90e335775cc4719c3b1e49c2975","messageTitle":"Add find feature","messageBody":"","tags":["Level-9","A-JavaDoc","A-CodingStandard"],"fileTypesAndContributionMap":{"java":{"insertions":40,"deletions":1}}}]},{"date":"2021-01-30","commitResults":[{"hash":"98970d79ba64fb45cbc824504b6a464a1e74a6f4","messageTitle":"Add Gradle","messageBody":"","fileTypesAndContributionMap":{"java":{"insertions":37,"deletions":13},"sh":{"insertions":74,"deletions":0}}}]},{"date":"2021-02-02","commitResults":[{"hash":"0918552ee3384591a9df984e08923ed68fec3f14","messageTitle":"Add GUI","messageBody":"","tags":["Level-10"],"fileTypesAndContributionMap":{"gradle":{"insertions":15,"deletions":0},"java":{"insertions":228,"deletions":73}}},{"hash":"cf04cc9775131ea341ffc78b6e07ec43d9d0ca05","messageTitle":"Fix Javadoc comments","messageBody":"","fileTypesAndContributionMap":{"java":{"insertions":16,"deletions":21}}},{"hash":"461cfa8d5a0b65772191e49bd324ba33793f8032","messageTitle":"Move classes into package","messageBody":"","fileTypesAndContributionMap":{"java":{"insertions":54,"deletions":18}}},{"hash":"3f73deb71fdb29ec84a6adb8b62a543e0c964c26","messageTitle":"Update Javadoc comments","messageBody":"","fileTypesAndContributionMap":{"java":{"insertions":14,"deletions":2}}}]},{"date":"2021-02-05","commitResults":[{"hash":"272e8e6c9f6d918a87aca3713e1b95b0961b0724","messageTitle":"Update build.gradle","messageBody":"","fileTypesAndContributionMap":{"gradle":{"insertions":3,"deletions":2},"java":{"insertions":1,"deletions":0}}}]},{"date":"2021-02-06","commitResults":[{"hash":"e1d65db5e1ceef0b4276c5931671e6445e1f8f76","messageTitle":"Add assert","messageBody":"","fileTypesAndContributionMap":{"java":{"insertions":15,"deletions":12}}}]},{"date":"2021-02-07","commitResults":[{"hash":"64d668fa69606abe87ca15309530ef3c79bb5973","messageTitle":"Improve code quality","messageBody":"","fileTypesAndContributionMap":{"java":{"insertions":236,"deletions":101}}},{"hash":"49970afc6ad08a1d229033502666e34db982d374","messageTitle":"Update DialogBox for text wrapping","messageBody":"","fileTypesAndContributionMap":{"java":{"insertions":1,"deletions":1}}},{"hash":"4678910405deab28249124933def049215350c07","messageTitle":"Add Archive function","messageBody":"","fileTypesAndContributionMap":{"java":{"insertions":253,"deletions":35}}}]},{"date":"2021-02-08","commitResults":[{"hash":"bb60e3d3e5e16d7a756704c0e5e4aaa7526ca2ab","messageTitle":"Add unarchive function","messageBody":"","fileTypesAndContributionMap":{"java":{"insertions":56,"deletions":2}}}]},{"date":"2021-02-13","commitResults":[{"hash":"9a26a486b546e01081821f657d73a8931d0679dd","messageTitle":"Update GUI","messageBody":"","tags":["A-BetterGui"],"fileTypesAndContributionMap":{"java":{"insertions":107,"deletions":39}}},{"hash":"90e33ba366da55fcde9cb35bb334e6d8b3cf47bd","messageTitle":"Update Readme","messageBody":"","fileTypesAndContributionMap":{"md":{"insertions":57,"deletions":6}}},{"hash":"207a15fdcb85c3e17723a8bddcc9825959161197","messageTitle":"Update Readme","messageBody":"","fileTypesAndContributionMap":{"md":{"insertions":207,"deletions":6}}},{"hash":"6cb539372f803a371011b2bdfbb91bdb4af3b4d9","messageTitle":"Update user guide","messageBody":"","tags":["A-UserGuide"],"fileTypesAndContributionMap":{"md":{"insertions":1,"deletions":1}}}]},{"date":"2021-02-14","commitResults":[{"hash":"62a5c90bc2d58ac1c92fe0d31ed9ef86ce644437","messageTitle":"Add Help command","messageBody":"","tags":["v0.2"],"fileTypesAndContributionMap":{"java":{"insertions":28,"deletions":1},"md":{"insertions":3,"deletions":3}}}]}]},"authorFileTypeContributionMap":{"laurenlhy":{"java":1212,"md":251,"fxml":73,"sh":74,"bat":1,"gradle":18,"txt":10}},"authorContributionVariance":{"laurenlhy":25823.799},"authorDisplayNameMap":{"laurenlhy":"CS2103-W16-2 LAUR..YING"}}
