{"authorDailyContributionsMap":{"laurenlhy":[{"date":"2021-01-16","commitResults":[{"hash":"f186e3224f213fd2eecb686478339a0d05cb837b","messageTitle":"Add greet, echo, exit","messageBody":"","tags":["Level-1"],"fileTypesAndContributionMap":{"java":{"insertions":16,"deletions":6}}},{"hash":"c9d84b2d990cdd4384e0a5f748f611a26b7ae6f4","messageTitle":"Add add, list","messageBody":"","tags":["Level-2"],"fileTypesAndContributionMap":{"java":{"insertions":35,"deletions":5}}},{"hash":"f8f828672f3a491bdf12ecfd0585b48e1eee1ffe","messageTitle":"Add mark as done","messageBody":"","tags":["Level-3"],"fileTypesAndContributionMap":{"java":{"insertions":39,"deletions":4}}},{"hash":"b04441d84caf7486a2d7d55d879f57b18b1f1114","messageTitle":"Add deadline, event, todo","messageBody":"","tags":["Level-4"],"fileTypesAndContributionMap":{"java":{"insertions":68,"deletions":9}}}]},{"date":"2021-01-17","commitResults":[{"hash":"56a01b2f62310a4757ec38cd9139869098303137","messageTitle":"Add automated testing","messageBody":"","tags":["A-TextUiTesting"],"fileTypesAndContributionMap":{"txt":{"insertions":9,"deletions":0},"java":{"insertions":1,"deletions":1},"bat":{"insertions":1,"deletions":1}}},{"hash":"696e580ab970c89917496917257aee983c7efd91","messageTitle":"Add exceptions","messageBody":"","tags":["Level-5"],"fileTypesAndContributionMap":{"txt":{"insertions":5,"deletions":3},"java":{"insertions":76,"deletions":46}}},{"hash":"8f5ee77b06c1aa516f89a603ffa24018f1cf3e12","messageTitle":"Add delete task","messageBody":"","tags":["Level-6"],"fileTypesAndContributionMap":{"txt":{"insertions":5,"deletions":0},"java":{"insertions":21,"deletions":14}}}]}]},"authorFileTypeContributionMap":{"laurenlhy":{"java":177,"md":0,"fxml":0,"sh":0,"bat":1,"gradle":0,"txt":16}},"authorContributionVariance":{"laurenlhy":6797.2656},"authorDisplayNameMap":{"laurenlhy":"LAUR..YING"}}
