{"authorDailyContributionsMap":{"VRSoorya":[{"date":"2021-01-19","commitResults":[{"hash":"dc5bca83e996a4fb05198316f4a846ae2a77dee0","messageTitle":"changed name to Olaf","messageBody":"","fileTypesAndContributionMap":{"java":{"insertions":7,"deletions":5}}},{"hash":"8edc0c8e411c35c396bca29a11ebb52889f4e43b","messageTitle":"completed Level-1 with test cases","messageBody":"","fileTypesAndContributionMap":{"java":{"insertions":23,"deletions":8}}},{"hash":"e945029f0cc3efe2aff8e180ff4cc7552a65ce66","messageTitle":"adding txt files for testing","messageBody":"","tags":["Level-1"],"fileTypesAndContributionMap":{"txt":{"insertions":3,"deletions":0}}},{"hash":"bd6725d6b847e4a0c88c965db3f3a56d5d65ef7f","messageTitle":"completed Level-2 verified with testing","messageBody":"","tags":["Level-2"],"fileTypesAndContributionMap":{"txt":{"insertions":3,"deletions":0},"java":{"insertions":14,"deletions":1}}},{"hash":"787610e167309ef6f8d92efa84890b572841fb0a","messageTitle":"feat: Level-3 mark as done added","messageBody":"","tags":["Level-3","A-Classes"],"fileTypesAndContributionMap":{"txt":{"insertions":1,"deletions":0},"java":{"insertions":37,"deletions":4}}}]},{"date":"2021-01-20","commitResults":[{"hash":"7767b37f1afef284f189cb5d9fe3cf4dce754442","messageTitle":"feat: added child classes of Task","messageBody":"","fileTypesAndContributionMap":{"java":{"insertions":38,"deletions":2}}},{"hash":"a92b271deb859d20bb9e6e67531104d39828e96d","messageTitle":"feat: added todo and deadline IO from Duke main","messageBody":"","fileTypesAndContributionMap":{"java":{"insertions":37,"deletions":3}}},{"hash":"e791e58ec9c33ad476661e430608eb0aa20dd712","messageTitle":"feat: edited display messages and added event IO to Duke main","messageBody":"","fileTypesAndContributionMap":{"java":{"insertions":35,"deletions":7}}},{"hash":"e9bd8a50acf52f3ea7f8b038d2b03c6b21adbcc2","messageTitle":"feat: completed level 4 but still needs testing","messageBody":"","tags":["Level-4","A-Inheritance"],"fileTypesAndContributionMap":{"java":{"insertions":24,"deletions":18}}},{"hash":"6822e1eca7360e7a9be58c8f54a111a6dce555e5","messageTitle":"tested: added tests and verified functionality","messageBody":"","tags":["A-TextUiTesting"],"fileTypesAndContributionMap":{"txt":{"insertions":12,"deletions":5},"java":{"insertions":6,"deletions":6}}}]},{"date":"2021-01-21","commitResults":[{"hash":"a6f598af545446e6f187654d9609ac24c706a9c7","messageTitle":"feat: added exception handling for possible scenarios","messageBody":"","tags":["Level-5","A-Exceptions"],"fileTypesAndContributionMap":{"txt":{"insertions":6,"deletions":2},"java":{"insertions":62,"deletions":33}}},{"hash":"eb386b60fda448988fd26b55145b1282b5f0af52","messageTitle":"feat: added delete functionality with exception handling","messageBody":"","tags":["Level-6","A-Collections"],"fileTypesAndContributionMap":{"txt":{"insertions":4,"deletions":1},"java":{"insertions":25,"deletions":0}}}]},{"date":"2021-01-26","commitResults":[{"hash":"dc92d6388e4b6567e7146698f0b7684d3a6b8047","messageTitle":"Add feature to save tasks to and load from data/olaf.txt","messageBody":"","tags":["show","Level-7"],"fileTypesAndContributionMap":{"txt":{"insertions":1,"deletions":0},"java":{"insertions":85,"deletions":12}}}]},{"date":"2021-01-27","commitResults":[{"hash":"e8fc86356c94b7515e6743559f2d3b1731ee04cf","messageTitle":"Add feature to handle dates","messageBody":"","fileTypesAndContributionMap":{"java":{"insertions":61,"deletions":20}}},{"hash":"445909f96903e06ea91ac95a193aafc174b99d82","messageTitle":"Add feature to save to txt file","messageBody":"","fileTypesAndContributionMap":{"java":{"insertions":121,"deletions":19}}},{"hash":"6c5ffa1b21cd43e7f443afe72aac37b4eb0365ae","messageTitle":"Handle ParseException when creating Event from user input","messageBody":"","fileTypesAndContributionMap":{"java":{"insertions":2,"deletions":1}}},{"hash":"af4eeeb1d448102b214b50c31bcd1990d8fae64f","messageTitle":"Refactor data handling to class Storage","messageBody":"","fileTypesAndContributionMap":{"java":{"insertions":309,"deletions":269}}},{"hash":"25d1234d85986cb5ab7f12df87d70d14c0326e16","messageTitle":"Add data folder that Storage class uses","messageBody":"","fileTypesAndContributionMap":{"txt":{"insertions":3,"deletions":0}}},{"hash":"4af5a1cbebe5c02d9f418f7bf0f898f8afd6a24e","messageTitle":"Add Enums for UI Texts, TaskList class for handling Task list operations","messageBody":"","fileTypesAndContributionMap":{"txt":{"insertions":1,"deletions":1},"java":{"insertions":146,"deletions":74}}},{"hash":"7b59292f9150988dd6b89e98a05b74cf465b4766","messageTitle":"Bugfix in saving data to file","messageBody":"","tags":["A-Enums"],"fileTypesAndContributionMap":{"txt":{"insertions":0,"deletions":3},"java":{"insertions":57,"deletions":44}}}]},{"date":"2021-01-28","commitResults":[{"hash":"c916a3269d9877b3b310a55b7cfd2a9596d586f0","messageTitle":"Refactor code to use more OOP","messageBody":"","tags":["A-MoreOOP"],"fileTypesAndContributionMap":{"java":{"insertions":282,"deletions":175}}},{"hash":"4457e7d8c1253a09b0d4c53f25acb49829673653","messageTitle":"Fix printing bug in Storage","messageBody":"","fileTypesAndContributionMap":{"java":{"insertions":10,"deletions":20}}},{"hash":"aad8c9bdc1f09af6c01e12701dcd5576a72a7781","messageTitle":"Refactor into packages","messageBody":"","tags":["A-Packages"],"fileTypesAndContributionMap":{"java":{"insertions":91,"deletions":59}}},{"hash":"b0217d9d560b5a13d5da18fb5dfe54f092c81176","messageTitle":"Refactor with project root folder as ip","messageBody":"","fileTypesAndContributionMap":{"java":{"insertions":33,"deletions":27}}},{"hash":"4ef06e287c12f64fc9c363eb8a41a68aaf8219dc","messageTitle":"Change filePath to save into","messageBody":"","fileTypesAndContributionMap":{"java":{"insertions":1,"deletions":2}}},{"hash":"8f964452992e5823c7a993e0904f83630d3430de","messageTitle":"Add some JUnit tests for Parser and TaskList","messageBody":"","tags":["A-JUnit"],"fileTypesAndContributionMap":{"java":{"insertions":124,"deletions":57}}},{"hash":"72d4dc564dcd59af896d995f4f728aa5dc322960","messageTitle":"Create JAR file","messageBody":"","tags":["v0.1","A-Jar"],"fileTypesAndContributionMap":{"java":{"insertions":16,"deletions":14}}},{"hash":"e0d2e439108147042b05a4fc79c404b7cd29bf5a","messageTitle":"Clean code to coding standard","messageBody":"","tags":["A-CodingStandard"],"fileTypesAndContributionMap":{"java":{"insertions":63,"deletions":10}}}]},{"date":"2021-01-29","commitResults":[{"hash":"eab8d290b075518163548afc5c8d8cc71cc53e54","messageTitle":"Save some JavaDoc comments","messageBody":"","fileTypesAndContributionMap":{"java":{"insertions":9,"deletions":62}}},{"hash":"b6ba0d938527fb75e69a0716374b9f4cd8b430f5","messageTitle":"Add JavaDoc to all non-private classes and methods","messageBody":"","fileTypesAndContributionMap":{"java":{"insertions":277,"deletions":33}}},{"hash":"aa05253e717ac94fb49f58f841d5c88953bf0dc7","messageTitle":"Format to coding standard","messageBody":"","fileTypesAndContributionMap":{"java":{"insertions":2,"deletions":3}}},{"hash":"98d2e3efda180aec01531e55ecd5929edc43b674","messageTitle":"Add find task feature","messageBody":"","fileTypesAndContributionMap":{"java":{"insertions":24,"deletions":0}}},{"hash":"47f571f529fcf5e037264b6f9a7406d1261e02bd","messageTitle":"Merge with branch-Level-9","messageBody":"","fileTypesAndContributionMap":{"java":{"insertions":1,"deletions":1}}},{"hash":"d321517895b2ac2f93c972170d4f75b3ace25a6c","messageTitle":"Ammend Javadoc in TaskList","messageBody":"","fileTypesAndContributionMap":{"java":{"insertions":2,"deletions":2}}}]},{"date":"2021-02-01","commitResults":[{"hash":"6e79ba0ddaedc02cf22ff83ffd21e7beb6393ec6","messageTitle":"Refactor list printing as ui method","messageBody":"","fileTypesAndContributionMap":{"java":{"insertions":2,"deletions":7}}},{"hash":"b25207c675debb8293bc819fdf9704c421d82531","messageTitle":"Rename project file","messageBody":"","fileTypesAndContributionMap":{"java":{"insertions":31,"deletions":32}}}]},{"date":"2021-02-02","commitResults":[{"hash":"1dd52227e0257dd2b8b0a1b01cc5b7b8949c52ad","messageTitle":"Add gradle for automated build and Junit testing","messageBody":"","tags":["A-Gradle"],"fileTypesAndContributionMap":{"gradle":{"insertions":26,"deletions":0},"bat":{"insertions":89,"deletions":0}}}]},{"date":"2021-02-03","commitResults":[{"hash":"dddf901cc98403f3129d06174e6ed93ef89abc74","messageTitle":"Add GUI dependencies to build,gradle","messageBody":"","fileTypesAndContributionMap":{"gradle":{"insertions":15,"deletions":0}}},{"hash":"9a64dbeb06825d679f29b1ca91be7a62e97e4031","messageTitle":"Add GUI basics","messageBody":"","fileTypesAndContributionMap":{"gradle":{"insertions":1,"deletions":1},"java":{"insertions":270,"deletions":69}}},{"hash":"fc49c9cdafe0dcdba6d96e82fabb6e9487f02d69","messageTitle":"working GUI without images","messageBody":"","fileTypesAndContributionMap":{"java":{"insertions":140,"deletions":121}}},{"hash":"283408249b3f37c3bbb85fbb4ea9c88f6aa97121","messageTitle":"WIP: resources not recognised from GUI classes","messageBody":"","fileTypesAndContributionMap":{"gradle":{"insertions":8,"deletions":1},"java":{"insertions":120,"deletions":172}}}]},{"date":"2021-02-04","commitResults":[{"hash":"8b6df2dd339d118d9ee84768ad5f1819a87a57c6","messageTitle":"Fix error with resource file loading","messageBody":"","fileTypesAndContributionMap":{"gradle":{"insertions":9,"deletions":3},"java":{"insertions":7,"deletions":30}}},{"hash":"1c30a66f9a64f647e3499406217ccf5b396d6193","messageTitle":"Update according to PR comments","messageBody":"","tags":["Level-10"],"fileTypesAndContributionMap":{"java":{"insertions":17,"deletions":20}}}]},{"date":"2021-02-11","commitResults":[{"hash":"e18cb686f4890b8e10d82d3429573010718ba76b","messageTitle":"Fix GUI bugs","messageBody":"","fileTypesAndContributionMap":{"gradle":{"insertions":3,"deletions":11},"java":{"insertions":51,"deletions":28}}},{"hash":"c9db012699288c589665e8a2e55346decda9719d","messageTitle":"Add gradle Checkstyle","messageBody":"","fileTypesAndContributionMap":{"gradle":{"insertions":6,"deletions":2},"java":{"insertions":27,"deletions":23}}},{"hash":"39e8def51b2031d4ee4333b64da9c5dacb12c104","messageTitle":"Add assertions","messageBody":"","fileTypesAndContributionMap":{"java":{"insertions":86,"deletions":51}}},{"hash":"43ced69152888a15e3ddd94beae8bf61b6c5964c","messageTitle":"Edit small comment to play with PRs","messageBody":"","fileTypesAndContributionMap":{"java":{"insertions":1,"deletions":1}}}]},{"date":"2021-02-12","commitResults":[{"hash":"18b343e88cfec9e367bbcdc5ccc996161b94ed61","messageTitle":"Refactor OlafApp into Command classes","messageBody":"","fileTypesAndContributionMap":{"gradle":{"insertions":3,"deletions":2},"java":{"insertions":402,"deletions":153}}},{"hash":"c663cc6c8c143055b0e176a719aebcf29219f362","messageTitle":"Refactor key user commands to an Interface","messageBody":"","fileTypesAndContributionMap":{"java":{"insertions":24,"deletions":10}}},{"hash":"2bb0528edf9009dba36b753ce7719900bf3dff6b","messageTitle":"Add varargs to Command.execute method","messageBody":"","fileTypesAndContributionMap":{"java":{"insertions":52,"deletions":24}}},{"hash":"97f88c17dd9547d3bb809bbc88e094ff8f44a002","messageTitle":"Fix checkstyle errors","messageBody":"","fileTypesAndContributionMap":{"java":{"insertions":2,"deletions":3}}},{"hash":"bf8b2f7e87167151cffac7b072cf762975e30fef","messageTitle":"Add feature to get reminder of upcoming tasks","messageBody":"","fileTypesAndContributionMap":{"java":{"insertions":106,"deletions":4}}},{"hash":"279cbea9bc08bdd158969a88774582e8b2fd95f7","messageTitle":"Fix bug when loading data from storage","messageBody":"","tags":["BCD-Extension","A-Varargs"],"fileTypesAndContributionMap":{"java":{"insertions":3,"deletions":2}}}]},{"date":"2021-02-18","commitResults":[{"hash":"141ca3136ad8a8cfb0776a61c50c87e6476f23f1","messageTitle":"Finalise features","messageBody":"","fileTypesAndContributionMap":{"java":{"insertions":46,"deletions":60}}}]},{"date":"2021-02-19","commitResults":[{"hash":"d2cef8922a772838c9875be82e41de20d08cc8c5","messageTitle":"Update README.md","messageBody":"","fileTypesAndContributionMap":{"java":{"insertions":9,"deletions":8},"md":{"insertions":184,"deletions":11}}},{"hash":"170c160b2bff56029bf4c68baef977ba0247e1df","messageTitle":"Edit README.md","messageBody":"","tags":["v0.2","A-UserGuide","A-Release"],"fileTypesAndContributionMap":{"md":{"insertions":4,"deletions":4}}},{"hash":"2f4ec752c165d230afc451bdc7f4cef7b052c42c","messageTitle":"Final features for submission","messageBody":"","fileTypesAndContributionMap":{"java":{"insertions":6,"deletions":2},"md":{"insertions":5,"deletions":4}}},{"hash":"7e410c87b410591b60b5a8e9b94f90e42ff6dc9d","messageTitle":"Final final features for submission","messageBody":"","tags":["A-BetterGui"],"fileTypesAndContributionMap":{"java":{"insertions":21,"deletions":11}}},{"hash":"5e9ce2a0178bb722a555c5320a1f477735787251","messageTitle":"Update README.md","messageBody":"","fileTypesAndContributionMap":{"md":{"insertions":2,"deletions":2}}},{"hash":"8039f8ae7d42e54dda3bd87b58ae7538cf6d94c2","messageTitle":"Fix checkstyle errors","messageBody":"","fileTypesAndContributionMap":{"java":{"insertions":9,"deletions":10}}}]}]},"authorFileTypeContributionMap":{"VRSoorya":{"java":1542,"md":175,"fxml":39,"sh":0,"bat":89,"gradle":51,"txt":21}},"authorContributionVariance":{"VRSoorya":83716.4},"authorDisplayNameMap":{"VRSoorya":"CS2103-T16-3 V R ..ORYA"}}
