{"authorDailyContributionsMap":{"chewterence":[{"date":"2021-01-19","commitResults":[{"hash":"ac74c7206377fb7638271f41f7b58ac6da9f884e","messageTitle":"Create Duke chat bot with Greet, Echo and Exit","messageBody":"* add Main driver class\n* add InputHandler class that processes inputs\n* update Duke class to interface with main driver class\n","tags":["Level-1"],"fileTypesAndContributionMap":{"java":{"insertions":54,"deletions":7}}}]},{"date":"2021-01-20","commitResults":[{"hash":"79f76fcecc440a94300d76dd6304f49103431b5c","messageTitle":"Add commands List and Add","messageBody":"* add command interface for future commands\n* add Task class to encapsulate descriptions of tasks\n* add TaskList class to encapsulate a list of tasks\n* add ListCommand class that lists tasks from TaskList\n* add AddCommand class that adds tasks to TaskList\n* add ByeCommand class that exits the Duke chat bot\n","tags":["Level-2"],"fileTypesAndContributionMap":{"java":{"insertions":127,"deletions":11}}},{"hash":"32dbdba9f1e3778fab8e269db328c3a3d9412920","messageTitle":"Add ability to mark tasks as done","messageBody":"* add DoneCommand that marks tasks as done\n* update InputHandler to handle done command\n* update Task class to encapsulate variables to track completion of tasks\n* update TaskList class to handle modification of list of tasks\n","tags":["Level-3"],"fileTypesAndContributionMap":{"java":{"insertions":80,"deletions":8}}},{"hash":"06abfe6650762d53e53a0539e3e1d70e157a14cf","messageTitle":"Add support for tracking Todo, Event and Deadline Tasks","messageBody":"* update AddCommand class to support three types of tasks\n* add DeadlineTask class to encapsulate tasks with deadlines\n* add EventTask class to encapsulate tasks with event durations\n* add TodoTask class to encapsulate tasks without deadlines or durations\n* update InputHandler to support addition of three types of tasks\n* update Task class to support inheritance\n","tags":["Level-4"],"fileTypesAndContributionMap":{"java":{"insertions":103,"deletions":28}}},{"hash":"2c9e2a2730a053e8a001ba4fc7688172e62b5fa5","messageTitle":"Update text-ui-test to semi-automate testing of Duke chat bot","messageBody":"* add inputs and expected outputs of simple tests\n","tags":["A-TextUiTesting"],"fileTypesAndContributionMap":{"txt":{"insertions":8,"deletions":0},"java":{"insertions":1,"deletions":0},"sh":{"insertions":1,"deletions":1}}},{"hash":"2c020c9901e07c44ef58bc89471ee0e9a37d48d5","messageTitle":"Add ability to handle errors","messageBody":"* add DukeException class that represents errors\n* update InputHandler to throw DukeExceptions when errors are encountered\n* update Duke class to handle DukeExceptions\n","tags":["Level-5"],"fileTypesAndContributionMap":{"java":{"insertions":23,"deletions":8}}}]},{"date":"2021-01-21","commitResults":[{"hash":"dbbd5f1e24378db6070c8e1a645b71490996afd4","messageTitle":"Remove busy waiting that causes input to not terminate","messageBody":"","fileTypesAndContributionMap":{"java":{"insertions":1,"deletions":2}}}]}]},"authorFileTypeContributionMap":{"chewterence":{"java":332,"md":0,"fxml":0,"sh":1,"bat":0,"gradle":0,"txt":8}},"authorContributionVariance":{"chewterence":13040.265},"authorDisplayNameMap":{"chewterence":"CHEW..ENCE"}}
