{"authorDailyContributionsMap":{"chewterence":[{"date":"2021-01-19","commitResults":[{"hash":"ac74c7206377fb7638271f41f7b58ac6da9f884e","messageTitle":"Create Duke chat bot with Greet, Echo and Exit","messageBody":"* add Main driver class\n* add InputHandler class that processes inputs\n* update Duke class to interface with main driver class\n","tags":["Level-1"],"fileTypesAndContributionMap":{"java":{"insertions":54,"deletions":7}}}]},{"date":"2021-01-20","commitResults":[{"hash":"79f76fcecc440a94300d76dd6304f49103431b5c","messageTitle":"Add commands List and Add","messageBody":"* add command interface for future commands\n* add Task class to encapsulate descriptions of tasks\n* add TaskList class to encapsulate a list of tasks\n* add ListCommand class that lists tasks from TaskList\n* add AddCommand class that adds tasks to TaskList\n* add ByeCommand class that exits the Duke chat bot\n","tags":["Level-2"],"fileTypesAndContributionMap":{"java":{"insertions":127,"deletions":11}}},{"hash":"32dbdba9f1e3778fab8e269db328c3a3d9412920","messageTitle":"Add ability to mark tasks as done","messageBody":"* add DoneCommand that marks tasks as done\n* update InputHandler to handle done command\n* update Task class to encapsulate variables to track completion of tasks\n* update TaskList class to handle modification of list of tasks\n","tags":["Level-3"],"fileTypesAndContributionMap":{"java":{"insertions":80,"deletions":8}}},{"hash":"06abfe6650762d53e53a0539e3e1d70e157a14cf","messageTitle":"Add support for tracking Todo, Event and Deadline Tasks","messageBody":"* update AddCommand class to support three types of tasks\n* add DeadlineTask class to encapsulate tasks with deadlines\n* add EventTask class to encapsulate tasks with event durations\n* add TodoTask class to encapsulate tasks without deadlines or durations\n* update InputHandler to support addition of three types of tasks\n* update Task class to support inheritance\n","tags":["Level-4"],"fileTypesAndContributionMap":{"java":{"insertions":103,"deletions":28}}},{"hash":"2c9e2a2730a053e8a001ba4fc7688172e62b5fa5","messageTitle":"Update text-ui-test to semi-automate testing of Duke chat bot","messageBody":"* add inputs and expected outputs of simple tests\n","tags":["A-TextUiTesting"],"fileTypesAndContributionMap":{"txt":{"insertions":8,"deletions":0},"java":{"insertions":1,"deletions":0},"sh":{"insertions":1,"deletions":1}}},{"hash":"2c020c9901e07c44ef58bc89471ee0e9a37d48d5","messageTitle":"Add ability to handle errors","messageBody":"* add DukeException class that represents errors\n* update InputHandler to throw DukeExceptions when errors are encountered\n* update Duke class to handle DukeExceptions\n","tags":["Level-5"],"fileTypesAndContributionMap":{"java":{"insertions":23,"deletions":8}}}]},{"date":"2021-01-21","commitResults":[{"hash":"dbbd5f1e24378db6070c8e1a645b71490996afd4","messageTitle":"Remove busy waiting that causes input to not terminate","messageBody":"","fileTypesAndContributionMap":{"java":{"insertions":1,"deletions":2}}},{"hash":"d99f4cc3e431a2c3ec206c5fdf8c3f7c73884f22","messageTitle":"Add support for deleteing tasks from the list","messageBody":"* add DeleteCommand class that deletes tasks from taskList\n* update InputHandler to support delete command\n* update TaskList to support deleting of tasks\n","tags":["Level-6"],"fileTypesAndContributionMap":{"txt":{"insertions":1,"deletions":1},"java":{"insertions":90,"deletions":28}}}]},{"date":"2021-01-25","commitResults":[{"hash":"c0beb75230ba1e8d01cd3f4569a8638dd3f3793f","messageTitle":"Add ability to save tasks in the hard disk automatically","messageBody":"* create StorageHandler class to encapsulate handling of reading and writing from files\n* update AddCommand class to handle saving of files\n* update Duke class to handle saving of files\n","fileTypesAndContributionMap":{"java":{"insertions":163,"deletions":12}}},{"hash":"4afaac6b1e9a8a7f142aba3eed1f52842042adc7","messageTitle":"Extract AddCommand class into 3 classes","messageBody":"* separate AddToDo, AddDeadline and AddEvent classes.\n* modify DeadlineTask class to encapsulate java LocalDate format\n* update InputHandler class to handle parsing of inputs for java LocalDate format\n","fileTypesAndContributionMap":{"java":{"insertions":119,"deletions":43}}},{"hash":"00a42140ef1fadaeb51ea53855e9ddbc4701057b","messageTitle":"Update DeadlineTask class to display LocalDate with format","messageBody":"","fileTypesAndContributionMap":{"java":{"insertions":13,"deletions":3}}},{"hash":"45cae1de9a1d48a52b3e9ce1193cdda26d37293b","messageTitle":"Rename InputHandler class and StorageHandler class","messageBody":"* rename InputHandler class to Parser to match project requirements\n* rename StorageHandler class to Storage to match project requirements\n","fileTypesAndContributionMap":{"java":{"insertions":6,"deletions":6}}},{"hash":"4ffade3eba8b3fff9b18f0749731c1f3ed447a83","messageTitle":"Update storage for compatibility with LocalDate format","messageBody":"merging branch-Level-7 and branch-level-8 caused Storage class to not be able to handle java LocalDate format\n\n* update DeadlineTask and EventTask to encapsulate serialization of java LocalDate format\n* update Storage class to handle reading and writing to and from file with serialized java LocalDate format\n","fileTypesAndContributionMap":{"java":{"insertions":72,"deletions":43}}},{"hash":"378b3aed8411ffe3a8b31fd3b638ef5600f16067","messageTitle":"Create Ui class to encapsulate output handling","messageBody":"","tags":["A-MoreOOP"],"fileTypesAndContributionMap":{"java":{"insertions":54,"deletions":19}}},{"hash":"58871044227617a824be44b22045f7a51cb0a981","messageTitle":"Package classes","messageBody":"","tags":["A-Packages"],"fileTypesAndContributionMap":{"java":{"insertions":169,"deletions":85},"bat":{"insertions":2,"deletions":2},"md":{"insertions":2,"deletions":2}}}]},{"date":"2021-01-26","commitResults":[{"hash":"7ad8c571778f6362e84b171e0237adbebae6bfc4","messageTitle":"Add JUnit tests for automated testing","messageBody":"","tags":["A-Jar","A-JUnit"],"fileTypesAndContributionMap":{"java":{"insertions":62,"deletions":2}}},{"hash":"f8dfa599f0da60e6df9e50a6fd1358ff05a152d0","messageTitle":"Add java documentation for command package","messageBody":"","fileTypesAndContributionMap":{"java":{"insertions":166,"deletions":60}}},{"hash":"41b5ff3fae738a0971588fb5569dc7a9789c0311","messageTitle":"Restructure project directories","messageBody":"","fileTypesAndContributionMap":{"java":{"insertions":4,"deletions":5}}},{"hash":"edcde1585b92962c02e967f4db105e4e311d3d62","messageTitle":"Add java documentation for task package","messageBody":"","fileTypesAndContributionMap":{"java":{"insertions":182,"deletions":18}}},{"hash":"3716841f926518a86d797fc8614ebeac1f5ba423","messageTitle":"Update code to follow coding standard","messageBody":"","fileTypesAndContributionMap":{"java":{"insertions":60,"deletions":44}}},{"hash":"1e218c59f10cf493fc1fb8021978d67347612838","messageTitle":"Add support to find task by searching for keyword","messageBody":"","fileTypesAndContributionMap":{"java":{"insertions":73,"deletions":12}}},{"hash":"107ad3fd2b7924be9e3b2fe27c79fbaa10af3215","messageTitle":"Update code to follow styling conventions","messageBody":"","fileTypesAndContributionMap":{"java":{"insertions":10,"deletions":1}}}]},{"date":"2021-01-30","commitResults":[{"hash":"304cc51c1d8b5a9ad45d7bcf4c0a1596f205156f","messageTitle":"Update gradle configuration and add checkstyle","messageBody":"","tags":["A-Gradle","A-CheckStyle"],"fileTypesAndContributionMap":{"gradle":{"insertions":2,"deletions":1},"java":{"insertions":15,"deletions":12},"bat":{"insertions":4,"deletions":18}}}]},{"date":"2021-01-31","commitResults":[{"hash":"3c00fb195d916820043ae73c78863a61a591df38","messageTitle":"Add GUI using java fx","messageBody":"","fileTypesAndContributionMap":{"gradle":{"insertions":13,"deletions":0},"java":{"insertions":162,"deletions":22}}}]},{"date":"2021-02-02","commitResults":[{"hash":"549dffe2e1e4720d5cd8ae21bd9e998763c25b03","messageTitle":"Add more input validation","messageBody":"","tags":["Level-10"],"fileTypesAndContributionMap":{"java":{"insertions":31,"deletions":15}}}]}]},"authorFileTypeContributionMap":{"chewterence":{"java":1351,"md":2,"fxml":46,"sh":1,"bat":6,"gradle":15,"txt":8}},"authorContributionVariance":{"chewterence":48945.13},"authorDisplayNameMap":{"chewterence":"CS2103T-W10-1 CHEW..ENCE"}}
