[{"path":"src/main/java/Deadline.java","fileType":"java","lines":[{"lineNumber":1,"author":{"gitId":"khiaxeng"},"content":"public class Deadline extends Task {"},{"lineNumber":2,"author":{"gitId":"khiaxeng"},"content":""},{"lineNumber":3,"author":{"gitId":"khiaxeng"},"content":"    protected String by;"},{"lineNumber":4,"author":{"gitId":"khiaxeng"},"content":""},{"lineNumber":5,"author":{"gitId":"khiaxeng"},"content":"    public Deadline(String description, String by) {"},{"lineNumber":6,"author":{"gitId":"khiaxeng"},"content":"        super(description);"},{"lineNumber":7,"author":{"gitId":"khiaxeng"},"content":"        this.by \u003d by;"},{"lineNumber":8,"author":{"gitId":"khiaxeng"},"content":"    }"},{"lineNumber":9,"author":{"gitId":"khiaxeng"},"content":""},{"lineNumber":10,"author":{"gitId":"khiaxeng"},"content":"    @Override"},{"lineNumber":11,"author":{"gitId":"khiaxeng"},"content":"    public String toString() {"},{"lineNumber":12,"author":{"gitId":"khiaxeng"},"content":"        return \"[D]\" + super.toString() + \" (by: \" + by + \")\";"},{"lineNumber":13,"author":{"gitId":"khiaxeng"},"content":"    }"},{"lineNumber":14,"author":{"gitId":"khiaxeng"},"content":"}"}],"authorContributionMap":{"khiaxeng":14}},{"path":"src/main/java/Duke.java","fileType":"java","lines":[{"lineNumber":1,"author":{"gitId":"khiaxeng"},"content":"import java.util.ArrayList;"},{"lineNumber":2,"author":{"gitId":"khiaxeng"},"content":""},{"lineNumber":3,"author":{"gitId":"-"},"content":"public class Duke {"},{"lineNumber":4,"author":{"gitId":"khiaxeng"},"content":""},{"lineNumber":5,"author":{"gitId":"khiaxeng"},"content":"    private static final ArrayList\u003cTask\u003e tasks \u003d new ArrayList\u003c\u003e(100);"},{"lineNumber":6,"author":{"gitId":"khiaxeng"},"content":""},{"lineNumber":7,"author":{"gitId":"khiaxeng"},"content":"    private static final String[] commands \u003d { \"bye\", \"list\", \"done\", \"todo\", \"deadline\", \"event\","},{"lineNumber":8,"author":{"gitId":"khiaxeng"},"content":"            \"delete\"};"},{"lineNumber":9,"author":{"gitId":"khiaxeng"},"content":""},{"lineNumber":10,"author":{"gitId":"khiaxeng"},"content":"    // Divider for Duke\u0027s Hello message."},{"lineNumber":11,"author":{"gitId":"khiaxeng"},"content":"    private static final String BORDER \u003d \"+-+-+-+-+-+-+-+-+-+-+-+-+-+-+-+-+-+-+-+-\""},{"lineNumber":12,"author":{"gitId":"khiaxeng"},"content":"            + \"+-+-+-+-+-+\";"},{"lineNumber":13,"author":{"gitId":"khiaxeng"},"content":""},{"lineNumber":14,"author":{"gitId":"khiaxeng"},"content":"    // Prints a string with a 4-space indent."},{"lineNumber":15,"author":{"gitId":"khiaxeng"},"content":"    public void indentedPrint(String s) {"},{"lineNumber":16,"author":{"gitId":"khiaxeng"},"content":"        System.out.println(\"    \" + s);"},{"lineNumber":17,"author":{"gitId":"khiaxeng"},"content":"    }"},{"lineNumber":18,"author":{"gitId":"khiaxeng"},"content":""},{"lineNumber":19,"author":{"gitId":"khiaxeng"},"content":"    public void indentedPrint(int i) {"},{"lineNumber":20,"author":{"gitId":"khiaxeng"},"content":"        System.out.println(\"    \" + i);"},{"lineNumber":21,"author":{"gitId":"khiaxeng"},"content":"    }"},{"lineNumber":22,"author":{"gitId":"khiaxeng"},"content":""},{"lineNumber":23,"author":{"gitId":"khiaxeng"},"content":"    // Prints the divider."},{"lineNumber":24,"author":{"gitId":"khiaxeng"},"content":"    public void printDivider() {"},{"lineNumber":25,"author":{"gitId":"khiaxeng"},"content":"        indentedPrint(BORDER);"},{"lineNumber":26,"author":{"gitId":"khiaxeng"},"content":"    }"},{"lineNumber":27,"author":{"gitId":"khiaxeng"},"content":""},{"lineNumber":28,"author":{"gitId":"khiaxeng"},"content":"    // Greeting message from Duke."},{"lineNumber":29,"author":{"gitId":"khiaxeng"},"content":"    public void greet() {"},{"lineNumber":30,"author":{"gitId":"khiaxeng"},"content":"        System.out.println(BORDER);"},{"lineNumber":31,"author":{"gitId":"-"},"content":"        String logo \u003d \" ____        _        \\n\""},{"lineNumber":32,"author":{"gitId":"-"},"content":"                + \"|  _ \\\\ _   _| | _____ \\n\""},{"lineNumber":33,"author":{"gitId":"-"},"content":"                + \"| | | | | | | |/ / _ \\\\\\n\""},{"lineNumber":34,"author":{"gitId":"-"},"content":"                + \"| |_| | |_| |   \u003c  __/\\n\""},{"lineNumber":35,"author":{"gitId":"-"},"content":"                + \"|____/ \\\\__,_|_|\\\\_\\\\___|\\n\";"},{"lineNumber":36,"author":{"gitId":"-"},"content":"        System.out.println(\"Hello from\\n\" + logo);"},{"lineNumber":37,"author":{"gitId":"khiaxeng"},"content":"        System.out.println(BORDER);"},{"lineNumber":38,"author":{"gitId":"khiaxeng"},"content":"        System.out.println(\"How may I help you?\");"},{"lineNumber":39,"author":{"gitId":"-"},"content":"    }"},{"lineNumber":40,"author":{"gitId":"khiaxeng"},"content":""},{"lineNumber":41,"author":{"gitId":"khiaxeng"},"content":"    // Adds Task to ArrayList."},{"lineNumber":42,"author":{"gitId":"khiaxeng"},"content":"    public void addTask(Task t) {"},{"lineNumber":43,"author":{"gitId":"khiaxeng"},"content":"        tasks.add(t);"},{"lineNumber":44,"author":{"gitId":"khiaxeng"},"content":"    }"},{"lineNumber":45,"author":{"gitId":"khiaxeng"},"content":""},{"lineNumber":46,"author":{"gitId":"khiaxeng"},"content":"    // Iterates through ArrayList and prints each element."},{"lineNumber":47,"author":{"gitId":"khiaxeng"},"content":"    public void iterateList() {"},{"lineNumber":48,"author":{"gitId":"khiaxeng"},"content":"        for (int i \u003d 0; i \u003c tasks.size(); i++) {"},{"lineNumber":49,"author":{"gitId":"khiaxeng"},"content":"            this.indentedPrint((i + 1) + \". \" + tasks.get(i));"},{"lineNumber":50,"author":{"gitId":"khiaxeng"},"content":"        }"},{"lineNumber":51,"author":{"gitId":"khiaxeng"},"content":"    }"},{"lineNumber":52,"author":{"gitId":"khiaxeng"},"content":""},{"lineNumber":53,"author":{"gitId":"khiaxeng"},"content":"    public Task getTask(int index) {"},{"lineNumber":54,"author":{"gitId":"khiaxeng"},"content":"        return tasks.get(index - 1);"},{"lineNumber":55,"author":{"gitId":"khiaxeng"},"content":"    }"},{"lineNumber":56,"author":{"gitId":"khiaxeng"},"content":""},{"lineNumber":57,"author":{"gitId":"khiaxeng"},"content":"    // Marks Task at index number to the desired boolean value."},{"lineNumber":58,"author":{"gitId":"khiaxeng"},"content":"    public void setTask(int index, boolean b) {"},{"lineNumber":59,"author":{"gitId":"khiaxeng"},"content":"        Task targetTask \u003d tasks.get(index - 1);"},{"lineNumber":60,"author":{"gitId":"khiaxeng"},"content":"        targetTask.setDone(b);"},{"lineNumber":61,"author":{"gitId":"khiaxeng"},"content":"    }"},{"lineNumber":62,"author":{"gitId":"khiaxeng"},"content":""},{"lineNumber":63,"author":{"gitId":"khiaxeng"},"content":"    // Returns the number of tasks in the ArrayList."},{"lineNumber":64,"author":{"gitId":"khiaxeng"},"content":"    public int getTasksSize() {"},{"lineNumber":65,"author":{"gitId":"khiaxeng"},"content":"        return tasks.size();"},{"lineNumber":66,"author":{"gitId":"khiaxeng"},"content":"    }"},{"lineNumber":67,"author":{"gitId":"khiaxeng"},"content":""},{"lineNumber":68,"author":{"gitId":"khiaxeng"},"content":"    public void checkInput(String input) throws DukeException {"},{"lineNumber":69,"author":{"gitId":"khiaxeng"},"content":"        String[] splittedInput \u003d input.split(\" \");"},{"lineNumber":70,"author":{"gitId":"khiaxeng"},"content":"        for (String command : commands) {"},{"lineNumber":71,"author":{"gitId":"khiaxeng"},"content":"            if (splittedInput[0].equals(command)) {"},{"lineNumber":72,"author":{"gitId":"khiaxeng"},"content":"                break;"},{"lineNumber":73,"author":{"gitId":"khiaxeng"},"content":"            } else {"},{"lineNumber":74,"author":{"gitId":"khiaxeng"},"content":"                throw new DukeException(\"☹ OOPS!!! I\u0027m sorry, but I don\u0027t know what that \" +"},{"lineNumber":75,"author":{"gitId":"khiaxeng"},"content":"                        \"means :-(\");"},{"lineNumber":76,"author":{"gitId":"khiaxeng"},"content":"            }"},{"lineNumber":77,"author":{"gitId":"khiaxeng"},"content":"        }"},{"lineNumber":78,"author":{"gitId":"khiaxeng"},"content":"    }"},{"lineNumber":79,"author":{"gitId":"khiaxeng"},"content":""},{"lineNumber":80,"author":{"gitId":"khiaxeng"},"content":"    public void checkArgument(String task, String input) throws DukeException {"},{"lineNumber":81,"author":{"gitId":"khiaxeng"},"content":"        String[] splittedInput \u003d input.split(\" \");"},{"lineNumber":82,"author":{"gitId":"khiaxeng"},"content":"        if (splittedInput.length \u003d\u003d 1) {"},{"lineNumber":83,"author":{"gitId":"khiaxeng"},"content":"            throw new DukeException(\"☹ OOPS!!! The description of a \" + task +"},{"lineNumber":84,"author":{"gitId":"khiaxeng"},"content":"                    \" cannot be empty.\");"},{"lineNumber":85,"author":{"gitId":"khiaxeng"},"content":"        }"},{"lineNumber":86,"author":{"gitId":"khiaxeng"},"content":"    }"},{"lineNumber":87,"author":{"gitId":"khiaxeng"},"content":""},{"lineNumber":88,"author":{"gitId":"khiaxeng"},"content":"    public void deleteTask(int index) {"},{"lineNumber":89,"author":{"gitId":"khiaxeng"},"content":"        tasks.remove(index - 1);"},{"lineNumber":90,"author":{"gitId":"-"},"content":"    }"},{"lineNumber":91,"author":{"gitId":"-"},"content":"}"}],"authorContributionMap":{"khiaxeng":81,"-":10}},{"path":"src/main/java/DukeException.java","fileType":"java","lines":[{"lineNumber":1,"author":{"gitId":"khiaxeng"},"content":"public class DukeException extends Exception {"},{"lineNumber":2,"author":{"gitId":"khiaxeng"},"content":"    public DukeException(String s) {"},{"lineNumber":3,"author":{"gitId":"khiaxeng"},"content":"        super(s);"},{"lineNumber":4,"author":{"gitId":"khiaxeng"},"content":"    }"},{"lineNumber":5,"author":{"gitId":"khiaxeng"},"content":"}"}],"authorContributionMap":{"khiaxeng":5}},{"path":"src/main/java/Event.java","fileType":"java","lines":[{"lineNumber":1,"author":{"gitId":"khiaxeng"},"content":"public class Event extends Task {"},{"lineNumber":2,"author":{"gitId":"khiaxeng"},"content":""},{"lineNumber":3,"author":{"gitId":"khiaxeng"},"content":"    String time;"},{"lineNumber":4,"author":{"gitId":"khiaxeng"},"content":""},{"lineNumber":5,"author":{"gitId":"khiaxeng"},"content":"    public Event(String description, String time) {"},{"lineNumber":6,"author":{"gitId":"khiaxeng"},"content":"        super(description);"},{"lineNumber":7,"author":{"gitId":"khiaxeng"},"content":"        this.time \u003d time;"},{"lineNumber":8,"author":{"gitId":"khiaxeng"},"content":"    }"},{"lineNumber":9,"author":{"gitId":"khiaxeng"},"content":""},{"lineNumber":10,"author":{"gitId":"khiaxeng"},"content":"    @Override"},{"lineNumber":11,"author":{"gitId":"khiaxeng"},"content":"    public String toString() {"},{"lineNumber":12,"author":{"gitId":"khiaxeng"},"content":"        return \"[E]\" + super.toString() + \" (at: \" + time + \")\";"},{"lineNumber":13,"author":{"gitId":"khiaxeng"},"content":"    }"},{"lineNumber":14,"author":{"gitId":"khiaxeng"},"content":"}"}],"authorContributionMap":{"khiaxeng":14}},{"path":"src/main/java/Main.java","fileType":"java","lines":[{"lineNumber":1,"author":{"gitId":"khiaxeng"},"content":"import java.util.Scanner;"},{"lineNumber":2,"author":{"gitId":"khiaxeng"},"content":""},{"lineNumber":3,"author":{"gitId":"khiaxeng"},"content":"public class Main {"},{"lineNumber":4,"author":{"gitId":"khiaxeng"},"content":"    public static void main(String[] args) {"},{"lineNumber":5,"author":{"gitId":"khiaxeng"},"content":"        Duke duke \u003d new Duke();"},{"lineNumber":6,"author":{"gitId":"khiaxeng"},"content":"        duke.greet();"},{"lineNumber":7,"author":{"gitId":"khiaxeng"},"content":""},{"lineNumber":8,"author":{"gitId":"khiaxeng"},"content":"        Scanner sc \u003d new Scanner(System.in);"},{"lineNumber":9,"author":{"gitId":"khiaxeng"},"content":"        boolean toExit \u003d false;"},{"lineNumber":10,"author":{"gitId":"khiaxeng"},"content":"        while (!toExit) {"},{"lineNumber":11,"author":{"gitId":"khiaxeng"},"content":"            String input \u003d sc.nextLine();"},{"lineNumber":12,"author":{"gitId":"khiaxeng"},"content":"            String[] arr \u003d input.split(\" \", 2);"},{"lineNumber":13,"author":{"gitId":"khiaxeng"},"content":""},{"lineNumber":14,"author":{"gitId":"khiaxeng"},"content":"            // First word of input is used as switch argument."},{"lineNumber":15,"author":{"gitId":"khiaxeng"},"content":"            switch (arr[0]) {"},{"lineNumber":16,"author":{"gitId":"khiaxeng"},"content":"            case \"bye\":"},{"lineNumber":17,"author":{"gitId":"khiaxeng"},"content":"                duke.printDivider();"},{"lineNumber":18,"author":{"gitId":"khiaxeng"},"content":"                duke.indentedPrint(\"Bye. Hope to see you again soon!\");"},{"lineNumber":19,"author":{"gitId":"khiaxeng"},"content":"                duke.printDivider();"},{"lineNumber":20,"author":{"gitId":"khiaxeng"},"content":"                toExit \u003d true;"},{"lineNumber":21,"author":{"gitId":"khiaxeng"},"content":"                break;"},{"lineNumber":22,"author":{"gitId":"khiaxeng"},"content":"            case \"list\":"},{"lineNumber":23,"author":{"gitId":"khiaxeng"},"content":"                duke.printDivider();"},{"lineNumber":24,"author":{"gitId":"khiaxeng"},"content":"                duke.iterateList();"},{"lineNumber":25,"author":{"gitId":"khiaxeng"},"content":"                duke.printDivider();"},{"lineNumber":26,"author":{"gitId":"khiaxeng"},"content":"                break;"},{"lineNumber":27,"author":{"gitId":"khiaxeng"},"content":"            case \"done\":"},{"lineNumber":28,"author":{"gitId":"khiaxeng"},"content":""},{"lineNumber":29,"author":{"gitId":"khiaxeng"},"content":"                try {"},{"lineNumber":30,"author":{"gitId":"khiaxeng"},"content":"                    duke.checkArgument(\"done\", input);"},{"lineNumber":31,"author":{"gitId":"khiaxeng"},"content":"                } catch (DukeException de){"},{"lineNumber":32,"author":{"gitId":"khiaxeng"},"content":"                    duke.printDivider();"},{"lineNumber":33,"author":{"gitId":"khiaxeng"},"content":"                    duke.indentedPrint(de.getMessage());"},{"lineNumber":34,"author":{"gitId":"khiaxeng"},"content":"                    duke.printDivider();"},{"lineNumber":35,"author":{"gitId":"khiaxeng"},"content":"                    break;"},{"lineNumber":36,"author":{"gitId":"khiaxeng"},"content":"                }"},{"lineNumber":37,"author":{"gitId":"khiaxeng"},"content":""},{"lineNumber":38,"author":{"gitId":"khiaxeng"},"content":"                int index \u003d Integer.parseInt(arr[1]);"},{"lineNumber":39,"author":{"gitId":"khiaxeng"},"content":"                duke.setTask(index, true);"},{"lineNumber":40,"author":{"gitId":"khiaxeng"},"content":""},{"lineNumber":41,"author":{"gitId":"khiaxeng"},"content":"                duke.printDivider();"},{"lineNumber":42,"author":{"gitId":"khiaxeng"},"content":"                duke.indentedPrint(\"Nice! I\u0027ve marked this task as done:\");"},{"lineNumber":43,"author":{"gitId":"khiaxeng"},"content":"                duke.indentedPrint(duke.getTask(index).toString());"},{"lineNumber":44,"author":{"gitId":"khiaxeng"},"content":"                duke.printDivider();"},{"lineNumber":45,"author":{"gitId":"khiaxeng"},"content":"                break;"},{"lineNumber":46,"author":{"gitId":"khiaxeng"},"content":"            case \"todo\":"},{"lineNumber":47,"author":{"gitId":"khiaxeng"},"content":""},{"lineNumber":48,"author":{"gitId":"khiaxeng"},"content":"                try {"},{"lineNumber":49,"author":{"gitId":"khiaxeng"},"content":"                    duke.checkArgument(\"todo\", input);"},{"lineNumber":50,"author":{"gitId":"khiaxeng"},"content":"                } catch (DukeException de){"},{"lineNumber":51,"author":{"gitId":"khiaxeng"},"content":"                    duke.printDivider();"},{"lineNumber":52,"author":{"gitId":"khiaxeng"},"content":"                    duke.indentedPrint(de.getMessage());"},{"lineNumber":53,"author":{"gitId":"khiaxeng"},"content":"                    duke.printDivider();"},{"lineNumber":54,"author":{"gitId":"khiaxeng"},"content":"                    break;"},{"lineNumber":55,"author":{"gitId":"khiaxeng"},"content":"                }"},{"lineNumber":56,"author":{"gitId":"khiaxeng"},"content":""},{"lineNumber":57,"author":{"gitId":"khiaxeng"},"content":"                ToDo t \u003d new ToDo(arr[1]);"},{"lineNumber":58,"author":{"gitId":"khiaxeng"},"content":"                duke.addTask(t);"},{"lineNumber":59,"author":{"gitId":"khiaxeng"},"content":""},{"lineNumber":60,"author":{"gitId":"khiaxeng"},"content":"                duke.printDivider();"},{"lineNumber":61,"author":{"gitId":"khiaxeng"},"content":"                duke.indentedPrint(\"Got it. I\u0027ve added this task:\");"},{"lineNumber":62,"author":{"gitId":"khiaxeng"},"content":"                duke.indentedPrint(\" \" + t.toString());"},{"lineNumber":63,"author":{"gitId":"khiaxeng"},"content":"                duke.indentedPrint(\"Now you have \" + duke.getTasksSize() +"},{"lineNumber":64,"author":{"gitId":"khiaxeng"},"content":"                        \" task(s) in the list.\");"},{"lineNumber":65,"author":{"gitId":"khiaxeng"},"content":"                duke.printDivider();"},{"lineNumber":66,"author":{"gitId":"khiaxeng"},"content":"                break;"},{"lineNumber":67,"author":{"gitId":"khiaxeng"},"content":"            case \"deadline\":"},{"lineNumber":68,"author":{"gitId":"khiaxeng"},"content":""},{"lineNumber":69,"author":{"gitId":"khiaxeng"},"content":"                try {"},{"lineNumber":70,"author":{"gitId":"khiaxeng"},"content":"                    duke.checkArgument(\"deadline\", input);"},{"lineNumber":71,"author":{"gitId":"khiaxeng"},"content":"                } catch (DukeException de){"},{"lineNumber":72,"author":{"gitId":"khiaxeng"},"content":"                    duke.printDivider();"},{"lineNumber":73,"author":{"gitId":"khiaxeng"},"content":"                    duke.indentedPrint(de.getMessage());"},{"lineNumber":74,"author":{"gitId":"khiaxeng"},"content":"                    duke.printDivider();"},{"lineNumber":75,"author":{"gitId":"khiaxeng"},"content":"                    break;"},{"lineNumber":76,"author":{"gitId":"khiaxeng"},"content":"                }"},{"lineNumber":77,"author":{"gitId":"khiaxeng"},"content":""},{"lineNumber":78,"author":{"gitId":"khiaxeng"},"content":"                String[] dSplit \u003d arr[1].split(\" /by \");"},{"lineNumber":79,"author":{"gitId":"khiaxeng"},"content":"                Deadline d \u003d new Deadline(dSplit[0], dSplit[1]);"},{"lineNumber":80,"author":{"gitId":"khiaxeng"},"content":"                duke.addTask(d);"},{"lineNumber":81,"author":{"gitId":"khiaxeng"},"content":""},{"lineNumber":82,"author":{"gitId":"khiaxeng"},"content":"                duke.printDivider();"},{"lineNumber":83,"author":{"gitId":"khiaxeng"},"content":"                duke.indentedPrint(\"Got it. I\u0027ve added this task:\");"},{"lineNumber":84,"author":{"gitId":"khiaxeng"},"content":"                duke.indentedPrint(\" \" + d.toString());"},{"lineNumber":85,"author":{"gitId":"khiaxeng"},"content":"                duke.indentedPrint(\"Now you have \" + duke.getTasksSize() +"},{"lineNumber":86,"author":{"gitId":"khiaxeng"},"content":"                        \" task(s) in the list.\");"},{"lineNumber":87,"author":{"gitId":"khiaxeng"},"content":"                duke.printDivider();"},{"lineNumber":88,"author":{"gitId":"khiaxeng"},"content":"                break;"},{"lineNumber":89,"author":{"gitId":"khiaxeng"},"content":"            case \"event\":"},{"lineNumber":90,"author":{"gitId":"khiaxeng"},"content":"                String[] eSplit \u003d arr[1].split(\" /at \");"},{"lineNumber":91,"author":{"gitId":"khiaxeng"},"content":"                Event e \u003d new Event(eSplit[0], eSplit[1]);"},{"lineNumber":92,"author":{"gitId":"khiaxeng"},"content":"                duke.addTask(e);"},{"lineNumber":93,"author":{"gitId":"khiaxeng"},"content":""},{"lineNumber":94,"author":{"gitId":"khiaxeng"},"content":"                duke.printDivider();"},{"lineNumber":95,"author":{"gitId":"khiaxeng"},"content":"                duke.indentedPrint(\"Got it. I\u0027ve added this task:\");"},{"lineNumber":96,"author":{"gitId":"khiaxeng"},"content":"                duke.indentedPrint(\" \" + e.toString());"},{"lineNumber":97,"author":{"gitId":"khiaxeng"},"content":"                duke.indentedPrint(\"Now you have \" + duke.getTasksSize() +"},{"lineNumber":98,"author":{"gitId":"khiaxeng"},"content":"                        \" task(s) in the list.\");"},{"lineNumber":99,"author":{"gitId":"khiaxeng"},"content":"                duke.printDivider();"},{"lineNumber":100,"author":{"gitId":"khiaxeng"},"content":"                break;"},{"lineNumber":101,"author":{"gitId":"khiaxeng"},"content":"            case \"delete\":"},{"lineNumber":102,"author":{"gitId":"khiaxeng"},"content":"                try {"},{"lineNumber":103,"author":{"gitId":"khiaxeng"},"content":"                    duke.checkArgument(\"delete\", input);"},{"lineNumber":104,"author":{"gitId":"khiaxeng"},"content":"                } catch (DukeException de){"},{"lineNumber":105,"author":{"gitId":"khiaxeng"},"content":"                    duke.printDivider();"},{"lineNumber":106,"author":{"gitId":"khiaxeng"},"content":"                    duke.indentedPrint(de.getMessage());"},{"lineNumber":107,"author":{"gitId":"khiaxeng"},"content":"                    duke.printDivider();"},{"lineNumber":108,"author":{"gitId":"khiaxeng"},"content":"                    break;"},{"lineNumber":109,"author":{"gitId":"khiaxeng"},"content":"                }"},{"lineNumber":110,"author":{"gitId":"khiaxeng"},"content":""},{"lineNumber":111,"author":{"gitId":"khiaxeng"},"content":"                int index1 \u003d Integer.parseInt(arr[1]);"},{"lineNumber":112,"author":{"gitId":"khiaxeng"},"content":""},{"lineNumber":113,"author":{"gitId":"khiaxeng"},"content":"                duke.printDivider();"},{"lineNumber":114,"author":{"gitId":"khiaxeng"},"content":"                duke.indentedPrint(\"Noted. I\u0027ve removed this task: \");"},{"lineNumber":115,"author":{"gitId":"khiaxeng"},"content":"                duke.indentedPrint(\" \" + duke.getTask(index1).toString());"},{"lineNumber":116,"author":{"gitId":"khiaxeng"},"content":"                duke.indentedPrint(\"Now you have \" + (duke.getTasksSize() - 1) +"},{"lineNumber":117,"author":{"gitId":"khiaxeng"},"content":"                        \" task(s) in the list.\");"},{"lineNumber":118,"author":{"gitId":"khiaxeng"},"content":"                duke.printDivider();"},{"lineNumber":119,"author":{"gitId":"khiaxeng"},"content":""},{"lineNumber":120,"author":{"gitId":"khiaxeng"},"content":"                duke.deleteTask(index1);"},{"lineNumber":121,"author":{"gitId":"khiaxeng"},"content":"                break;"},{"lineNumber":122,"author":{"gitId":"khiaxeng"},"content":"            default:"},{"lineNumber":123,"author":{"gitId":"khiaxeng"},"content":"                duke.printDivider();"},{"lineNumber":124,"author":{"gitId":"khiaxeng"},"content":""},{"lineNumber":125,"author":{"gitId":"khiaxeng"},"content":"                try {"},{"lineNumber":126,"author":{"gitId":"khiaxeng"},"content":"                    duke.checkInput(input);"},{"lineNumber":127,"author":{"gitId":"khiaxeng"},"content":"                } catch (DukeException de) {"},{"lineNumber":128,"author":{"gitId":"khiaxeng"},"content":"                    duke.indentedPrint(de.getMessage());"},{"lineNumber":129,"author":{"gitId":"khiaxeng"},"content":"                }"},{"lineNumber":130,"author":{"gitId":"khiaxeng"},"content":""},{"lineNumber":131,"author":{"gitId":"khiaxeng"},"content":"                duke.printDivider();"},{"lineNumber":132,"author":{"gitId":"khiaxeng"},"content":"                break;"},{"lineNumber":133,"author":{"gitId":"khiaxeng"},"content":"            }"},{"lineNumber":134,"author":{"gitId":"khiaxeng"},"content":"        }"},{"lineNumber":135,"author":{"gitId":"khiaxeng"},"content":"    }"},{"lineNumber":136,"author":{"gitId":"khiaxeng"},"content":"}"}],"authorContributionMap":{"khiaxeng":136}},{"path":"src/main/java/Task.java","fileType":"java","lines":[{"lineNumber":1,"author":{"gitId":"khiaxeng"},"content":"public class Task {"},{"lineNumber":2,"author":{"gitId":"khiaxeng"},"content":"    protected String description;"},{"lineNumber":3,"author":{"gitId":"khiaxeng"},"content":"    protected boolean done;"},{"lineNumber":4,"author":{"gitId":"khiaxeng"},"content":""},{"lineNumber":5,"author":{"gitId":"khiaxeng"},"content":"    public Task(String description) {"},{"lineNumber":6,"author":{"gitId":"khiaxeng"},"content":"        this.description \u003d description;"},{"lineNumber":7,"author":{"gitId":"khiaxeng"},"content":"        this.done \u003d false;"},{"lineNumber":8,"author":{"gitId":"khiaxeng"},"content":"    }"},{"lineNumber":9,"author":{"gitId":"khiaxeng"},"content":""},{"lineNumber":10,"author":{"gitId":"khiaxeng"},"content":"    public String getStatusIcon() {"},{"lineNumber":11,"author":{"gitId":"khiaxeng"},"content":"        return (done ? \"\\u2713\" : \" \"); // return tick or X symbols"},{"lineNumber":12,"author":{"gitId":"khiaxeng"},"content":"    }"},{"lineNumber":13,"author":{"gitId":"khiaxeng"},"content":""},{"lineNumber":14,"author":{"gitId":"khiaxeng"},"content":"    public String getDescription() {"},{"lineNumber":15,"author":{"gitId":"khiaxeng"},"content":"        return this.description;"},{"lineNumber":16,"author":{"gitId":"khiaxeng"},"content":"    }"},{"lineNumber":17,"author":{"gitId":"khiaxeng"},"content":""},{"lineNumber":18,"author":{"gitId":"khiaxeng"},"content":"    public boolean isDone() {"},{"lineNumber":19,"author":{"gitId":"khiaxeng"},"content":"        return this.done;"},{"lineNumber":20,"author":{"gitId":"khiaxeng"},"content":"    }"},{"lineNumber":21,"author":{"gitId":"khiaxeng"},"content":""},{"lineNumber":22,"author":{"gitId":"khiaxeng"},"content":"    public void setDone(boolean b) {"},{"lineNumber":23,"author":{"gitId":"khiaxeng"},"content":"        this.done \u003d b;"},{"lineNumber":24,"author":{"gitId":"khiaxeng"},"content":"    }"},{"lineNumber":25,"author":{"gitId":"khiaxeng"},"content":""},{"lineNumber":26,"author":{"gitId":"khiaxeng"},"content":"    @Override"},{"lineNumber":27,"author":{"gitId":"khiaxeng"},"content":"    public String toString() {"},{"lineNumber":28,"author":{"gitId":"khiaxeng"},"content":"        return \"[\" + this.getStatusIcon() + \"] \" + this.description;"},{"lineNumber":29,"author":{"gitId":"khiaxeng"},"content":"    }"},{"lineNumber":30,"author":{"gitId":"khiaxeng"},"content":"}"}],"authorContributionMap":{"khiaxeng":30}},{"path":"src/main/java/ToDo.java","fileType":"java","lines":[{"lineNumber":1,"author":{"gitId":"khiaxeng"},"content":"public class ToDo extends Task {"},{"lineNumber":2,"author":{"gitId":"khiaxeng"},"content":"    public ToDo(String description) {"},{"lineNumber":3,"author":{"gitId":"khiaxeng"},"content":"        super(description);"},{"lineNumber":4,"author":{"gitId":"khiaxeng"},"content":"    }"},{"lineNumber":5,"author":{"gitId":"khiaxeng"},"content":""},{"lineNumber":6,"author":{"gitId":"khiaxeng"},"content":"    @Override"},{"lineNumber":7,"author":{"gitId":"khiaxeng"},"content":"    public String toString() {"},{"lineNumber":8,"author":{"gitId":"khiaxeng"},"content":"        return \"[T]\" + super.toString();"},{"lineNumber":9,"author":{"gitId":"khiaxeng"},"content":"    }"},{"lineNumber":10,"author":{"gitId":"khiaxeng"},"content":"}"}],"authorContributionMap":{"khiaxeng":10}},{"path":"text-ui-test/input.txt","fileType":"txt","lines":[{"lineNumber":1,"author":{"gitId":"khiaxeng"},"content":"todo borrow book"},{"lineNumber":2,"author":{"gitId":"khiaxeng"},"content":"todo asdqwe"},{"lineNumber":3,"author":{"gitId":"khiaxeng"},"content":"bye"}],"authorContributionMap":{"khiaxeng":3}},{"path":"text-ui-test/runtest.bat","fileType":"bat","lines":[{"lineNumber":1,"author":{"gitId":"-"},"content":"@ECHO OFF"},{"lineNumber":2,"author":{"gitId":"-"},"content":""},{"lineNumber":3,"author":{"gitId":"-"},"content":"REM create bin directory if it doesn\u0027t exist"},{"lineNumber":4,"author":{"gitId":"-"},"content":"if not exist ..\\bin mkdir ..\\bin"},{"lineNumber":5,"author":{"gitId":"-"},"content":""},{"lineNumber":6,"author":{"gitId":"-"},"content":"REM delete output from previous run"},{"lineNumber":7,"author":{"gitId":"-"},"content":"if exist ACTUAL.TXT del ACTUAL.TXT"},{"lineNumber":8,"author":{"gitId":"-"},"content":""},{"lineNumber":9,"author":{"gitId":"-"},"content":"REM compile the code into the bin folder"},{"lineNumber":10,"author":{"gitId":"khiaxeng"},"content":"javac  -cp ..\\src\\main\\java\\Main.java -Xlint:none -d ..\\bin ..\\src\\main\\java\\*.java"},{"lineNumber":11,"author":{"gitId":"-"},"content":"IF ERRORLEVEL 1 ("},{"lineNumber":12,"author":{"gitId":"-"},"content":"    echo ********** BUILD FAILURE **********"},{"lineNumber":13,"author":{"gitId":"-"},"content":"    exit /b 1"},{"lineNumber":14,"author":{"gitId":"-"},"content":")"},{"lineNumber":15,"author":{"gitId":"-"},"content":"REM no error here, errorlevel \u003d\u003d 0"},{"lineNumber":16,"author":{"gitId":"-"},"content":""},{"lineNumber":17,"author":{"gitId":"-"},"content":"REM run the program, feed commands from input.txt file and redirect the output to the ACTUAL.TXT"},{"lineNumber":18,"author":{"gitId":"khiaxeng"},"content":"java -classpath ..\\bin Main \u003c input.txt \u003e ACTUAL.TXT"},{"lineNumber":19,"author":{"gitId":"-"},"content":""},{"lineNumber":20,"author":{"gitId":"-"},"content":"REM compare the output to the expected output"},{"lineNumber":21,"author":{"gitId":"-"},"content":"FC ACTUAL.TXT EXPECTED.TXT"}],"authorContributionMap":{"khiaxeng":2,"-":19}}]
