{"authorDailyContributionsMap":{"xuanqi966":[{"date":"2021-01-18","commitResults":[{"hash":"ba2ce75cfaa77c081e72aeaa8a16b00621a6b480","messageTitle":"Level-1","messageBody":"","tags":["Level-1"],"fileTypesAndContributionMap":{"java":{"insertions":32,"deletions":7}}},{"hash":"250e2b9459527cfabaa8313cf2483c5ee937751a","messageTitle":"Level-2","messageBody":"","tags":["Level-2"],"fileTypesAndContributionMap":{"java":{"insertions":8,"deletions":11}}},{"hash":"b1cf07851b1eaf0a9635dc05790b1b4e8c1cefe3","messageTitle":"Level 3","messageBody":"","tags":["Level-3"],"fileTypesAndContributionMap":{"java":{"insertions":83,"deletions":4}}}]},{"date":"2021-01-19","commitResults":[{"hash":"f1fcf8fad34f3c7b566f2d357c20a839fd0114f3","messageTitle":"Level-4","messageBody":"","tags":["Level-4"],"fileTypesAndContributionMap":{"java":{"insertions":98,"deletions":18}}},{"hash":"2d284858231cabbe3deb1c4dcc055f2eb3ce3165","messageTitle":"A-TextUiTesting","messageBody":"","fileTypesAndContributionMap":{"txt":{"insertions":7,"deletions":0}}},{"hash":"d9c19b0315bde7f5e488830e35ed5ccc08d10ec7","messageTitle":"A-TextUiTesting","messageBody":"","tags":["A-TextUiTesting"],"fileTypesAndContributionMap":{"java":{"insertions":1,"deletions":1}}},{"hash":"cbe983c80b9191f116821fba369493e2332ed586","messageTitle":"Level-5","messageBody":"","tags":["Level-5"],"fileTypesAndContributionMap":{"java":{"insertions":125,"deletions":87}}},{"hash":"96dde7b26ecce383de5700734d0b247dfea09c26","messageTitle":"Level-6","messageBody":"","tags":["Level-6"],"fileTypesAndContributionMap":{"java":{"insertions":41,"deletions":11}}}]},{"date":"2021-01-26","commitResults":[{"hash":"973752d9efc5a4f2ead74066ffef63533cdd13c7","messageTitle":"Level-7","messageBody":"","tags":["Level-7"],"fileTypesAndContributionMap":{"txt":{"insertions":3,"deletions":0},"java":{"insertions":38,"deletions":0}}},{"hash":"c295b336df8310f456817a72c43bd6d9a9aacfcc","messageTitle":"Level-8","messageBody":"","tags":["Level-8"],"fileTypesAndContributionMap":{"java":{"insertions":23,"deletions":2}}},{"hash":"b1a63d36690f9139bc5dd6cd7afb5d2b2247e465","messageTitle":"A-MoreOOP","messageBody":"","tags":["A-MoreOOP"],"fileTypesAndContributionMap":{"txt":{"insertions":4,"deletions":3},"java":{"insertions":403,"deletions":201}}},{"hash":"609e883f224644233e6b70e7ae7746465556ebed","messageTitle":"A-Packages","messageBody":"","tags":["A-Packages"],"fileTypesAndContributionMap":{"java":{"insertions":19,"deletions":1}}},{"hash":"79ebd13d16c0eb982879e4f4fc0737447025568f","messageTitle":"A-JUnit","messageBody":"","tags":["v0.1","A-JUnit"],"fileTypesAndContributionMap":{"txt":{"insertions":0,"deletions":0},"java":{"insertions":63,"deletions":0}}},{"hash":"2282ca21b7b2a8e1e245c0843e56e3f571a88e3c","messageTitle":"A-JavaDoc","messageBody":"","tags":["A-JavaDoc"],"fileTypesAndContributionMap":{"java":{"insertions":127,"deletions":0}}},{"hash":"257283d1097f3c08f92740a4e9f6f17e47204a8e","messageTitle":"A-CodingStandard","messageBody":"","tags":["A-CodingStandard"],"fileTypesAndContributionMap":{"java":{"insertions":36,"deletions":18}}}]},{"date":"2021-01-27","commitResults":[{"hash":"60b344b107b3e5f9a18b5797c821cb9dcc7be9c0","messageTitle":"Level-9","messageBody":"","tags":["Level-9"],"fileTypesAndContributionMap":{"txt":{"insertions":3,"deletions":0},"java":{"insertions":57,"deletions":0}}}]},{"date":"2021-02-01","commitResults":[{"hash":"4d375b8961b7321b9a404845905601f1b3650c55","messageTitle":"A-Gradle","messageBody":"","tags":["A-Gradle"],"fileTypesAndContributionMap":{"gradle":{"insertions":46,"deletions":0},"java":{"insertions":1,"deletions":0},"bat":{"insertions":89,"deletions":0}}}]},{"date":"2021-02-02","commitResults":[{"hash":"dafd071d4e403196569929178a7d8a0fee44c33b","messageTitle":"Level-10","messageBody":"","tags":["Level-10","C-Update","A-CodeQuality","A-Assertions"],"fileTypesAndContributionMap":{"gradle":{"insertions":16,"deletions":1},"txt":{"insertions":5,"deletions":3},"java":{"insertions":383,"deletions":54}}}]},{"date":"2021-02-10","commitResults":[{"hash":"090baa987f600813bda199780ea2c268d354d51e","messageTitle":"A-Assertions","messageBody":"","fileTypesAndContributionMap":{"gradle":{"insertions":3,"deletions":1},"txt":{"insertions":1,"deletions":0},"java":{"insertions":7,"deletions":0}}},{"hash":"ba161ffe338b5025cc1d62c811df38053002d6b3","messageTitle":"A-CodeQuality","messageBody":"","fileTypesAndContributionMap":{"txt":{"insertions":1,"deletions":0},"java":{"insertions":148,"deletions":70}}},{"hash":"73007b852f91b0e43c9db0791553ebbe75d03344","messageTitle":"C-Update","messageBody":"","fileTypesAndContributionMap":{"txt":{"insertions":2,"deletions":1},"java":{"insertions":75,"deletions":0}}}]},{"date":"2021-02-19","commitResults":[{"hash":"fca29070fa72e850fa659c24d2f2c4f7ec3ff62e","messageTitle":"A-UserGuide","messageBody":"","tags":["A-UserGuide"],"fileTypesAndContributionMap":{"txt":{"insertions":1,"deletions":9},"java":{"insertions":298,"deletions":105},"md":{"insertions":119,"deletions":6}}},{"hash":"b0381eda0d76b314481c0afb66878a446601aa9e","messageTitle":"branch-Level-10","messageBody":"","fileTypesAndContributionMap":{"gradle":{"insertions":1,"deletions":1},"md":{"insertions":1,"deletions":1}}},{"hash":"fa485ee93e5ae335341eab569d89843fd954cbfe","messageTitle":"Polished coding style","messageBody":"","fileTypesAndContributionMap":{"java":{"insertions":41,"deletions":47}}}]}]},"authorFileTypeContributionMap":{"xuanqi966":{"java":1463,"md":115,"fxml":35,"sh":0,"bat":89,"gradle":63,"txt":8}},"authorContributionVariance":{"xuanqi966":38745.465},"authorDisplayNameMap":{"xuanqi966":"CS2103-W17-3 WANG..N QI"}}
