{"authorDailyContributionsMap":{"Stratostorm":[{"date":"2021-01-17","commitResults":[{"hash":"549154b209c3fe913dd2edfc6efdf7ca1611670c","messageTitle":"Changed greeting. Added echo functionality and exit commands.","messageBody":"","tags":["Level-1"],"fileTypesAndContributionMap":{"java":{"insertions":13,"deletions":6}}},{"hash":"d7b197fe4237e378322f373a03b6ea4b06f8f533","messageTitle":"Changed exit greeting","messageBody":"","fileTypesAndContributionMap":{"java":{"insertions":1,"deletions":1}}},{"hash":"123a6b20480400b04764f0dde60f0c17b640824f","messageTitle":"Replaced echo functionality with storage functionality. Implemented \"list\" command.","messageBody":"","tags":["Level-2"],"fileTypesAndContributionMap":{"java":{"insertions":15,"deletions":2}}},{"hash":"8066dd033cd229b8c9eb3bacfc09ecd03adb1d21","messageTitle":"Created Task class","messageBody":"","fileTypesAndContributionMap":{"java":{"insertions":22,"deletions":0}}},{"hash":"51a6a21e0e67798fb1840e7e14701fd1c598f591","messageTitle":"Commands now stored in the form of  Task objects.","messageBody":"","fileTypesAndContributionMap":{"java":{"insertions":8,"deletions":6}}},{"hash":"3c216022785f40e7bee3e26c037aaef301fe308c","messageTitle":"Implemented functionality for \"done\" command","messageBody":"","tags":["Level-3"],"fileTypesAndContributionMap":{"java":{"insertions":12,"deletions":4}}},{"hash":"945348c7d6c8a4f9497fb31e2b3cb334e89b9ab8","messageTitle":"Created Deadline, Event, Todo classes. Task functionality shifted to Todo.","messageBody":"","fileTypesAndContributionMap":{"java":{"insertions":24,"deletions":4}}},{"hash":"6a8b61874671163fa4ffafd67ae64f59e96e8724","messageTitle":"Implemented functionality for Events and Deadlines.","messageBody":"","tags":["Level-4"],"fileTypesAndContributionMap":{"java":{"insertions":37,"deletions":11}}},{"hash":"e0fdceddca646c1eb47729e7c989715233a2df5c","messageTitle":"Renamed application. Added test case.","messageBody":"","tags":["A-TextUiTesting"],"fileTypesAndContributionMap":{"txt":{"insertions":13,"deletions":0},"java":{"insertions":1,"deletions":1}}}]},{"date":"2021-01-19","commitResults":[{"hash":"6f0c7221fb30d2e1e051116924e5192526f5c4a5","messageTitle":"Added DukeException class. Added error handling for invalid command.","messageBody":"","fileTypesAndContributionMap":{"java":{"insertions":15,"deletions":0}}},{"hash":"d73350045d034186fa8b8225e1902f72f0d5604e","messageTitle":"Added error handling for deadline, event","messageBody":"","fileTypesAndContributionMap":{"java":{"insertions":46,"deletions":16}}},{"hash":"2b5c593a9806f16c872bf92f26fad5d108d92bf8","messageTitle":"Updated test to include error handling, removed a testing line from Duke","messageBody":"","tags":["Level-5"],"fileTypesAndContributionMap":{"txt":{"insertions":5,"deletions":0},"java":{"insertions":0,"deletions":1}}},{"hash":"75b1908ee9aeec79966f25b0d927413a5fb87fd1","messageTitle":"added functionality for delete","messageBody":"","tags":["Level-6"],"fileTypesAndContributionMap":{"java":{"insertions":6,"deletions":0}}}]}]},"authorFileTypeContributionMap":{"Stratostorm":{"java":154,"md":0,"fxml":0,"sh":0,"bat":0,"gradle":0,"txt":18}},"authorContributionVariance":{"Stratostorm":3620.2222},"authorDisplayNameMap":{"Stratostorm":"HUAN..CONG"}}
