{"authorDailyContributionsMap":{"WeiLiangLOL":[{"date":"2021-01-22","commitResults":[{"hash":"222310cd372629a0b49cb9a144af9816ada73845","messageTitle":"Added bot functionality","messageBody":"","tags":["Level-1"],"fileTypesAndContributionMap":{"java":{"insertions":57,"deletions":6}}},{"hash":"81dae21f946fafb09a82c9fe72eee5fec4af81ae","messageTitle":"Added listing functionality","messageBody":"","tags":["Level-2"],"fileTypesAndContributionMap":{"java":{"insertions":16,"deletions":2}}},{"hash":"b2a587587a76e6ba57f949c3fb3ff3c4676b066e","messageTitle":"Added tasks","messageBody":"","tags":["Level-3","A-Classes"],"fileTypesAndContributionMap":{"java":{"insertions":44,"deletions":4}}},{"hash":"991c6867bc39220c441cfdb6297d4e67902996bf","messageTitle":"Added different types of tasks","messageBody":"","tags":["Level-4"],"fileTypesAndContributionMap":{"java":{"insertions":104,"deletions":6}}},{"hash":"b1678891f3be609447a53411936ab93e92785693","messageTitle":"Added automated testing","messageBody":"","tags":["A-TextUiTesting"],"fileTypesAndContributionMap":{"txt":{"insertions":5,"deletions":0}}}]},{"date":"2021-01-26","commitResults":[{"hash":"a7ae44144e2c17dcfe3d6a7c7895947e9578e885","messageTitle":"Added bot exceptions","messageBody":"","tags":["Level-5"],"fileTypesAndContributionMap":{"java":{"insertions":12,"deletions":6}}},{"hash":"c0ceb72b82991ff448fb42c0757061ce39a7517a","messageTitle":"Added delete task","messageBody":"","tags":["Level-6","A-Enums","A-Collections"],"fileTypesAndContributionMap":{"java":{"insertions":21,"deletions":0}}}]},{"date":"2021-01-27","commitResults":[{"hash":"6bdefb2a86979229208dfc7cc7141439f15edbb0","messageTitle":"Added memory","messageBody":"","fileTypesAndContributionMap":{"java":{"insertions":92,"deletions":4}}},{"hash":"8040d641de3bd6a022b4d1f6b3aed0c96645c4d0","messageTitle":"Added datetime","messageBody":"","fileTypesAndContributionMap":{"txt":{"insertions":1,"deletions":0},"java":{"insertions":20,"deletions":12}}},{"hash":"bf34ae5e920c49320f5f55a87b9186ec34eb2822","messageTitle":"Changed to follow more OOP","messageBody":"","tags":["A-Packages","A-MoreOOP"],"fileTypesAndContributionMap":{"txt":{"insertions":1,"deletions":1},"java":{"insertions":146,"deletions":66}}},{"hash":"c4748e971640caeef5ec164fe3a3660b471d8164","messageTitle":"Added unit tests","messageBody":"","tags":["A-Jar","A-JUnit"],"fileTypesAndContributionMap":{"java":{"insertions":31,"deletions":0}}},{"hash":"9d0994f320b52ce1b430e15518a410561a7c3a4d","messageTitle":"Added some documentation","messageBody":"","fileTypesAndContributionMap":{"java":{"insertions":91,"deletions":0}}},{"hash":"d29930c6e79d6afe3a0ea36d021fc777905c2290","messageTitle":"Added find feature","messageBody":"","fileTypesAndContributionMap":{"java":{"insertions":21,"deletions":2}}},{"hash":"9a2720fa5a4864a6bd6a75c0ed37808052cd31bb","messageTitle":"Changed one line of README.md for lolz","messageBody":"","fileTypesAndContributionMap":{"md":{"insertions":1,"deletions":1}}},{"hash":"95abb5bb4bdda3342ee12cc4c0ce7c2b33147d3e","messageTitle":"Removed .gitignore files","messageBody":"","fileTypesAndContributionMap":{"txt":{"insertions":0,"deletions":1}}}]},{"date":"2021-02-03","commitResults":[{"hash":"a9d2b7c6cfb8ca65060b105c75b39f54658aca91","messageTitle":"Add GUI","messageBody":"","tags":["Level-10","A-CheckStyle"],"fileTypesAndContributionMap":{"gradle":{"insertions":9,"deletions":3},"txt":{"insertions":0,"deletions":0},"java":{"insertions":357,"deletions":283}}}]},{"date":"2021-02-10","commitResults":[{"hash":"3df3dee37988cc01cb71a6a52ab2e0e1806b7e29","messageTitle":"Add assertions","messageBody":"","fileTypesAndContributionMap":{"txt":{"insertions":1,"deletions":0},"java":{"insertions":66,"deletions":44}}},{"hash":"5abd33e50e207fa00b185416b0fb805ff03d98ee","messageTitle":"Add more javadoc comments","messageBody":"","fileTypesAndContributionMap":{"java":{"insertions":79,"deletions":41}}},{"hash":"77c09c7845c36310eb7b9771523960950caa86d0","messageTitle":"Add undo","messageBody":"","fileTypesAndContributionMap":{"java":{"insertions":20,"deletions":1}}}]},{"date":"2021-02-19","commitResults":[{"hash":"55f2b11a36d59f7b88d080f287fd8feef8eace59","messageTitle":"Add user guide","messageBody":"","tags":["A-UserGuide"],"fileTypesAndContributionMap":{"java":{"insertions":15,"deletions":19},"md":{"insertions":198,"deletions":9}}},{"hash":"b1c484d7ba88f8fcf158e287b0b7758339574f8b","messageTitle":"Add more javadoc","messageBody":"","fileTypesAndContributionMap":{"java":{"insertions":142,"deletions":2},"md":{"insertions":1,"deletions":1}}},{"hash":"c4d93dd8dc342b064507d478d9155d81562a4328","messageTitle":"Added final test case","messageBody":"","fileTypesAndContributionMap":{"java":{"insertions":30,"deletions":4}}},{"hash":"f6228cc046305dee0678730725369af85bc0d8d2","messageTitle":"Fix import ordering","messageBody":"","fileTypesAndContributionMap":{"java":{"insertions":11,"deletions":9}}},{"hash":"7fb1142dbe8251554780dd103a287b6a08fc0b09","messageTitle":"Update commands","messageBody":"","tags":["A-Release"],"fileTypesAndContributionMap":{"java":{"insertions":21,"deletions":9}}},{"hash":"691d1a8cee3bfcd70aee969e2aa24dbabf1cc3f1","messageTitle":"Add compatibility to 1.8","messageBody":"","fileTypesAndContributionMap":{"gradle":{"insertions":5,"deletions":0}}}]}]},"authorFileTypeContributionMap":{"WeiLiangLOL":{"java":886,"md":193,"fxml":31,"sh":0,"bat":0,"gradle":12,"txt":6}},"authorContributionVariance":{"WeiLiangLOL":22533.223},"authorDisplayNameMap":{"WeiLiangLOL":"CS2103T-T12-2 KUAH..IANG"}}
