[{"path":"ip/data/SwitchBlade.txt","fileType":"txt","lines":[{"lineNumber":1,"author":{"gitId":"lyueyang"},"content":"T | todo read books | F"}],"authorContributionMap":{"lyueyang":1}},{"path":"src/main/java/DateTime.java","fileType":"java","lines":[{"lineNumber":1,"author":{"gitId":"lyueyang"},"content":"import java.time.LocalDate;"},{"lineNumber":2,"author":{"gitId":"lyueyang"},"content":"import java.time.LocalDateTime;"},{"lineNumber":3,"author":{"gitId":"lyueyang"},"content":"import java.time.LocalTime;"},{"lineNumber":4,"author":{"gitId":"lyueyang"},"content":"import java.time.format.DateTimeFormatter;"},{"lineNumber":5,"author":{"gitId":"lyueyang"},"content":"import java.time.format.FormatStyle;"},{"lineNumber":6,"author":{"gitId":"lyueyang"},"content":""},{"lineNumber":7,"author":{"gitId":"lyueyang"},"content":"/**"},{"lineNumber":8,"author":{"gitId":"lyueyang"},"content":" * DateTime class to remove storing of user specified dates as a String"},{"lineNumber":9,"author":{"gitId":"lyueyang"},"content":" *"},{"lineNumber":10,"author":{"gitId":"lyueyang"},"content":" * @author leeyueyang"},{"lineNumber":11,"author":{"gitId":"lyueyang"},"content":" */"},{"lineNumber":12,"author":{"gitId":"lyueyang"},"content":"public class DateTime {"},{"lineNumber":13,"author":{"gitId":"lyueyang"},"content":"    LocalDate localDate;"},{"lineNumber":14,"author":{"gitId":"lyueyang"},"content":"    LocalTime localTime;"},{"lineNumber":15,"author":{"gitId":"lyueyang"},"content":"    LocalDateTime localDateTime;"},{"lineNumber":16,"author":{"gitId":"lyueyang"},"content":""},{"lineNumber":17,"author":{"gitId":"lyueyang"},"content":"    /**"},{"lineNumber":18,"author":{"gitId":"lyueyang"},"content":"     * Used when user does not specify time"},{"lineNumber":19,"author":{"gitId":"lyueyang"},"content":"     *"},{"lineNumber":20,"author":{"gitId":"lyueyang"},"content":"     * @param date User specified date"},{"lineNumber":21,"author":{"gitId":"lyueyang"},"content":"     */"},{"lineNumber":22,"author":{"gitId":"lyueyang"},"content":"    DateTime(String date) {"},{"lineNumber":23,"author":{"gitId":"lyueyang"},"content":"        this.localDate \u003d LocalDate.parse(date);"},{"lineNumber":24,"author":{"gitId":"lyueyang"},"content":"        this.localTime \u003d null;"},{"lineNumber":25,"author":{"gitId":"lyueyang"},"content":"        this.localDateTime \u003d null;"},{"lineNumber":26,"author":{"gitId":"lyueyang"},"content":"    }"},{"lineNumber":27,"author":{"gitId":"lyueyang"},"content":""},{"lineNumber":28,"author":{"gitId":"lyueyang"},"content":"    /**"},{"lineNumber":29,"author":{"gitId":"lyueyang"},"content":"     * Used when user specifies time"},{"lineNumber":30,"author":{"gitId":"lyueyang"},"content":"     *"},{"lineNumber":31,"author":{"gitId":"lyueyang"},"content":"     * @param date User specified date"},{"lineNumber":32,"author":{"gitId":"lyueyang"},"content":"     * @param time User specified time"},{"lineNumber":33,"author":{"gitId":"lyueyang"},"content":"     */"},{"lineNumber":34,"author":{"gitId":"lyueyang"},"content":"    DateTime(String date, String time) {"},{"lineNumber":35,"author":{"gitId":"lyueyang"},"content":"        DateTimeFormatter timeFormatter \u003d DateTimeFormatter.ofPattern(\"HHmm\");"},{"lineNumber":36,"author":{"gitId":"lyueyang"},"content":"        DateTimeFormatter dateFormatter \u003d DateTimeFormatter.ofPattern(\"yyyy-MM-dd\");"},{"lineNumber":37,"author":{"gitId":"lyueyang"},"content":""},{"lineNumber":38,"author":{"gitId":"lyueyang"},"content":"        this.localDate \u003d LocalDate.parse(date, dateFormatter);"},{"lineNumber":39,"author":{"gitId":"lyueyang"},"content":"        this.localTime \u003d LocalTime.parse(time, timeFormatter);"},{"lineNumber":40,"author":{"gitId":"lyueyang"},"content":"        this.localDateTime \u003d localDate.atTime(localTime);"},{"lineNumber":41,"author":{"gitId":"lyueyang"},"content":"    }"},{"lineNumber":42,"author":{"gitId":"lyueyang"},"content":""},{"lineNumber":43,"author":{"gitId":"lyueyang"},"content":"    /**"},{"lineNumber":44,"author":{"gitId":"lyueyang"},"content":"     * Used when user needs an output to the Ui"},{"lineNumber":45,"author":{"gitId":"lyueyang"},"content":"     *"},{"lineNumber":46,"author":{"gitId":"lyueyang"},"content":"     * @return Pretty prints the date and if applicable, time stored in this object"},{"lineNumber":47,"author":{"gitId":"lyueyang"},"content":"     */"},{"lineNumber":48,"author":{"gitId":"lyueyang"},"content":"    public String getDatetime() {"},{"lineNumber":49,"author":{"gitId":"lyueyang"},"content":"        if (localDateTime !\u003d null) {"},{"lineNumber":50,"author":{"gitId":"lyueyang"},"content":"            return DateTimeFormatter.ofLocalizedDateTime(FormatStyle.MEDIUM).format(localDateTime);"},{"lineNumber":51,"author":{"gitId":"lyueyang"},"content":"        } else {"},{"lineNumber":52,"author":{"gitId":"lyueyang"},"content":"            return DateTimeFormatter.ofLocalizedDate(FormatStyle.MEDIUM).format(localDate);"},{"lineNumber":53,"author":{"gitId":"lyueyang"},"content":"        }"},{"lineNumber":54,"author":{"gitId":"lyueyang"},"content":"    }"},{"lineNumber":55,"author":{"gitId":"lyueyang"},"content":""},{"lineNumber":56,"author":{"gitId":"lyueyang"},"content":"    /**"},{"lineNumber":57,"author":{"gitId":"lyueyang"},"content":"     * Used when system needs to store this datetime in file"},{"lineNumber":58,"author":{"gitId":"lyueyang"},"content":"     *"},{"lineNumber":59,"author":{"gitId":"lyueyang"},"content":"     * @return String of date and if applicable, time in system interpretable format for future use"},{"lineNumber":60,"author":{"gitId":"lyueyang"},"content":"     */"},{"lineNumber":61,"author":{"gitId":"lyueyang"},"content":"    public String savingDatetime() {"},{"lineNumber":62,"author":{"gitId":"lyueyang"},"content":"        if (localDateTime !\u003d null) {"},{"lineNumber":63,"author":{"gitId":"lyueyang"},"content":"            return DateTimeFormatter.ofPattern(\"yyyy-MM-dd, HHmm\").format(localDateTime);"},{"lineNumber":64,"author":{"gitId":"lyueyang"},"content":"        } else {"},{"lineNumber":65,"author":{"gitId":"lyueyang"},"content":"            return DateTimeFormatter.ofPattern(\"yyyy-MM-dd\").format(localDate);"},{"lineNumber":66,"author":{"gitId":"lyueyang"},"content":"        }"},{"lineNumber":67,"author":{"gitId":"lyueyang"},"content":"    }"},{"lineNumber":68,"author":{"gitId":"lyueyang"},"content":""},{"lineNumber":69,"author":{"gitId":"lyueyang"},"content":"    @Override"},{"lineNumber":70,"author":{"gitId":"lyueyang"},"content":"    public String toString() {"},{"lineNumber":71,"author":{"gitId":"lyueyang"},"content":"        return getDatetime();"},{"lineNumber":72,"author":{"gitId":"lyueyang"},"content":"    }"},{"lineNumber":73,"author":{"gitId":"lyueyang"},"content":"}"}],"authorContributionMap":{"lyueyang":73}},{"path":"src/main/java/Deadline.java","fileType":"java","lines":[{"lineNumber":1,"author":{"gitId":"lyueyang"},"content":"/**"},{"lineNumber":2,"author":{"gitId":"lyueyang"},"content":" * Tasks with 1 datetime will use a Deadline object"},{"lineNumber":3,"author":{"gitId":"lyueyang"},"content":" *"},{"lineNumber":4,"author":{"gitId":"lyueyang"},"content":" * @author leeyueyang"},{"lineNumber":5,"author":{"gitId":"lyueyang"},"content":" */"},{"lineNumber":6,"author":{"gitId":"lyueyang"},"content":"public class Deadline extends Task{"},{"lineNumber":7,"author":{"gitId":"lyueyang"},"content":"    DateTime datetime;"},{"lineNumber":8,"author":{"gitId":"lyueyang"},"content":""},{"lineNumber":9,"author":{"gitId":"lyueyang"},"content":"    Deadline(String description, String datetimeInput) {"},{"lineNumber":10,"author":{"gitId":"lyueyang"},"content":"        super(description);"},{"lineNumber":11,"author":{"gitId":"lyueyang"},"content":""},{"lineNumber":12,"author":{"gitId":"lyueyang"},"content":"        String[] datetime \u003d datetimeInput.split(\"\\\\s\", 2);"},{"lineNumber":13,"author":{"gitId":"lyueyang"},"content":"        if (datetime.length \u003d\u003d 2) {"},{"lineNumber":14,"author":{"gitId":"lyueyang"},"content":"            this.datetime \u003d new DateTime(datetime[0], datetime[1]);"},{"lineNumber":15,"author":{"gitId":"lyueyang"},"content":"        } else {"},{"lineNumber":16,"author":{"gitId":"lyueyang"},"content":"            this.datetime \u003d new DateTime(datetime[0]);"},{"lineNumber":17,"author":{"gitId":"lyueyang"},"content":"        }"},{"lineNumber":18,"author":{"gitId":"lyueyang"},"content":"    }"},{"lineNumber":19,"author":{"gitId":"lyueyang"},"content":""},{"lineNumber":20,"author":{"gitId":"lyueyang"},"content":"    Deadline(String description, String datetimeInput, Boolean completion) {"},{"lineNumber":21,"author":{"gitId":"lyueyang"},"content":"        super(description, completion);"},{"lineNumber":22,"author":{"gitId":"lyueyang"},"content":""},{"lineNumber":23,"author":{"gitId":"lyueyang"},"content":"        String[] datetime \u003d datetimeInput.split(\", \", 2);"},{"lineNumber":24,"author":{"gitId":"lyueyang"},"content":"        if (datetime.length \u003d\u003d 2) {"},{"lineNumber":25,"author":{"gitId":"lyueyang"},"content":"            this.datetime \u003d new DateTime(datetime[0], datetime[1]);"},{"lineNumber":26,"author":{"gitId":"lyueyang"},"content":"        } else {"},{"lineNumber":27,"author":{"gitId":"lyueyang"},"content":"            this.datetime \u003d new DateTime(datetime[0]);"},{"lineNumber":28,"author":{"gitId":"lyueyang"},"content":"        }"},{"lineNumber":29,"author":{"gitId":"lyueyang"},"content":"    }"},{"lineNumber":30,"author":{"gitId":"lyueyang"},"content":""},{"lineNumber":31,"author":{"gitId":"lyueyang"},"content":"    @Override"},{"lineNumber":32,"author":{"gitId":"lyueyang"},"content":"    public String toString() {"},{"lineNumber":33,"author":{"gitId":"lyueyang"},"content":"        StringBuilder sb \u003d new StringBuilder();"},{"lineNumber":34,"author":{"gitId":"lyueyang"},"content":""},{"lineNumber":35,"author":{"gitId":"lyueyang"},"content":"        if (this.completed) {"},{"lineNumber":36,"author":{"gitId":"lyueyang"},"content":"            sb.append(\"[D] [x] \");"},{"lineNumber":37,"author":{"gitId":"lyueyang"},"content":"        } else {"},{"lineNumber":38,"author":{"gitId":"lyueyang"},"content":"            sb.append(\"[D] [ ] \");"},{"lineNumber":39,"author":{"gitId":"lyueyang"},"content":"        }"},{"lineNumber":40,"author":{"gitId":"lyueyang"},"content":""},{"lineNumber":41,"author":{"gitId":"lyueyang"},"content":"        sb.append(this.description"},{"lineNumber":42,"author":{"gitId":"lyueyang"},"content":"                + \" by: \""},{"lineNumber":43,"author":{"gitId":"lyueyang"},"content":"                + this.datetime);"},{"lineNumber":44,"author":{"gitId":"lyueyang"},"content":"        return sb.toString();"},{"lineNumber":45,"author":{"gitId":"lyueyang"},"content":"    }"},{"lineNumber":46,"author":{"gitId":"lyueyang"},"content":"}"}],"authorContributionMap":{"lyueyang":46}},{"path":"src/main/java/Parser.java","fileType":"java","lines":[{"lineNumber":1,"author":{"gitId":"lyueyang"},"content":"/**"},{"lineNumber":2,"author":{"gitId":"lyueyang"},"content":" * Parser will be used to manipulate any String to retrieve the desired output"},{"lineNumber":3,"author":{"gitId":"lyueyang"},"content":" *"},{"lineNumber":4,"author":{"gitId":"lyueyang"},"content":" * @author leeyueyang"},{"lineNumber":5,"author":{"gitId":"lyueyang"},"content":" */"},{"lineNumber":6,"author":{"gitId":"lyueyang"},"content":""},{"lineNumber":7,"author":{"gitId":"lyueyang"},"content":"public class Parser {"},{"lineNumber":8,"author":{"gitId":"lyueyang"},"content":""},{"lineNumber":9,"author":{"gitId":"lyueyang"},"content":"    /**"},{"lineNumber":10,"author":{"gitId":"lyueyang"},"content":"     *"},{"lineNumber":11,"author":{"gitId":"lyueyang"},"content":"     * @param input String to be manipulated"},{"lineNumber":12,"author":{"gitId":"lyueyang"},"content":"     * @param argument argument to search for, typically either /by or /at"},{"lineNumber":13,"author":{"gitId":"lyueyang"},"content":"     * @return String found after the argument"},{"lineNumber":14,"author":{"gitId":"lyueyang"},"content":"     */"},{"lineNumber":15,"author":{"gitId":"lyueyang"},"content":"    private static String findDatetime(String input, String argument) {"},{"lineNumber":16,"author":{"gitId":"lyueyang"},"content":"        int argumentIndex \u003d input.lastIndexOf(argument);"},{"lineNumber":17,"author":{"gitId":"lyueyang"},"content":"        String output \u003d input.substring(argumentIndex + argument.length());"},{"lineNumber":18,"author":{"gitId":"lyueyang"},"content":""},{"lineNumber":19,"author":{"gitId":"lyueyang"},"content":"        if (output.replaceAll(\"\\\\s\", \"\").length() \u003c 1) {"},{"lineNumber":20,"author":{"gitId":"lyueyang"},"content":"            System.out.println(\"Please enter a valid date or time\");"},{"lineNumber":21,"author":{"gitId":"lyueyang"},"content":"            return null;"},{"lineNumber":22,"author":{"gitId":"lyueyang"},"content":"        }"},{"lineNumber":23,"author":{"gitId":"lyueyang"},"content":""},{"lineNumber":24,"author":{"gitId":"lyueyang"},"content":"        return output.stripLeading().stripTrailing();"},{"lineNumber":25,"author":{"gitId":"lyueyang"},"content":"    }"},{"lineNumber":26,"author":{"gitId":"lyueyang"},"content":""},{"lineNumber":27,"author":{"gitId":"lyueyang"},"content":"    /**"},{"lineNumber":28,"author":{"gitId":"lyueyang"},"content":"     *"},{"lineNumber":29,"author":{"gitId":"lyueyang"},"content":"     * @param input String to be manipulated"},{"lineNumber":30,"author":{"gitId":"lyueyang"},"content":"     * @return Datetime String for Deadline type Tasks"},{"lineNumber":31,"author":{"gitId":"lyueyang"},"content":"     */"},{"lineNumber":32,"author":{"gitId":"lyueyang"},"content":"    public static String findDeadlineDatetime(String input) {"},{"lineNumber":33,"author":{"gitId":"lyueyang"},"content":"        // split by /at and /to"},{"lineNumber":34,"author":{"gitId":"lyueyang"},"content":"        return findDatetime(input, \"/by\");"},{"lineNumber":35,"author":{"gitId":"lyueyang"},"content":"    }"},{"lineNumber":36,"author":{"gitId":"lyueyang"},"content":""},{"lineNumber":37,"author":{"gitId":"lyueyang"},"content":"    /**"},{"lineNumber":38,"author":{"gitId":"lyueyang"},"content":"     *"},{"lineNumber":39,"author":{"gitId":"lyueyang"},"content":"     * @param input String to be manipulated"},{"lineNumber":40,"author":{"gitId":"lyueyang"},"content":"     * @return String[] containing start datetime and end datetime"},{"lineNumber":41,"author":{"gitId":"lyueyang"},"content":"     */"},{"lineNumber":42,"author":{"gitId":"lyueyang"},"content":"    public static String[] findEventDatetime(String input) {"},{"lineNumber":43,"author":{"gitId":"lyueyang"},"content":"        // split by /at and /to"},{"lineNumber":44,"author":{"gitId":"lyueyang"},"content":"        String output \u003d input;"},{"lineNumber":45,"author":{"gitId":"lyueyang"},"content":""},{"lineNumber":46,"author":{"gitId":"lyueyang"},"content":"        if (input.contains(\"/at\")) {"},{"lineNumber":47,"author":{"gitId":"lyueyang"},"content":"            output \u003d findDatetime(input, \"/at\");"},{"lineNumber":48,"author":{"gitId":"lyueyang"},"content":"        }"},{"lineNumber":49,"author":{"gitId":"lyueyang"},"content":""},{"lineNumber":50,"author":{"gitId":"lyueyang"},"content":"        if (output !\u003d null) {"},{"lineNumber":51,"author":{"gitId":"lyueyang"},"content":"            // first element would be the start datetime"},{"lineNumber":52,"author":{"gitId":"lyueyang"},"content":"            // second element would be the end datetime"},{"lineNumber":53,"author":{"gitId":"lyueyang"},"content":""},{"lineNumber":54,"author":{"gitId":"lyueyang"},"content":"            String[] outputArr \u003d output.split(\"/to\");"},{"lineNumber":55,"author":{"gitId":"lyueyang"},"content":""},{"lineNumber":56,"author":{"gitId":"lyueyang"},"content":"            for (int i \u003d 0; i \u003c outputArr.length; i++) {"},{"lineNumber":57,"author":{"gitId":"lyueyang"},"content":"                outputArr[i] \u003d outputArr[i].stripLeading().stripTrailing();"},{"lineNumber":58,"author":{"gitId":"lyueyang"},"content":"            }"},{"lineNumber":59,"author":{"gitId":"lyueyang"},"content":"            return outputArr;"},{"lineNumber":60,"author":{"gitId":"lyueyang"},"content":"        }"},{"lineNumber":61,"author":{"gitId":"lyueyang"},"content":""},{"lineNumber":62,"author":{"gitId":"lyueyang"},"content":"        return null;"},{"lineNumber":63,"author":{"gitId":"lyueyang"},"content":"    }"},{"lineNumber":64,"author":{"gitId":"lyueyang"},"content":""},{"lineNumber":65,"author":{"gitId":"lyueyang"},"content":"    /**"},{"lineNumber":66,"author":{"gitId":"lyueyang"},"content":"     *"},{"lineNumber":67,"author":{"gitId":"lyueyang"},"content":"     * @param input String to be manipulated"},{"lineNumber":68,"author":{"gitId":"lyueyang"},"content":"     * @return Removes command from input string and returns description without datetime"},{"lineNumber":69,"author":{"gitId":"lyueyang"},"content":"     */"},{"lineNumber":70,"author":{"gitId":"lyueyang"},"content":"    public static String findDescription(String input) {"},{"lineNumber":71,"author":{"gitId":"lyueyang"},"content":"        String noCommand \u003d input.split(\"\\\\s+\", 2)[1];"},{"lineNumber":72,"author":{"gitId":"lyueyang"},"content":""},{"lineNumber":73,"author":{"gitId":"lyueyang"},"content":"        if (noCommand.contains(\"/by\")) {"},{"lineNumber":74,"author":{"gitId":"lyueyang"},"content":"            return noCommand.split(\"/by\")[0].stripLeading().stripTrailing();"},{"lineNumber":75,"author":{"gitId":"lyueyang"},"content":"        } else if (noCommand.contains(\"/at\")) {"},{"lineNumber":76,"author":{"gitId":"lyueyang"},"content":"            return noCommand.split(\"/at\")[0].stripLeading().stripTrailing();"},{"lineNumber":77,"author":{"gitId":"lyueyang"},"content":"        } else {"},{"lineNumber":78,"author":{"gitId":"lyueyang"},"content":"            return noCommand;"},{"lineNumber":79,"author":{"gitId":"lyueyang"},"content":"        }"},{"lineNumber":80,"author":{"gitId":"lyueyang"},"content":"    }"},{"lineNumber":81,"author":{"gitId":"lyueyang"},"content":"}"}],"authorContributionMap":{"lyueyang":81}},{"path":"src/main/java/Storage.java","fileType":"java","lines":[{"lineNumber":1,"author":{"gitId":"lyueyang"},"content":"import java.io.File;"},{"lineNumber":2,"author":{"gitId":"lyueyang"},"content":"import java.io.FileNotFoundException;"},{"lineNumber":3,"author":{"gitId":"lyueyang"},"content":"import java.io.FileWriter;"},{"lineNumber":4,"author":{"gitId":"lyueyang"},"content":"import java.io.IOException;"},{"lineNumber":5,"author":{"gitId":"lyueyang"},"content":"import java.nio.file.Files;"},{"lineNumber":6,"author":{"gitId":"lyueyang"},"content":"import java.nio.file.Path;"},{"lineNumber":7,"author":{"gitId":"lyueyang"},"content":"import java.util.ArrayList;"},{"lineNumber":8,"author":{"gitId":"lyueyang"},"content":"import java.util.Scanner;"},{"lineNumber":9,"author":{"gitId":"lyueyang"},"content":""},{"lineNumber":10,"author":{"gitId":"lyueyang"},"content":"/**"},{"lineNumber":11,"author":{"gitId":"lyueyang"},"content":" * Storage will be the class used to handle any IO from SwitchBlade to its storage file"},{"lineNumber":12,"author":{"gitId":"lyueyang"},"content":" *"},{"lineNumber":13,"author":{"gitId":"lyueyang"},"content":" * @author leeyueyang"},{"lineNumber":14,"author":{"gitId":"lyueyang"},"content":" */"},{"lineNumber":15,"author":{"gitId":"lyueyang"},"content":""},{"lineNumber":16,"author":{"gitId":"lyueyang"},"content":"public class Storage {"},{"lineNumber":17,"author":{"gitId":"lyueyang"},"content":""},{"lineNumber":18,"author":{"gitId":"lyueyang"},"content":"    /**"},{"lineNumber":19,"author":{"gitId":"lyueyang"},"content":"     * Retrieves and interprets information from \"SwitchBlade.txt\""},{"lineNumber":20,"author":{"gitId":"lyueyang"},"content":"     *"},{"lineNumber":21,"author":{"gitId":"lyueyang"},"content":"     * @return Tasks read from SwitchBlade.txt file"},{"lineNumber":22,"author":{"gitId":"lyueyang"},"content":"     * @param directory String of directory containing \"SwitchBlade.txt\""},{"lineNumber":23,"author":{"gitId":"lyueyang"},"content":"     * @exception FileNotFoundException \"SwitchBlade.txt\" which contains the data has not been created"},{"lineNumber":24,"author":{"gitId":"lyueyang"},"content":"     */"},{"lineNumber":25,"author":{"gitId":"lyueyang"},"content":"    public static ArrayList\u003cTask\u003e retrieve(String directory) throws FileNotFoundException {"},{"lineNumber":26,"author":{"gitId":"lyueyang"},"content":"        String filepath \u003d directory + \"/SwitchBlade.txt\";"},{"lineNumber":27,"author":{"gitId":"lyueyang"},"content":"        File file \u003d new File(filepath);"},{"lineNumber":28,"author":{"gitId":"lyueyang"},"content":"        ArrayList\u003cTask\u003e output \u003d new ArrayList\u003c\u003e();"},{"lineNumber":29,"author":{"gitId":"lyueyang"},"content":""},{"lineNumber":30,"author":{"gitId":"lyueyang"},"content":"        if (Files.exists(Path.of(filepath))) {"},{"lineNumber":31,"author":{"gitId":"lyueyang"},"content":"            Scanner sc \u003d new Scanner(file);"},{"lineNumber":32,"author":{"gitId":"lyueyang"},"content":""},{"lineNumber":33,"author":{"gitId":"lyueyang"},"content":"            while (sc.hasNextLine()) {"},{"lineNumber":34,"author":{"gitId":"lyueyang"},"content":"                String[] stringArr \u003d sc.nextLine().split(\" \\\\| \");"},{"lineNumber":35,"author":{"gitId":"lyueyang"},"content":""},{"lineNumber":36,"author":{"gitId":"lyueyang"},"content":"                switch (stringArr[0]) {"},{"lineNumber":37,"author":{"gitId":"lyueyang"},"content":"                    case \"D\":"},{"lineNumber":38,"author":{"gitId":"lyueyang"},"content":"                        Deadline d \u003d new Deadline(stringArr[2], stringArr[1], stringArr[3].equals(\"T\"));"},{"lineNumber":39,"author":{"gitId":"lyueyang"},"content":"                        output.add(d);"},{"lineNumber":40,"author":{"gitId":"lyueyang"},"content":"                        break;"},{"lineNumber":41,"author":{"gitId":"lyueyang"},"content":"                    case \"E\":"},{"lineNumber":42,"author":{"gitId":"lyueyang"},"content":"                        if (Parser.findEventDatetime(stringArr[1]) !\u003d null) {"},{"lineNumber":43,"author":{"gitId":"lyueyang"},"content":"                            myEvent e \u003d new myEvent(stringArr[2], Parser.findEventDatetime(stringArr[1]), stringArr[3].equals(\"T\"));"},{"lineNumber":44,"author":{"gitId":"lyueyang"},"content":"                            output.add(e);"},{"lineNumber":45,"author":{"gitId":"lyueyang"},"content":"                        }"},{"lineNumber":46,"author":{"gitId":"lyueyang"},"content":"                        break;"},{"lineNumber":47,"author":{"gitId":"lyueyang"},"content":"                    case \"T\":"},{"lineNumber":48,"author":{"gitId":"lyueyang"},"content":"                        Task t \u003d new Task(stringArr[1], stringArr[2].equals(\"T\"));"},{"lineNumber":49,"author":{"gitId":"lyueyang"},"content":"                        output.add(t);"},{"lineNumber":50,"author":{"gitId":"lyueyang"},"content":"                        break;"},{"lineNumber":51,"author":{"gitId":"lyueyang"},"content":"                }"},{"lineNumber":52,"author":{"gitId":"lyueyang"},"content":"            }"},{"lineNumber":53,"author":{"gitId":"lyueyang"},"content":""},{"lineNumber":54,"author":{"gitId":"lyueyang"},"content":"        } else {"},{"lineNumber":55,"author":{"gitId":"lyueyang"},"content":"            throw new FileNotFoundException();"},{"lineNumber":56,"author":{"gitId":"lyueyang"},"content":"        }"},{"lineNumber":57,"author":{"gitId":"lyueyang"},"content":""},{"lineNumber":58,"author":{"gitId":"lyueyang"},"content":"        return output;"},{"lineNumber":59,"author":{"gitId":"lyueyang"},"content":"    }"},{"lineNumber":60,"author":{"gitId":"lyueyang"},"content":""},{"lineNumber":61,"author":{"gitId":"lyueyang"},"content":"    /**"},{"lineNumber":62,"author":{"gitId":"lyueyang"},"content":"     * Takes and interprets information from \"SwitchBlade.txt\""},{"lineNumber":63,"author":{"gitId":"lyueyang"},"content":"     *"},{"lineNumber":64,"author":{"gitId":"lyueyang"},"content":"     * @param outputToFile ArrayList of Tasks to be loaded into \"SwitchBlade.txt\""},{"lineNumber":65,"author":{"gitId":"lyueyang"},"content":"     * @param directory String of directory containing \"SwitchBlade.txt\""},{"lineNumber":66,"author":{"gitId":"lyueyang"},"content":"     * @exception IOException Error was encountered attempting to write to \"SwitchBlade.txt\""},{"lineNumber":67,"author":{"gitId":"lyueyang"},"content":"     */"},{"lineNumber":68,"author":{"gitId":"lyueyang"},"content":"    public static void save(ArrayList\u003cTask\u003e outputToFile, String directory) throws IOException {"},{"lineNumber":69,"author":{"gitId":"lyueyang"},"content":"        String filepath \u003d directory + \"/SwitchBlade.txt\";"},{"lineNumber":70,"author":{"gitId":"lyueyang"},"content":"        File file \u003d new File(filepath);"},{"lineNumber":71,"author":{"gitId":"lyueyang"},"content":"        File folder \u003d new File(directory);"},{"lineNumber":72,"author":{"gitId":"lyueyang"},"content":"        if (!Files.exists(Path.of(directory))) {"},{"lineNumber":73,"author":{"gitId":"lyueyang"},"content":"            boolean bool \u003d folder.mkdirs();"},{"lineNumber":74,"author":{"gitId":"lyueyang"},"content":"        }"},{"lineNumber":75,"author":{"gitId":"lyueyang"},"content":""},{"lineNumber":76,"author":{"gitId":"lyueyang"},"content":"        if (!Files.exists(Path.of(filepath))) {"},{"lineNumber":77,"author":{"gitId":"lyueyang"},"content":"            boolean b \u003d file.createNewFile();"},{"lineNumber":78,"author":{"gitId":"lyueyang"},"content":"        }"},{"lineNumber":79,"author":{"gitId":"lyueyang"},"content":""},{"lineNumber":80,"author":{"gitId":"lyueyang"},"content":""},{"lineNumber":81,"author":{"gitId":"lyueyang"},"content":"        FileWriter writer \u003d new FileWriter(filepath);"},{"lineNumber":82,"author":{"gitId":"lyueyang"},"content":"        StringBuilder sb \u003d new StringBuilder();"},{"lineNumber":83,"author":{"gitId":"lyueyang"},"content":""},{"lineNumber":84,"author":{"gitId":"lyueyang"},"content":"        //format: {task type} | {datetime (if applicable)} | {description} | {completion}"},{"lineNumber":85,"author":{"gitId":"lyueyang"},"content":"        for (Task t : outputToFile) {"},{"lineNumber":86,"author":{"gitId":"lyueyang"},"content":"            if (t instanceof Deadline) {"},{"lineNumber":87,"author":{"gitId":"lyueyang"},"content":"                sb.append(\"D | \""},{"lineNumber":88,"author":{"gitId":"lyueyang"},"content":"                        + ((Deadline) t).datetime.savingDatetime());"},{"lineNumber":89,"author":{"gitId":"lyueyang"},"content":"            } else if (t instanceof myEvent) {"},{"lineNumber":90,"author":{"gitId":"lyueyang"},"content":"                sb.append(\"E | \""},{"lineNumber":91,"author":{"gitId":"lyueyang"},"content":"                        + ((myEvent) t).startDatetime.savingDatetime()"},{"lineNumber":92,"author":{"gitId":"lyueyang"},"content":"                        + \" /to \""},{"lineNumber":93,"author":{"gitId":"lyueyang"},"content":"                        + ((myEvent) t).endDatetime.savingDatetime());"},{"lineNumber":94,"author":{"gitId":"lyueyang"},"content":"            } else {"},{"lineNumber":95,"author":{"gitId":"lyueyang"},"content":"                sb.append(\"T\");"},{"lineNumber":96,"author":{"gitId":"lyueyang"},"content":"            }"},{"lineNumber":97,"author":{"gitId":"lyueyang"},"content":""},{"lineNumber":98,"author":{"gitId":"lyueyang"},"content":"            sb.append(\" | \""},{"lineNumber":99,"author":{"gitId":"lyueyang"},"content":"                    + t.getDescription()"},{"lineNumber":100,"author":{"gitId":"lyueyang"},"content":"                    + \" | \""},{"lineNumber":101,"author":{"gitId":"lyueyang"},"content":"                    + (t.getCompleted() ? \"T\" : \"F\")"},{"lineNumber":102,"author":{"gitId":"lyueyang"},"content":"                    + \"\\n\");"},{"lineNumber":103,"author":{"gitId":"lyueyang"},"content":"        }"},{"lineNumber":104,"author":{"gitId":"lyueyang"},"content":""},{"lineNumber":105,"author":{"gitId":"lyueyang"},"content":"        writer.write(sb.toString());"},{"lineNumber":106,"author":{"gitId":"lyueyang"},"content":"        writer.close();"},{"lineNumber":107,"author":{"gitId":"lyueyang"},"content":"    }"},{"lineNumber":108,"author":{"gitId":"lyueyang"},"content":"}"}],"authorContributionMap":{"lyueyang":108}},{"path":"src/main/java/SwitchBlade.java","fileType":"java","lines":[{"lineNumber":1,"author":{"gitId":"lyueyang"},"content":"import java.util.ArrayList;"},{"lineNumber":2,"author":{"gitId":"lyueyang"},"content":"import java.util.Locale;"},{"lineNumber":3,"author":{"gitId":"lyueyang"},"content":"import java.util.Scanner;"},{"lineNumber":4,"author":{"gitId":"lyueyang"},"content":""},{"lineNumber":5,"author":{"gitId":"lyueyang"},"content":"/**"},{"lineNumber":6,"author":{"gitId":"lyueyang"},"content":" * Main class of the chatbot"},{"lineNumber":7,"author":{"gitId":"lyueyang"},"content":" *"},{"lineNumber":8,"author":{"gitId":"lyueyang"},"content":" * @author leeyueyang"},{"lineNumber":9,"author":{"gitId":"lyueyang"},"content":" */"},{"lineNumber":10,"author":{"gitId":"lyueyang"},"content":"public class SwitchBlade {"},{"lineNumber":11,"author":{"gitId":"lyueyang"},"content":""},{"lineNumber":12,"author":{"gitId":"lyueyang"},"content":"    private static void processCommand(String input, myList taskList) {"},{"lineNumber":13,"author":{"gitId":"lyueyang"},"content":"        String command \u003d input.split(\"\\\\s+\")[0];"},{"lineNumber":14,"author":{"gitId":"lyueyang"},"content":""},{"lineNumber":15,"author":{"gitId":"lyueyang"},"content":"        switch (command.toLowerCase(Locale.ROOT)) {"},{"lineNumber":16,"author":{"gitId":"lyueyang"},"content":"            case \"list\":"},{"lineNumber":17,"author":{"gitId":"lyueyang"},"content":"                Ui.printList(taskList);"},{"lineNumber":18,"author":{"gitId":"lyueyang"},"content":"                break;"},{"lineNumber":19,"author":{"gitId":"lyueyang"},"content":"            case \"done\":"},{"lineNumber":20,"author":{"gitId":"lyueyang"},"content":"                if (input.split(\"\\\\s+\").length \u003d\u003d 2) {"},{"lineNumber":21,"author":{"gitId":"lyueyang"},"content":"                    int index \u003d Integer.parseInt(input.split(\"\\\\s+\")[1]);"},{"lineNumber":22,"author":{"gitId":"lyueyang"},"content":"                    taskList.markCompleted(index - 1);"},{"lineNumber":23,"author":{"gitId":"lyueyang"},"content":"                } else {"},{"lineNumber":24,"author":{"gitId":"lyueyang"},"content":"                    Ui.argumentError();"},{"lineNumber":25,"author":{"gitId":"lyueyang"},"content":"                }"},{"lineNumber":26,"author":{"gitId":"lyueyang"},"content":"                break;"},{"lineNumber":27,"author":{"gitId":"lyueyang"},"content":"            case \"todo\":"},{"lineNumber":28,"author":{"gitId":"lyueyang"},"content":"                addTask(input,taskList);"},{"lineNumber":29,"author":{"gitId":"lyueyang"},"content":"                break;"},{"lineNumber":30,"author":{"gitId":"lyueyang"},"content":"            case \"deadline\":"},{"lineNumber":31,"author":{"gitId":"lyueyang"},"content":"                addDeadline(input, taskList);"},{"lineNumber":32,"author":{"gitId":"lyueyang"},"content":"                break;"},{"lineNumber":33,"author":{"gitId":"lyueyang"},"content":"            case \"event\":"},{"lineNumber":34,"author":{"gitId":"lyueyang"},"content":"                addEvent(input, taskList);"},{"lineNumber":35,"author":{"gitId":"lyueyang"},"content":"                break;"},{"lineNumber":36,"author":{"gitId":"lyueyang"},"content":"            case \"delete\":"},{"lineNumber":37,"author":{"gitId":"lyueyang"},"content":"                if (input.split(\"\\\\s+\").length \u003d\u003d 2) {"},{"lineNumber":38,"author":{"gitId":"lyueyang"},"content":"                    int index \u003d Integer.parseInt(input.split(\"\\\\s+\")[1]);"},{"lineNumber":39,"author":{"gitId":"lyueyang"},"content":"                    taskList.delete(index - 1);"},{"lineNumber":40,"author":{"gitId":"lyueyang"},"content":"                } else {"},{"lineNumber":41,"author":{"gitId":"lyueyang"},"content":"                    Ui.argumentError();"},{"lineNumber":42,"author":{"gitId":"lyueyang"},"content":"                }"},{"lineNumber":43,"author":{"gitId":"lyueyang"},"content":"                break;"},{"lineNumber":44,"author":{"gitId":"lyueyang"},"content":"            case \"find\":"},{"lineNumber":45,"author":{"gitId":"lyueyang"},"content":"                ArrayList\u003cTask\u003e foundTasks \u003d taskList.findTasks(Parser.findDescription(input));"},{"lineNumber":46,"author":{"gitId":"lyueyang"},"content":"                Ui.printFoundTasks(foundTasks);"},{"lineNumber":47,"author":{"gitId":"lyueyang"},"content":"                break;"},{"lineNumber":48,"author":{"gitId":"lyueyang"},"content":"            default:"},{"lineNumber":49,"author":{"gitId":"lyueyang"},"content":"                Ui.unknownCommand();"},{"lineNumber":50,"author":{"gitId":"lyueyang"},"content":"        }"},{"lineNumber":51,"author":{"gitId":"lyueyang"},"content":"    }"},{"lineNumber":52,"author":{"gitId":"lyueyang"},"content":""},{"lineNumber":53,"author":{"gitId":"lyueyang"},"content":"    private static void addTask(String input, myList taskList) {"},{"lineNumber":54,"author":{"gitId":"lyueyang"},"content":"        if (input.replaceAll(\"todo\", \"\").length() \u003e 0) {"},{"lineNumber":55,"author":{"gitId":"lyueyang"},"content":"            taskList.addTask(input);"},{"lineNumber":56,"author":{"gitId":"lyueyang"},"content":"        } else {"},{"lineNumber":57,"author":{"gitId":"lyueyang"},"content":"            Ui.todoError();"},{"lineNumber":58,"author":{"gitId":"lyueyang"},"content":"        }"},{"lineNumber":59,"author":{"gitId":"lyueyang"},"content":"    }"},{"lineNumber":60,"author":{"gitId":"lyueyang"},"content":""},{"lineNumber":61,"author":{"gitId":"lyueyang"},"content":"    private static void addDeadline(String input, myList taskList) {"},{"lineNumber":62,"author":{"gitId":"lyueyang"},"content":"        if (input.contains(\"/by\") \u0026\u0026 (Parser.findDeadlineDatetime(input) !\u003d null)) {"},{"lineNumber":63,"author":{"gitId":"lyueyang"},"content":"            String datetime \u003d Parser.findDeadlineDatetime(input);"},{"lineNumber":64,"author":{"gitId":"lyueyang"},"content":"            String description \u003d Parser.findDescription(input);"},{"lineNumber":65,"author":{"gitId":"lyueyang"},"content":""},{"lineNumber":66,"author":{"gitId":"lyueyang"},"content":"            taskList.addDeadline(description, datetime);"},{"lineNumber":67,"author":{"gitId":"lyueyang"},"content":"        } else {"},{"lineNumber":68,"author":{"gitId":"lyueyang"},"content":"            Ui.deadlineError();"},{"lineNumber":69,"author":{"gitId":"lyueyang"},"content":"        }"},{"lineNumber":70,"author":{"gitId":"lyueyang"},"content":"    }"},{"lineNumber":71,"author":{"gitId":"lyueyang"},"content":""},{"lineNumber":72,"author":{"gitId":"lyueyang"},"content":"    private static void addEvent(String input, myList taskList) {"},{"lineNumber":73,"author":{"gitId":"lyueyang"},"content":"        if (input.contains(\"/at\") \u0026\u0026 (Parser.findEventDatetime(input) !\u003d null)) {"},{"lineNumber":74,"author":{"gitId":"lyueyang"},"content":"            String[] datetimeArr \u003d Parser.findEventDatetime(input);"},{"lineNumber":75,"author":{"gitId":"lyueyang"},"content":"            String description \u003d Parser.findDescription(input);"},{"lineNumber":76,"author":{"gitId":"lyueyang"},"content":""},{"lineNumber":77,"author":{"gitId":"lyueyang"},"content":"            if (datetimeArr !\u003d null \u0026\u0026 datetimeArr[0] !\u003d null \u0026\u0026 datetimeArr[1] !\u003d null)"},{"lineNumber":78,"author":{"gitId":"lyueyang"},"content":"                taskList.addEvent(description, datetimeArr[0], datetimeArr[1]);"},{"lineNumber":79,"author":{"gitId":"lyueyang"},"content":"        } else {"},{"lineNumber":80,"author":{"gitId":"lyueyang"},"content":"            Ui.eventError();"},{"lineNumber":81,"author":{"gitId":"lyueyang"},"content":"        }"},{"lineNumber":82,"author":{"gitId":"lyueyang"},"content":"    }"},{"lineNumber":83,"author":{"gitId":"lyueyang"},"content":""},{"lineNumber":84,"author":{"gitId":"lyueyang"},"content":"    /**"},{"lineNumber":85,"author":{"gitId":"lyueyang"},"content":"     *"},{"lineNumber":86,"author":{"gitId":"lyueyang"},"content":"     * @param args User defined arguments when running the project from command line"},{"lineNumber":87,"author":{"gitId":"lyueyang"},"content":"     */"},{"lineNumber":88,"author":{"gitId":"lyueyang"},"content":"    public static void main(String[] args) {"},{"lineNumber":89,"author":{"gitId":"lyueyang"},"content":""},{"lineNumber":90,"author":{"gitId":"lyueyang"},"content":"        Ui.init();"},{"lineNumber":91,"author":{"gitId":"lyueyang"},"content":"        myList taskList \u003d new myList();"},{"lineNumber":92,"author":{"gitId":"lyueyang"},"content":"        taskList.retrieve();"},{"lineNumber":93,"author":{"gitId":"lyueyang"},"content":""},{"lineNumber":94,"author":{"gitId":"lyueyang"},"content":"        Scanner sc \u003d new Scanner(System.in);"},{"lineNumber":95,"author":{"gitId":"lyueyang"},"content":"        String input \u003d \"bye\";"},{"lineNumber":96,"author":{"gitId":"lyueyang"},"content":""},{"lineNumber":97,"author":{"gitId":"lyueyang"},"content":"        if (sc.hasNext()) {"},{"lineNumber":98,"author":{"gitId":"lyueyang"},"content":"            input \u003d sc.nextLine();"},{"lineNumber":99,"author":{"gitId":"lyueyang"},"content":"        }"},{"lineNumber":100,"author":{"gitId":"lyueyang"},"content":""},{"lineNumber":101,"author":{"gitId":"lyueyang"},"content":"        while (!input.equalsIgnoreCase(\"bye\")) {"},{"lineNumber":102,"author":{"gitId":"lyueyang"},"content":"            processCommand(input, taskList);"},{"lineNumber":103,"author":{"gitId":"lyueyang"},"content":""},{"lineNumber":104,"author":{"gitId":"lyueyang"},"content":"            if (sc.hasNext()) {"},{"lineNumber":105,"author":{"gitId":"lyueyang"},"content":"                input \u003d sc.nextLine();"},{"lineNumber":106,"author":{"gitId":"lyueyang"},"content":"            }"},{"lineNumber":107,"author":{"gitId":"lyueyang"},"content":"        }"},{"lineNumber":108,"author":{"gitId":"lyueyang"},"content":""},{"lineNumber":109,"author":{"gitId":"lyueyang"},"content":"        Ui.shutdown();"},{"lineNumber":110,"author":{"gitId":"lyueyang"},"content":"    }"},{"lineNumber":111,"author":{"gitId":"lyueyang"},"content":"}"}],"authorContributionMap":{"lyueyang":111}},{"path":"src/main/java/Task.java","fileType":"java","lines":[{"lineNumber":1,"author":{"gitId":"lyueyang"},"content":"/**"},{"lineNumber":2,"author":{"gitId":"lyueyang"},"content":" * Task will be used as a parent-class for other sub-classes such as Deadline and myEvent"},{"lineNumber":3,"author":{"gitId":"lyueyang"},"content":" *"},{"lineNumber":4,"author":{"gitId":"lyueyang"},"content":" * @author leeyueyang"},{"lineNumber":5,"author":{"gitId":"lyueyang"},"content":" */"},{"lineNumber":6,"author":{"gitId":"lyueyang"},"content":"public class Task {"},{"lineNumber":7,"author":{"gitId":"lyueyang"},"content":"    protected String description;"},{"lineNumber":8,"author":{"gitId":"lyueyang"},"content":"    protected boolean completed;"},{"lineNumber":9,"author":{"gitId":"lyueyang"},"content":""},{"lineNumber":10,"author":{"gitId":"lyueyang"},"content":"    Task(String description) {"},{"lineNumber":11,"author":{"gitId":"lyueyang"},"content":"        this.description \u003d description.stripLeading().stripTrailing();"},{"lineNumber":12,"author":{"gitId":"lyueyang"},"content":"        completed \u003d false;"},{"lineNumber":13,"author":{"gitId":"lyueyang"},"content":"    }"},{"lineNumber":14,"author":{"gitId":"lyueyang"},"content":""},{"lineNumber":15,"author":{"gitId":"lyueyang"},"content":"    Task(String description, Boolean completion) {"},{"lineNumber":16,"author":{"gitId":"lyueyang"},"content":"        this.description \u003d description.stripLeading().stripTrailing();"},{"lineNumber":17,"author":{"gitId":"lyueyang"},"content":"        this.completed \u003d completion;"},{"lineNumber":18,"author":{"gitId":"lyueyang"},"content":"    }"},{"lineNumber":19,"author":{"gitId":"lyueyang"},"content":""},{"lineNumber":20,"author":{"gitId":"lyueyang"},"content":"    /**"},{"lineNumber":21,"author":{"gitId":"lyueyang"},"content":"     * Mark this task as completed"},{"lineNumber":22,"author":{"gitId":"lyueyang"},"content":"     */"},{"lineNumber":23,"author":{"gitId":"lyueyang"},"content":"    public void markCompleted() {"},{"lineNumber":24,"author":{"gitId":"lyueyang"},"content":"        completed \u003d true;"},{"lineNumber":25,"author":{"gitId":"lyueyang"},"content":"    }"},{"lineNumber":26,"author":{"gitId":"lyueyang"},"content":""},{"lineNumber":27,"author":{"gitId":"lyueyang"},"content":"    /**"},{"lineNumber":28,"author":{"gitId":"lyueyang"},"content":"     *"},{"lineNumber":29,"author":{"gitId":"lyueyang"},"content":"     * @return returns this task\u0027s protected description"},{"lineNumber":30,"author":{"gitId":"lyueyang"},"content":"     */"},{"lineNumber":31,"author":{"gitId":"lyueyang"},"content":"    public String getDescription() {"},{"lineNumber":32,"author":{"gitId":"lyueyang"},"content":"        return description;"},{"lineNumber":33,"author":{"gitId":"lyueyang"},"content":"    }"},{"lineNumber":34,"author":{"gitId":"lyueyang"},"content":""},{"lineNumber":35,"author":{"gitId":"lyueyang"},"content":"    /**"},{"lineNumber":36,"author":{"gitId":"lyueyang"},"content":"     *"},{"lineNumber":37,"author":{"gitId":"lyueyang"},"content":"     * @return returns this task\u0027s protected completion status"},{"lineNumber":38,"author":{"gitId":"lyueyang"},"content":"     */"},{"lineNumber":39,"author":{"gitId":"lyueyang"},"content":"    public boolean getCompleted() {"},{"lineNumber":40,"author":{"gitId":"lyueyang"},"content":"        return completed;"},{"lineNumber":41,"author":{"gitId":"lyueyang"},"content":"    }"},{"lineNumber":42,"author":{"gitId":"lyueyang"},"content":""},{"lineNumber":43,"author":{"gitId":"lyueyang"},"content":"    /**"},{"lineNumber":44,"author":{"gitId":"lyueyang"},"content":"     *"},{"lineNumber":45,"author":{"gitId":"lyueyang"},"content":"     * @return includes an indication of [T] as it is a task and marks completion status of this task"},{"lineNumber":46,"author":{"gitId":"lyueyang"},"content":"     */"},{"lineNumber":47,"author":{"gitId":"lyueyang"},"content":"    @Override"},{"lineNumber":48,"author":{"gitId":"lyueyang"},"content":"    public String toString() {"},{"lineNumber":49,"author":{"gitId":"lyueyang"},"content":"        StringBuilder sb \u003d new StringBuilder();"},{"lineNumber":50,"author":{"gitId":"lyueyang"},"content":""},{"lineNumber":51,"author":{"gitId":"lyueyang"},"content":"        if (this.completed) {"},{"lineNumber":52,"author":{"gitId":"lyueyang"},"content":"            sb.append(\"[T] [x] \");"},{"lineNumber":53,"author":{"gitId":"lyueyang"},"content":"        } else {"},{"lineNumber":54,"author":{"gitId":"lyueyang"},"content":"            sb.append(\"[T] [ ] \");"},{"lineNumber":55,"author":{"gitId":"lyueyang"},"content":"        }"},{"lineNumber":56,"author":{"gitId":"lyueyang"},"content":""},{"lineNumber":57,"author":{"gitId":"lyueyang"},"content":"        sb.append(this.description);"},{"lineNumber":58,"author":{"gitId":"lyueyang"},"content":"        return sb.toString();"},{"lineNumber":59,"author":{"gitId":"lyueyang"},"content":"    }"},{"lineNumber":60,"author":{"gitId":"lyueyang"},"content":"}"}],"authorContributionMap":{"lyueyang":60}},{"path":"src/main/java/Ui.java","fileType":"java","lines":[{"lineNumber":1,"author":{"gitId":"lyueyang"},"content":"import java.util.ArrayList;"},{"lineNumber":2,"author":{"gitId":"lyueyang"},"content":""},{"lineNumber":3,"author":{"gitId":"lyueyang"},"content":"/**"},{"lineNumber":4,"author":{"gitId":"lyueyang"},"content":" * Handles any printing required to the user such that no other classes should print to user"},{"lineNumber":5,"author":{"gitId":"lyueyang"},"content":" *"},{"lineNumber":6,"author":{"gitId":"lyueyang"},"content":" * @author leeyueyang"},{"lineNumber":7,"author":{"gitId":"lyueyang"},"content":" */"},{"lineNumber":8,"author":{"gitId":"lyueyang"},"content":"public class Ui {"},{"lineNumber":9,"author":{"gitId":"lyueyang"},"content":""},{"lineNumber":10,"author":{"gitId":"lyueyang"},"content":"    public static void fileError() {"},{"lineNumber":11,"author":{"gitId":"lyueyang"},"content":"        System.out.println(\"Some errors were encountered with the file\");"},{"lineNumber":12,"author":{"gitId":"lyueyang"},"content":"    }"},{"lineNumber":13,"author":{"gitId":"lyueyang"},"content":""},{"lineNumber":14,"author":{"gitId":"lyueyang"},"content":"    public static void addedTask(ArrayList\u003cTask\u003e taskList) {"},{"lineNumber":15,"author":{"gitId":"lyueyang"},"content":"        // Retrieve last task in list and print it"},{"lineNumber":16,"author":{"gitId":"lyueyang"},"content":"        System.out.println(\"Added to list:\\n\" + taskList.get(taskList.size() - 1).toString());"},{"lineNumber":17,"author":{"gitId":"lyueyang"},"content":"        System.out.println(\"You now have \" + taskList.size() + \" tasks\\n\");"},{"lineNumber":18,"author":{"gitId":"lyueyang"},"content":"    }"},{"lineNumber":19,"author":{"gitId":"lyueyang"},"content":""},{"lineNumber":20,"author":{"gitId":"lyueyang"},"content":"    public static void removeTask(ArrayList\u003cTask\u003e taskList) {"},{"lineNumber":21,"author":{"gitId":"lyueyang"},"content":"        System.out.println(\"Got it! I\u0027ve removed the task for you\\n\");"},{"lineNumber":22,"author":{"gitId":"lyueyang"},"content":"        System.out.println(\"You now have \" + taskList.size() + \" tasks\\n\");"},{"lineNumber":23,"author":{"gitId":"lyueyang"},"content":"    }"},{"lineNumber":24,"author":{"gitId":"lyueyang"},"content":""},{"lineNumber":25,"author":{"gitId":"lyueyang"},"content":"    public static void completedTask() {"},{"lineNumber":26,"author":{"gitId":"lyueyang"},"content":"        System.out.println(\"Good job! I\u0027ve marked it as completed for you as well!\\n\");"},{"lineNumber":27,"author":{"gitId":"lyueyang"},"content":"    }"},{"lineNumber":28,"author":{"gitId":"lyueyang"},"content":""},{"lineNumber":29,"author":{"gitId":"lyueyang"},"content":"    public static void fileNotFound() {"},{"lineNumber":30,"author":{"gitId":"lyueyang"},"content":"        System.out.println(\"I notice this is the first time you\u0027re running the script!\");"},{"lineNumber":31,"author":{"gitId":"lyueyang"},"content":"    }"},{"lineNumber":32,"author":{"gitId":"lyueyang"},"content":""},{"lineNumber":33,"author":{"gitId":"lyueyang"},"content":"    public static void init() {"},{"lineNumber":34,"author":{"gitId":"lyueyang"},"content":"        System.out.println(\"Hello! I\u0027m SwitchBlade and I aim to do everything you want me to do!\");"},{"lineNumber":35,"author":{"gitId":"lyueyang"},"content":"    }"},{"lineNumber":36,"author":{"gitId":"lyueyang"},"content":""},{"lineNumber":37,"author":{"gitId":"lyueyang"},"content":"    public static void initRetrieveList(myList taskList) {"},{"lineNumber":38,"author":{"gitId":"lyueyang"},"content":"        if (taskList.getNumTasks() \u003e 0) {"},{"lineNumber":39,"author":{"gitId":"lyueyang"},"content":"            System.out.println(\"It seems like you\u0027ve had a task list from a previous session, here\u0027s how it looks\""},{"lineNumber":40,"author":{"gitId":"lyueyang"},"content":"                            + taskList.toString());"},{"lineNumber":41,"author":{"gitId":"lyueyang"},"content":"        }"},{"lineNumber":42,"author":{"gitId":"lyueyang"},"content":"    }"},{"lineNumber":43,"author":{"gitId":"lyueyang"},"content":""},{"lineNumber":44,"author":{"gitId":"lyueyang"},"content":"    public static void argumentError() {"},{"lineNumber":45,"author":{"gitId":"lyueyang"},"content":"        System.out.println(\"Too many arguments, please give me just 1 task to mark as completed\");"},{"lineNumber":46,"author":{"gitId":"lyueyang"},"content":"    }"},{"lineNumber":47,"author":{"gitId":"lyueyang"},"content":""},{"lineNumber":48,"author":{"gitId":"lyueyang"},"content":"    public static void unknownCommand() {"},{"lineNumber":49,"author":{"gitId":"lyueyang"},"content":"        System.out.println(\"Unfortunately I don\u0027t know what you want me to do :L\");"},{"lineNumber":50,"author":{"gitId":"lyueyang"},"content":"    }"},{"lineNumber":51,"author":{"gitId":"lyueyang"},"content":""},{"lineNumber":52,"author":{"gitId":"lyueyang"},"content":"    public static void todoError() {"},{"lineNumber":53,"author":{"gitId":"lyueyang"},"content":"        System.out.println(\"I don\u0027t understand your todo command, the syntax should be {todo} {description}\");"},{"lineNumber":54,"author":{"gitId":"lyueyang"},"content":"    }"},{"lineNumber":55,"author":{"gitId":"lyueyang"},"content":""},{"lineNumber":56,"author":{"gitId":"lyueyang"},"content":"    public static void deadlineError() {"},{"lineNumber":57,"author":{"gitId":"lyueyang"},"content":"        System.out.println(\"I don\u0027t understand your deadline command, the syntax should be \" +"},{"lineNumber":58,"author":{"gitId":"lyueyang"},"content":"                \"{deadline} {description} /by {yyyy-MM-dd hhmm} with deadline datetime given in 24hr format\");"},{"lineNumber":59,"author":{"gitId":"lyueyang"},"content":"    }"},{"lineNumber":60,"author":{"gitId":"lyueyang"},"content":""},{"lineNumber":61,"author":{"gitId":"lyueyang"},"content":"    public static void eventError() {"},{"lineNumber":62,"author":{"gitId":"lyueyang"},"content":"        System.out.println(\"I don\u0027t understand your deadline command, the syntax should be \" +"},{"lineNumber":63,"author":{"gitId":"lyueyang"},"content":"                \"{deadline} {description} /at {yyyy-MM-dd hhmm} /to {yyyy-MM-dd hhmm} \" +"},{"lineNumber":64,"author":{"gitId":"lyueyang"},"content":"                \"with deadline datetime given in 24hr format\");"},{"lineNumber":65,"author":{"gitId":"lyueyang"},"content":"    }"},{"lineNumber":66,"author":{"gitId":"lyueyang"},"content":""},{"lineNumber":67,"author":{"gitId":"lyueyang"},"content":"    public static void printList(myList taskList) {"},{"lineNumber":68,"author":{"gitId":"lyueyang"},"content":"        System.out.println(\"Here\u0027s your list of tasks!\" + taskList.toString());"},{"lineNumber":69,"author":{"gitId":"lyueyang"},"content":"    }"},{"lineNumber":70,"author":{"gitId":"lyueyang"},"content":""},{"lineNumber":71,"author":{"gitId":"lyueyang"},"content":"    public static void printFoundTasks(ArrayList\u003cTask\u003e taskArrayList) {"},{"lineNumber":72,"author":{"gitId":"lyueyang"},"content":"        StringBuilder sb \u003d new StringBuilder();"},{"lineNumber":73,"author":{"gitId":"lyueyang"},"content":"        sb.append(\"Here\u0027s the tasks I found with your search term!\\n\");"},{"lineNumber":74,"author":{"gitId":"lyueyang"},"content":""},{"lineNumber":75,"author":{"gitId":"lyueyang"},"content":"        for (Task t : taskArrayList) {"},{"lineNumber":76,"author":{"gitId":"lyueyang"},"content":"            sb.append(t);"},{"lineNumber":77,"author":{"gitId":"lyueyang"},"content":"        }"},{"lineNumber":78,"author":{"gitId":"lyueyang"},"content":""},{"lineNumber":79,"author":{"gitId":"lyueyang"},"content":"        System.out.println(sb.toString());"},{"lineNumber":80,"author":{"gitId":"lyueyang"},"content":"    }"},{"lineNumber":81,"author":{"gitId":"lyueyang"},"content":""},{"lineNumber":82,"author":{"gitId":"lyueyang"},"content":"    public static void shutdown() {"},{"lineNumber":83,"author":{"gitId":"lyueyang"},"content":"        System.out.println(\"See you soon!\");"},{"lineNumber":84,"author":{"gitId":"lyueyang"},"content":"    }"},{"lineNumber":85,"author":{"gitId":"lyueyang"},"content":"}"}],"authorContributionMap":{"lyueyang":85}},{"path":"src/main/java/myEvent.java","fileType":"java","lines":[{"lineNumber":1,"author":{"gitId":"lyueyang"},"content":"/**"},{"lineNumber":2,"author":{"gitId":"lyueyang"},"content":" * Tasks with 2 dates will use an Event, class is named myEvent to avoid confusion with Java defined one"},{"lineNumber":3,"author":{"gitId":"lyueyang"},"content":" *"},{"lineNumber":4,"author":{"gitId":"lyueyang"},"content":" * @author leeyueyang"},{"lineNumber":5,"author":{"gitId":"lyueyang"},"content":" */"},{"lineNumber":6,"author":{"gitId":"lyueyang"},"content":"public class myEvent extends Task {"},{"lineNumber":7,"author":{"gitId":"lyueyang"},"content":"    DateTime startDatetime, endDatetime;"},{"lineNumber":8,"author":{"gitId":"lyueyang"},"content":""},{"lineNumber":9,"author":{"gitId":"lyueyang"},"content":"    myEvent(String description, String startDatetimeInput, String endDatetimeInput) {"},{"lineNumber":10,"author":{"gitId":"lyueyang"},"content":"        super(description);"},{"lineNumber":11,"author":{"gitId":"lyueyang"},"content":""},{"lineNumber":12,"author":{"gitId":"lyueyang"},"content":"        String[] startDatetimeArr \u003d startDatetimeInput.split(\"\\\\s+\");"},{"lineNumber":13,"author":{"gitId":"lyueyang"},"content":"        String[] endDatetimeArr \u003d endDatetimeInput.split(\"\\\\s+\");"},{"lineNumber":14,"author":{"gitId":"lyueyang"},"content":""},{"lineNumber":15,"author":{"gitId":"lyueyang"},"content":"        if (startDatetimeArr.length \u003d\u003d 2 \u0026\u0026 endDatetimeArr.length \u003d\u003d 2) {"},{"lineNumber":16,"author":{"gitId":"lyueyang"},"content":"            this.startDatetime \u003d new DateTime(startDatetimeArr[0], startDatetimeArr[1]);"},{"lineNumber":17,"author":{"gitId":"lyueyang"},"content":"            this.endDatetime \u003d new DateTime(endDatetimeArr[0], endDatetimeArr[1]);"},{"lineNumber":18,"author":{"gitId":"lyueyang"},"content":"        } else {"},{"lineNumber":19,"author":{"gitId":"lyueyang"},"content":"            this.startDatetime \u003d new DateTime(startDatetimeArr[0]);"},{"lineNumber":20,"author":{"gitId":"lyueyang"},"content":"            this.endDatetime \u003d new DateTime(endDatetimeArr[0]);"},{"lineNumber":21,"author":{"gitId":"lyueyang"},"content":"        }"},{"lineNumber":22,"author":{"gitId":"lyueyang"},"content":"    }"},{"lineNumber":23,"author":{"gitId":"lyueyang"},"content":""},{"lineNumber":24,"author":{"gitId":"lyueyang"},"content":"    myEvent(String description, String[] datetimeInputArr, Boolean completion) {"},{"lineNumber":25,"author":{"gitId":"lyueyang"},"content":"        super(description, completion);"},{"lineNumber":26,"author":{"gitId":"lyueyang"},"content":""},{"lineNumber":27,"author":{"gitId":"lyueyang"},"content":"        String[] startDatetimeArr \u003d datetimeInputArr[0].split(\", \");"},{"lineNumber":28,"author":{"gitId":"lyueyang"},"content":"        String[] endDatetimeArr \u003d datetimeInputArr[1].split(\", \");"},{"lineNumber":29,"author":{"gitId":"lyueyang"},"content":""},{"lineNumber":30,"author":{"gitId":"lyueyang"},"content":"        if (startDatetimeArr.length \u003d\u003d 2 \u0026\u0026 endDatetimeArr.length \u003d\u003d 2) {"},{"lineNumber":31,"author":{"gitId":"lyueyang"},"content":"            this.startDatetime \u003d new DateTime(startDatetimeArr[0], startDatetimeArr[1]);"},{"lineNumber":32,"author":{"gitId":"lyueyang"},"content":"            this.endDatetime \u003d new DateTime(endDatetimeArr[0], endDatetimeArr[1]);"},{"lineNumber":33,"author":{"gitId":"lyueyang"},"content":"        } else {"},{"lineNumber":34,"author":{"gitId":"lyueyang"},"content":"            this.startDatetime \u003d new DateTime(startDatetimeArr[0]);"},{"lineNumber":35,"author":{"gitId":"lyueyang"},"content":"            this.endDatetime \u003d new DateTime(endDatetimeArr[0]);"},{"lineNumber":36,"author":{"gitId":"lyueyang"},"content":"        }"},{"lineNumber":37,"author":{"gitId":"lyueyang"},"content":"    }"},{"lineNumber":38,"author":{"gitId":"lyueyang"},"content":""},{"lineNumber":39,"author":{"gitId":"lyueyang"},"content":"    @Override"},{"lineNumber":40,"author":{"gitId":"lyueyang"},"content":"    public String toString() {"},{"lineNumber":41,"author":{"gitId":"lyueyang"},"content":"        StringBuilder sb \u003d new StringBuilder();"},{"lineNumber":42,"author":{"gitId":"lyueyang"},"content":""},{"lineNumber":43,"author":{"gitId":"lyueyang"},"content":"        if (this.completed) {"},{"lineNumber":44,"author":{"gitId":"lyueyang"},"content":"            sb.append(\"[E] [x] \");"},{"lineNumber":45,"author":{"gitId":"lyueyang"},"content":"        } else {"},{"lineNumber":46,"author":{"gitId":"lyueyang"},"content":"            sb.append(\"[E] [ ] \");"},{"lineNumber":47,"author":{"gitId":"lyueyang"},"content":"        }"},{"lineNumber":48,"author":{"gitId":"lyueyang"},"content":""},{"lineNumber":49,"author":{"gitId":"lyueyang"},"content":"        sb.append(this.description"},{"lineNumber":50,"author":{"gitId":"lyueyang"},"content":"                + \" at: \""},{"lineNumber":51,"author":{"gitId":"lyueyang"},"content":"                + this.startDatetime"},{"lineNumber":52,"author":{"gitId":"lyueyang"},"content":"                + \" to \""},{"lineNumber":53,"author":{"gitId":"lyueyang"},"content":"                + this.endDatetime);"},{"lineNumber":54,"author":{"gitId":"lyueyang"},"content":"        return sb.toString();"},{"lineNumber":55,"author":{"gitId":"lyueyang"},"content":"    }"},{"lineNumber":56,"author":{"gitId":"lyueyang"},"content":"}"}],"authorContributionMap":{"lyueyang":56}},{"path":"src/main/java/myList.java","fileType":"java","lines":[{"lineNumber":1,"author":{"gitId":"lyueyang"},"content":"import java.io.FileNotFoundException;"},{"lineNumber":2,"author":{"gitId":"lyueyang"},"content":"import java.io.IOException;"},{"lineNumber":3,"author":{"gitId":"lyueyang"},"content":"import java.util.ArrayList;"},{"lineNumber":4,"author":{"gitId":"lyueyang"},"content":""},{"lineNumber":5,"author":{"gitId":"lyueyang"},"content":"/**"},{"lineNumber":6,"author":{"gitId":"lyueyang"},"content":" * Contains an ArrayList of Tasks with its own methods that handle user printing and saving to file"},{"lineNumber":7,"author":{"gitId":"lyueyang"},"content":" *"},{"lineNumber":8,"author":{"gitId":"lyueyang"},"content":" * @author leeyueyang"},{"lineNumber":9,"author":{"gitId":"lyueyang"},"content":" */"},{"lineNumber":10,"author":{"gitId":"lyueyang"},"content":"public class myList {"},{"lineNumber":11,"author":{"gitId":"lyueyang"},"content":"    ArrayList\u003cTask\u003e taskList;"},{"lineNumber":12,"author":{"gitId":"lyueyang"},"content":""},{"lineNumber":13,"author":{"gitId":"lyueyang"},"content":"    public myList() {"},{"lineNumber":14,"author":{"gitId":"lyueyang"},"content":"        taskList \u003d new ArrayList\u003c\u003e();"},{"lineNumber":15,"author":{"gitId":"lyueyang"},"content":"    }"},{"lineNumber":16,"author":{"gitId":"lyueyang"},"content":""},{"lineNumber":17,"author":{"gitId":"lyueyang"},"content":"    public void addTask(String taskDescription) {"},{"lineNumber":18,"author":{"gitId":"lyueyang"},"content":"        Task task \u003d new Task(taskDescription);"},{"lineNumber":19,"author":{"gitId":"lyueyang"},"content":""},{"lineNumber":20,"author":{"gitId":"lyueyang"},"content":"        taskList.add(task);"},{"lineNumber":21,"author":{"gitId":"lyueyang"},"content":"        Ui.addedTask(taskList);"},{"lineNumber":22,"author":{"gitId":"lyueyang"},"content":"        this.save();"},{"lineNumber":23,"author":{"gitId":"lyueyang"},"content":"    }"},{"lineNumber":24,"author":{"gitId":"lyueyang"},"content":""},{"lineNumber":25,"author":{"gitId":"lyueyang"},"content":"    public void addDeadline(String description, String datetime) {"},{"lineNumber":26,"author":{"gitId":"lyueyang"},"content":"        Deadline deadline \u003d new Deadline(description, datetime);"},{"lineNumber":27,"author":{"gitId":"lyueyang"},"content":""},{"lineNumber":28,"author":{"gitId":"lyueyang"},"content":"        taskList.add(deadline);"},{"lineNumber":29,"author":{"gitId":"lyueyang"},"content":"        Ui.addedTask(taskList);"},{"lineNumber":30,"author":{"gitId":"lyueyang"},"content":"        this.save();"},{"lineNumber":31,"author":{"gitId":"lyueyang"},"content":"    }"},{"lineNumber":32,"author":{"gitId":"lyueyang"},"content":""},{"lineNumber":33,"author":{"gitId":"lyueyang"},"content":"    public void addEvent(String description, String startDatetime, String endDatetime) {"},{"lineNumber":34,"author":{"gitId":"lyueyang"},"content":"        myEvent event \u003d new myEvent(description, startDatetime, endDatetime);"},{"lineNumber":35,"author":{"gitId":"lyueyang"},"content":""},{"lineNumber":36,"author":{"gitId":"lyueyang"},"content":"        taskList.add(event);"},{"lineNumber":37,"author":{"gitId":"lyueyang"},"content":"        Ui.addedTask(taskList);"},{"lineNumber":38,"author":{"gitId":"lyueyang"},"content":"        this.save();"},{"lineNumber":39,"author":{"gitId":"lyueyang"},"content":"    }"},{"lineNumber":40,"author":{"gitId":"lyueyang"},"content":""},{"lineNumber":41,"author":{"gitId":"lyueyang"},"content":"    public void markCompleted(int index) {"},{"lineNumber":42,"author":{"gitId":"lyueyang"},"content":"        taskList.get(index).markCompleted();"},{"lineNumber":43,"author":{"gitId":"lyueyang"},"content":"        Ui.completedTask();"},{"lineNumber":44,"author":{"gitId":"lyueyang"},"content":"        this.save();"},{"lineNumber":45,"author":{"gitId":"lyueyang"},"content":"    }"},{"lineNumber":46,"author":{"gitId":"lyueyang"},"content":""},{"lineNumber":47,"author":{"gitId":"lyueyang"},"content":"    public void delete(int index) {"},{"lineNumber":48,"author":{"gitId":"lyueyang"},"content":"        taskList.remove(index);"},{"lineNumber":49,"author":{"gitId":"lyueyang"},"content":"        Ui.removeTask(taskList);"},{"lineNumber":50,"author":{"gitId":"lyueyang"},"content":"        this.save();"},{"lineNumber":51,"author":{"gitId":"lyueyang"},"content":"    }"},{"lineNumber":52,"author":{"gitId":"lyueyang"},"content":""},{"lineNumber":53,"author":{"gitId":"lyueyang"},"content":"    public void retrieve()  {"},{"lineNumber":54,"author":{"gitId":"lyueyang"},"content":"        try {"},{"lineNumber":55,"author":{"gitId":"lyueyang"},"content":"            String filepath \u003d \"./ip/data\";"},{"lineNumber":56,"author":{"gitId":"lyueyang"},"content":"            taskList \u003d Storage.retrieve(filepath);"},{"lineNumber":57,"author":{"gitId":"lyueyang"},"content":"            Ui.initRetrieveList(this);"},{"lineNumber":58,"author":{"gitId":"lyueyang"},"content":"        } catch (FileNotFoundException e) {"},{"lineNumber":59,"author":{"gitId":"lyueyang"},"content":"            Ui.fileNotFound();"},{"lineNumber":60,"author":{"gitId":"lyueyang"},"content":"        }"},{"lineNumber":61,"author":{"gitId":"lyueyang"},"content":"    }"},{"lineNumber":62,"author":{"gitId":"lyueyang"},"content":""},{"lineNumber":63,"author":{"gitId":"lyueyang"},"content":"    public ArrayList\u003cTask\u003e findTasks(String input) {"},{"lineNumber":64,"author":{"gitId":"lyueyang"},"content":"        ArrayList\u003cTask\u003e matchedTaskArr \u003d new ArrayList\u003c\u003e();"},{"lineNumber":65,"author":{"gitId":"lyueyang"},"content":""},{"lineNumber":66,"author":{"gitId":"lyueyang"},"content":"        for(Task t : taskList) {"},{"lineNumber":67,"author":{"gitId":"lyueyang"},"content":"            if (t.getDescription().contains(input)) {"},{"lineNumber":68,"author":{"gitId":"lyueyang"},"content":"                matchedTaskArr.add(t);"},{"lineNumber":69,"author":{"gitId":"lyueyang"},"content":"            }"},{"lineNumber":70,"author":{"gitId":"lyueyang"},"content":"        }"},{"lineNumber":71,"author":{"gitId":"lyueyang"},"content":""},{"lineNumber":72,"author":{"gitId":"lyueyang"},"content":"        return matchedTaskArr;"},{"lineNumber":73,"author":{"gitId":"lyueyang"},"content":"    }"},{"lineNumber":74,"author":{"gitId":"lyueyang"},"content":""},{"lineNumber":75,"author":{"gitId":"lyueyang"},"content":"    public int getNumTasks() {"},{"lineNumber":76,"author":{"gitId":"lyueyang"},"content":"        return taskList.size();"},{"lineNumber":77,"author":{"gitId":"lyueyang"},"content":"    }"},{"lineNumber":78,"author":{"gitId":"lyueyang"},"content":""},{"lineNumber":79,"author":{"gitId":"lyueyang"},"content":"    private void save() {"},{"lineNumber":80,"author":{"gitId":"lyueyang"},"content":"        try {"},{"lineNumber":81,"author":{"gitId":"lyueyang"},"content":"            String filepath \u003d \"./ip/data\";"},{"lineNumber":82,"author":{"gitId":"lyueyang"},"content":"            Storage.save(taskList, filepath);"},{"lineNumber":83,"author":{"gitId":"lyueyang"},"content":"        } catch (IOException e) {"},{"lineNumber":84,"author":{"gitId":"lyueyang"},"content":"            Ui.fileError();"},{"lineNumber":85,"author":{"gitId":"lyueyang"},"content":"        }"},{"lineNumber":86,"author":{"gitId":"lyueyang"},"content":"    }"},{"lineNumber":87,"author":{"gitId":"lyueyang"},"content":""},{"lineNumber":88,"author":{"gitId":"lyueyang"},"content":"    @Override"},{"lineNumber":89,"author":{"gitId":"lyueyang"},"content":"    public String toString() {"},{"lineNumber":90,"author":{"gitId":"lyueyang"},"content":"        StringBuilder sb \u003d new StringBuilder();"},{"lineNumber":91,"author":{"gitId":"lyueyang"},"content":""},{"lineNumber":92,"author":{"gitId":"lyueyang"},"content":"        for (int i \u003d 0; i \u003c taskList.size(); i++) {"},{"lineNumber":93,"author":{"gitId":"lyueyang"},"content":"            sb.append(\"\\n\""},{"lineNumber":94,"author":{"gitId":"lyueyang"},"content":"                    + (i + 1)"},{"lineNumber":95,"author":{"gitId":"lyueyang"},"content":"                    + \". \""},{"lineNumber":96,"author":{"gitId":"lyueyang"},"content":"                    + taskList.get(i).toString()"},{"lineNumber":97,"author":{"gitId":"lyueyang"},"content":"            );"},{"lineNumber":98,"author":{"gitId":"lyueyang"},"content":"        }"},{"lineNumber":99,"author":{"gitId":"lyueyang"},"content":""},{"lineNumber":100,"author":{"gitId":"lyueyang"},"content":"        sb.append(\"\\n\");"},{"lineNumber":101,"author":{"gitId":"lyueyang"},"content":""},{"lineNumber":102,"author":{"gitId":"lyueyang"},"content":"        return sb.toString();"},{"lineNumber":103,"author":{"gitId":"lyueyang"},"content":"    }"},{"lineNumber":104,"author":{"gitId":"lyueyang"},"content":"}"}],"authorContributionMap":{"lyueyang":104}},{"path":"src/test/java/SwitchBladeTest.java","fileType":"java","lines":[{"lineNumber":1,"author":{"gitId":"lyueyang"},"content":"import org.junit.jupiter.api.*;"},{"lineNumber":2,"author":{"gitId":"lyueyang"},"content":""},{"lineNumber":3,"author":{"gitId":"lyueyang"},"content":"import java.io.ByteArrayOutputStream;"},{"lineNumber":4,"author":{"gitId":"lyueyang"},"content":"import java.io.PrintStream;"},{"lineNumber":5,"author":{"gitId":"lyueyang"},"content":"import java.util.ArrayList;"},{"lineNumber":6,"author":{"gitId":"lyueyang"},"content":""},{"lineNumber":7,"author":{"gitId":"lyueyang"},"content":"import static org.junit.jupiter.api.Assertions.assertEquals;"},{"lineNumber":8,"author":{"gitId":"lyueyang"},"content":""},{"lineNumber":9,"author":{"gitId":"lyueyang"},"content":"public class SwitchBladeTest {"},{"lineNumber":10,"author":{"gitId":"lyueyang"},"content":"    private final ByteArrayOutputStream outContent \u003d new ByteArrayOutputStream();"},{"lineNumber":11,"author":{"gitId":"lyueyang"},"content":"    private final PrintStream originalOut \u003d System.out;"},{"lineNumber":12,"author":{"gitId":"lyueyang"},"content":""},{"lineNumber":13,"author":{"gitId":"lyueyang"},"content":"    @BeforeEach"},{"lineNumber":14,"author":{"gitId":"lyueyang"},"content":"    public void createStreams() {"},{"lineNumber":15,"author":{"gitId":"lyueyang"},"content":"        System.setOut(new PrintStream(outContent));"},{"lineNumber":16,"author":{"gitId":"lyueyang"},"content":"    }"},{"lineNumber":17,"author":{"gitId":"lyueyang"},"content":""},{"lineNumber":18,"author":{"gitId":"lyueyang"},"content":"    @AfterEach"},{"lineNumber":19,"author":{"gitId":"lyueyang"},"content":"    public void restoreStreams() {"},{"lineNumber":20,"author":{"gitId":"lyueyang"},"content":"        System.setOut(originalOut);"},{"lineNumber":21,"author":{"gitId":"lyueyang"},"content":"    }"},{"lineNumber":22,"author":{"gitId":"lyueyang"},"content":""},{"lineNumber":23,"author":{"gitId":"lyueyang"},"content":""},{"lineNumber":24,"author":{"gitId":"lyueyang"},"content":"    @Test"},{"lineNumber":25,"author":{"gitId":"lyueyang"},"content":"    public void uiAddTaskTest() {"},{"lineNumber":26,"author":{"gitId":"lyueyang"},"content":"        Task t \u003d new Task(\"read books\");"},{"lineNumber":27,"author":{"gitId":"lyueyang"},"content":"        ArrayList\u003cTask\u003e taskArr \u003d new ArrayList\u003c\u003e();"},{"lineNumber":28,"author":{"gitId":"lyueyang"},"content":""},{"lineNumber":29,"author":{"gitId":"lyueyang"},"content":"        taskArr.add(t);"},{"lineNumber":30,"author":{"gitId":"lyueyang"},"content":"        Ui.addedTask(taskArr);"},{"lineNumber":31,"author":{"gitId":"lyueyang"},"content":""},{"lineNumber":32,"author":{"gitId":"lyueyang"},"content":"        assertEquals(\"Added to list:\\n\" + t + \"\\nYou now have \" + taskArr.size() + \" tasks\\n\\n\""},{"lineNumber":33,"author":{"gitId":"lyueyang"},"content":"                , outContent.toString());"},{"lineNumber":34,"author":{"gitId":"lyueyang"},"content":"    }"},{"lineNumber":35,"author":{"gitId":"lyueyang"},"content":""},{"lineNumber":36,"author":{"gitId":"lyueyang"},"content":"    @Test"},{"lineNumber":37,"author":{"gitId":"lyueyang"},"content":"    public void parserDeadlineDescTest() {"},{"lineNumber":38,"author":{"gitId":"lyueyang"},"content":"        assertEquals(\"read books\", Parser.findDescription(\"deadline read books /by 2021-12-05\"));"},{"lineNumber":39,"author":{"gitId":"lyueyang"},"content":"    }"},{"lineNumber":40,"author":{"gitId":"lyueyang"},"content":""},{"lineNumber":41,"author":{"gitId":"lyueyang"},"content":"    @Test"},{"lineNumber":42,"author":{"gitId":"lyueyang"},"content":"    public void taskTest() {"},{"lineNumber":43,"author":{"gitId":"lyueyang"},"content":"        Task t \u003d new Task(\"read books\");"},{"lineNumber":44,"author":{"gitId":"lyueyang"},"content":"        assertEquals(\"[T] [ ] read books\", t.toString());"},{"lineNumber":45,"author":{"gitId":"lyueyang"},"content":"    }"},{"lineNumber":46,"author":{"gitId":"lyueyang"},"content":"}"}],"authorContributionMap":{"lyueyang":46}},{"path":"text-ui-test/input.txt","fileType":"txt","lines":[{"lineNumber":1,"author":{"gitId":"lyueyang"},"content":"todo borrow book"},{"lineNumber":2,"author":{"gitId":"lyueyang"},"content":"list"},{"lineNumber":3,"author":{"gitId":"lyueyang"},"content":"deadline return book /by 2019-11-15 1600"},{"lineNumber":4,"author":{"gitId":"lyueyang"},"content":"event project meeting /at 2021-01-26 /to 2021-01-26"},{"lineNumber":5,"author":{"gitId":"lyueyang"},"content":"bye"}],"authorContributionMap":{"lyueyang":5}},{"path":"text-ui-test/runtest.sh","fileType":"sh","lines":[{"lineNumber":1,"author":{"gitId":"-"},"content":"#!/usr/bin/env bash"},{"lineNumber":2,"author":{"gitId":"-"},"content":""},{"lineNumber":3,"author":{"gitId":"-"},"content":"# create bin directory if it doesn\u0027t exist"},{"lineNumber":4,"author":{"gitId":"-"},"content":"if [ ! -d \"../bin\" ]"},{"lineNumber":5,"author":{"gitId":"-"},"content":"then"},{"lineNumber":6,"author":{"gitId":"-"},"content":"    mkdir ../bin"},{"lineNumber":7,"author":{"gitId":"-"},"content":"fi"},{"lineNumber":8,"author":{"gitId":"-"},"content":""},{"lineNumber":9,"author":{"gitId":"-"},"content":"# delete output from previous run"},{"lineNumber":10,"author":{"gitId":"-"},"content":"if [ -e \"./ACTUAL.TXT\" ]"},{"lineNumber":11,"author":{"gitId":"-"},"content":"then"},{"lineNumber":12,"author":{"gitId":"-"},"content":"    rm ACTUAL.TXT"},{"lineNumber":13,"author":{"gitId":"-"},"content":"fi"},{"lineNumber":14,"author":{"gitId":"-"},"content":""},{"lineNumber":15,"author":{"gitId":"-"},"content":"# compile the code into the bin folder, terminates if error occurred"},{"lineNumber":16,"author":{"gitId":"-"},"content":"if ! javac -cp ../src/main/java -Xlint:none -d ../bin ../src/main/java/*.java"},{"lineNumber":17,"author":{"gitId":"-"},"content":"then"},{"lineNumber":18,"author":{"gitId":"-"},"content":"    echo \"********** BUILD FAILURE **********\""},{"lineNumber":19,"author":{"gitId":"-"},"content":"    exit 1"},{"lineNumber":20,"author":{"gitId":"-"},"content":"fi"},{"lineNumber":21,"author":{"gitId":"-"},"content":""},{"lineNumber":22,"author":{"gitId":"-"},"content":"# run the program, feed commands from input.txt file and redirect the output to the ACTUAL.TXT"},{"lineNumber":23,"author":{"gitId":"lyueyang"},"content":"java -classpath ../bin SwitchBlade \u003c input.txt \u003e ACTUAL.TXT"},{"lineNumber":24,"author":{"gitId":"-"},"content":""},{"lineNumber":25,"author":{"gitId":"-"},"content":"# convert to UNIX format"},{"lineNumber":26,"author":{"gitId":"-"},"content":"cp EXPECTED.TXT EXPECTED-UNIX.TXT"},{"lineNumber":27,"author":{"gitId":"lyueyang"},"content":"#dos2unix ACTUAL.TXT EXPECTED-UNIX.TXT"},{"lineNumber":28,"author":{"gitId":"-"},"content":""},{"lineNumber":29,"author":{"gitId":"-"},"content":"# compare the output to the expected output"},{"lineNumber":30,"author":{"gitId":"-"},"content":"diff ACTUAL.TXT EXPECTED-UNIX.TXT"},{"lineNumber":31,"author":{"gitId":"-"},"content":"if [ $? -eq 0 ]"},{"lineNumber":32,"author":{"gitId":"-"},"content":"then"},{"lineNumber":33,"author":{"gitId":"-"},"content":"    echo \"Test result: PASSED\""},{"lineNumber":34,"author":{"gitId":"-"},"content":"    exit 0"},{"lineNumber":35,"author":{"gitId":"-"},"content":"else"},{"lineNumber":36,"author":{"gitId":"-"},"content":"    echo \"Test result: FAILED\""},{"lineNumber":37,"author":{"gitId":"-"},"content":"    exit 1"},{"lineNumber":38,"author":{"gitId":"-"},"content":"fi"}],"authorContributionMap":{"lyueyang":2,"-":36}}]
