{"authorDailyContributionsMap":{"lyueyang":[{"date":"2021-01-19","commitResults":[{"hash":"5037475be3d4d2d78146cc06e8f56e648f803f39","messageTitle":"Modified bot functions","messageBody":"- Changed bot name from Duke to SwitchBlade\n- Added echoing functionality, bot quits when user types \"bye\"","tags":["Level-1"],"fileTypesAndContributionMap":{"java":{"insertions":23,"deletions":10}}},{"hash":"fd124338f6ba8fae81a021abd3580b9aab26cdd5","messageTitle":"Added list function to bot","messageBody":"- Stopped using echo function, moved echoing to addTask of myList\n- myList class created to manage tasks and print all tasks\n- myList toString() is overridden to print in the required way","tags":["Level-2"],"fileTypesAndContributionMap":{"java":{"insertions":35,"deletions":7}}},{"hash":"1065791f9e5f690beec20917df50fe5709b4d1cb","messageTitle":"Added done functionality to bot","messageBody":"- Added Task class to the bot\n- Tasks are no longer maintained as a string in myList, all are managed as an ArrayList","tags":["Level-3"],"fileTypesAndContributionMap":{"java":{"insertions":76,"deletions":11}}},{"hash":"4f53c650750c6c4c064d9d3ed92e2239755b77be","messageTitle":"Added deadline and event functionality","messageBody":"- Minor data input validation to ensure that the /by and /at arguments are properly supplied. Must contain the arguments and must have something after the argument.\n- Deadline and myEvent extends Task and overrides toString() method accordingly","tags":["Level-4"],"fileTypesAndContributionMap":{"java":{"insertions":132,"deletions":30}}},{"hash":"c44bf660f08750810b611687ca9cf8ba560912e5","messageTitle":"Integrated tests","messageBody":"- Edited runtest.sh script to exclude dos2unix as it isn\u0027t available on my system and is not necessary","tags":["A-TextUiTesting"],"fileTypesAndContributionMap":{"txt":{"insertions":5,"deletions":0},"java":{"insertions":1,"deletions":1},"sh":{"insertions":2,"deletions":2}}},{"hash":"e22486a3d45b6471fa74e28bbf4acf6b32e70879","messageTitle":"Added input validation","messageBody":"- checked for no args after todo being included\n- invalid commands have been caught","tags":["Level-5"],"fileTypesAndContributionMap":{"java":{"insertions":9,"deletions":1}}},{"hash":"adbfc157ff58a3ffb1aaa891fb6946854abc6957","messageTitle":"Added delete function","messageBody":"- Implementation already used ArrayList so this was easily integrated","tags":["Level-6"],"fileTypesAndContributionMap":{"java":{"insertions":14,"deletions":0}}}]},{"date":"2021-01-25","commitResults":[{"hash":"505585ed45a79ac43da01859df45a45aeed93be2","messageTitle":"Add save function","messageBody":"- Introduce static Ui class to handle system output to user\n- Introduce static Storage class to handle File IO\n- Altered EXPECTED.txt as issues lied in trailing and leading whitespace\n- Save function implemented in Storage class","fileTypesAndContributionMap":{"txt":{"insertions":6,"deletions":0},"java":{"insertions":203,"deletions":17}}},{"hash":"469164af6ff7a28733b74cfcfa9bed6f299088f9","messageTitle":"Add Datetime Function","messageBody":"- Static parser class added to work through string commands\n- Datetime class added to replace the use of String datetime","fileTypesAndContributionMap":{"txt":{"insertions":2,"deletions":2},"java":{"insertions":132,"deletions":26}}},{"hash":"1a8f46a199789a67bf2ed4cba81f017413ec80ec","messageTitle":"Merge Successfully Datetime and Save Function","messageBody":"- Altered methods to save Datetime objects safely into storage file","tags":["Level-8"],"fileTypesAndContributionMap":{"txt":{"insertions":4,"deletions":4},"java":{"insertions":46,"deletions":20}}}]},{"date":"2021-01-26","commitResults":[{"hash":"3e230b2cacf37beb5bb34ce09871e04525d375ac","messageTitle":"Improve OOP Elements","messageBody":"- Any system output is moved to Ui class\n- SwitchBlade.txt is ignored","tags":["A-MoreOOP"],"fileTypesAndContributionMap":{"txt":{"insertions":0,"deletions":6},"java":{"insertions":30,"deletions":28}}},{"hash":"81387d381721292d3d4880d09cc316454a3a1738","messageTitle":"Introduce JUnit Tests","messageBody":"- Tested 2 methods across Parser and Ui Test\n- Leading and trailing whitespace characters are now removed from the returning string in Parser","tags":["v0.1","A-JUnit"],"fileTypesAndContributionMap":{"java":{"insertions":42,"deletions":2}}},{"hash":"7e9346122604df0e8dfa66fe4b74efd182db8dae","messageTitle":"Documented with Javadocs","messageBody":"Documentation not completed but comments have been written for each class","fileTypesAndContributionMap":{"java":{"insertions":123,"deletions":1}}},{"hash":"4ac94ec7654061a4da75f16097a3591af9c6b96d","messageTitle":"Fix Styling Issues","messageBody":"- Bracketing on if-else statements\n- Remove unused dependencies","fileTypesAndContributionMap":{"java":{"insertions":49,"deletions":35}}},{"hash":"4afae1a46a7fb6bdf81b53bc379a3e8ef070cbbd","messageTitle":"Add Find Function","messageBody":"Chatbot can now find tasks with the specified search term","fileTypesAndContributionMap":{"txt":{"insertions":1,"deletions":0},"java":{"insertions":32,"deletions":2}}},{"hash":"b19a71c9ce67ff0205d81bd4c179c899deeadf53","messageTitle":"Add another test","messageBody":"Tests toString method of Task","tags":["A-Jar"],"fileTypesAndContributionMap":{"java":{"insertions":6,"deletions":0}}}]},{"date":"2021-01-31","commitResults":[{"hash":"71f712493f34fb694858329a715f74c1f194828d","messageTitle":"Change to JDK 11","messageBody":"Previous versions written on JDK 12 on mistake","fileTypesAndContributionMap":{"java":{"insertions":44,"deletions":21}}},{"hash":"4c8acd5b3a746fd11ed7710d81a2333c220ca575","messageTitle":"Add Gradle support","messageBody":"Verified to be able to execute run and jUnit tests","tags":["A-Gradle"],"fileTypesAndContributionMap":{"gradle":{"insertions":25,"deletions":0},"bat":{"insertions":89,"deletions":0}}}]},{"date":"2021-02-01","commitResults":[{"hash":"6f0167d9f0769c087e303a80e0cfb07d5d0488e3","messageTitle":"Add UI Support","messageBody":"- Used JavaFXML frameworks\n- SwitchBlade class now functions as a command interpreter mostly\n- Output from backend is sent from Ui class","tags":["Level-10"],"fileTypesAndContributionMap":{"gradle":{"insertions":21,"deletions":0},"txt":{"insertions":3,"deletions":0},"java":{"insertions":250,"deletions":101}}},{"hash":"61dcda56d6b3896a95de1b53707a15ffd65c684d","messageTitle":"Adjust Ui","messageBody":"- Window closes in 2 seconds instead of 3\n- Profile images have been shrunk","fileTypesAndContributionMap":{"txt":{"insertions":0,"deletions":1},"java":{"insertions":1,"deletions":1}}}]},{"date":"2021-02-02","commitResults":[{"hash":"89737f0355d2dcfb189c8f8afcb8bd1d2a6661f0","messageTitle":"Fix Minor Bugs","messageBody":"- Removed unnecessary version on javafx\n- Changed name in init for Ui\n- Added argument checking for delete command","fileTypesAndContributionMap":{"gradle":{"insertions":0,"deletions":1},"java":{"insertions":25,"deletions":14}}},{"hash":"a2f1f6194bb19ca6b77f23a5b5adab1c5c10de8b","messageTitle":"Fix Bugs in Ui","messageBody":"- Ui class was not returning correct String\n- Number argument checking for markCompleted in myList class","fileTypesAndContributionMap":{"txt":{"insertions":0,"deletions":1},"java":{"insertions":19,"deletions":15}}}]}]},"authorFileTypeContributionMap":{"lyueyang":{"java":957,"md":0,"fxml":35,"sh":2,"bat":89,"gradle":45,"txt":7}},"authorContributionVariance":{"lyueyang":22081.95},"authorDisplayNameMap":{"lyueyang":"CS2103T-W10-1 LEE ..YANG"}}
