[{"path":"src/main/java/AddCmd.java","fileType":"java","lines":[{"lineNumber":1,"author":{"gitId":"ivantjh"},"content":"import java.util.List;"},{"lineNumber":2,"author":{"gitId":"ivantjh"},"content":""},{"lineNumber":3,"author":{"gitId":"ivantjh"},"content":"public class AddCmd implements Command {"},{"lineNumber":4,"author":{"gitId":"ivantjh"},"content":"    private final List\u003cTask\u003e lst;"},{"lineNumber":5,"author":{"gitId":"ivantjh"},"content":"    private final TaskType taskType;"},{"lineNumber":6,"author":{"gitId":"ivantjh"},"content":""},{"lineNumber":7,"author":{"gitId":"ivantjh"},"content":"    public AddCmd(List\u003cTask\u003e lst, TaskType taskType) {"},{"lineNumber":8,"author":{"gitId":"ivantjh"},"content":"        this.lst \u003d lst;"},{"lineNumber":9,"author":{"gitId":"ivantjh"},"content":"        this.taskType \u003d taskType;"},{"lineNumber":10,"author":{"gitId":"ivantjh"},"content":"    }"},{"lineNumber":11,"author":{"gitId":"ivantjh"},"content":""},{"lineNumber":12,"author":{"gitId":"ivantjh"},"content":"    private void validateNotEmpty(String str, String msg) {"},{"lineNumber":13,"author":{"gitId":"ivantjh"},"content":"        if (str.equals(\"\")) {"},{"lineNumber":14,"author":{"gitId":"ivantjh"},"content":"            throw new DukeException(msg);"},{"lineNumber":15,"author":{"gitId":"ivantjh"},"content":"        }"},{"lineNumber":16,"author":{"gitId":"ivantjh"},"content":"    }"},{"lineNumber":17,"author":{"gitId":"ivantjh"},"content":""},{"lineNumber":18,"author":{"gitId":"ivantjh"},"content":"    private String[] trimStrArr(String[] strArr) {"},{"lineNumber":19,"author":{"gitId":"ivantjh"},"content":"        for (int i \u003d 0; i \u003c strArr.length; i++) {"},{"lineNumber":20,"author":{"gitId":"ivantjh"},"content":"            strArr[i] \u003d strArr[i].trim();"},{"lineNumber":21,"author":{"gitId":"ivantjh"},"content":"        }"},{"lineNumber":22,"author":{"gitId":"ivantjh"},"content":""},{"lineNumber":23,"author":{"gitId":"ivantjh"},"content":"        return strArr;"},{"lineNumber":24,"author":{"gitId":"ivantjh"},"content":"    }"},{"lineNumber":25,"author":{"gitId":"ivantjh"},"content":""},{"lineNumber":26,"author":{"gitId":"ivantjh"},"content":"    @Override"},{"lineNumber":27,"author":{"gitId":"ivantjh"},"content":"    public String process(String input) {"},{"lineNumber":28,"author":{"gitId":"ivantjh"},"content":"        Task task;"},{"lineNumber":29,"author":{"gitId":"ivantjh"},"content":"        String[] words;"},{"lineNumber":30,"author":{"gitId":"ivantjh"},"content":""},{"lineNumber":31,"author":{"gitId":"ivantjh"},"content":"        validateNotEmpty(input, \"OOPS!!! The description of a task cannot be empty\");"},{"lineNumber":32,"author":{"gitId":"ivantjh"},"content":""},{"lineNumber":33,"author":{"gitId":"ivantjh"},"content":"        switch (taskType) {"},{"lineNumber":34,"author":{"gitId":"ivantjh"},"content":"            case TODO:"},{"lineNumber":35,"author":{"gitId":"ivantjh"},"content":"                task \u003d new Todo(input);"},{"lineNumber":36,"author":{"gitId":"ivantjh"},"content":"                break;"},{"lineNumber":37,"author":{"gitId":"ivantjh"},"content":"            case EVENT:"},{"lineNumber":38,"author":{"gitId":"ivantjh"},"content":"                words \u003d input.split(\"/at\");"},{"lineNumber":39,"author":{"gitId":"ivantjh"},"content":"                trimStrArr(words);"},{"lineNumber":40,"author":{"gitId":"ivantjh"},"content":"                task \u003d new Event(words[0], words[1]);"},{"lineNumber":41,"author":{"gitId":"ivantjh"},"content":"                break;"},{"lineNumber":42,"author":{"gitId":"ivantjh"},"content":"            case DEADLINE:"},{"lineNumber":43,"author":{"gitId":"ivantjh"},"content":"                words \u003d input.split(\"/by\");"},{"lineNumber":44,"author":{"gitId":"ivantjh"},"content":"                trimStrArr(words);"},{"lineNumber":45,"author":{"gitId":"ivantjh"},"content":"                task \u003d new Deadline(words[0], words[1]);"},{"lineNumber":46,"author":{"gitId":"ivantjh"},"content":"                break;"},{"lineNumber":47,"author":{"gitId":"ivantjh"},"content":"            default:"},{"lineNumber":48,"author":{"gitId":"ivantjh"},"content":"                task \u003d new Task(\"placeholder task\");"},{"lineNumber":49,"author":{"gitId":"ivantjh"},"content":"                break;"},{"lineNumber":50,"author":{"gitId":"ivantjh"},"content":"        }"},{"lineNumber":51,"author":{"gitId":"ivantjh"},"content":""},{"lineNumber":52,"author":{"gitId":"ivantjh"},"content":"        this.lst.add(task);"},{"lineNumber":53,"author":{"gitId":"ivantjh"},"content":""},{"lineNumber":54,"author":{"gitId":"ivantjh"},"content":"        String resp \u003d \"Got it. I\u0027ve added this task:\\n\";"},{"lineNumber":55,"author":{"gitId":"ivantjh"},"content":"        resp +\u003d String.format(\"\\t%s\\n\", task.toString());"},{"lineNumber":56,"author":{"gitId":"ivantjh"},"content":"        resp +\u003d String.format(\"Now you have %d tasks in the list\\n\", this.lst.size());"},{"lineNumber":57,"author":{"gitId":"ivantjh"},"content":"        return resp;"},{"lineNumber":58,"author":{"gitId":"ivantjh"},"content":"    }"},{"lineNumber":59,"author":{"gitId":"ivantjh"},"content":"}"}],"authorContributionMap":{"ivantjh":59}},{"path":"src/main/java/ByeCmd.java","fileType":"java","lines":[{"lineNumber":1,"author":{"gitId":"ivantjh"},"content":"public class ByeCmd implements Command {"},{"lineNumber":2,"author":{"gitId":"ivantjh"},"content":"    private static final String byeMsg \u003d \"Bye. Hope to see you again soon!\\n\";"},{"lineNumber":3,"author":{"gitId":"ivantjh"},"content":""},{"lineNumber":4,"author":{"gitId":"ivantjh"},"content":"    @Override"},{"lineNumber":5,"author":{"gitId":"ivantjh"},"content":"    public String process(String cmdArgs) {"},{"lineNumber":6,"author":{"gitId":"ivantjh"},"content":"        return byeMsg;"},{"lineNumber":7,"author":{"gitId":"ivantjh"},"content":"    }"},{"lineNumber":8,"author":{"gitId":"ivantjh"},"content":"}"}],"authorContributionMap":{"ivantjh":8}},{"path":"src/main/java/Command.java","fileType":"java","lines":[{"lineNumber":1,"author":{"gitId":"ivantjh"},"content":"public interface Command {"},{"lineNumber":2,"author":{"gitId":"ivantjh"},"content":"    String process(String cmdArgs);"},{"lineNumber":3,"author":{"gitId":"ivantjh"},"content":"}"}],"authorContributionMap":{"ivantjh":3}},{"path":"src/main/java/Deadline.java","fileType":"java","lines":[{"lineNumber":1,"author":{"gitId":"ivantjh"},"content":"public class Deadline extends Task {"},{"lineNumber":2,"author":{"gitId":"ivantjh"},"content":"    private final String by;"},{"lineNumber":3,"author":{"gitId":"ivantjh"},"content":""},{"lineNumber":4,"author":{"gitId":"ivantjh"},"content":"    public Deadline(String content, String by) {"},{"lineNumber":5,"author":{"gitId":"ivantjh"},"content":"        super(content);"},{"lineNumber":6,"author":{"gitId":"ivantjh"},"content":"        this.by \u003d by;"},{"lineNumber":7,"author":{"gitId":"ivantjh"},"content":"    }"},{"lineNumber":8,"author":{"gitId":"ivantjh"},"content":""},{"lineNumber":9,"author":{"gitId":"ivantjh"},"content":"    @Override"},{"lineNumber":10,"author":{"gitId":"ivantjh"},"content":"    public String toString() {"},{"lineNumber":11,"author":{"gitId":"ivantjh"},"content":"        return String.format(\"[D][%s] %s (by: %s)\", getStatusIcon(), getContent(), by);"},{"lineNumber":12,"author":{"gitId":"ivantjh"},"content":"    }"},{"lineNumber":13,"author":{"gitId":"ivantjh"},"content":"}"}],"authorContributionMap":{"ivantjh":13}},{"path":"src/main/java/DeleteCmd.java","fileType":"java","lines":[{"lineNumber":1,"author":{"gitId":"ivantjh"},"content":"import java.util.List;"},{"lineNumber":2,"author":{"gitId":"ivantjh"},"content":""},{"lineNumber":3,"author":{"gitId":"ivantjh"},"content":"public class DeleteCmd implements Command {"},{"lineNumber":4,"author":{"gitId":"ivantjh"},"content":"    private final List\u003cTask\u003e lst;"},{"lineNumber":5,"author":{"gitId":"ivantjh"},"content":""},{"lineNumber":6,"author":{"gitId":"ivantjh"},"content":"    public DeleteCmd(List\u003cTask\u003e lst) {"},{"lineNumber":7,"author":{"gitId":"ivantjh"},"content":"        this.lst \u003d lst;"},{"lineNumber":8,"author":{"gitId":"ivantjh"},"content":"    }"},{"lineNumber":9,"author":{"gitId":"ivantjh"},"content":""},{"lineNumber":10,"author":{"gitId":"ivantjh"},"content":"    @Override"},{"lineNumber":11,"author":{"gitId":"ivantjh"},"content":"    public String process(String cmdArgs) {"},{"lineNumber":12,"author":{"gitId":"ivantjh"},"content":"        int idx \u003d Integer.parseInt(cmdArgs) - 1;"},{"lineNumber":13,"author":{"gitId":"ivantjh"},"content":"        if (idx \u003c 0 || idx \u003e\u003d lst.size()) {"},{"lineNumber":14,"author":{"gitId":"ivantjh"},"content":"            throw new DukeException(String.format(\"Item no. %d cannot be found in list\", idx + 1));"},{"lineNumber":15,"author":{"gitId":"ivantjh"},"content":"        }"},{"lineNumber":16,"author":{"gitId":"ivantjh"},"content":""},{"lineNumber":17,"author":{"gitId":"ivantjh"},"content":"        Task t \u003d this.lst.remove(idx);"},{"lineNumber":18,"author":{"gitId":"ivantjh"},"content":"        String resp \u003d \"Noted. I\u0027ve removed this task:\\n\";"},{"lineNumber":19,"author":{"gitId":"ivantjh"},"content":"        resp +\u003d String.format(\"\\t%s\\n\", t.toString());"},{"lineNumber":20,"author":{"gitId":"ivantjh"},"content":"        resp +\u003d String.format(\"Now you have %d tasks in the list\\n\", lst.size());"},{"lineNumber":21,"author":{"gitId":"ivantjh"},"content":"        return resp;"},{"lineNumber":22,"author":{"gitId":"ivantjh"},"content":"    }"},{"lineNumber":23,"author":{"gitId":"ivantjh"},"content":"}"}],"authorContributionMap":{"ivantjh":23}},{"path":"src/main/java/DoneCmd.java","fileType":"java","lines":[{"lineNumber":1,"author":{"gitId":"ivantjh"},"content":"import java.util.List;"},{"lineNumber":2,"author":{"gitId":"ivantjh"},"content":""},{"lineNumber":3,"author":{"gitId":"ivantjh"},"content":"public class DoneCmd implements Command {"},{"lineNumber":4,"author":{"gitId":"ivantjh"},"content":"    private final List\u003cTask\u003e lst;"},{"lineNumber":5,"author":{"gitId":"ivantjh"},"content":""},{"lineNumber":6,"author":{"gitId":"ivantjh"},"content":"    public DoneCmd(List\u003cTask\u003e lst) {"},{"lineNumber":7,"author":{"gitId":"ivantjh"},"content":"        this.lst \u003d lst;"},{"lineNumber":8,"author":{"gitId":"ivantjh"},"content":"    }"},{"lineNumber":9,"author":{"gitId":"ivantjh"},"content":""},{"lineNumber":10,"author":{"gitId":"ivantjh"},"content":"    @Override"},{"lineNumber":11,"author":{"gitId":"ivantjh"},"content":"    public String process(String cmdArgs) {"},{"lineNumber":12,"author":{"gitId":"ivantjh"},"content":"        int idx \u003d Integer.parseInt(cmdArgs) - 1;"},{"lineNumber":13,"author":{"gitId":"ivantjh"},"content":"        if (idx \u003c 0 || idx \u003e\u003d lst.size()) {"},{"lineNumber":14,"author":{"gitId":"ivantjh"},"content":"            throw new DukeException(String.format(\"Item no. %d cannot be found in list\", idx + 1));"},{"lineNumber":15,"author":{"gitId":"ivantjh"},"content":"        }"},{"lineNumber":16,"author":{"gitId":"ivantjh"},"content":""},{"lineNumber":17,"author":{"gitId":"ivantjh"},"content":"        Task t \u003d lst.get(idx);"},{"lineNumber":18,"author":{"gitId":"ivantjh"},"content":"        t.markDone();"},{"lineNumber":19,"author":{"gitId":"ivantjh"},"content":""},{"lineNumber":20,"author":{"gitId":"ivantjh"},"content":"        String resp \u003d \"Nice! I\u0027ve marked this task as done:\\n\";"},{"lineNumber":21,"author":{"gitId":"ivantjh"},"content":"        resp +\u003d String.format(\"%s\\n\", t.toString());"},{"lineNumber":22,"author":{"gitId":"ivantjh"},"content":"        return resp;"},{"lineNumber":23,"author":{"gitId":"ivantjh"},"content":"    }"},{"lineNumber":24,"author":{"gitId":"ivantjh"},"content":"}"}],"authorContributionMap":{"ivantjh":24}},{"path":"src/main/java/Duke.java","fileType":"java","lines":[{"lineNumber":1,"author":{"gitId":"ivantjh"},"content":"import java.util.Arrays;"},{"lineNumber":2,"author":{"gitId":"ivantjh"},"content":"import java.util.Scanner;"},{"lineNumber":3,"author":{"gitId":"ivantjh"},"content":"import java.util.ArrayList;"},{"lineNumber":4,"author":{"gitId":"ivantjh"},"content":""},{"lineNumber":5,"author":{"gitId":"-"},"content":"public class Duke {"},{"lineNumber":6,"author":{"gitId":"ivantjh"},"content":""},{"lineNumber":7,"author":{"gitId":"-"},"content":"    public static void main(String[] args) {"},{"lineNumber":8,"author":{"gitId":"ivantjh"},"content":"        printResponse(getWelcomeMsg());"},{"lineNumber":9,"author":{"gitId":"ivantjh"},"content":""},{"lineNumber":10,"author":{"gitId":"ivantjh"},"content":"        Scanner sc \u003d new Scanner(System.in);"},{"lineNumber":11,"author":{"gitId":"ivantjh"},"content":"        ArrayList\u003cTask\u003e taskLst \u003d new ArrayList\u003c\u003e();"},{"lineNumber":12,"author":{"gitId":"ivantjh"},"content":"        boolean isExited \u003d false;"},{"lineNumber":13,"author":{"gitId":"ivantjh"},"content":""},{"lineNumber":14,"author":{"gitId":"ivantjh"},"content":"        while (true) {"},{"lineNumber":15,"author":{"gitId":"ivantjh"},"content":"            try {"},{"lineNumber":16,"author":{"gitId":"ivantjh"},"content":"                String input \u003d sc.nextLine();"},{"lineNumber":17,"author":{"gitId":"ivantjh"},"content":"                String[] words \u003d input.trim().split(\" \");"},{"lineNumber":18,"author":{"gitId":"ivantjh"},"content":"                String cmd \u003d words[0];"},{"lineNumber":19,"author":{"gitId":"ivantjh"},"content":""},{"lineNumber":20,"author":{"gitId":"ivantjh"},"content":"                // Recombine cmdArgs for further parsing in individual cmd classes"},{"lineNumber":21,"author":{"gitId":"ivantjh"},"content":"                String[] remain \u003d Arrays.copyOfRange(words, 1, words.length);"},{"lineNumber":22,"author":{"gitId":"ivantjh"},"content":"                String cmdArgs \u003d String.join(\" \", remain);"},{"lineNumber":23,"author":{"gitId":"ivantjh"},"content":""},{"lineNumber":24,"author":{"gitId":"ivantjh"},"content":"                String resp \u003d \"\";"},{"lineNumber":25,"author":{"gitId":"ivantjh"},"content":""},{"lineNumber":26,"author":{"gitId":"ivantjh"},"content":"                switch (cmd) {"},{"lineNumber":27,"author":{"gitId":"ivantjh"},"content":"                    case \"bye\":"},{"lineNumber":28,"author":{"gitId":"ivantjh"},"content":"                        ByeCmd byeCmd \u003d new ByeCmd();"},{"lineNumber":29,"author":{"gitId":"ivantjh"},"content":"                        resp \u003d byeCmd.process(cmdArgs);"},{"lineNumber":30,"author":{"gitId":"ivantjh"},"content":"                        isExited \u003d true;"},{"lineNumber":31,"author":{"gitId":"ivantjh"},"content":"                        break;"},{"lineNumber":32,"author":{"gitId":"ivantjh"},"content":"                    case \"list\":"},{"lineNumber":33,"author":{"gitId":"ivantjh"},"content":"                        ListCmd listCmd \u003d new ListCmd(taskLst);"},{"lineNumber":34,"author":{"gitId":"ivantjh"},"content":"                        resp \u003d listCmd.process(cmdArgs);"},{"lineNumber":35,"author":{"gitId":"ivantjh"},"content":"                        break;"},{"lineNumber":36,"author":{"gitId":"ivantjh"},"content":"                    case \"done\":"},{"lineNumber":37,"author":{"gitId":"ivantjh"},"content":"                        DoneCmd doneCmd \u003d new DoneCmd(taskLst);"},{"lineNumber":38,"author":{"gitId":"ivantjh"},"content":"                        resp \u003d doneCmd.process(cmdArgs);"},{"lineNumber":39,"author":{"gitId":"ivantjh"},"content":"                        break;"},{"lineNumber":40,"author":{"gitId":"ivantjh"},"content":"                    case \"todo\":"},{"lineNumber":41,"author":{"gitId":"ivantjh"},"content":"                    case \"deadline\":"},{"lineNumber":42,"author":{"gitId":"ivantjh"},"content":"                    case \"event\":"},{"lineNumber":43,"author":{"gitId":"ivantjh"},"content":"                        AddCmd addCmd \u003d new AddCmd(taskLst, TaskType.valueOf(cmd.toUpperCase()));"},{"lineNumber":44,"author":{"gitId":"ivantjh"},"content":"                        resp \u003d addCmd.process(cmdArgs);"},{"lineNumber":45,"author":{"gitId":"ivantjh"},"content":"                        break;"},{"lineNumber":46,"author":{"gitId":"ivantjh"},"content":"                    case \"delete\":"},{"lineNumber":47,"author":{"gitId":"ivantjh"},"content":"                        DeleteCmd delCmd \u003d new DeleteCmd(taskLst);"},{"lineNumber":48,"author":{"gitId":"ivantjh"},"content":"                        resp \u003d delCmd.process(cmdArgs);"},{"lineNumber":49,"author":{"gitId":"ivantjh"},"content":"                        break;"},{"lineNumber":50,"author":{"gitId":"ivantjh"},"content":"                    default:"},{"lineNumber":51,"author":{"gitId":"ivantjh"},"content":"                        throw new DukeException(\"OOPS!!! I\u0027m sorry, but I don\u0027t know what that command means :-(\");"},{"lineNumber":52,"author":{"gitId":"ivantjh"},"content":"                }"},{"lineNumber":53,"author":{"gitId":"ivantjh"},"content":""},{"lineNumber":54,"author":{"gitId":"ivantjh"},"content":"                printResponse(resp);"},{"lineNumber":55,"author":{"gitId":"ivantjh"},"content":"                if (isExited) {"},{"lineNumber":56,"author":{"gitId":"ivantjh"},"content":"                    break;"},{"lineNumber":57,"author":{"gitId":"ivantjh"},"content":"                }"},{"lineNumber":58,"author":{"gitId":"ivantjh"},"content":"            }"},{"lineNumber":59,"author":{"gitId":"ivantjh"},"content":"            catch (DukeException e) {"},{"lineNumber":60,"author":{"gitId":"ivantjh"},"content":"                printResponse(e.getMessage());"},{"lineNumber":61,"author":{"gitId":"ivantjh"},"content":"            }"},{"lineNumber":62,"author":{"gitId":"ivantjh"},"content":"        }"},{"lineNumber":63,"author":{"gitId":"ivantjh"},"content":"    }"},{"lineNumber":64,"author":{"gitId":"ivantjh"},"content":""},{"lineNumber":65,"author":{"gitId":"ivantjh"},"content":"    public static String getWelcomeMsg() {"},{"lineNumber":66,"author":{"gitId":"-"},"content":"        String logo \u003d \" ____        _\\n\""},{"lineNumber":67,"author":{"gitId":"-"},"content":"                + \"|  _ \\\\ _   _| | _____\\n\""},{"lineNumber":68,"author":{"gitId":"-"},"content":"                + \"| | | | | | | |/ / _ \\\\\\n\""},{"lineNumber":69,"author":{"gitId":"-"},"content":"                + \"| |_| | |_| |   \u003c  __/\\n\""},{"lineNumber":70,"author":{"gitId":"-"},"content":"                + \"|____/ \\\\__,_|_|\\\\_\\\\___|\\n\";"},{"lineNumber":71,"author":{"gitId":"ivantjh"},"content":"        return logo +"},{"lineNumber":72,"author":{"gitId":"ivantjh"},"content":"                \"Hello! I am duke\\n\" +"},{"lineNumber":73,"author":{"gitId":"ivantjh"},"content":"                \"What can I do for you?\\n\";"},{"lineNumber":74,"author":{"gitId":"ivantjh"},"content":"    }"},{"lineNumber":75,"author":{"gitId":"ivantjh"},"content":""},{"lineNumber":76,"author":{"gitId":"ivantjh"},"content":"    public static void printResponse(String resp) {"},{"lineNumber":77,"author":{"gitId":"ivantjh"},"content":"        System.out.println(\"\\t____________________________________________________________\");"},{"lineNumber":78,"author":{"gitId":"ivantjh"},"content":"        resp.lines().forEach(line -\u003e System.out.printf(\"\\t%s\\n\", line));"},{"lineNumber":79,"author":{"gitId":"ivantjh"},"content":"        System.out.println(\"\\t____________________________________________________________\");"},{"lineNumber":80,"author":{"gitId":"-"},"content":"    }"},{"lineNumber":81,"author":{"gitId":"-"},"content":"}"}],"authorContributionMap":{"ivantjh":72,"-":9}},{"path":"src/main/java/DukeException.java","fileType":"java","lines":[{"lineNumber":1,"author":{"gitId":"ivantjh"},"content":"public class DukeException extends RuntimeException {"},{"lineNumber":2,"author":{"gitId":"ivantjh"},"content":"    public DukeException(String msg) {"},{"lineNumber":3,"author":{"gitId":"ivantjh"},"content":"        super(msg);"},{"lineNumber":4,"author":{"gitId":"ivantjh"},"content":"    }"},{"lineNumber":5,"author":{"gitId":"ivantjh"},"content":"}"}],"authorContributionMap":{"ivantjh":5}},{"path":"src/main/java/Event.java","fileType":"java","lines":[{"lineNumber":1,"author":{"gitId":"ivantjh"},"content":"public class Event extends Task {"},{"lineNumber":2,"author":{"gitId":"ivantjh"},"content":"    private final String at;"},{"lineNumber":3,"author":{"gitId":"ivantjh"},"content":""},{"lineNumber":4,"author":{"gitId":"ivantjh"},"content":"    public Event(String content, String at) {"},{"lineNumber":5,"author":{"gitId":"ivantjh"},"content":"        super(content);"},{"lineNumber":6,"author":{"gitId":"ivantjh"},"content":"        this.at \u003d at;"},{"lineNumber":7,"author":{"gitId":"ivantjh"},"content":"    }"},{"lineNumber":8,"author":{"gitId":"ivantjh"},"content":""},{"lineNumber":9,"author":{"gitId":"ivantjh"},"content":"    @Override"},{"lineNumber":10,"author":{"gitId":"ivantjh"},"content":"    public String toString() {"},{"lineNumber":11,"author":{"gitId":"ivantjh"},"content":"        return String.format(\"[E][%s] %s (at: %s)\", getStatusIcon(), getContent(), at);"},{"lineNumber":12,"author":{"gitId":"ivantjh"},"content":"    }"},{"lineNumber":13,"author":{"gitId":"ivantjh"},"content":"}"}],"authorContributionMap":{"ivantjh":13}},{"path":"src/main/java/ListCmd.java","fileType":"java","lines":[{"lineNumber":1,"author":{"gitId":"ivantjh"},"content":"import java.util.List;"},{"lineNumber":2,"author":{"gitId":"ivantjh"},"content":""},{"lineNumber":3,"author":{"gitId":"ivantjh"},"content":"public class ListCmd implements Command {"},{"lineNumber":4,"author":{"gitId":"ivantjh"},"content":"    private final List\u003cTask\u003e lst;"},{"lineNumber":5,"author":{"gitId":"ivantjh"},"content":""},{"lineNumber":6,"author":{"gitId":"ivantjh"},"content":"    public ListCmd(List\u003cTask\u003e lst) {"},{"lineNumber":7,"author":{"gitId":"ivantjh"},"content":"        this.lst \u003d lst;"},{"lineNumber":8,"author":{"gitId":"ivantjh"},"content":"    }"},{"lineNumber":9,"author":{"gitId":"ivantjh"},"content":""},{"lineNumber":10,"author":{"gitId":"ivantjh"},"content":"    @Override"},{"lineNumber":11,"author":{"gitId":"ivantjh"},"content":"    public String process(String cmdArgs) {"},{"lineNumber":12,"author":{"gitId":"ivantjh"},"content":"        StringBuilder sb \u003d new StringBuilder();"},{"lineNumber":13,"author":{"gitId":"ivantjh"},"content":"        for (int i \u003d 0; i \u003c lst.size(); i++) {"},{"lineNumber":14,"author":{"gitId":"ivantjh"},"content":"            Task task \u003d lst.get(i);"},{"lineNumber":15,"author":{"gitId":"ivantjh"},"content":"            sb.append(String.format(\"%d. %s\\n\", i + 1, task.toString()));"},{"lineNumber":16,"author":{"gitId":"ivantjh"},"content":"        }"},{"lineNumber":17,"author":{"gitId":"ivantjh"},"content":"        return sb.toString();"},{"lineNumber":18,"author":{"gitId":"ivantjh"},"content":"    }"},{"lineNumber":19,"author":{"gitId":"ivantjh"},"content":"}"}],"authorContributionMap":{"ivantjh":19}},{"path":"src/main/java/Task.java","fileType":"java","lines":[{"lineNumber":1,"author":{"gitId":"ivantjh"},"content":"public class Task {"},{"lineNumber":2,"author":{"gitId":"ivantjh"},"content":"    private final String content;"},{"lineNumber":3,"author":{"gitId":"ivantjh"},"content":"    private boolean isDone;"},{"lineNumber":4,"author":{"gitId":"ivantjh"},"content":""},{"lineNumber":5,"author":{"gitId":"ivantjh"},"content":"    public Task(String content) {"},{"lineNumber":6,"author":{"gitId":"ivantjh"},"content":"        this.content \u003d content;"},{"lineNumber":7,"author":{"gitId":"ivantjh"},"content":"        this.isDone \u003d false;"},{"lineNumber":8,"author":{"gitId":"ivantjh"},"content":"    }"},{"lineNumber":9,"author":{"gitId":"ivantjh"},"content":""},{"lineNumber":10,"author":{"gitId":"ivantjh"},"content":"    public String getStatusIcon() {"},{"lineNumber":11,"author":{"gitId":"ivantjh"},"content":"        return (isDone ? \"\\u2713\" : \"\\u2718\"); //return tick or X symbols"},{"lineNumber":12,"author":{"gitId":"ivantjh"},"content":"    }"},{"lineNumber":13,"author":{"gitId":"ivantjh"},"content":""},{"lineNumber":14,"author":{"gitId":"ivantjh"},"content":"    public String getContent() {"},{"lineNumber":15,"author":{"gitId":"ivantjh"},"content":"        return content;"},{"lineNumber":16,"author":{"gitId":"ivantjh"},"content":"    }"},{"lineNumber":17,"author":{"gitId":"ivantjh"},"content":""},{"lineNumber":18,"author":{"gitId":"ivantjh"},"content":"    public void markDone() {"},{"lineNumber":19,"author":{"gitId":"ivantjh"},"content":"        isDone \u003d true;"},{"lineNumber":20,"author":{"gitId":"ivantjh"},"content":"    }"},{"lineNumber":21,"author":{"gitId":"ivantjh"},"content":""},{"lineNumber":22,"author":{"gitId":"ivantjh"},"content":"    @Override"},{"lineNumber":23,"author":{"gitId":"ivantjh"},"content":"    public String toString() {"},{"lineNumber":24,"author":{"gitId":"ivantjh"},"content":"        return String.format(\"[%s] %s\", getStatusIcon(), getContent());"},{"lineNumber":25,"author":{"gitId":"ivantjh"},"content":"    }"},{"lineNumber":26,"author":{"gitId":"ivantjh"},"content":"}"}],"authorContributionMap":{"ivantjh":26}},{"path":"src/main/java/TaskType.java","fileType":"java","lines":[{"lineNumber":1,"author":{"gitId":"ivantjh"},"content":"public enum TaskType {"},{"lineNumber":2,"author":{"gitId":"ivantjh"},"content":"    TODO,"},{"lineNumber":3,"author":{"gitId":"ivantjh"},"content":"    DEADLINE,"},{"lineNumber":4,"author":{"gitId":"ivantjh"},"content":"    EVENT"},{"lineNumber":5,"author":{"gitId":"ivantjh"},"content":"}"}],"authorContributionMap":{"ivantjh":5}},{"path":"src/main/java/Todo.java","fileType":"java","lines":[{"lineNumber":1,"author":{"gitId":"ivantjh"},"content":"public class Todo extends Task {"},{"lineNumber":2,"author":{"gitId":"ivantjh"},"content":"    public Todo(String content) {"},{"lineNumber":3,"author":{"gitId":"ivantjh"},"content":"        super(content);"},{"lineNumber":4,"author":{"gitId":"ivantjh"},"content":"    }"},{"lineNumber":5,"author":{"gitId":"ivantjh"},"content":""},{"lineNumber":6,"author":{"gitId":"ivantjh"},"content":"    @Override"},{"lineNumber":7,"author":{"gitId":"ivantjh"},"content":"    public String toString() {"},{"lineNumber":8,"author":{"gitId":"ivantjh"},"content":"        return String.format(\"[T][%s] %s\", getStatusIcon(), getContent());"},{"lineNumber":9,"author":{"gitId":"ivantjh"},"content":"    }"},{"lineNumber":10,"author":{"gitId":"ivantjh"},"content":"}"}],"authorContributionMap":{"ivantjh":10}},{"path":"text-ui-test/input.txt","fileType":"txt","lines":[{"lineNumber":1,"author":{"gitId":"ivantjh"},"content":"todo borrow book"},{"lineNumber":2,"author":{"gitId":"ivantjh"},"content":"deadline return book /by Sunday"},{"lineNumber":3,"author":{"gitId":"ivantjh"},"content":"event project meeting /at Mon 2-4pm"},{"lineNumber":4,"author":{"gitId":"ivantjh"},"content":"blah"},{"lineNumber":5,"author":{"gitId":"ivantjh"},"content":"todo"},{"lineNumber":6,"author":{"gitId":"ivantjh"},"content":"list"},{"lineNumber":7,"author":{"gitId":"ivantjh"},"content":"done 2"},{"lineNumber":8,"author":{"gitId":"ivantjh"},"content":"done 99"},{"lineNumber":9,"author":{"gitId":"ivantjh"},"content":"list"},{"lineNumber":10,"author":{"gitId":"ivantjh"},"content":"delete 1"},{"lineNumber":11,"author":{"gitId":"ivantjh"},"content":"list"},{"lineNumber":12,"author":{"gitId":"ivantjh"},"content":"bye"}],"authorContributionMap":{"ivantjh":12}}]
