{"authorDailyContributionsMap":{"ivantjh":[{"date":"2021-01-17","commitResults":[{"hash":"f5af891decdd11396289ccb5200eedcea7e92695","messageTitle":"Implement skeletal version of Duke","messageBody":"","tags":["Level-1"],"fileTypesAndContributionMap":{"java":{"insertions":46,"deletions":1}}},{"hash":"a9303131c35f70aec6f924a43daf089444ddf3c8","messageTitle":"Refactor ByeCmd into separate file","messageBody":"","fileTypesAndContributionMap":{"java":{"insertions":24,"deletions":7}}},{"hash":"3acba0b11d9233675b0d7f2a2d82bc2db7f1ef3e","messageTitle":"Add ListCmd","messageBody":"","fileTypesAndContributionMap":{"java":{"insertions":26,"deletions":0}}},{"hash":"a2e7356c5a4d4059754deee51012a53189dd3314","messageTitle":"Implement adding of tasks into list","messageBody":"","tags":["Level-2"],"fileTypesAndContributionMap":{"java":{"insertions":19,"deletions":8}}},{"hash":"eb9734c2aaf0e9f951725c2f38939a9bd3b307b3","messageTitle":"Use Task class to represent actual tasks","messageBody":"","fileTypesAndContributionMap":{"java":{"insertions":25,"deletions":7}}},{"hash":"927cfe62db6b0036b10f3e87b3c7f096419eba6e","messageTitle":"Use tick/cross symbols to represent if task is done","messageBody":"","fileTypesAndContributionMap":{"java":{"insertions":8,"deletions":3}}},{"hash":"3878e288bbd3a4371fcf9b1eeeff7a2dce461f81","messageTitle":"Implement DoneCmd","messageBody":"","tags":["Level-3"],"fileTypesAndContributionMap":{"java":{"insertions":27,"deletions":5}}},{"hash":"3336d880c20e0695e8d6d60b853ab7279666888f","messageTitle":"Implement Todos, Events and Deadlines task types","messageBody":"","tags":["Level-4","A-Enums"],"fileTypesAndContributionMap":{"java":{"insertions":83,"deletions":6}}},{"hash":"c7577e89bab1ae8b412c0fef936ce47840139f8a","messageTitle":"Add UI test","messageBody":"","tags":["A-TextUiTesting"],"fileTypesAndContributionMap":{"txt":{"insertions":7,"deletions":0},"java":{"insertions":2,"deletions":2},"sh":{"insertions":0,"deletions":0}}},{"hash":"6930564336d9e1ff157d5b8448f4be12b1562e73","messageTitle":"Handle invalid cmd","messageBody":"","fileTypesAndContributionMap":{"java":{"insertions":42,"deletions":33}}},{"hash":"cb4eb6892fdd56517cb6184553f6d9e7ffa3383a","messageTitle":"Handle empty task description","messageBody":"","tags":["Level-5"],"fileTypesAndContributionMap":{"java":{"insertions":20,"deletions":2}}},{"hash":"286f848cc2544199810781c5cdf99f16e5ed07c6","messageTitle":"Update UI test for exceptions","messageBody":"","fileTypesAndContributionMap":{"txt":{"insertions":2,"deletions":0}}},{"hash":"95a915299c10046fa3c48b2ac1447327f22ab985","messageTitle":"Add DeleteCmd","messageBody":"","tags":["Level-6"],"fileTypesAndContributionMap":{"java":{"insertions":27,"deletions":0}}},{"hash":"d2f14f84dee3d573fae4eb7625a66a19ee12baf6","messageTitle":"Return new line for every response from cmd","messageBody":"","fileTypesAndContributionMap":{"java":{"insertions":12,"deletions":12}}},{"hash":"76aab271d480a8ad29e777d6ff6c7ed393daab2c","messageTitle":"Add test for deleteCmd","messageBody":"","fileTypesAndContributionMap":{"txt":{"insertions":2,"deletions":0}}}]},{"date":"2021-01-19","commitResults":[{"hash":"54d49ea5963ca22994e9a7d663edc436b880616d","messageTitle":"Handle invalid idx for done cmd","messageBody":"","fileTypesAndContributionMap":{"txt":{"insertions":1,"deletions":0},"java":{"insertions":7,"deletions":3}}}]},{"date":"2021-01-23","commitResults":[{"hash":"16020b6b415ba2cff1d04e80625467b606d209c2","messageTitle":"Follow 2103 code style","messageBody":"","fileTypesAndContributionMap":{"java":{"insertions":43,"deletions":44}}}]},{"date":"2021-01-25","commitResults":[{"hash":"116ab5b89a4fd8d69114eed2fe249102f0302704","messageTitle":"Implement read from file","messageBody":"","fileTypesAndContributionMap":{"java":{"insertions":87,"deletions":2}}},{"hash":"5844ec180ab2b9ad431c93012a7e55246af7ff14","messageTitle":"Save tasks to date file after every cmd","messageBody":"","fileTypesAndContributionMap":{"java":{"insertions":69,"deletions":6}}},{"hash":"cbeca3e688bf38e17c2223e4131cacd1cb6c6040","messageTitle":"Add DateTime class","messageBody":"","fileTypesAndContributionMap":{"java":{"insertions":44,"deletions":0}}},{"hash":"99fa882c4db9bc966200b05f60701f86de372cc2","messageTitle":"Parse datetime for deadlines","messageBody":"","fileTypesAndContributionMap":{"java":{"insertions":5,"deletions":3}}},{"hash":"1e1de69c37b80178afb3efd5768b3f3f75411f7e","messageTitle":"Save datetime to file in ISO format","messageBody":"","fileTypesAndContributionMap":{"java":{"insertions":95,"deletions":46}}},{"hash":"fe492ae55fb0de066c590f342fd9fb1f9ad582d5","messageTitle":"Store isDone as boolean in data file","messageBody":"","fileTypesAndContributionMap":{"java":{"insertions":6,"deletions":10}}},{"hash":"87b9cff6c14d85edff18a9cb47632529a2af638a","messageTitle":"Change output format for DateTime","messageBody":"","tags":["Level-8","Level-7"],"fileTypesAndContributionMap":{"java":{"insertions":2,"deletions":2}}},{"hash":"f2790b63221598a6948f5c6488ab8eacfd921c23","messageTitle":"Update tests for datetime format for Deadline","messageBody":"","fileTypesAndContributionMap":{"txt":{"insertions":4,"deletions":1},"sh":{"insertions":6,"deletions":0}}},{"hash":"50c97ecd41266d961cfb9c0aed1a752b2eaf0b2b","messageTitle":"Use class TaskList to store tasks","messageBody":"","fileTypesAndContributionMap":{"java":{"insertions":42,"deletions":18}}},{"hash":"02328ae67b47bd3c3a286fa7d2f645bc187e546c","messageTitle":"Abstract Ui to own class","messageBody":"","fileTypesAndContributionMap":{"java":{"insertions":29,"deletions":10}}},{"hash":"d8336f76e2c5641122599de4d987c8a574982857","messageTitle":"Refactor Duke class","messageBody":"","fileTypesAndContributionMap":{"java":{"insertions":29,"deletions":34}}},{"hash":"377fdf2f76bc2fbe66db0020c71158143250d48f","messageTitle":"Abstract Parser","messageBody":"","tags":["A-MoreOOP"],"fileTypesAndContributionMap":{"java":{"insertions":90,"deletions":86}}}]},{"date":"2021-01-26","commitResults":[{"hash":"b1b1a6a295abad44cb5d08b251007f3d04857f5a","messageTitle":"Organize into packages","messageBody":"","fileTypesAndContributionMap":{"java":{"insertions":70,"deletions":4},"bat":{"insertions":1,"deletions":1},"sh":{"insertions":3,"deletions":2},"md":{"insertions":2,"deletions":2}}},{"hash":"7f808373d22aacc31900c7c7ac358fd89c20b158","messageTitle":"Update README.md and runtest.bat","messageBody":"","tags":["A-Packages"],"fileTypesAndContributionMap":{"bat":{"insertions":1,"deletions":1},"md":{"insertions":2,"deletions":2}}},{"hash":"478f5e6ce1393de2b1ee34bd508e6f3b8bfac953","messageTitle":"Move duke packages to be under /src/main","messageBody":"","fileTypesAndContributionMap":{"java":{"insertions":0,"deletions":0},"sh":{"insertions":1,"deletions":1}}},{"hash":"ebbddfb9b3e7c48f54fc8147c58d34e95b761a9d","messageTitle":"Setup test folder","messageBody":"","fileTypesAndContributionMap":{"java":{"insertions":16,"deletions":0}}},{"hash":"de8c91449d60e36c2a59c234f1cf409a22010ced","messageTitle":"Add tests for DateTime","messageBody":"","fileTypesAndContributionMap":{"java":{"insertions":18,"deletions":0}}},{"hash":"37ed8db2a8ffcffb5aaabea02bcf508e05f094de","messageTitle":"Add tests for TaskList","messageBody":"","tags":["v0.1","A-JUnit"],"fileTypesAndContributionMap":{"java":{"insertions":37,"deletions":2}}},{"hash":"ccebf1d17ec1674b2dc5904a4b919ac6ff63b0d3","messageTitle":"Update README.md","messageBody":"","tags":["A-Jar"],"fileTypesAndContributionMap":{"md":{"insertions":1,"deletions":1}}},{"hash":"7ff182333b54865b58abccb35ac8e7d0f3f84e66","messageTitle":"Add javaDocs","messageBody":"","fileTypesAndContributionMap":{"java":{"insertions":221,"deletions":12}}},{"hash":"7d9b7078089e97a4f55d481e6481002b4b6bbe2a","messageTitle":"Implement find in TaskList","messageBody":"","fileTypesAndContributionMap":{"java":{"insertions":90,"deletions":2}}},{"hash":"8343f44f0765351459bb7d1af3587c467f2317d6","messageTitle":"Implement FindCmd","messageBody":"","fileTypesAndContributionMap":{"java":{"insertions":25,"deletions":29}}},{"hash":"ed602d8bc48ea473053ca5de40793c0b5c196732","messageTitle":"Integrate FindCmd with Parser","messageBody":"","fileTypesAndContributionMap":{"java":{"insertions":4,"deletions":1}}},{"hash":"549c928b6a9ef635d8c5cd6441cf1cb03cb0f84b","messageTitle":"Add tests","messageBody":"","fileTypesAndContributionMap":{"txt":{"insertions":2,"deletions":0},"java":{"insertions":7,"deletions":2}}},{"hash":"2d62d75fb727acaf7c836f87e26a1644dc6cbff0","messageTitle":"Disable wildcard imports","messageBody":"","fileTypesAndContributionMap":{"java":{"insertions":19,"deletions":4}}},{"hash":"2946a952434e202e72c1e30f41a64f3dda1c22ae","messageTitle":"Create additional constructors for Task subclasses for easy deserialization","messageBody":"","fileTypesAndContributionMap":{"java":{"insertions":23,"deletions":29}}}]},{"date":"2021-01-31","commitResults":[{"hash":"bd43bda4b4b102e464df58fd472dd5eb0b022794","messageTitle":"Fix mainClassName","messageBody":"","fileTypesAndContributionMap":{"gradle":{"insertions":2,"deletions":2}}},{"hash":"afaf5688a7bf2fd18f4f15515c03675b2f3963d3","messageTitle":"Update gradle.build","messageBody":"","fileTypesAndContributionMap":{"gradle":{"insertions":15,"deletions":0}}},{"hash":"ba09832064acf0f6191087f6621f6b13fc316d70","messageTitle":"Add java files for gui","messageBody":"","fileTypesAndContributionMap":{"java":{"insertions":162,"deletions":0}}}]},{"date":"2021-02-01","commitResults":[{"hash":"cd4197bb89594ef645b1ff19798f3a18f3c3e259","messageTitle":"Link gui with Duke","messageBody":"","fileTypesAndContributionMap":{"java":{"insertions":15,"deletions":1}}},{"hash":"f732df809b5736ff2db32bc1486be812d76d1065","messageTitle":"Add manifest file","messageBody":"","fileTypesAndContributionMap":{"gradle":{"insertions":25,"deletions":1}}}]}]},"authorFileTypeContributionMap":{"ivantjh":{"java":1182,"md":1,"fxml":35,"sh":9,"bat":2,"gradle":38,"txt":17}},"authorContributionVariance":{"ivantjh":44425.06},"authorDisplayNameMap":{"ivantjh":"CS2103T-W14-1 TAN ..IVAN"}}
