[{"path":"src/main/java/Deadline.java","fileType":"java","lines":[{"lineNumber":1,"author":{"gitId":"Nanxi-Huang"},"content":"import java.time.LocalDate;"},{"lineNumber":2,"author":{"gitId":"Nanxi-Huang"},"content":"import java.time.format.DateTimeFormatter;"},{"lineNumber":3,"author":{"gitId":"Nanxi-Huang"},"content":"import java.util.regex.Matcher;"},{"lineNumber":4,"author":{"gitId":"Nanxi-Huang"},"content":"import java.util.regex.Pattern;"},{"lineNumber":5,"author":{"gitId":"Nanxi-Huang"},"content":""},{"lineNumber":6,"author":{"gitId":"Nanxi-Huang"},"content":"class Deadline extends Task {"},{"lineNumber":7,"author":{"gitId":"Nanxi-Huang"},"content":"    protected boolean isDone;"},{"lineNumber":8,"author":{"gitId":"Nanxi-Huang"},"content":"    protected LocalDate time;"},{"lineNumber":9,"author":{"gitId":"Nanxi-Huang"},"content":"    protected final static String type \u003d \"[D]\";"},{"lineNumber":10,"author":{"gitId":"Nanxi-Huang"},"content":""},{"lineNumber":11,"author":{"gitId":"Nanxi-Huang"},"content":"    public Deadline(String description, LocalDate time) {"},{"lineNumber":12,"author":{"gitId":"Nanxi-Huang"},"content":"        super(description);"},{"lineNumber":13,"author":{"gitId":"Nanxi-Huang"},"content":"        this.isDone \u003d false;"},{"lineNumber":14,"author":{"gitId":"Nanxi-Huang"},"content":"        this.time \u003d time;"},{"lineNumber":15,"author":{"gitId":"Nanxi-Huang"},"content":"    }"},{"lineNumber":16,"author":{"gitId":"Nanxi-Huang"},"content":""},{"lineNumber":17,"author":{"gitId":"Nanxi-Huang"},"content":"    public String getTime() {"},{"lineNumber":18,"author":{"gitId":"Nanxi-Huang"},"content":"        return this.time.format(DateTimeFormatter.ofPattern(\"yyyy-MM-dd\"));"},{"lineNumber":19,"author":{"gitId":"Nanxi-Huang"},"content":"    }"},{"lineNumber":20,"author":{"gitId":"Nanxi-Huang"},"content":""},{"lineNumber":21,"author":{"gitId":"Nanxi-Huang"},"content":"    @Override"},{"lineNumber":22,"author":{"gitId":"Nanxi-Huang"},"content":"    public String getType() {"},{"lineNumber":23,"author":{"gitId":"Nanxi-Huang"},"content":"        return type;"},{"lineNumber":24,"author":{"gitId":"Nanxi-Huang"},"content":"    }"},{"lineNumber":25,"author":{"gitId":"Nanxi-Huang"},"content":""},{"lineNumber":26,"author":{"gitId":"Nanxi-Huang"},"content":"    @Override"},{"lineNumber":27,"author":{"gitId":"Nanxi-Huang"},"content":"    public String toString() {"},{"lineNumber":28,"author":{"gitId":"Nanxi-Huang"},"content":"        return getType() + super.toString() + \" (by: \" + getTime() + \")\";"},{"lineNumber":29,"author":{"gitId":"Nanxi-Huang"},"content":"    }"},{"lineNumber":30,"author":{"gitId":"Nanxi-Huang"},"content":""},{"lineNumber":31,"author":{"gitId":"Nanxi-Huang"},"content":"    /**"},{"lineNumber":32,"author":{"gitId":"Nanxi-Huang"},"content":"     * Parses a deadline description in duke.txt."},{"lineNumber":33,"author":{"gitId":"Nanxi-Huang"},"content":"     *"},{"lineNumber":34,"author":{"gitId":"Nanxi-Huang"},"content":"     * @param record deadline description in duke.txt"},{"lineNumber":35,"author":{"gitId":"Nanxi-Huang"},"content":"     * @return a deadline object"},{"lineNumber":36,"author":{"gitId":"Nanxi-Huang"},"content":"     */"},{"lineNumber":37,"author":{"gitId":"Nanxi-Huang"},"content":"    public static Deadline parseDeadline(String record) {"},{"lineNumber":38,"author":{"gitId":"Nanxi-Huang"},"content":"        if (record.contains(\"\\u2713\")) {"},{"lineNumber":39,"author":{"gitId":"Nanxi-Huang"},"content":"            String[] taskSeg \u003d record.split(\"\\u2713 \");"},{"lineNumber":40,"author":{"gitId":"Nanxi-Huang"},"content":"            String taskContent \u003d taskSeg[taskSeg.length - 1];"},{"lineNumber":41,"author":{"gitId":"Nanxi-Huang"},"content":"            String taskContentWithDate \u003d taskContent.replace(\" (by:\", \"\");"},{"lineNumber":42,"author":{"gitId":"Nanxi-Huang"},"content":"            taskContentWithDate \u003d taskContentWithDate.replace(\")\", \"\");"},{"lineNumber":43,"author":{"gitId":"Nanxi-Huang"},"content":"            Pattern p \u003d Pattern.compile(\"([0-9]{4})-([0-9]{2})-([0-9]{2})\");"},{"lineNumber":44,"author":{"gitId":"Nanxi-Huang"},"content":"            Matcher m \u003d p.matcher(taskContentWithDate);"},{"lineNumber":45,"author":{"gitId":"Nanxi-Huang"},"content":"            m.find();"},{"lineNumber":46,"author":{"gitId":"Nanxi-Huang"},"content":"            String date \u003d m.group();"},{"lineNumber":47,"author":{"gitId":"Nanxi-Huang"},"content":"            LocalDate t \u003d LocalDate.parse(date);"},{"lineNumber":48,"author":{"gitId":"Nanxi-Huang"},"content":"            String[] seg \u003d taskContentWithDate.split(\" ([0-9]{4})-([0-9]{2})-([0-9]{2})\");"},{"lineNumber":49,"author":{"gitId":"Nanxi-Huang"},"content":"            String myTask \u003d seg[0];"},{"lineNumber":50,"author":{"gitId":"Nanxi-Huang"},"content":"            Deadline d \u003d new Deadline(myTask, t);"},{"lineNumber":51,"author":{"gitId":"Nanxi-Huang"},"content":"            d.markAsDone();"},{"lineNumber":52,"author":{"gitId":"Nanxi-Huang"},"content":"            return d;"},{"lineNumber":53,"author":{"gitId":"Nanxi-Huang"},"content":"        } else {"},{"lineNumber":54,"author":{"gitId":"Nanxi-Huang"},"content":"            String[] taskSeg \u003d record.split(\"\\u2718 \");"},{"lineNumber":55,"author":{"gitId":"Nanxi-Huang"},"content":"            String taskContent \u003d taskSeg[taskSeg.length - 1];"},{"lineNumber":56,"author":{"gitId":"Nanxi-Huang"},"content":"            String taskContentWithDate \u003d taskContent.replace(\" (by:\", \"\");"},{"lineNumber":57,"author":{"gitId":"Nanxi-Huang"},"content":"            taskContentWithDate \u003d taskContentWithDate.replace(\")\", \"\");"},{"lineNumber":58,"author":{"gitId":"Nanxi-Huang"},"content":"            Pattern p \u003d Pattern.compile(\"([0-9]{4})-([0-9]{2})-([0-9]{2})\");"},{"lineNumber":59,"author":{"gitId":"Nanxi-Huang"},"content":"            Matcher m \u003d p.matcher(taskContentWithDate);"},{"lineNumber":60,"author":{"gitId":"Nanxi-Huang"},"content":"            m.find();"},{"lineNumber":61,"author":{"gitId":"Nanxi-Huang"},"content":"            String date \u003d m.group();"},{"lineNumber":62,"author":{"gitId":"Nanxi-Huang"},"content":"            LocalDate t \u003d LocalDate.parse(date);"},{"lineNumber":63,"author":{"gitId":"Nanxi-Huang"},"content":"            String[] seg \u003d taskContentWithDate.split(\" ([0-9]{4})-([0-9]{2})-([0-9]{2})\");"},{"lineNumber":64,"author":{"gitId":"Nanxi-Huang"},"content":"            String myTask \u003d seg[0];"},{"lineNumber":65,"author":{"gitId":"Nanxi-Huang"},"content":"            return new Deadline(myTask, t);"},{"lineNumber":66,"author":{"gitId":"Nanxi-Huang"},"content":""},{"lineNumber":67,"author":{"gitId":"Nanxi-Huang"},"content":"        }"},{"lineNumber":68,"author":{"gitId":"Nanxi-Huang"},"content":"    }"},{"lineNumber":69,"author":{"gitId":"Nanxi-Huang"},"content":""},{"lineNumber":70,"author":{"gitId":"Nanxi-Huang"},"content":"}"}],"authorContributionMap":{"Nanxi-Huang":70}},{"path":"src/main/java/Duke.java","fileType":"java","lines":[{"lineNumber":1,"author":{"gitId":"Nanxi-Huang"},"content":"import java.util.Scanner;"},{"lineNumber":2,"author":{"gitId":"Nanxi-Huang"},"content":"import java.util.ArrayList;"},{"lineNumber":3,"author":{"gitId":"Nanxi-Huang"},"content":""},{"lineNumber":4,"author":{"gitId":"Nanxi-Huang"},"content":""},{"lineNumber":5,"author":{"gitId":"-"},"content":"public class Duke {"},{"lineNumber":6,"author":{"gitId":"Nanxi-Huang"},"content":"    protected static final ArrayList\u003cTask\u003e taskList \u003d new ArrayList\u003c\u003e();"},{"lineNumber":7,"author":{"gitId":"Nanxi-Huang"},"content":"    protected static boolean canExit \u003d false;"},{"lineNumber":8,"author":{"gitId":"Nanxi-Huang"},"content":"    private final TaskList tasks;"},{"lineNumber":9,"author":{"gitId":"Nanxi-Huang"},"content":"    private final Storage storage;"},{"lineNumber":10,"author":{"gitId":"Nanxi-Huang"},"content":"    private final Ui ui;"},{"lineNumber":11,"author":{"gitId":"Nanxi-Huang"},"content":""},{"lineNumber":12,"author":{"gitId":"Nanxi-Huang"},"content":"    public Duke(String filePath) {"},{"lineNumber":13,"author":{"gitId":"Nanxi-Huang"},"content":"        ui \u003d new Ui();"},{"lineNumber":14,"author":{"gitId":"Nanxi-Huang"},"content":"        storage \u003d new Storage(filePath);"},{"lineNumber":15,"author":{"gitId":"Nanxi-Huang"},"content":"        tasks \u003d new TaskList(taskList);"},{"lineNumber":16,"author":{"gitId":"Nanxi-Huang"},"content":""},{"lineNumber":17,"author":{"gitId":"Nanxi-Huang"},"content":"    }"},{"lineNumber":18,"author":{"gitId":"Nanxi-Huang"},"content":""},{"lineNumber":19,"author":{"gitId":"Nanxi-Huang"},"content":""},{"lineNumber":20,"author":{"gitId":"Nanxi-Huang"},"content":"    public void run() throws InvalidCommandException {"},{"lineNumber":21,"author":{"gitId":"Nanxi-Huang"},"content":"        Scanner sc \u003d new Scanner(System.in);"},{"lineNumber":22,"author":{"gitId":"Nanxi-Huang"},"content":"        String description \u003d sc.nextLine();"},{"lineNumber":23,"author":{"gitId":"Nanxi-Huang"},"content":"        Parser parser \u003d new Parser(taskList, tasks);"},{"lineNumber":24,"author":{"gitId":"Nanxi-Huang"},"content":"        parser.readCommand(description);"},{"lineNumber":25,"author":{"gitId":"Nanxi-Huang"},"content":"    }"},{"lineNumber":26,"author":{"gitId":"Nanxi-Huang"},"content":""},{"lineNumber":27,"author":{"gitId":"Nanxi-Huang"},"content":""},{"lineNumber":28,"author":{"gitId":"-"},"content":"    public static void main(String[] args) {"},{"lineNumber":29,"author":{"gitId":"Nanxi-Huang"},"content":""},{"lineNumber":30,"author":{"gitId":"Nanxi-Huang"},"content":"        String path \u003d \"duke.txt\";"},{"lineNumber":31,"author":{"gitId":"Nanxi-Huang"},"content":"        Duke duke \u003d new Duke(path);"},{"lineNumber":32,"author":{"gitId":"-"},"content":"        String logo \u003d \" ____        _        \\n\""},{"lineNumber":33,"author":{"gitId":"-"},"content":"                + \"|  _ \\\\ _   _| | _____ \\n\""},{"lineNumber":34,"author":{"gitId":"-"},"content":"                + \"| | | | | | | |/ / _ \\\\\\n\""},{"lineNumber":35,"author":{"gitId":"-"},"content":"                + \"| |_| | |_| |   \u003c  __/\\n\""},{"lineNumber":36,"author":{"gitId":"-"},"content":"                + \"|____/ \\\\__,_|_|\\\\_\\\\___|\\n\";"},{"lineNumber":37,"author":{"gitId":"Nanxi-Huang"},"content":""},{"lineNumber":38,"author":{"gitId":"-"},"content":"        System.out.println(\"Hello from\\n\" + logo);"},{"lineNumber":39,"author":{"gitId":"Nanxi-Huang"},"content":""},{"lineNumber":40,"author":{"gitId":"Nanxi-Huang"},"content":"        duke.ui.Greet();"},{"lineNumber":41,"author":{"gitId":"Nanxi-Huang"},"content":""},{"lineNumber":42,"author":{"gitId":"Nanxi-Huang"},"content":"        Storage dukeBot \u003d new Storage(path);"},{"lineNumber":43,"author":{"gitId":"Nanxi-Huang"},"content":"        dukeBot.taskRecorder();"},{"lineNumber":44,"author":{"gitId":"Nanxi-Huang"},"content":"        dukeBot.taskHistory(path);"},{"lineNumber":45,"author":{"gitId":"Nanxi-Huang"},"content":"        dukeBot.load(taskList);"},{"lineNumber":46,"author":{"gitId":"Nanxi-Huang"},"content":""},{"lineNumber":47,"author":{"gitId":"Nanxi-Huang"},"content":""},{"lineNumber":48,"author":{"gitId":"Nanxi-Huang"},"content":""},{"lineNumber":49,"author":{"gitId":"Nanxi-Huang"},"content":"        while(!canExit) {"},{"lineNumber":50,"author":{"gitId":"Nanxi-Huang"},"content":"            try {"},{"lineNumber":51,"author":{"gitId":"Nanxi-Huang"},"content":"                duke.run();"},{"lineNumber":52,"author":{"gitId":"Nanxi-Huang"},"content":"            } catch (InvalidCommandException e) {"},{"lineNumber":53,"author":{"gitId":"Nanxi-Huang"},"content":"                System.out.println(e.toString());"},{"lineNumber":54,"author":{"gitId":"Nanxi-Huang"},"content":"            }"},{"lineNumber":55,"author":{"gitId":"Nanxi-Huang"},"content":"        }"},{"lineNumber":56,"author":{"gitId":"Nanxi-Huang"},"content":""},{"lineNumber":57,"author":{"gitId":"Nanxi-Huang"},"content":"        dukeBot.record(taskList);"},{"lineNumber":58,"author":{"gitId":"Nanxi-Huang"},"content":"        duke.ui.Exit();"},{"lineNumber":59,"author":{"gitId":"Nanxi-Huang"},"content":""},{"lineNumber":60,"author":{"gitId":"Nanxi-Huang"},"content":"        "},{"lineNumber":61,"author":{"gitId":"-"},"content":"    }"},{"lineNumber":62,"author":{"gitId":"-"},"content":"}"}],"authorContributionMap":{"Nanxi-Huang":52,"-":10}},{"path":"src/main/java/DukeException.java","fileType":"java","lines":[{"lineNumber":1,"author":{"gitId":"Nanxi-Huang"},"content":"public class DukeException extends Exception{"},{"lineNumber":2,"author":{"gitId":"Nanxi-Huang"},"content":"    "},{"lineNumber":3,"author":{"gitId":"Nanxi-Huang"},"content":"}"}],"authorContributionMap":{"Nanxi-Huang":3}},{"path":"src/main/java/Event.java","fileType":"java","lines":[{"lineNumber":1,"author":{"gitId":"Nanxi-Huang"},"content":"import java.time.LocalDateTime;"},{"lineNumber":2,"author":{"gitId":"Nanxi-Huang"},"content":"import java.time.format.DateTimeFormatter;"},{"lineNumber":3,"author":{"gitId":"Nanxi-Huang"},"content":"import java.util.regex.Matcher;"},{"lineNumber":4,"author":{"gitId":"Nanxi-Huang"},"content":"import java.util.regex.Pattern;"},{"lineNumber":5,"author":{"gitId":"Nanxi-Huang"},"content":""},{"lineNumber":6,"author":{"gitId":"Nanxi-Huang"},"content":"class Event extends Task{"},{"lineNumber":7,"author":{"gitId":"Nanxi-Huang"},"content":"    protected boolean isDone;"},{"lineNumber":8,"author":{"gitId":"Nanxi-Huang"},"content":"    protected LocalDateTime time;"},{"lineNumber":9,"author":{"gitId":"Nanxi-Huang"},"content":"    protected final static String type \u003d \"[E]\";"},{"lineNumber":10,"author":{"gitId":"Nanxi-Huang"},"content":""},{"lineNumber":11,"author":{"gitId":"Nanxi-Huang"},"content":"    public Event(String description, LocalDateTime time) {"},{"lineNumber":12,"author":{"gitId":"Nanxi-Huang"},"content":"        super(description);"},{"lineNumber":13,"author":{"gitId":"Nanxi-Huang"},"content":"        this.time \u003d time;"},{"lineNumber":14,"author":{"gitId":"Nanxi-Huang"},"content":"        this.isDone \u003d false;"},{"lineNumber":15,"author":{"gitId":"Nanxi-Huang"},"content":"    }"},{"lineNumber":16,"author":{"gitId":"Nanxi-Huang"},"content":""},{"lineNumber":17,"author":{"gitId":"Nanxi-Huang"},"content":"    public String getTime() {"},{"lineNumber":18,"author":{"gitId":"Nanxi-Huang"},"content":"        return this.time.format(DateTimeFormatter.ofPattern(\"yyyy-MM-dd HH:mm\"));"},{"lineNumber":19,"author":{"gitId":"Nanxi-Huang"},"content":"    }"},{"lineNumber":20,"author":{"gitId":"Nanxi-Huang"},"content":""},{"lineNumber":21,"author":{"gitId":"Nanxi-Huang"},"content":"    @Override"},{"lineNumber":22,"author":{"gitId":"Nanxi-Huang"},"content":"    public String getType() {"},{"lineNumber":23,"author":{"gitId":"Nanxi-Huang"},"content":"        return type;"},{"lineNumber":24,"author":{"gitId":"Nanxi-Huang"},"content":"    }"},{"lineNumber":25,"author":{"gitId":"Nanxi-Huang"},"content":""},{"lineNumber":26,"author":{"gitId":"Nanxi-Huang"},"content":"    @Override"},{"lineNumber":27,"author":{"gitId":"Nanxi-Huang"},"content":"    public String toString() {"},{"lineNumber":28,"author":{"gitId":"Nanxi-Huang"},"content":"        return getType() + super.toString() + \" (at: \" + getTime() + \")\";"},{"lineNumber":29,"author":{"gitId":"Nanxi-Huang"},"content":"    }"},{"lineNumber":30,"author":{"gitId":"Nanxi-Huang"},"content":""},{"lineNumber":31,"author":{"gitId":"Nanxi-Huang"},"content":"    /**"},{"lineNumber":32,"author":{"gitId":"Nanxi-Huang"},"content":"     * Parses an event description in duke.txt."},{"lineNumber":33,"author":{"gitId":"Nanxi-Huang"},"content":"     *"},{"lineNumber":34,"author":{"gitId":"Nanxi-Huang"},"content":"     * @param record event description in duke.txt"},{"lineNumber":35,"author":{"gitId":"Nanxi-Huang"},"content":"     * @return an event object"},{"lineNumber":36,"author":{"gitId":"Nanxi-Huang"},"content":"     */"},{"lineNumber":37,"author":{"gitId":"Nanxi-Huang"},"content":"    public static Event parseEvent(String record) {"},{"lineNumber":38,"author":{"gitId":"Nanxi-Huang"},"content":"        if (record.contains(\"\\u2713\")) {"},{"lineNumber":39,"author":{"gitId":"Nanxi-Huang"},"content":"            String[] taskSeg \u003d record.split(\"\\u2713 \");"},{"lineNumber":40,"author":{"gitId":"Nanxi-Huang"},"content":"            String taskContent \u003d taskSeg[taskSeg.length - 1];"},{"lineNumber":41,"author":{"gitId":"Nanxi-Huang"},"content":"            String taskContentWithDate \u003d taskContent.replace(\" (at:\", \"\");"},{"lineNumber":42,"author":{"gitId":"Nanxi-Huang"},"content":"            taskContentWithDate \u003d taskContentWithDate.replace(\")\", \"\");"},{"lineNumber":43,"author":{"gitId":"Nanxi-Huang"},"content":"            Pattern p \u003d Pattern.compile(\"([0-9]{4})-([0-9]{2})-([0-9]{2}) ([0-9]{2}):([0-9]{2})\");"},{"lineNumber":44,"author":{"gitId":"Nanxi-Huang"},"content":"            Matcher m \u003d p.matcher(taskContentWithDate);"},{"lineNumber":45,"author":{"gitId":"Nanxi-Huang"},"content":"            m.find();"},{"lineNumber":46,"author":{"gitId":"Nanxi-Huang"},"content":"            String date \u003d m.group();"},{"lineNumber":47,"author":{"gitId":"Nanxi-Huang"},"content":"            date \u003d date.replace(\" \", \"T\");"},{"lineNumber":48,"author":{"gitId":"Nanxi-Huang"},"content":"            LocalDateTime t \u003d LocalDateTime.parse(date);"},{"lineNumber":49,"author":{"gitId":"Nanxi-Huang"},"content":"            String[] seg \u003d taskContentWithDate.split(\" ([0-9]{4})-([0-9]{2})-([0-9]{2}) ([0-9]{2}):([0-9]{2})\");"},{"lineNumber":50,"author":{"gitId":"Nanxi-Huang"},"content":"            String myTask \u003d seg[0];"},{"lineNumber":51,"author":{"gitId":"Nanxi-Huang"},"content":"            Event e \u003d new Event(myTask, t);"},{"lineNumber":52,"author":{"gitId":"Nanxi-Huang"},"content":"            e.markAsDone();"},{"lineNumber":53,"author":{"gitId":"Nanxi-Huang"},"content":"            return e;"},{"lineNumber":54,"author":{"gitId":"Nanxi-Huang"},"content":"        } else {"},{"lineNumber":55,"author":{"gitId":"Nanxi-Huang"},"content":"            String[] taskSeg \u003d record.split(\"\\u2718 \");"},{"lineNumber":56,"author":{"gitId":"Nanxi-Huang"},"content":"            String taskContent \u003d taskSeg[taskSeg.length - 1];"},{"lineNumber":57,"author":{"gitId":"Nanxi-Huang"},"content":"            String taskContentWithDate \u003d taskContent.replace(\" (at:\", \"\");"},{"lineNumber":58,"author":{"gitId":"Nanxi-Huang"},"content":"            taskContentWithDate\u003d taskContentWithDate.replace(\")\", \"\");"},{"lineNumber":59,"author":{"gitId":"Nanxi-Huang"},"content":"            Pattern p \u003d Pattern.compile(\"([0-9]{4})-([0-9]{2})-([0-9]{2}) ([0-9]{2}):([0-9]{2})\");"},{"lineNumber":60,"author":{"gitId":"Nanxi-Huang"},"content":"            Matcher m \u003d p.matcher(taskContentWithDate);"},{"lineNumber":61,"author":{"gitId":"Nanxi-Huang"},"content":"            m.find();"},{"lineNumber":62,"author":{"gitId":"Nanxi-Huang"},"content":"            String date \u003d m.group();"},{"lineNumber":63,"author":{"gitId":"Nanxi-Huang"},"content":"            date \u003d date.replace(\" \", \"T\");"},{"lineNumber":64,"author":{"gitId":"Nanxi-Huang"},"content":"            LocalDateTime t \u003d LocalDateTime.parse(date);"},{"lineNumber":65,"author":{"gitId":"Nanxi-Huang"},"content":"            String[] seg \u003d taskContentWithDate.split(\" ([0-9]{4})-([0-9]{2})-([0-9]{2}) ([0-9]{2}):([0-9]{2})\");"},{"lineNumber":66,"author":{"gitId":"Nanxi-Huang"},"content":"            String myTask \u003d seg[0];"},{"lineNumber":67,"author":{"gitId":"Nanxi-Huang"},"content":"            return new Event(myTask, t);"},{"lineNumber":68,"author":{"gitId":"Nanxi-Huang"},"content":""},{"lineNumber":69,"author":{"gitId":"Nanxi-Huang"},"content":"        }"},{"lineNumber":70,"author":{"gitId":"Nanxi-Huang"},"content":"    }"},{"lineNumber":71,"author":{"gitId":"Nanxi-Huang"},"content":""},{"lineNumber":72,"author":{"gitId":"Nanxi-Huang"},"content":"}"}],"authorContributionMap":{"Nanxi-Huang":72}},{"path":"src/main/java/InvalidCommandException.java","fileType":"java","lines":[{"lineNumber":1,"author":{"gitId":"Nanxi-Huang"},"content":"class InvalidCommandException extends DukeException {"},{"lineNumber":2,"author":{"gitId":"Nanxi-Huang"},"content":""},{"lineNumber":3,"author":{"gitId":"Nanxi-Huang"},"content":"    @Override"},{"lineNumber":4,"author":{"gitId":"Nanxi-Huang"},"content":"    public String toString() {"},{"lineNumber":5,"author":{"gitId":"Nanxi-Huang"},"content":"        return \"____________________________________________________________\\n\""},{"lineNumber":6,"author":{"gitId":"Nanxi-Huang"},"content":"                + \"\\u2639 OOPS!!! I\u0027m sorry, but I don\u0027t know what that means :-( \\n\""},{"lineNumber":7,"author":{"gitId":"Nanxi-Huang"},"content":"                + \"____________________________________________________________\\n\";"},{"lineNumber":8,"author":{"gitId":"Nanxi-Huang"},"content":"    }"},{"lineNumber":9,"author":{"gitId":"Nanxi-Huang"},"content":""},{"lineNumber":10,"author":{"gitId":"Nanxi-Huang"},"content":"}"}],"authorContributionMap":{"Nanxi-Huang":10}},{"path":"src/main/java/InvalidDeadlineException.java","fileType":"java","lines":[{"lineNumber":1,"author":{"gitId":"Nanxi-Huang"},"content":"class InvalidDeadlineException extends DukeException {"},{"lineNumber":2,"author":{"gitId":"Nanxi-Huang"},"content":"    protected String description;"},{"lineNumber":3,"author":{"gitId":"Nanxi-Huang"},"content":""},{"lineNumber":4,"author":{"gitId":"Nanxi-Huang"},"content":"    public InvalidDeadlineException(String description) {"},{"lineNumber":5,"author":{"gitId":"Nanxi-Huang"},"content":"        this.description \u003d description;"},{"lineNumber":6,"author":{"gitId":"Nanxi-Huang"},"content":"    }"},{"lineNumber":7,"author":{"gitId":"Nanxi-Huang"},"content":""},{"lineNumber":8,"author":{"gitId":"Nanxi-Huang"},"content":"    @Override"},{"lineNumber":9,"author":{"gitId":"Nanxi-Huang"},"content":"    public String toString() {"},{"lineNumber":10,"author":{"gitId":"Nanxi-Huang"},"content":"        String[] seg \u003d description.split(\" \");"},{"lineNumber":11,"author":{"gitId":"Nanxi-Huang"},"content":"        if (description.length() \u003c\u003d 9) {"},{"lineNumber":12,"author":{"gitId":"Nanxi-Huang"},"content":"            return \"____________________________________________________________\\n\""},{"lineNumber":13,"author":{"gitId":"Nanxi-Huang"},"content":"                    + \"\\u2639 OOPS!!! The description of a deadline cannot be empty :-( \\n\""},{"lineNumber":14,"author":{"gitId":"Nanxi-Huang"},"content":"                    + \"____________________________________________________________\\n\";"},{"lineNumber":15,"author":{"gitId":"Nanxi-Huang"},"content":"        } else {"},{"lineNumber":16,"author":{"gitId":"Nanxi-Huang"},"content":"            return \"____________________________________________________________\\n\""},{"lineNumber":17,"author":{"gitId":"Nanxi-Huang"},"content":"                    + \"\\u2639 OOPS!! format for deadline: deadline (task) /by yyyy-MM-dd\\n\""},{"lineNumber":18,"author":{"gitId":"Nanxi-Huang"},"content":"                    + \"____________________________________________________________\\n\";"},{"lineNumber":19,"author":{"gitId":"Nanxi-Huang"},"content":"        }"},{"lineNumber":20,"author":{"gitId":"Nanxi-Huang"},"content":"    }"},{"lineNumber":21,"author":{"gitId":"Nanxi-Huang"},"content":""},{"lineNumber":22,"author":{"gitId":"Nanxi-Huang"},"content":"}"}],"authorContributionMap":{"Nanxi-Huang":22}},{"path":"src/main/java/InvalidEventException.java","fileType":"java","lines":[{"lineNumber":1,"author":{"gitId":"Nanxi-Huang"},"content":"class InvalidEventException extends DukeException{"},{"lineNumber":2,"author":{"gitId":"Nanxi-Huang"},"content":"    protected String description;"},{"lineNumber":3,"author":{"gitId":"Nanxi-Huang"},"content":""},{"lineNumber":4,"author":{"gitId":"Nanxi-Huang"},"content":"    public InvalidEventException(String description) {"},{"lineNumber":5,"author":{"gitId":"Nanxi-Huang"},"content":"        this.description \u003d description;"},{"lineNumber":6,"author":{"gitId":"Nanxi-Huang"},"content":"    }"},{"lineNumber":7,"author":{"gitId":"Nanxi-Huang"},"content":""},{"lineNumber":8,"author":{"gitId":"Nanxi-Huang"},"content":"    @Override"},{"lineNumber":9,"author":{"gitId":"Nanxi-Huang"},"content":"    public String toString() {"},{"lineNumber":10,"author":{"gitId":"Nanxi-Huang"},"content":"        String[] seg \u003d description.split(\" \");"},{"lineNumber":11,"author":{"gitId":"Nanxi-Huang"},"content":"        if (description.length() \u003c\u003d 6) {"},{"lineNumber":12,"author":{"gitId":"Nanxi-Huang"},"content":"            return \"____________________________________________________________\\n\""},{"lineNumber":13,"author":{"gitId":"Nanxi-Huang"},"content":"                    + \"\\u2639 OOPS!!! The description of an event cannot be empty :-( \\n\""},{"lineNumber":14,"author":{"gitId":"Nanxi-Huang"},"content":"                    + \"____________________________________________________________\\n\";"},{"lineNumber":15,"author":{"gitId":"Nanxi-Huang"},"content":"        } else {"},{"lineNumber":16,"author":{"gitId":"Nanxi-Huang"},"content":"            return \"____________________________________________________________\\n\""},{"lineNumber":17,"author":{"gitId":"Nanxi-Huang"},"content":"                    + \"\\u2639 OOPS!! format for event: event (task) /at yyyy-MM-ddTHH:mm\\n\""},{"lineNumber":18,"author":{"gitId":"Nanxi-Huang"},"content":"                    + \"____________________________________________________________\\n\";"},{"lineNumber":19,"author":{"gitId":"Nanxi-Huang"},"content":"        }"},{"lineNumber":20,"author":{"gitId":"Nanxi-Huang"},"content":"    }"},{"lineNumber":21,"author":{"gitId":"Nanxi-Huang"},"content":""},{"lineNumber":22,"author":{"gitId":"Nanxi-Huang"},"content":"}"}],"authorContributionMap":{"Nanxi-Huang":22}},{"path":"src/main/java/InvalidTodoException.java","fileType":"java","lines":[{"lineNumber":1,"author":{"gitId":"Nanxi-Huang"},"content":"class InvalidTodoException extends DukeException {"},{"lineNumber":2,"author":{"gitId":"Nanxi-Huang"},"content":""},{"lineNumber":3,"author":{"gitId":"Nanxi-Huang"},"content":"    @Override"},{"lineNumber":4,"author":{"gitId":"Nanxi-Huang"},"content":"    public String toString() {"},{"lineNumber":5,"author":{"gitId":"Nanxi-Huang"},"content":"        return \"____________________________________________________________\\n\""},{"lineNumber":6,"author":{"gitId":"Nanxi-Huang"},"content":"                + \"\\u2639 OOPS!!! The description of a todo cannot be empty :-( \\n\""},{"lineNumber":7,"author":{"gitId":"Nanxi-Huang"},"content":"                + \"____________________________________________________________\\n\";"},{"lineNumber":8,"author":{"gitId":"Nanxi-Huang"},"content":"    }"},{"lineNumber":9,"author":{"gitId":"Nanxi-Huang"},"content":"}"}],"authorContributionMap":{"Nanxi-Huang":9}},{"path":"src/main/java/Parser.java","fileType":"java","lines":[{"lineNumber":1,"author":{"gitId":"Nanxi-Huang"},"content":"import java.util.ArrayList;"},{"lineNumber":2,"author":{"gitId":"Nanxi-Huang"},"content":""},{"lineNumber":3,"author":{"gitId":"Nanxi-Huang"},"content":"public class Parser {"},{"lineNumber":4,"author":{"gitId":"Nanxi-Huang"},"content":"    protected ArrayList\u003cTask\u003e taskList;"},{"lineNumber":5,"author":{"gitId":"Nanxi-Huang"},"content":"    protected TaskList tasks;"},{"lineNumber":6,"author":{"gitId":"Nanxi-Huang"},"content":"    //user commands"},{"lineNumber":7,"author":{"gitId":"Nanxi-Huang"},"content":"    private final static String listCommand \u003d \"list\";"},{"lineNumber":8,"author":{"gitId":"Nanxi-Huang"},"content":"    private final static String doneCommand \u003d \"done\";"},{"lineNumber":9,"author":{"gitId":"Nanxi-Huang"},"content":"    private final static String deleteCommand \u003d \"delete\";"},{"lineNumber":10,"author":{"gitId":"Nanxi-Huang"},"content":"    private final static String FindCommand \u003d \"find\"; //find tasks based on a keyword"},{"lineNumber":11,"author":{"gitId":"Nanxi-Huang"},"content":"    private final static String exitCommand \u003d \"bye\"; //only command that will end chat"},{"lineNumber":12,"author":{"gitId":"Nanxi-Huang"},"content":"    private final static String ToDos \u003d \"todo\"; //tasks without any date/time attached to it"},{"lineNumber":13,"author":{"gitId":"Nanxi-Huang"},"content":"    private final static String Deadlines \u003d \"deadline\"; //tasks that need to be done before a specific date/time"},{"lineNumber":14,"author":{"gitId":"Nanxi-Huang"},"content":"    private final static String Events \u003d \"event\"; //tasks that start at a specific time and ends at a specific time"},{"lineNumber":15,"author":{"gitId":"Nanxi-Huang"},"content":""},{"lineNumber":16,"author":{"gitId":"Nanxi-Huang"},"content":""},{"lineNumber":17,"author":{"gitId":"Nanxi-Huang"},"content":"    public Parser(ArrayList\u003cTask\u003e taskList, TaskList tasks) {"},{"lineNumber":18,"author":{"gitId":"Nanxi-Huang"},"content":"        this.taskList \u003d taskList;"},{"lineNumber":19,"author":{"gitId":"Nanxi-Huang"},"content":"        this.tasks \u003d tasks;"},{"lineNumber":20,"author":{"gitId":"Nanxi-Huang"},"content":"    }"},{"lineNumber":21,"author":{"gitId":"Nanxi-Huang"},"content":""},{"lineNumber":22,"author":{"gitId":"Nanxi-Huang"},"content":"    public void readCommand(String description) throws InvalidCommandException{"},{"lineNumber":23,"author":{"gitId":"Nanxi-Huang"},"content":""},{"lineNumber":24,"author":{"gitId":"Nanxi-Huang"},"content":"        if (description.equalsIgnoreCase(listCommand)) {"},{"lineNumber":25,"author":{"gitId":"Nanxi-Huang"},"content":"            tasks.getTasks();"},{"lineNumber":26,"author":{"gitId":"Nanxi-Huang"},"content":""},{"lineNumber":27,"author":{"gitId":"Nanxi-Huang"},"content":"        } else if (description.equalsIgnoreCase(exitCommand)) {"},{"lineNumber":28,"author":{"gitId":"Nanxi-Huang"},"content":"            Duke.canExit \u003d true;"},{"lineNumber":29,"author":{"gitId":"Nanxi-Huang"},"content":""},{"lineNumber":30,"author":{"gitId":"Nanxi-Huang"},"content":"        } else if (description.toLowerCase().contains(doneCommand)) {"},{"lineNumber":31,"author":{"gitId":"Nanxi-Huang"},"content":"            try {"},{"lineNumber":32,"author":{"gitId":"Nanxi-Huang"},"content":"                int taskIndex \u003d Integer.parseInt("},{"lineNumber":33,"author":{"gitId":"Nanxi-Huang"},"content":"                        description.replaceAll(\"[^0-9]\", \"\"));"},{"lineNumber":34,"author":{"gitId":"Nanxi-Huang"},"content":"                tasks.updateTaskStatus(taskIndex);"},{"lineNumber":35,"author":{"gitId":"Nanxi-Huang"},"content":"            } catch (IndexOutOfBoundsException e) {"},{"lineNumber":36,"author":{"gitId":"Nanxi-Huang"},"content":"                System.out.println("},{"lineNumber":37,"author":{"gitId":"Nanxi-Huang"},"content":"                        \"\\n___________________________________________________________________\\n\""},{"lineNumber":38,"author":{"gitId":"Nanxi-Huang"},"content":"                                + \"\\u2639 OOPS!!! the task you are referring to does not seem to exist :-( \\n\""},{"lineNumber":39,"author":{"gitId":"Nanxi-Huang"},"content":"                                + \"___________________________________________________________________\\n\");"},{"lineNumber":40,"author":{"gitId":"Nanxi-Huang"},"content":"            } catch (NumberFormatException e) {"},{"lineNumber":41,"author":{"gitId":"Nanxi-Huang"},"content":"                System.out.println("},{"lineNumber":42,"author":{"gitId":"Nanxi-Huang"},"content":"                        \"\\n___________________________________________________________________\\n\""},{"lineNumber":43,"author":{"gitId":"Nanxi-Huang"},"content":"                                + \"\\u2639 OOPS!!! you need to enter the index of the task :-( \\n\""},{"lineNumber":44,"author":{"gitId":"Nanxi-Huang"},"content":"                                + \"___________________________________________________________________\\n\");"},{"lineNumber":45,"author":{"gitId":"Nanxi-Huang"},"content":"            }"},{"lineNumber":46,"author":{"gitId":"Nanxi-Huang"},"content":""},{"lineNumber":47,"author":{"gitId":"Nanxi-Huang"},"content":"        } else if (description.toLowerCase().contains(deleteCommand)) {"},{"lineNumber":48,"author":{"gitId":"Nanxi-Huang"},"content":"            try {"},{"lineNumber":49,"author":{"gitId":"Nanxi-Huang"},"content":"                int taskIndex \u003d Integer.parseInt("},{"lineNumber":50,"author":{"gitId":"Nanxi-Huang"},"content":"                        description.replaceAll(\"[^0-9]\", \"\"));"},{"lineNumber":51,"author":{"gitId":"Nanxi-Huang"},"content":"                tasks.Delete(taskIndex);"},{"lineNumber":52,"author":{"gitId":"Nanxi-Huang"},"content":"            } catch (IndexOutOfBoundsException e) {"},{"lineNumber":53,"author":{"gitId":"Nanxi-Huang"},"content":"                System.out.println("},{"lineNumber":54,"author":{"gitId":"Nanxi-Huang"},"content":"                        \"\\n___________________________________________________________________\\n\""},{"lineNumber":55,"author":{"gitId":"Nanxi-Huang"},"content":"                                + \"\\u2639 OOPS!!! the task you are referring to does not seem to exist :-( \\n\""},{"lineNumber":56,"author":{"gitId":"Nanxi-Huang"},"content":"                                + \"___________________________________________________________________\\n\");"},{"lineNumber":57,"author":{"gitId":"Nanxi-Huang"},"content":"            } catch (NumberFormatException e) {"},{"lineNumber":58,"author":{"gitId":"Nanxi-Huang"},"content":"                System.out.println("},{"lineNumber":59,"author":{"gitId":"Nanxi-Huang"},"content":"                        \"\\n___________________________________________________________________\\n\""},{"lineNumber":60,"author":{"gitId":"Nanxi-Huang"},"content":"                                + \"\\u2639 OOPS!!! you need to enter the index of the task :-( \\n\""},{"lineNumber":61,"author":{"gitId":"Nanxi-Huang"},"content":"                                + \"___________________________________________________________________\\n\");"},{"lineNumber":62,"author":{"gitId":"Nanxi-Huang"},"content":"            }"},{"lineNumber":63,"author":{"gitId":"Nanxi-Huang"},"content":""},{"lineNumber":64,"author":{"gitId":"Nanxi-Huang"},"content":"        } else if (description.toLowerCase().contains(FindCommand)) {"},{"lineNumber":65,"author":{"gitId":"Nanxi-Huang"},"content":"            String[] seg \u003d description.split(\" \");"},{"lineNumber":66,"author":{"gitId":"Nanxi-Huang"},"content":"            String keyword \u003d seg[seg.length - 1];"},{"lineNumber":67,"author":{"gitId":"Nanxi-Huang"},"content":"            tasks.findTask(keyword);"},{"lineNumber":68,"author":{"gitId":"Nanxi-Huang"},"content":""},{"lineNumber":69,"author":{"gitId":"Nanxi-Huang"},"content":"        } else if (description.toLowerCase().contains(Deadlines)) {"},{"lineNumber":70,"author":{"gitId":"Nanxi-Huang"},"content":"            try {"},{"lineNumber":71,"author":{"gitId":"Nanxi-Huang"},"content":"                tasks.addDeadlines(description);"},{"lineNumber":72,"author":{"gitId":"Nanxi-Huang"},"content":"            } catch (InvalidDeadlineException e) {"},{"lineNumber":73,"author":{"gitId":"Nanxi-Huang"},"content":"                System.out.println(e.toString());"},{"lineNumber":74,"author":{"gitId":"Nanxi-Huang"},"content":"            }"},{"lineNumber":75,"author":{"gitId":"Nanxi-Huang"},"content":""},{"lineNumber":76,"author":{"gitId":"Nanxi-Huang"},"content":"        } else if (description.toLowerCase().contains(Events)) {"},{"lineNumber":77,"author":{"gitId":"Nanxi-Huang"},"content":"            try {"},{"lineNumber":78,"author":{"gitId":"Nanxi-Huang"},"content":"                tasks.addEvents(description);"},{"lineNumber":79,"author":{"gitId":"Nanxi-Huang"},"content":"            } catch (InvalidEventException e) {"},{"lineNumber":80,"author":{"gitId":"Nanxi-Huang"},"content":"                System.out.println(e.toString());"},{"lineNumber":81,"author":{"gitId":"Nanxi-Huang"},"content":"            }"},{"lineNumber":82,"author":{"gitId":"Nanxi-Huang"},"content":""},{"lineNumber":83,"author":{"gitId":"Nanxi-Huang"},"content":"        } else if (description.toLowerCase().contains(ToDos)) {"},{"lineNumber":84,"author":{"gitId":"Nanxi-Huang"},"content":"            try {"},{"lineNumber":85,"author":{"gitId":"Nanxi-Huang"},"content":"                tasks.addTodos(description);"},{"lineNumber":86,"author":{"gitId":"Nanxi-Huang"},"content":"            } catch (InvalidTodoException e) {"},{"lineNumber":87,"author":{"gitId":"Nanxi-Huang"},"content":"                System.out.println(e.toString());"},{"lineNumber":88,"author":{"gitId":"Nanxi-Huang"},"content":"            }"},{"lineNumber":89,"author":{"gitId":"Nanxi-Huang"},"content":""},{"lineNumber":90,"author":{"gitId":"Nanxi-Huang"},"content":"        } else {"},{"lineNumber":91,"author":{"gitId":"Nanxi-Huang"},"content":"            throw new InvalidCommandException();"},{"lineNumber":92,"author":{"gitId":"Nanxi-Huang"},"content":"        }"},{"lineNumber":93,"author":{"gitId":"Nanxi-Huang"},"content":"    }"},{"lineNumber":94,"author":{"gitId":"Nanxi-Huang"},"content":""},{"lineNumber":95,"author":{"gitId":"Nanxi-Huang"},"content":"}"}],"authorContributionMap":{"Nanxi-Huang":95}},{"path":"src/main/java/Storage.java","fileType":"java","lines":[{"lineNumber":1,"author":{"gitId":"Nanxi-Huang"},"content":"import java.io.*;"},{"lineNumber":2,"author":{"gitId":"Nanxi-Huang"},"content":"import java.util.ArrayList;"},{"lineNumber":3,"author":{"gitId":"Nanxi-Huang"},"content":"import java.util.Scanner;"},{"lineNumber":4,"author":{"gitId":"Nanxi-Huang"},"content":""},{"lineNumber":5,"author":{"gitId":"Nanxi-Huang"},"content":"class Storage {"},{"lineNumber":6,"author":{"gitId":"Nanxi-Huang"},"content":"    protected String filePath;"},{"lineNumber":7,"author":{"gitId":"Nanxi-Huang"},"content":""},{"lineNumber":8,"author":{"gitId":"Nanxi-Huang"},"content":"    public Storage(String filePath) {"},{"lineNumber":9,"author":{"gitId":"Nanxi-Huang"},"content":"        this.filePath \u003d filePath;"},{"lineNumber":10,"author":{"gitId":"Nanxi-Huang"},"content":"    }"},{"lineNumber":11,"author":{"gitId":"Nanxi-Huang"},"content":""},{"lineNumber":12,"author":{"gitId":"Nanxi-Huang"},"content":"    /**"},{"lineNumber":13,"author":{"gitId":"Nanxi-Huang"},"content":"     * Creates a new file to store tasks is the file does not exit yet."},{"lineNumber":14,"author":{"gitId":"Nanxi-Huang"},"content":"     */"},{"lineNumber":15,"author":{"gitId":"Nanxi-Huang"},"content":"    public void taskRecorder() {"},{"lineNumber":16,"author":{"gitId":"Nanxi-Huang"},"content":"        File taskHistory \u003d new File(filePath);"},{"lineNumber":17,"author":{"gitId":"Nanxi-Huang"},"content":"        if (!taskHistory.exists()) {"},{"lineNumber":18,"author":{"gitId":"Nanxi-Huang"},"content":"            try {"},{"lineNumber":19,"author":{"gitId":"Nanxi-Huang"},"content":"                taskHistory.createNewFile();"},{"lineNumber":20,"author":{"gitId":"Nanxi-Huang"},"content":"            } catch (IOException e) {"},{"lineNumber":21,"author":{"gitId":"Nanxi-Huang"},"content":"                e.printStackTrace();"},{"lineNumber":22,"author":{"gitId":"Nanxi-Huang"},"content":"            }"},{"lineNumber":23,"author":{"gitId":"Nanxi-Huang"},"content":"        }"},{"lineNumber":24,"author":{"gitId":"Nanxi-Huang"},"content":"    }"},{"lineNumber":25,"author":{"gitId":"Nanxi-Huang"},"content":""},{"lineNumber":26,"author":{"gitId":"Nanxi-Huang"},"content":"    /**"},{"lineNumber":27,"author":{"gitId":"Nanxi-Huang"},"content":"     * Prints the tasks stored from last usage of Duke."},{"lineNumber":28,"author":{"gitId":"Nanxi-Huang"},"content":"     *"},{"lineNumber":29,"author":{"gitId":"Nanxi-Huang"},"content":"     * @param path of the file to store user history."},{"lineNumber":30,"author":{"gitId":"Nanxi-Huang"},"content":"     */"},{"lineNumber":31,"author":{"gitId":"Nanxi-Huang"},"content":"    public void taskHistory(String path) {"},{"lineNumber":32,"author":{"gitId":"Nanxi-Huang"},"content":"        try {"},{"lineNumber":33,"author":{"gitId":"Nanxi-Huang"},"content":"            File history \u003d new File(path);"},{"lineNumber":34,"author":{"gitId":"Nanxi-Huang"},"content":"            Scanner s \u003d new Scanner(history);"},{"lineNumber":35,"author":{"gitId":"Nanxi-Huang"},"content":"            while (s.hasNext()) {"},{"lineNumber":36,"author":{"gitId":"Nanxi-Huang"},"content":"                String str \u003d s.nextLine();"},{"lineNumber":37,"author":{"gitId":"Nanxi-Huang"},"content":"                System.out.println(str);"},{"lineNumber":38,"author":{"gitId":"Nanxi-Huang"},"content":"            }"},{"lineNumber":39,"author":{"gitId":"Nanxi-Huang"},"content":"            s.close();"},{"lineNumber":40,"author":{"gitId":"Nanxi-Huang"},"content":"        } catch (FileNotFoundException e) {"},{"lineNumber":41,"author":{"gitId":"Nanxi-Huang"},"content":"            System.out.println(\"user history is empty\");"},{"lineNumber":42,"author":{"gitId":"Nanxi-Huang"},"content":"        }"},{"lineNumber":43,"author":{"gitId":"Nanxi-Huang"},"content":""},{"lineNumber":44,"author":{"gitId":"Nanxi-Huang"},"content":"    }"},{"lineNumber":45,"author":{"gitId":"Nanxi-Huang"},"content":""},{"lineNumber":46,"author":{"gitId":"Nanxi-Huang"},"content":"    /**"},{"lineNumber":47,"author":{"gitId":"Nanxi-Huang"},"content":"     * Stores data of tasks as user history."},{"lineNumber":48,"author":{"gitId":"Nanxi-Huang"},"content":"     *"},{"lineNumber":49,"author":{"gitId":"Nanxi-Huang"},"content":"     * @param taskList that stores tasks."},{"lineNumber":50,"author":{"gitId":"Nanxi-Huang"},"content":"     */"},{"lineNumber":51,"author":{"gitId":"Nanxi-Huang"},"content":"    public void record(ArrayList\u003cTask\u003e taskList) {"},{"lineNumber":52,"author":{"gitId":"Nanxi-Huang"},"content":"        try {"},{"lineNumber":53,"author":{"gitId":"Nanxi-Huang"},"content":"            new FileWriter(filePath, false).close();"},{"lineNumber":54,"author":{"gitId":"Nanxi-Huang"},"content":"            int i \u003d 1;"},{"lineNumber":55,"author":{"gitId":"Nanxi-Huang"},"content":"            FileWriter fw \u003d new FileWriter(filePath);"},{"lineNumber":56,"author":{"gitId":"Nanxi-Huang"},"content":"            for (Task t : taskList) {"},{"lineNumber":57,"author":{"gitId":"Nanxi-Huang"},"content":"                fw.write(i + \". \""},{"lineNumber":58,"author":{"gitId":"Nanxi-Huang"},"content":"                        + t.toString() + System.lineSeparator());"},{"lineNumber":59,"author":{"gitId":"Nanxi-Huang"},"content":"                i++;"},{"lineNumber":60,"author":{"gitId":"Nanxi-Huang"},"content":"            }"},{"lineNumber":61,"author":{"gitId":"Nanxi-Huang"},"content":"            fw.close();"},{"lineNumber":62,"author":{"gitId":"Nanxi-Huang"},"content":""},{"lineNumber":63,"author":{"gitId":"Nanxi-Huang"},"content":"        } catch (IOException e) {"},{"lineNumber":64,"author":{"gitId":"Nanxi-Huang"},"content":"            e.printStackTrace();"},{"lineNumber":65,"author":{"gitId":"Nanxi-Huang"},"content":"        }"},{"lineNumber":66,"author":{"gitId":"Nanxi-Huang"},"content":"    }"},{"lineNumber":67,"author":{"gitId":"Nanxi-Huang"},"content":""},{"lineNumber":68,"author":{"gitId":"Nanxi-Huang"},"content":"    /**"},{"lineNumber":69,"author":{"gitId":"Nanxi-Huang"},"content":"     * Parses user history duke.txt and loads taskList when Duke starts up."},{"lineNumber":70,"author":{"gitId":"Nanxi-Huang"},"content":"     *"},{"lineNumber":71,"author":{"gitId":"Nanxi-Huang"},"content":"     * @param taskList that stores tasks."},{"lineNumber":72,"author":{"gitId":"Nanxi-Huang"},"content":"     */"},{"lineNumber":73,"author":{"gitId":"Nanxi-Huang"},"content":"    public void load(ArrayList\u003cTask\u003e taskList)  {"},{"lineNumber":74,"author":{"gitId":"Nanxi-Huang"},"content":"        try {"},{"lineNumber":75,"author":{"gitId":"Nanxi-Huang"},"content":"            File history \u003d new File(filePath);"},{"lineNumber":76,"author":{"gitId":"Nanxi-Huang"},"content":"            Scanner s \u003d new Scanner(history);"},{"lineNumber":77,"author":{"gitId":"Nanxi-Huang"},"content":"            while(s.hasNext()) {"},{"lineNumber":78,"author":{"gitId":"Nanxi-Huang"},"content":"                String task \u003d s.nextLine();"},{"lineNumber":79,"author":{"gitId":"Nanxi-Huang"},"content":"                if (task.contains(\"[T]\")) {"},{"lineNumber":80,"author":{"gitId":"Nanxi-Huang"},"content":"                    Todo myTask \u003d Todo.parseTodo(task);"},{"lineNumber":81,"author":{"gitId":"Nanxi-Huang"},"content":"                    taskList.add(myTask);"},{"lineNumber":82,"author":{"gitId":"Nanxi-Huang"},"content":"                } else if (task.contains(\"[D]\")) {"},{"lineNumber":83,"author":{"gitId":"Nanxi-Huang"},"content":"                    Deadline myTask \u003d Deadline.parseDeadline(task);"},{"lineNumber":84,"author":{"gitId":"Nanxi-Huang"},"content":"                    taskList.add(myTask);"},{"lineNumber":85,"author":{"gitId":"Nanxi-Huang"},"content":"                } else if (task.contains(\"[E]\")) {"},{"lineNumber":86,"author":{"gitId":"Nanxi-Huang"},"content":"                    Event myTask \u003d Event.parseEvent(task);"},{"lineNumber":87,"author":{"gitId":"Nanxi-Huang"},"content":"                    taskList.add(myTask);"},{"lineNumber":88,"author":{"gitId":"Nanxi-Huang"},"content":"                }"},{"lineNumber":89,"author":{"gitId":"Nanxi-Huang"},"content":""},{"lineNumber":90,"author":{"gitId":"Nanxi-Huang"},"content":"            }"},{"lineNumber":91,"author":{"gitId":"Nanxi-Huang"},"content":"        } catch (IOException e) {"},{"lineNumber":92,"author":{"gitId":"Nanxi-Huang"},"content":"            e.printStackTrace();"},{"lineNumber":93,"author":{"gitId":"Nanxi-Huang"},"content":"        }"},{"lineNumber":94,"author":{"gitId":"Nanxi-Huang"},"content":""},{"lineNumber":95,"author":{"gitId":"Nanxi-Huang"},"content":"    }"},{"lineNumber":96,"author":{"gitId":"Nanxi-Huang"},"content":""},{"lineNumber":97,"author":{"gitId":"Nanxi-Huang"},"content":""},{"lineNumber":98,"author":{"gitId":"Nanxi-Huang"},"content":"}"}],"authorContributionMap":{"Nanxi-Huang":98}},{"path":"src/main/java/Task.java","fileType":"java","lines":[{"lineNumber":1,"author":{"gitId":"Nanxi-Huang"},"content":"public class Task {"},{"lineNumber":2,"author":{"gitId":"Nanxi-Huang"},"content":"    protected String description;"},{"lineNumber":3,"author":{"gitId":"Nanxi-Huang"},"content":"    protected boolean isDone;"},{"lineNumber":4,"author":{"gitId":"Nanxi-Huang"},"content":""},{"lineNumber":5,"author":{"gitId":"Nanxi-Huang"},"content":""},{"lineNumber":6,"author":{"gitId":"Nanxi-Huang"},"content":"    public Task(String description) {"},{"lineNumber":7,"author":{"gitId":"Nanxi-Huang"},"content":"        this.description \u003d description;"},{"lineNumber":8,"author":{"gitId":"Nanxi-Huang"},"content":"        this.isDone \u003d false; //task not done is represented by a X"},{"lineNumber":9,"author":{"gitId":"Nanxi-Huang"},"content":"    }"},{"lineNumber":10,"author":{"gitId":"Nanxi-Huang"},"content":""},{"lineNumber":11,"author":{"gitId":"Nanxi-Huang"},"content":"    public String getStatusIcon() {"},{"lineNumber":12,"author":{"gitId":"Nanxi-Huang"},"content":"        return (isDone ? \"\\u2713\" : \"\\u2718\"); //return tick or X symbols."},{"lineNumber":13,"author":{"gitId":"Nanxi-Huang"},"content":"    }"},{"lineNumber":14,"author":{"gitId":"Nanxi-Huang"},"content":""},{"lineNumber":15,"author":{"gitId":"Nanxi-Huang"},"content":"    public String getDescription() {"},{"lineNumber":16,"author":{"gitId":"Nanxi-Huang"},"content":""},{"lineNumber":17,"author":{"gitId":"Nanxi-Huang"},"content":"        return this.description;"},{"lineNumber":18,"author":{"gitId":"Nanxi-Huang"},"content":"    }"},{"lineNumber":19,"author":{"gitId":"Nanxi-Huang"},"content":""},{"lineNumber":20,"author":{"gitId":"Nanxi-Huang"},"content":"    public void markAsDone() {"},{"lineNumber":21,"author":{"gitId":"Nanxi-Huang"},"content":"        this.isDone \u003d true; //a task that is done is represented by a tick"},{"lineNumber":22,"author":{"gitId":"Nanxi-Huang"},"content":"    }"},{"lineNumber":23,"author":{"gitId":"Nanxi-Huang"},"content":""},{"lineNumber":24,"author":{"gitId":"Nanxi-Huang"},"content":"    public String getType() {"},{"lineNumber":25,"author":{"gitId":"Nanxi-Huang"},"content":"        return \"[ ]\";"},{"lineNumber":26,"author":{"gitId":"Nanxi-Huang"},"content":"    }"},{"lineNumber":27,"author":{"gitId":"Nanxi-Huang"},"content":""},{"lineNumber":28,"author":{"gitId":"Nanxi-Huang"},"content":""},{"lineNumber":29,"author":{"gitId":"Nanxi-Huang"},"content":"    @Override"},{"lineNumber":30,"author":{"gitId":"Nanxi-Huang"},"content":"    public String toString() {"},{"lineNumber":31,"author":{"gitId":"Nanxi-Huang"},"content":"        return getStatusIcon() + \" \" + getDescription();"},{"lineNumber":32,"author":{"gitId":"Nanxi-Huang"},"content":"    }"},{"lineNumber":33,"author":{"gitId":"Nanxi-Huang"},"content":""},{"lineNumber":34,"author":{"gitId":"Nanxi-Huang"},"content":"}"}],"authorContributionMap":{"Nanxi-Huang":34}},{"path":"src/main/java/TaskList.java","fileType":"java","lines":[{"lineNumber":1,"author":{"gitId":"Nanxi-Huang"},"content":"import java.time.LocalDate;"},{"lineNumber":2,"author":{"gitId":"Nanxi-Huang"},"content":"import java.time.LocalDateTime;"},{"lineNumber":3,"author":{"gitId":"Nanxi-Huang"},"content":"import java.time.format.DateTimeParseException;"},{"lineNumber":4,"author":{"gitId":"Nanxi-Huang"},"content":"import java.util.ArrayList;"},{"lineNumber":5,"author":{"gitId":"Nanxi-Huang"},"content":""},{"lineNumber":6,"author":{"gitId":"Nanxi-Huang"},"content":"public class TaskList {"},{"lineNumber":7,"author":{"gitId":"Nanxi-Huang"},"content":"    protected ArrayList\u003cTask\u003e  taskList;"},{"lineNumber":8,"author":{"gitId":"Nanxi-Huang"},"content":""},{"lineNumber":9,"author":{"gitId":"Nanxi-Huang"},"content":"    public TaskList(ArrayList\u003cTask\u003e taskList) {"},{"lineNumber":10,"author":{"gitId":"Nanxi-Huang"},"content":"        this.taskList \u003d taskList;"},{"lineNumber":11,"author":{"gitId":"Nanxi-Huang"},"content":"    }"},{"lineNumber":12,"author":{"gitId":"Nanxi-Huang"},"content":""},{"lineNumber":13,"author":{"gitId":"Nanxi-Huang"},"content":"    public TaskList() {"},{"lineNumber":14,"author":{"gitId":"Nanxi-Huang"},"content":"        this.taskList \u003d new ArrayList\u003cTask\u003e();"},{"lineNumber":15,"author":{"gitId":"Nanxi-Huang"},"content":"    }"},{"lineNumber":16,"author":{"gitId":"Nanxi-Huang"},"content":""},{"lineNumber":17,"author":{"gitId":"Nanxi-Huang"},"content":"    public int numberOfTask() {"},{"lineNumber":18,"author":{"gitId":"Nanxi-Huang"},"content":"        return taskList.size();"},{"lineNumber":19,"author":{"gitId":"Nanxi-Huang"},"content":"    }"},{"lineNumber":20,"author":{"gitId":"Nanxi-Huang"},"content":""},{"lineNumber":21,"author":{"gitId":"Nanxi-Huang"},"content":"    /**"},{"lineNumber":22,"author":{"gitId":"Nanxi-Huang"},"content":"     * Prints all tasks in taskList."},{"lineNumber":23,"author":{"gitId":"Nanxi-Huang"},"content":"     */"},{"lineNumber":24,"author":{"gitId":"Nanxi-Huang"},"content":"    public void getTasks() {"},{"lineNumber":25,"author":{"gitId":"Nanxi-Huang"},"content":"        int i \u003d 1;"},{"lineNumber":26,"author":{"gitId":"Nanxi-Huang"},"content":""},{"lineNumber":27,"author":{"gitId":"Nanxi-Huang"},"content":"        if (taskList.size() \u003d\u003d 0) {"},{"lineNumber":28,"author":{"gitId":"Nanxi-Huang"},"content":"            System.out.println(\"____________________________________________________________\\n\""},{"lineNumber":29,"author":{"gitId":"Nanxi-Huang"},"content":"                    + \"You have no task for now, yay!\\n\""},{"lineNumber":30,"author":{"gitId":"Nanxi-Huang"},"content":"                    + \"____________________________________________________________\");"},{"lineNumber":31,"author":{"gitId":"Nanxi-Huang"},"content":"        } else {"},{"lineNumber":32,"author":{"gitId":"Nanxi-Huang"},"content":""},{"lineNumber":33,"author":{"gitId":"Nanxi-Huang"},"content":"            System.out.println(\"____________________________________________________________\\n\""},{"lineNumber":34,"author":{"gitId":"Nanxi-Huang"},"content":"                    + (numberOfTask() \u003d\u003d 1 ? \"Here is the task in your list: \\n\" : \"Here are the tasks in your list: \\n\"));"},{"lineNumber":35,"author":{"gitId":"Nanxi-Huang"},"content":""},{"lineNumber":36,"author":{"gitId":"Nanxi-Huang"},"content":"            for (Task t : taskList) {"},{"lineNumber":37,"author":{"gitId":"Nanxi-Huang"},"content":"                System.out.println(i + \". \""},{"lineNumber":38,"author":{"gitId":"Nanxi-Huang"},"content":"                        + t.toString());"},{"lineNumber":39,"author":{"gitId":"Nanxi-Huang"},"content":"                i++;"},{"lineNumber":40,"author":{"gitId":"Nanxi-Huang"},"content":"            }"},{"lineNumber":41,"author":{"gitId":"Nanxi-Huang"},"content":""},{"lineNumber":42,"author":{"gitId":"Nanxi-Huang"},"content":"            System.out.println(\"____________________________________________________________\\n\");"},{"lineNumber":43,"author":{"gitId":"Nanxi-Huang"},"content":"        }"},{"lineNumber":44,"author":{"gitId":"Nanxi-Huang"},"content":"    }"},{"lineNumber":45,"author":{"gitId":"Nanxi-Huang"},"content":""},{"lineNumber":46,"author":{"gitId":"Nanxi-Huang"},"content":"    /**"},{"lineNumber":47,"author":{"gitId":"Nanxi-Huang"},"content":"     * Converts isDone field of the task at given index to true."},{"lineNumber":48,"author":{"gitId":"Nanxi-Huang"},"content":"     *"},{"lineNumber":49,"author":{"gitId":"Nanxi-Huang"},"content":"     * @param index of the task in taskList"},{"lineNumber":50,"author":{"gitId":"Nanxi-Huang"},"content":"     */"},{"lineNumber":51,"author":{"gitId":"Nanxi-Huang"},"content":"    public void updateTaskStatus(Integer index) {"},{"lineNumber":52,"author":{"gitId":"Nanxi-Huang"},"content":"        taskList.get(index - 1).markAsDone();"},{"lineNumber":53,"author":{"gitId":"Nanxi-Huang"},"content":""},{"lineNumber":54,"author":{"gitId":"Nanxi-Huang"},"content":"        System.out.println(\"____________________________________________________________\\n\""},{"lineNumber":55,"author":{"gitId":"Nanxi-Huang"},"content":"                + \"Nice! I\u0027ve marked this task as done:\\n\""},{"lineNumber":56,"author":{"gitId":"Nanxi-Huang"},"content":"                + taskList.get(index - 1).toString()"},{"lineNumber":57,"author":{"gitId":"Nanxi-Huang"},"content":"                + \"\\n____________________________________________________________\\n\");"},{"lineNumber":58,"author":{"gitId":"Nanxi-Huang"},"content":"    }"},{"lineNumber":59,"author":{"gitId":"Nanxi-Huang"},"content":""},{"lineNumber":60,"author":{"gitId":"Nanxi-Huang"},"content":"    /**"},{"lineNumber":61,"author":{"gitId":"Nanxi-Huang"},"content":"     * Adds a todo object to taskList."},{"lineNumber":62,"author":{"gitId":"Nanxi-Huang"},"content":"     * If todo description is in the wrong format, error is thrown."},{"lineNumber":63,"author":{"gitId":"Nanxi-Huang"},"content":"     *"},{"lineNumber":64,"author":{"gitId":"Nanxi-Huang"},"content":"     * @param todo description of todo task"},{"lineNumber":65,"author":{"gitId":"Nanxi-Huang"},"content":"     * @throws InvalidTodoException if description of todo is empty"},{"lineNumber":66,"author":{"gitId":"Nanxi-Huang"},"content":"     */"},{"lineNumber":67,"author":{"gitId":"Nanxi-Huang"},"content":"    public void addTodos(String todo) throws InvalidTodoException {"},{"lineNumber":68,"author":{"gitId":"Nanxi-Huang"},"content":"        if (todo.length() \u003c\u003d 5) {"},{"lineNumber":69,"author":{"gitId":"Nanxi-Huang"},"content":"            throw new InvalidTodoException();"},{"lineNumber":70,"author":{"gitId":"Nanxi-Huang"},"content":"        } else {"},{"lineNumber":71,"author":{"gitId":"Nanxi-Huang"},"content":"            String taskContent \u003d todo.substring(4);"},{"lineNumber":72,"author":{"gitId":"Nanxi-Huang"},"content":"            Todo myTask \u003d new Todo(taskContent);"},{"lineNumber":73,"author":{"gitId":"Nanxi-Huang"},"content":"            taskList.add(myTask);"},{"lineNumber":74,"author":{"gitId":"Nanxi-Huang"},"content":"            System.out.println(\"____________________________________________________________\\n\""},{"lineNumber":75,"author":{"gitId":"Nanxi-Huang"},"content":"                    + \"Got it. I\u0027ve added this task: \\n\""},{"lineNumber":76,"author":{"gitId":"Nanxi-Huang"},"content":"                    + myTask.toString());"},{"lineNumber":77,"author":{"gitId":"Nanxi-Huang"},"content":"            Remark();"},{"lineNumber":78,"author":{"gitId":"Nanxi-Huang"},"content":"        }"},{"lineNumber":79,"author":{"gitId":"Nanxi-Huang"},"content":"    }"},{"lineNumber":80,"author":{"gitId":"Nanxi-Huang"},"content":""},{"lineNumber":81,"author":{"gitId":"Nanxi-Huang"},"content":"    /**"},{"lineNumber":82,"author":{"gitId":"Nanxi-Huang"},"content":"     * Prints the number of tasks in the list."},{"lineNumber":83,"author":{"gitId":"Nanxi-Huang"},"content":"     */"},{"lineNumber":84,"author":{"gitId":"Nanxi-Huang"},"content":"    public void Remark() {"},{"lineNumber":85,"author":{"gitId":"Nanxi-Huang"},"content":"        if (numberOfTask() \u003c\u003d 1) {"},{"lineNumber":86,"author":{"gitId":"Nanxi-Huang"},"content":"            System.out.println(\"Now you have \" + numberOfTask() + \" task in the list.\""},{"lineNumber":87,"author":{"gitId":"Nanxi-Huang"},"content":"                    + \"\\n____________________________________________________________\\n\");"},{"lineNumber":88,"author":{"gitId":"Nanxi-Huang"},"content":"        } else {"},{"lineNumber":89,"author":{"gitId":"Nanxi-Huang"},"content":"            System.out.println(\"Now you have \" + numberOfTask() + \" tasks in the list.\""},{"lineNumber":90,"author":{"gitId":"Nanxi-Huang"},"content":"                    + \"\\n____________________________________________________________\\n\");"},{"lineNumber":91,"author":{"gitId":"Nanxi-Huang"},"content":"        }"},{"lineNumber":92,"author":{"gitId":"Nanxi-Huang"},"content":"    }"},{"lineNumber":93,"author":{"gitId":"Nanxi-Huang"},"content":""},{"lineNumber":94,"author":{"gitId":"Nanxi-Huang"},"content":"    /**"},{"lineNumber":95,"author":{"gitId":"Nanxi-Huang"},"content":"     * Adds a deadline object to taskList."},{"lineNumber":96,"author":{"gitId":"Nanxi-Huang"},"content":"     * If deadline description is in the wrong format, error is thrown."},{"lineNumber":97,"author":{"gitId":"Nanxi-Huang"},"content":"     *"},{"lineNumber":98,"author":{"gitId":"Nanxi-Huang"},"content":"     * @param deadline description of a deadline task."},{"lineNumber":99,"author":{"gitId":"Nanxi-Huang"},"content":"     * @throws InvalidDeadlineException if deadline description is empty or description format is wrong."},{"lineNumber":100,"author":{"gitId":"Nanxi-Huang"},"content":"     */"},{"lineNumber":101,"author":{"gitId":"Nanxi-Huang"},"content":"    public void addDeadlines(String deadline) throws InvalidDeadlineException {"},{"lineNumber":102,"author":{"gitId":"Nanxi-Huang"},"content":"        if (deadline.length() \u003c\u003d 9) {"},{"lineNumber":103,"author":{"gitId":"Nanxi-Huang"},"content":"            throw new InvalidDeadlineException(deadline);"},{"lineNumber":104,"author":{"gitId":"Nanxi-Huang"},"content":"        } else {"},{"lineNumber":105,"author":{"gitId":"Nanxi-Huang"},"content":"            String[] taskSegments \u003d deadline.split(\" /by \");"},{"lineNumber":106,"author":{"gitId":"Nanxi-Huang"},"content":"            if (taskSegments.length \u003c 2) {"},{"lineNumber":107,"author":{"gitId":"Nanxi-Huang"},"content":"                throw new InvalidDeadlineException(deadline);"},{"lineNumber":108,"author":{"gitId":"Nanxi-Huang"},"content":"            } else {"},{"lineNumber":109,"author":{"gitId":"Nanxi-Huang"},"content":"                String taskContent \u003d taskSegments[0].substring(8);"},{"lineNumber":110,"author":{"gitId":"Nanxi-Huang"},"content":"                if (taskContent.equals(\" \") || taskContent.equals(\"\")) {"},{"lineNumber":111,"author":{"gitId":"Nanxi-Huang"},"content":"                    throw new InvalidDeadlineException(deadline);"},{"lineNumber":112,"author":{"gitId":"Nanxi-Huang"},"content":"                } else {"},{"lineNumber":113,"author":{"gitId":"Nanxi-Huang"},"content":"                    String taskTime \u003d taskSegments[taskSegments.length - 1];"},{"lineNumber":114,"author":{"gitId":"Nanxi-Huang"},"content":"                    try {"},{"lineNumber":115,"author":{"gitId":"Nanxi-Huang"},"content":"                        LocalDate t \u003d LocalDate.parse(taskTime);"},{"lineNumber":116,"author":{"gitId":"Nanxi-Huang"},"content":"                        Deadline myTask \u003d new Deadline(taskContent, t);"},{"lineNumber":117,"author":{"gitId":"Nanxi-Huang"},"content":"                        taskList.add(myTask);"},{"lineNumber":118,"author":{"gitId":"Nanxi-Huang"},"content":"                        System.out.println(\"____________________________________________________________\\n\""},{"lineNumber":119,"author":{"gitId":"Nanxi-Huang"},"content":"                                + \"Got it. I\u0027ve added this task: \\n\""},{"lineNumber":120,"author":{"gitId":"Nanxi-Huang"},"content":"                                + myTask.toString());"},{"lineNumber":121,"author":{"gitId":"Nanxi-Huang"},"content":"                        Remark();"},{"lineNumber":122,"author":{"gitId":"Nanxi-Huang"},"content":"                    } catch (DateTimeParseException e) {"},{"lineNumber":123,"author":{"gitId":"Nanxi-Huang"},"content":"                        throw new InvalidDeadlineException(deadline);"},{"lineNumber":124,"author":{"gitId":"Nanxi-Huang"},"content":"                    }"},{"lineNumber":125,"author":{"gitId":"Nanxi-Huang"},"content":""},{"lineNumber":126,"author":{"gitId":"Nanxi-Huang"},"content":"                }"},{"lineNumber":127,"author":{"gitId":"Nanxi-Huang"},"content":"            }"},{"lineNumber":128,"author":{"gitId":"Nanxi-Huang"},"content":"        }"},{"lineNumber":129,"author":{"gitId":"Nanxi-Huang"},"content":"    }"},{"lineNumber":130,"author":{"gitId":"Nanxi-Huang"},"content":""},{"lineNumber":131,"author":{"gitId":"Nanxi-Huang"},"content":"    /**"},{"lineNumber":132,"author":{"gitId":"Nanxi-Huang"},"content":"     * Adds an event object to taskList."},{"lineNumber":133,"author":{"gitId":"Nanxi-Huang"},"content":"     * If event description is in the wrong format, error is thrown."},{"lineNumber":134,"author":{"gitId":"Nanxi-Huang"},"content":"     *"},{"lineNumber":135,"author":{"gitId":"Nanxi-Huang"},"content":"     * @param event description of an event task."},{"lineNumber":136,"author":{"gitId":"Nanxi-Huang"},"content":"     * @throws InvalidEventException if description of the event is empty or format of description is wrong."},{"lineNumber":137,"author":{"gitId":"Nanxi-Huang"},"content":"     */"},{"lineNumber":138,"author":{"gitId":"Nanxi-Huang"},"content":"    public void addEvents(String event) throws InvalidEventException {"},{"lineNumber":139,"author":{"gitId":"Nanxi-Huang"},"content":"        if (event.length() \u003c\u003d 6) {"},{"lineNumber":140,"author":{"gitId":"Nanxi-Huang"},"content":"            throw new InvalidEventException(event);"},{"lineNumber":141,"author":{"gitId":"Nanxi-Huang"},"content":"        } else {"},{"lineNumber":142,"author":{"gitId":"Nanxi-Huang"},"content":"            String[] taskSegments \u003d event.split(\" /at \");"},{"lineNumber":143,"author":{"gitId":"Nanxi-Huang"},"content":"            if (taskSegments.length \u003c 2) {"},{"lineNumber":144,"author":{"gitId":"Nanxi-Huang"},"content":"                throw new InvalidEventException(event);"},{"lineNumber":145,"author":{"gitId":"Nanxi-Huang"},"content":"            } else {"},{"lineNumber":146,"author":{"gitId":"Nanxi-Huang"},"content":"                String taskContent \u003d taskSegments[0].substring(5);"},{"lineNumber":147,"author":{"gitId":"Nanxi-Huang"},"content":"                if (taskContent.equals(\" \") || taskContent.equals(\"\")) {"},{"lineNumber":148,"author":{"gitId":"Nanxi-Huang"},"content":"                    throw new InvalidEventException(event);"},{"lineNumber":149,"author":{"gitId":"Nanxi-Huang"},"content":"                } else {"},{"lineNumber":150,"author":{"gitId":"Nanxi-Huang"},"content":"                    try {"},{"lineNumber":151,"author":{"gitId":"Nanxi-Huang"},"content":"                        String taskTime \u003d taskSegments[taskSegments.length - 1];"},{"lineNumber":152,"author":{"gitId":"Nanxi-Huang"},"content":"                        LocalDateTime t \u003d LocalDateTime.parse(taskTime);"},{"lineNumber":153,"author":{"gitId":"Nanxi-Huang"},"content":"                        Event myTask \u003d new Event(taskContent, t);"},{"lineNumber":154,"author":{"gitId":"Nanxi-Huang"},"content":"                        taskList.add(myTask);"},{"lineNumber":155,"author":{"gitId":"Nanxi-Huang"},"content":""},{"lineNumber":156,"author":{"gitId":"Nanxi-Huang"},"content":"                        System.out.println(\"____________________________________________________________\\n\""},{"lineNumber":157,"author":{"gitId":"Nanxi-Huang"},"content":"                                + \"Got it. I\u0027ve added this task: \\n\""},{"lineNumber":158,"author":{"gitId":"Nanxi-Huang"},"content":"                                + myTask.toString());"},{"lineNumber":159,"author":{"gitId":"Nanxi-Huang"},"content":"                        Remark();"},{"lineNumber":160,"author":{"gitId":"Nanxi-Huang"},"content":""},{"lineNumber":161,"author":{"gitId":"Nanxi-Huang"},"content":"                    } catch (DateTimeParseException e) {"},{"lineNumber":162,"author":{"gitId":"Nanxi-Huang"},"content":"                        throw new InvalidEventException(event);"},{"lineNumber":163,"author":{"gitId":"Nanxi-Huang"},"content":"                    }"},{"lineNumber":164,"author":{"gitId":"Nanxi-Huang"},"content":"                }"},{"lineNumber":165,"author":{"gitId":"Nanxi-Huang"},"content":"            }"},{"lineNumber":166,"author":{"gitId":"Nanxi-Huang"},"content":"        }"},{"lineNumber":167,"author":{"gitId":"Nanxi-Huang"},"content":"    }"},{"lineNumber":168,"author":{"gitId":"Nanxi-Huang"},"content":""},{"lineNumber":169,"author":{"gitId":"Nanxi-Huang"},"content":"    /**"},{"lineNumber":170,"author":{"gitId":"Nanxi-Huang"},"content":"     * Deletes a task from tasks list at given index."},{"lineNumber":171,"author":{"gitId":"Nanxi-Huang"},"content":"     *"},{"lineNumber":172,"author":{"gitId":"Nanxi-Huang"},"content":"     * @param index of task in taskList to be deleted."},{"lineNumber":173,"author":{"gitId":"Nanxi-Huang"},"content":"     */"},{"lineNumber":174,"author":{"gitId":"Nanxi-Huang"},"content":"    public void Delete(Integer index) {"},{"lineNumber":175,"author":{"gitId":"Nanxi-Huang"},"content":"        System.out.println(\"____________________________________________________________\\n\""},{"lineNumber":176,"author":{"gitId":"Nanxi-Huang"},"content":"                + \"Noted. I\u0027ve removed this task:\\n\""},{"lineNumber":177,"author":{"gitId":"Nanxi-Huang"},"content":"                + taskList.get(index - 1).toString()"},{"lineNumber":178,"author":{"gitId":"Nanxi-Huang"},"content":"                + \"\\n____________________________________________________________\\n\");"},{"lineNumber":179,"author":{"gitId":"Nanxi-Huang"},"content":""},{"lineNumber":180,"author":{"gitId":"Nanxi-Huang"},"content":"        taskList.remove(index - 1);"},{"lineNumber":181,"author":{"gitId":"Nanxi-Huang"},"content":""},{"lineNumber":182,"author":{"gitId":"Nanxi-Huang"},"content":"    }"},{"lineNumber":183,"author":{"gitId":"Nanxi-Huang"},"content":""},{"lineNumber":184,"author":{"gitId":"Nanxi-Huang"},"content":"    /**"},{"lineNumber":185,"author":{"gitId":"Nanxi-Huang"},"content":"     * Finds tasks by searching for a keyword."},{"lineNumber":186,"author":{"gitId":"Nanxi-Huang"},"content":"     * Prints the list of tasks with description containing the keyword."},{"lineNumber":187,"author":{"gitId":"Nanxi-Huang"},"content":"     *"},{"lineNumber":188,"author":{"gitId":"Nanxi-Huang"},"content":"     * @param keyword within a task description"},{"lineNumber":189,"author":{"gitId":"Nanxi-Huang"},"content":"     */"},{"lineNumber":190,"author":{"gitId":"Nanxi-Huang"},"content":""},{"lineNumber":191,"author":{"gitId":"Nanxi-Huang"},"content":"    public void findTask(String keyword) {"},{"lineNumber":192,"author":{"gitId":"Nanxi-Huang"},"content":"        ArrayList\u003cTask\u003e searchResults \u003d new ArrayList\u003c\u003e();"},{"lineNumber":193,"author":{"gitId":"Nanxi-Huang"},"content":"        if (taskList.size() \u003d\u003d 0) {"},{"lineNumber":194,"author":{"gitId":"Nanxi-Huang"},"content":"            System.out.println(\"____________________________________________________________\\n\""},{"lineNumber":195,"author":{"gitId":"Nanxi-Huang"},"content":"                    + \"You have no task for now, yay!\\n\""},{"lineNumber":196,"author":{"gitId":"Nanxi-Huang"},"content":"                    + \"____________________________________________________________\");"},{"lineNumber":197,"author":{"gitId":"Nanxi-Huang"},"content":"        } else {"},{"lineNumber":198,"author":{"gitId":"Nanxi-Huang"},"content":"            int i \u003d 1;"},{"lineNumber":199,"author":{"gitId":"Nanxi-Huang"},"content":"            for (Task t : taskList) {"},{"lineNumber":200,"author":{"gitId":"Nanxi-Huang"},"content":"                if (t.getDescription().contains(keyword)) {"},{"lineNumber":201,"author":{"gitId":"Nanxi-Huang"},"content":"                    searchResults.add(t);"},{"lineNumber":202,"author":{"gitId":"Nanxi-Huang"},"content":"                }"},{"lineNumber":203,"author":{"gitId":"Nanxi-Huang"},"content":"                }"},{"lineNumber":204,"author":{"gitId":"Nanxi-Huang"},"content":"            }"},{"lineNumber":205,"author":{"gitId":"Nanxi-Huang"},"content":"        if (searchResults.size() \u003d\u003d 0) {"},{"lineNumber":206,"author":{"gitId":"Nanxi-Huang"},"content":"            System.out.println(\"____________________________________________________________\\n\""},{"lineNumber":207,"author":{"gitId":"Nanxi-Huang"},"content":"                    + \"You have no matching task in the list\\n\""},{"lineNumber":208,"author":{"gitId":"Nanxi-Huang"},"content":"                    + \"____________________________________________________________\");"},{"lineNumber":209,"author":{"gitId":"Nanxi-Huang"},"content":"        } else {"},{"lineNumber":210,"author":{"gitId":"Nanxi-Huang"},"content":"            System.out.println(\"____________________________________________________________\\n\""},{"lineNumber":211,"author":{"gitId":"Nanxi-Huang"},"content":"                    + (searchResults.size() \u003d\u003d 1 ? \"Here is the matching task in your list: \\n\""},{"lineNumber":212,"author":{"gitId":"Nanxi-Huang"},"content":"                    : \"Here are the matching tasks in your list: \\n\"));"},{"lineNumber":213,"author":{"gitId":"Nanxi-Huang"},"content":""},{"lineNumber":214,"author":{"gitId":"Nanxi-Huang"},"content":"            int i \u003d 1;"},{"lineNumber":215,"author":{"gitId":"Nanxi-Huang"},"content":"            for (Task t : searchResults) {"},{"lineNumber":216,"author":{"gitId":"Nanxi-Huang"},"content":"                System.out.println(i + \". \""},{"lineNumber":217,"author":{"gitId":"Nanxi-Huang"},"content":"                        + t.toString());"},{"lineNumber":218,"author":{"gitId":"Nanxi-Huang"},"content":"                i++;"},{"lineNumber":219,"author":{"gitId":"Nanxi-Huang"},"content":"            }"},{"lineNumber":220,"author":{"gitId":"Nanxi-Huang"},"content":""},{"lineNumber":221,"author":{"gitId":"Nanxi-Huang"},"content":"        }"},{"lineNumber":222,"author":{"gitId":"Nanxi-Huang"},"content":"        }"},{"lineNumber":223,"author":{"gitId":"Nanxi-Huang"},"content":""},{"lineNumber":224,"author":{"gitId":"Nanxi-Huang"},"content":""},{"lineNumber":225,"author":{"gitId":"Nanxi-Huang"},"content":"}"}],"authorContributionMap":{"Nanxi-Huang":225}},{"path":"src/main/java/Todo.java","fileType":"java","lines":[{"lineNumber":1,"author":{"gitId":"Nanxi-Huang"},"content":"class Todo extends Task {"},{"lineNumber":2,"author":{"gitId":"Nanxi-Huang"},"content":"    protected boolean isDone;"},{"lineNumber":3,"author":{"gitId":"Nanxi-Huang"},"content":"    protected final static String type \u003d \"[T]\";"},{"lineNumber":4,"author":{"gitId":"Nanxi-Huang"},"content":""},{"lineNumber":5,"author":{"gitId":"Nanxi-Huang"},"content":"    public Todo(String description) {"},{"lineNumber":6,"author":{"gitId":"Nanxi-Huang"},"content":"        super(description);"},{"lineNumber":7,"author":{"gitId":"Nanxi-Huang"},"content":"        this.isDone \u003d false;"},{"lineNumber":8,"author":{"gitId":"Nanxi-Huang"},"content":"    }"},{"lineNumber":9,"author":{"gitId":"Nanxi-Huang"},"content":""},{"lineNumber":10,"author":{"gitId":"Nanxi-Huang"},"content":"    @Override"},{"lineNumber":11,"author":{"gitId":"Nanxi-Huang"},"content":"    public String getType() {"},{"lineNumber":12,"author":{"gitId":"Nanxi-Huang"},"content":"        return type;"},{"lineNumber":13,"author":{"gitId":"Nanxi-Huang"},"content":"    }"},{"lineNumber":14,"author":{"gitId":"Nanxi-Huang"},"content":""},{"lineNumber":15,"author":{"gitId":"Nanxi-Huang"},"content":"    @Override"},{"lineNumber":16,"author":{"gitId":"Nanxi-Huang"},"content":"    public String toString() {"},{"lineNumber":17,"author":{"gitId":"Nanxi-Huang"},"content":"        return getType() + super.toString();"},{"lineNumber":18,"author":{"gitId":"Nanxi-Huang"},"content":"    }"},{"lineNumber":19,"author":{"gitId":"Nanxi-Huang"},"content":""},{"lineNumber":20,"author":{"gitId":"Nanxi-Huang"},"content":"    /**"},{"lineNumber":21,"author":{"gitId":"Nanxi-Huang"},"content":"     * Parses a todo description in duke.txt."},{"lineNumber":22,"author":{"gitId":"Nanxi-Huang"},"content":"     *"},{"lineNumber":23,"author":{"gitId":"Nanxi-Huang"},"content":"     * @param record todo description in duke.txt"},{"lineNumber":24,"author":{"gitId":"Nanxi-Huang"},"content":"     * @return a todo object"},{"lineNumber":25,"author":{"gitId":"Nanxi-Huang"},"content":"     */"},{"lineNumber":26,"author":{"gitId":"Nanxi-Huang"},"content":"    public static Todo parseTodo(String record) {"},{"lineNumber":27,"author":{"gitId":"Nanxi-Huang"},"content":"        if (record.contains(\"\\u2713\")) {"},{"lineNumber":28,"author":{"gitId":"Nanxi-Huang"},"content":"            String[] taskSeg \u003d record.split(\"\\u2713 \");"},{"lineNumber":29,"author":{"gitId":"Nanxi-Huang"},"content":"            String taskContent \u003d taskSeg[taskSeg.length - 1];"},{"lineNumber":30,"author":{"gitId":"Nanxi-Huang"},"content":"            Todo myTask \u003d new Todo(taskContent);"},{"lineNumber":31,"author":{"gitId":"Nanxi-Huang"},"content":"            myTask.markAsDone();"},{"lineNumber":32,"author":{"gitId":"Nanxi-Huang"},"content":"            return myTask;"},{"lineNumber":33,"author":{"gitId":"Nanxi-Huang"},"content":"        } else {"},{"lineNumber":34,"author":{"gitId":"Nanxi-Huang"},"content":"            String[] taskSeg \u003d record.split(\"\\u2718 \");"},{"lineNumber":35,"author":{"gitId":"Nanxi-Huang"},"content":"            String taskContent \u003d taskSeg[taskSeg.length - 1];"},{"lineNumber":36,"author":{"gitId":"Nanxi-Huang"},"content":"            return new Todo(taskContent);"},{"lineNumber":37,"author":{"gitId":"Nanxi-Huang"},"content":"        }"},{"lineNumber":38,"author":{"gitId":"Nanxi-Huang"},"content":""},{"lineNumber":39,"author":{"gitId":"Nanxi-Huang"},"content":"    }"},{"lineNumber":40,"author":{"gitId":"Nanxi-Huang"},"content":""},{"lineNumber":41,"author":{"gitId":"Nanxi-Huang"},"content":"}"}],"authorContributionMap":{"Nanxi-Huang":41}},{"path":"src/main/java/Ui.java","fileType":"java","lines":[{"lineNumber":1,"author":{"gitId":"Nanxi-Huang"},"content":"public class Ui {"},{"lineNumber":2,"author":{"gitId":"Nanxi-Huang"},"content":""},{"lineNumber":3,"author":{"gitId":"Nanxi-Huang"},"content":"        public void Greet() {"},{"lineNumber":4,"author":{"gitId":"Nanxi-Huang"},"content":"            String greeting \u003d \"____________________________________________________________\\n\""},{"lineNumber":5,"author":{"gitId":"Nanxi-Huang"},"content":"                    + \"Hello! I\u0027m Duke, 恭喜发财 \\u263a.\\n\""},{"lineNumber":6,"author":{"gitId":"Nanxi-Huang"},"content":"                    + \"What can I do for you?\\n\""},{"lineNumber":7,"author":{"gitId":"Nanxi-Huang"},"content":"                    + \"____________________________________________________________\\n\";"},{"lineNumber":8,"author":{"gitId":"Nanxi-Huang"},"content":"            System.out.println(greeting);"},{"lineNumber":9,"author":{"gitId":"Nanxi-Huang"},"content":""},{"lineNumber":10,"author":{"gitId":"Nanxi-Huang"},"content":"        }"},{"lineNumber":11,"author":{"gitId":"Nanxi-Huang"},"content":""},{"lineNumber":12,"author":{"gitId":"Nanxi-Huang"},"content":"    public void Exit() {"},{"lineNumber":13,"author":{"gitId":"Nanxi-Huang"},"content":"        String exit \u003d \"____________________________________________________________\\n\""},{"lineNumber":14,"author":{"gitId":"Nanxi-Huang"},"content":"                + \"Bye. Hope to see you again soon!\\n\""},{"lineNumber":15,"author":{"gitId":"Nanxi-Huang"},"content":"                + \"Wish you all the best for CS2103T\\n\""},{"lineNumber":16,"author":{"gitId":"Nanxi-Huang"},"content":"                + \"____________________________________________________________\\n\";"},{"lineNumber":17,"author":{"gitId":"Nanxi-Huang"},"content":""},{"lineNumber":18,"author":{"gitId":"Nanxi-Huang"},"content":"        Duke.canExit \u003d true;"},{"lineNumber":19,"author":{"gitId":"Nanxi-Huang"},"content":"        System.out.println(exit);"},{"lineNumber":20,"author":{"gitId":"Nanxi-Huang"},"content":""},{"lineNumber":21,"author":{"gitId":"Nanxi-Huang"},"content":"    }"},{"lineNumber":22,"author":{"gitId":"Nanxi-Huang"},"content":""},{"lineNumber":23,"author":{"gitId":"Nanxi-Huang"},"content":""},{"lineNumber":24,"author":{"gitId":"Nanxi-Huang"},"content":"}"}],"authorContributionMap":{"Nanxi-Huang":24}},{"path":"src/test/java/DukeTest.java","fileType":"java","lines":[{"lineNumber":1,"author":{"gitId":"Nanxi-Huang"},"content":"import org.junit.jupiter.api.Test;"},{"lineNumber":2,"author":{"gitId":"Nanxi-Huang"},"content":"import static org.junit.jupiter.api.Assertions.assertEquals;"},{"lineNumber":3,"author":{"gitId":"Nanxi-Huang"},"content":""},{"lineNumber":4,"author":{"gitId":"Nanxi-Huang"},"content":"public class DukeTest {"},{"lineNumber":5,"author":{"gitId":"Nanxi-Huang"},"content":"    @Test"},{"lineNumber":6,"author":{"gitId":"Nanxi-Huang"},"content":"    public void TestGreeting() {"},{"lineNumber":7,"author":{"gitId":"Nanxi-Huang"},"content":"        assertEquals(2, 2);"},{"lineNumber":8,"author":{"gitId":"Nanxi-Huang"},"content":"    }"},{"lineNumber":9,"author":{"gitId":"Nanxi-Huang"},"content":""},{"lineNumber":10,"author":{"gitId":"Nanxi-Huang"},"content":"    @Test"},{"lineNumber":11,"author":{"gitId":"Nanxi-Huang"},"content":"    public void TestExit() {"},{"lineNumber":12,"author":{"gitId":"Nanxi-Huang"},"content":""},{"lineNumber":13,"author":{"gitId":"Nanxi-Huang"},"content":"    }"},{"lineNumber":14,"author":{"gitId":"Nanxi-Huang"},"content":"}"}],"authorContributionMap":{"Nanxi-Huang":14}},{"path":"text-ui-test/input.txt","fileType":"txt","lines":[{"lineNumber":1,"author":{"gitId":"Nanxi-Huang"},"content":"event xxx /at 1pm"},{"lineNumber":2,"author":{"gitId":"Nanxi-Huang"},"content":"deadline xxx /by Mon"},{"lineNumber":3,"author":{"gitId":"Nanxi-Huang"},"content":"todo read book"},{"lineNumber":4,"author":{"gitId":"Nanxi-Huang"},"content":"list"},{"lineNumber":5,"author":{"gitId":"Nanxi-Huang"},"content":"done"},{"lineNumber":6,"author":{"gitId":"Nanxi-Huang"},"content":"delete"},{"lineNumber":7,"author":{"gitId":"Nanxi-Huang"},"content":"done 4"},{"lineNumber":8,"author":{"gitId":"Nanxi-Huang"},"content":"delete 4"},{"lineNumber":9,"author":{"gitId":"Nanxi-Huang"},"content":"todo"},{"lineNumber":10,"author":{"gitId":"Nanxi-Huang"},"content":"deadline"},{"lineNumber":11,"author":{"gitId":"Nanxi-Huang"},"content":"event"},{"lineNumber":12,"author":{"gitId":"Nanxi-Huang"},"content":"deadline /by"},{"lineNumber":13,"author":{"gitId":"Nanxi-Huang"},"content":"event /at"},{"lineNumber":14,"author":{"gitId":"Nanxi-Huang"},"content":"event xxx"},{"lineNumber":15,"author":{"gitId":"Nanxi-Huang"},"content":"deadline xxx"},{"lineNumber":16,"author":{"gitId":"Nanxi-Huang"},"content":"event /at 1pm"},{"lineNumber":17,"author":{"gitId":"Nanxi-Huang"},"content":"deadline /by Mon"},{"lineNumber":18,"author":{"gitId":"Nanxi-Huang"},"content":"done 1"},{"lineNumber":19,"author":{"gitId":"Nanxi-Huang"},"content":"delete 1"},{"lineNumber":20,"author":{"gitId":"Nanxi-Huang"},"content":"list"},{"lineNumber":21,"author":{"gitId":"Nanxi-Huang"},"content":"bye"},{"lineNumber":22,"author":{"gitId":"Nanxi-Huang"},"content":""},{"lineNumber":23,"author":{"gitId":"Nanxi-Huang"},"content":""},{"lineNumber":24,"author":{"gitId":"Nanxi-Huang"},"content":""},{"lineNumber":25,"author":{"gitId":"Nanxi-Huang"},"content":""},{"lineNumber":26,"author":{"gitId":"Nanxi-Huang"},"content":""},{"lineNumber":27,"author":{"gitId":"Nanxi-Huang"},"content":""},{"lineNumber":28,"author":{"gitId":"Nanxi-Huang"},"content":""},{"lineNumber":29,"author":{"gitId":"Nanxi-Huang"},"content":""},{"lineNumber":30,"author":{"gitId":"Nanxi-Huang"},"content":""},{"lineNumber":31,"author":{"gitId":"Nanxi-Huang"},"content":""},{"lineNumber":32,"author":{"gitId":"Nanxi-Huang"},"content":""},{"lineNumber":33,"author":{"gitId":"Nanxi-Huang"},"content":""},{"lineNumber":34,"author":{"gitId":"Nanxi-Huang"},"content":""},{"lineNumber":35,"author":{"gitId":"Nanxi-Huang"},"content":""},{"lineNumber":36,"author":{"gitId":"Nanxi-Huang"},"content":""},{"lineNumber":37,"author":{"gitId":"Nanxi-Huang"},"content":""},{"lineNumber":38,"author":{"gitId":"Nanxi-Huang"},"content":""},{"lineNumber":39,"author":{"gitId":"Nanxi-Huang"},"content":""},{"lineNumber":40,"author":{"gitId":"Nanxi-Huang"},"content":""},{"lineNumber":41,"author":{"gitId":"Nanxi-Huang"},"content":""},{"lineNumber":42,"author":{"gitId":"Nanxi-Huang"},"content":""},{"lineNumber":43,"author":{"gitId":"Nanxi-Huang"},"content":""},{"lineNumber":44,"author":{"gitId":"Nanxi-Huang"},"content":""},{"lineNumber":45,"author":{"gitId":"Nanxi-Huang"},"content":""}],"authorContributionMap":{"Nanxi-Huang":45}}]
