{"authorDailyContributionsMap":{"enhao25":[{"date":"2021-01-15","commitResults":[{"hash":"4f0e2950c1795afdf29d94b6b4462cb2111be7e0","messageTitle":"Implement Duke  that greets user, echo commands and exits when user types bye","messageBody":"","tags":["Level-1"],"fileTypesAndContributionMap":{"java":{"insertions":27,"deletions":6}}}]},{"date":"2021-01-16","commitResults":[{"hash":"12ebf34cd17850e613659c812186c8ca775352a3","messageTitle":"Stores the user input and outputs the listing accordingly when needed","messageBody":"","fileTypesAndContributionMap":{"java":{"insertions":10,"deletions":2}}},{"hash":"8147458e8c9d0cf3b8244ff81ae6c6de9227eda1","messageTitle":"Update to level 2 where users can store their text in a list","messageBody":"","tags":["Level-2"],"fileTypesAndContributionMap":{"java":{"insertions":16,"deletions":1}}},{"hash":"c74eab6ea35dc70f932201b18bc2bcf303907312","messageTitle":"Add the ability to mark tasks as done.","messageBody":"","fileTypesAndContributionMap":{"java":{"insertions":33,"deletions":7}}},{"hash":"c73ed1cdc580e576bd3b65c2b374d4fa7a81018a","messageTitle":"Add functionality for todo, event and deadline task","messageBody":"","fileTypesAndContributionMap":{"java":{"insertions":151,"deletions":59}}},{"hash":"2d57d0b5cff4b1b645701afbd261dbfe073e9382","messageTitle":"Update to Level-4 with todo, event, deadline and package","messageBody":"","tags":["Level-4"],"fileTypesAndContributionMap":{"java":{"insertions":9,"deletions":6}}},{"hash":"13e36181a1be802fc08f1bea8d0bd6ce2d8ffdfe","messageTitle":"Add automated text UI testing","messageBody":"","tags":["A-TextUiTesting"],"fileTypesAndContributionMap":{"txt":{"insertions":7,"deletions":0},"java":{"insertions":2,"deletions":2},"bat":{"insertions":1,"deletions":0}}},{"hash":"de3093bf6273cecdf5897b8147ec37a6b224a06a","messageTitle":"Teach Duke to deal with errors from incorrect inputs user input","messageBody":"","fileTypesAndContributionMap":{"txt":{"insertions":3,"deletions":0},"bat":{"insertions":2,"deletions":3}}},{"hash":"0adf0b225e7eb0c0a84488b76515e0e8f82d6729","messageTitle":"Handle exception and error for the application accordingly","messageBody":"","fileTypesAndContributionMap":{"java":{"insertions":141,"deletions":100}}},{"hash":"eb0376e3cd1c3802a79563e746487922f9c65668","messageTitle":"Add support for task deletion","messageBody":"","fileTypesAndContributionMap":{"txt":{"insertions":7,"deletions":1},"java":{"insertions":42,"deletions":7}}}]},{"date":"2021-01-17","commitResults":[{"hash":"b6ddf83824f0f6f6e58f299a5ca5e1560eba0792","messageTitle":"Update level-6 with support for deletion from list and remove error","messageBody":"","tags":["Level-6"],"fileTypesAndContributionMap":{"java":{"insertions":1,"deletions":1}}}]},{"date":"2021-01-24","commitResults":[{"hash":"8151a6e8287cad7b804028724997929a8b75aa96","messageTitle":"Complete level-7 by keeping the list of task in the hard disk","messageBody":"","fileTypesAndContributionMap":{"txt":{"insertions":2,"deletions":0},"java":{"insertions":49,"deletions":2}}},{"hash":"ea075e36413f8d7a8d753f75a5f65927b0553bf1","messageTitle":"Complete level 8 where date time fields for deadline and events are managed","messageBody":"","fileTypesAndContributionMap":{"txt":{"insertions":3,"deletions":2}}},{"hash":"69dd2d68355f348ef2dcfb0dd02273383c116bed","messageTitle":"Complete level 8 where date time fields for deadline and events are managed","messageBody":"","tags":["Level-8"],"fileTypesAndContributionMap":{"java":{"insertions":29,"deletions":8}}},{"hash":"e0f825303f246acc7e63153b2dfce327e7e61122","messageTitle":"Update branch-level-7 to create folder if the data folder does not exit yet","messageBody":"","fileTypesAndContributionMap":{"txt":{"insertions":3,"deletions":2},"java":{"insertions":11,"deletions":0}}},{"hash":"b735462a8d8ed48ccc1ef0261d340f8eaec101cb","messageTitle":"Add OOP by extracting different classes in the code base","messageBody":"","tags":["v0.1","A-MoreOOP","A-Jar"],"fileTypesAndContributionMap":{"txt":{"insertions":3,"deletions":4},"java":{"insertions":396,"deletions":115}}},{"hash":"22de2be8f110061a4b0eb6c3a04810717f3e9cea","messageTitle":"Merge from master to include functionality to load existing task from hard disk","messageBody":"","tags":["Level-7"],"fileTypesAndContributionMap":{"java":{"insertions":1,"deletions":1}}}]},{"date":"2021-01-26","commitResults":[{"hash":"96e1479aa7b6730954f2b513c3013c674957ed00","messageTitle":"Add some JUint testing for parser and tasklist class","messageBody":"","tags":["A-JUnit"],"fileTypesAndContributionMap":{"java":{"insertions":53,"deletions":2}}},{"hash":"372bb1761dcdc90f16754304bede36d3c5cfcb08","messageTitle":"Add JavaDoc comments to 8 of the classes","messageBody":"","fileTypesAndContributionMap":{"java":{"insertions":197,"deletions":13}}},{"hash":"5bc516beecd14f65c32859ac992ee60442824994","messageTitle":"Check through and update to follow coding standards","messageBody":"","fileTypesAndContributionMap":{"java":{"insertions":11,"deletions":12}}},{"hash":"20db0224e168c5f4f74fc53e1b359d3c301b8f15","messageTitle":"Allow find command to find task base on keyword","messageBody":"","fileTypesAndContributionMap":{"txt":{"insertions":4,"deletions":0},"java":{"insertions":36,"deletions":0}}},{"hash":"6c5dbb209e18d9dd74c292d7509f8d68560f22b4","messageTitle":"Add params as description for some of the javadocs","messageBody":"","tags":["A-JavaDoc"],"fileTypesAndContributionMap":{"java":{"insertions":24,"deletions":23}}},{"hash":"07ef91452f6137ad91d25803a9cc5f42d7e2247d","messageTitle":"Merge with Level-9 to include find command using keyword","messageBody":"","tags":["Level-9"],"fileTypesAndContributionMap":{"java":{"insertions":2,"deletions":2}}},{"hash":"65decaa7b4dbe5c13e969a345c37d31d8a362f47","messageTitle":"Update duke and test for level 7 branch","messageBody":"","fileTypesAndContributionMap":{"java":{"insertions":1,"deletions":1}}},{"hash":"bcd4116275b3947dc48de0d1aabcc2232ced787a","messageTitle":"Remerge from branch-level-7","messageBody":"","fileTypesAndContributionMap":{"java":{"insertions":1,"deletions":1}}}]},{"date":"2021-01-31","commitResults":[{"hash":"ef1c4fc3c7c7558feade1a86da6a288b213cb1ae","messageTitle":"Apply checkstyle and pass all cases","messageBody":"","tags":["A-checkstyle"],"fileTypesAndContributionMap":{"java":{"insertions":146,"deletions":126}}}]},{"date":"2021-02-02","commitResults":[{"hash":"d409a015b1aa9a0cfb37e9126b75de8a1585929e","messageTitle":"Include textbox in gui to understand user input and refactor the code","messageBody":"","fileTypesAndContributionMap":{"gradle":{"insertions":14,"deletions":0},"txt":{"insertions":1,"deletions":1},"java":{"insertions":298,"deletions":161}}},{"hash":"b4a9ba0a4ae8d96c1e56e01a2604596249193cab","messageTitle":"Complete level 10 with ui that shows the text in a box","messageBody":"","tags":["v0.2","Level-10","A-Gradle"],"fileTypesAndContributionMap":{"txt":{"insertions":3,"deletions":3},"java":{"insertions":74,"deletions":50}}}]},{"date":"2021-02-08","commitResults":[{"hash":"3dc221f7b806ebbd18b7365e9e2c924d21485ff1","messageTitle":"Publish v1.2 with jar file for the gui application","messageBody":"","fileTypesAndContributionMap":{"gradle":{"insertions":1,"deletions":1},"txt":{"insertions":1,"deletions":1},"java":{"insertions":4,"deletions":3}}},{"hash":"9192607ef8fd9025fedeca986702363f3b19a024","messageTitle":"Put gui to package and add assertion","messageBody":"","fileTypesAndContributionMap":{"txt":{"insertions":0,"deletions":1},"java":{"insertions":40,"deletions":6}}}]},{"date":"2021-02-09","commitResults":[{"hash":"cd3e0ee3e172eff848522dc03067477315ea8ac1","messageTitle":"Update code quality abstracting out methods and give better names for some method","messageBody":"","fileTypesAndContributionMap":{"txt":{"insertions":2,"deletions":0},"java":{"insertions":112,"deletions":82}}},{"hash":"ccba0fa3ad38f5bd8edc025ba8d36a9bfaa40258","messageTitle":"Add ability to have contact list","messageBody":"","fileTypesAndContributionMap":{"txt":{"insertions":1,"deletions":1},"java":{"insertions":239,"deletions":25}}}]},{"date":"2021-02-14","commitResults":[{"hash":"b900f9fc48ec795ea298056c95f03d321f4a6808","messageTitle":"Update user interface of the application","messageBody":"","fileTypesAndContributionMap":{"txt":{"insertions":1,"deletions":1},"java":{"insertions":2,"deletions":0}}},{"hash":"81b2d8405883184fb95d6dc4d6bf5f502fa6c4fc","messageTitle":"Complete user guide","messageBody":"","fileTypesAndContributionMap":{"txt":{"insertions":1,"deletions":3},"java":{"insertions":1,"deletions":7},"md":{"insertions":151,"deletions":11}}}]},{"date":"2021-02-15","commitResults":[{"hash":"c596365958d4c173566a492d5c18da96d3c9e695","messageTitle":"Update readme with seperator","messageBody":"","fileTypesAndContributionMap":{"md":{"insertions":56,"deletions":38}}},{"hash":"14253cdf022de8027d9b5d676d93fcfa3133b526","messageTitle":"Release new jar file and update readme error","messageBody":"","tags":["v1.0","A-Release"],"fileTypesAndContributionMap":{"gradle":{"insertions":1,"deletions":1},"java":{"insertions":7,"deletions":2},"md":{"insertions":2,"deletions":2}}}]}]},"authorFileTypeContributionMap":{"enhao25":{"java":1342,"md":159,"fxml":23,"sh":0,"bat":2,"gradle":15,"txt":23}},"authorContributionVariance":{"enhao25":36390.625},"authorDisplayNameMap":{"enhao25":"CS2103T-T11-1 LOW .. HAO"}}
