{"authorDailyContributionsMap":{"chewwh09":[{"date":"2021-01-19","commitResults":[{"hash":"d0be01c4b5e2fd46eb7b74f5dcdc879f3a8c2037","messageTitle":"Completed Level 1","messageBody":"","tags":["Level-1"],"fileTypesAndContributionMap":{"java":{"insertions":41,"deletions":1}}},{"hash":"c754ce040d80b1fa25f058b046d714197ace33aa","messageTitle":"Completed Level 2","messageBody":"","tags":["Level-2"],"fileTypesAndContributionMap":{"java":{"insertions":9,"deletions":3}}},{"hash":"b85146d7600c78125d92c480fd4386fd21acc24d","messageTitle":"Added Task class","messageBody":"","fileTypesAndContributionMap":{"java":{"insertions":18,"deletions":0}}},{"hash":"eef67a2a2a38362a0dc2dd810a6902b7e6330972","messageTitle":"Completed Level 3","messageBody":"","tags":["Level-3"],"fileTypesAndContributionMap":{"java":{"insertions":22,"deletions":17}}},{"hash":"7e1c95264a98375e2715db2a331e702a58eafc0e","messageTitle":"Added Todo, Deadline and Event classes","messageBody":"","fileTypesAndContributionMap":{"java":{"insertions":36,"deletions":0}}},{"hash":"d6c75008e7a5a39e711987813f988eb5738104a2","messageTitle":"Complete Level-4","messageBody":"","tags":["Level-4"],"fileTypesAndContributionMap":{"java":{"insertions":31,"deletions":6}}},{"hash":"b5494edf048c0bc0e065f603c81179227ace0ed4","messageTitle":"Change from do while loop to while loop","messageBody":"","fileTypesAndContributionMap":{"java":{"insertions":4,"deletions":5}}},{"hash":"c05b285e79fb6826c158a0e02c6e9327ab8b55ba","messageTitle":"Completed A-TextUiTesting.","messageBody":"","fileTypesAndContributionMap":{"txt":{"insertions":10,"deletions":0}}},{"hash":"c56282110bd37e67a5d43d05282fc4ad9d7df270","messageTitle":"Changes on addTask Function","messageBody":"","fileTypesAndContributionMap":{"java":{"insertions":31,"deletions":22}}},{"hash":"4e1456e6703706a63b2ee343344d50eaa8dd39c8","messageTitle":"Completed Level-5","messageBody":"","fileTypesAndContributionMap":{"java":{"insertions":10,"deletions":0}}},{"hash":"64feca589fca5abab10434a58a18c8f4858465bc","messageTitle":"Make minor changes to Level-5.","messageBody":"","fileTypesAndContributionMap":{"java":{"insertions":2,"deletions":2}}}]},{"date":"2021-01-20","commitResults":[{"hash":"5f5c60b199d4b34aeee02f81a306c8c66d806033","messageTitle":"Changed the class constructor","messageBody":"","fileTypesAndContributionMap":{"java":{"insertions":8,"deletions":8}}},{"hash":"e9fbdc68e00276955e1778f8d6423231d7bff57f","messageTitle":"Added more exceptions for Level-5","messageBody":"","tags":["Level-5"],"fileTypesAndContributionMap":{"txt":{"insertions":1,"deletions":1},"java":{"insertions":42,"deletions":35}}},{"hash":"8bf975bf82dfcc3c93ab8f981a381b6924d186a9","messageTitle":"Completed level-6","messageBody":"","tags":["Level-6"],"fileTypesAndContributionMap":{"java":{"insertions":18,"deletions":0}}}]},{"date":"2021-01-24","commitResults":[{"hash":"995fda637dad6274aacd8f2715aca6e7ea202e8c","messageTitle":"Complete Level-7","messageBody":"","fileTypesAndContributionMap":{"txt":{"insertions":0,"deletions":0},"java":{"insertions":115,"deletions":41}}}]},{"date":"2021-01-25","commitResults":[{"hash":"d1ecf92bf5bd71b6432d69fca3e92fb464b6725a","messageTitle":"Complete Level-8","messageBody":"","fileTypesAndContributionMap":{"java":{"insertions":47,"deletions":32}}},{"hash":"0117e2575010a4df3559c8d6a5162475f3a86c83","messageTitle":"Delete duplicate done function in main","messageBody":"","fileTypesAndContributionMap":{"txt":{"insertions":1,"deletions":1},"java":{"insertions":0,"deletions":3}}},{"hash":"85a88c1e3f321ed6b9fe9be70e756999f213538f","messageTitle":"Change the error message","messageBody":"","tags":["Level-8","Level-7"],"fileTypesAndContributionMap":{"java":{"insertions":1,"deletions":1}}},{"hash":"b780253a5a9935bf290cf8c7ef9b93b7a6147ad6","messageTitle":"Refactor code to extract out closely related code as classes","messageBody":"","fileTypesAndContributionMap":{"txt":{"insertions":0,"deletions":1},"java":{"insertions":331,"deletions":169}}},{"hash":"4dbe09f21300504468921eff86f36de888d1b62a","messageTitle":"Abstract printing message into UI class","messageBody":"","tags":["A-MoreOOP"],"fileTypesAndContributionMap":{"java":{"insertions":50,"deletions":26}}},{"hash":"4b14ba07319ac37ac8312a576151d8e9f901d96a","messageTitle":"Divide classes into packages","messageBody":"","fileTypesAndContributionMap":{"java":{"insertions":103,"deletions":18},"md":{"insertions":2,"deletions":2}}},{"hash":"44594feb5990700f9e9b51ad9ffe58b10abcf9e9","messageTitle":"Add logging package","messageBody":"","tags":["A-Packages"],"fileTypesAndContributionMap":{"java":{"insertions":29,"deletions":26}}},{"hash":"90c44018b9321cb89680f048a792b0877c216ea9","messageTitle":"Add JUnit test","messageBody":"","tags":["A-JUnit"],"fileTypesAndContributionMap":{"java":{"insertions":25,"deletions":0}}},{"hash":"8327442d6ce45582a10dc2e36e90a3961e621ef2","messageTitle":"Rectify a fault in duke.java line 16","messageBody":"","tags":["v0.1"],"fileTypesAndContributionMap":{"java":{"insertions":3,"deletions":1}}}]},{"date":"2021-01-26","commitResults":[{"hash":"242525eb73d45b093a9c51e7bb6b0a38b0883151","messageTitle":"Add JavaDoc comments to the code","messageBody":"","tags":["A-JavaDoc"],"fileTypesAndContributionMap":{"java":{"insertions":314,"deletions":1}}},{"hash":"a775fb91f3839b093ab63a12e96e4744b0c5a353","messageTitle":"Follow the Coding Standard","messageBody":"","tags":["A-CodingStandard"],"fileTypesAndContributionMap":{"java":{"insertions":28,"deletions":24}}},{"hash":"ca93ebf35c4245c25d16100f19d4c7f4db6c19b4","messageTitle":"Add find command","messageBody":"","tags":["Level-9"],"fileTypesAndContributionMap":{"java":{"insertions":92,"deletions":4}}}]}]},"authorFileTypeContributionMap":{"chewwh09":{"java":977,"md":2,"fxml":0,"sh":0,"bat":0,"gradle":0,"txt":10}},"authorContributionVariance":{"chewwh09":54079.11},"authorDisplayNameMap":{"chewwh09":"CS2103T-W10-2 CHEW.. HAO"}}
