[{"path":"src/main/java/Deadline.java","fileType":"java","lines":[{"lineNumber":1,"author":{"gitId":"pyuxiang"},"content":"public class Deadline extends Task {"},{"lineNumber":2,"author":{"gitId":"pyuxiang"},"content":""},{"lineNumber":3,"author":{"gitId":"pyuxiang"},"content":"    protected String by;"},{"lineNumber":4,"author":{"gitId":"pyuxiang"},"content":""},{"lineNumber":5,"author":{"gitId":"pyuxiang"},"content":"    public Deadline(String description, String by) {"},{"lineNumber":6,"author":{"gitId":"pyuxiang"},"content":"        super(description);"},{"lineNumber":7,"author":{"gitId":"pyuxiang"},"content":"        this.by \u003d by;"},{"lineNumber":8,"author":{"gitId":"pyuxiang"},"content":"    }"},{"lineNumber":9,"author":{"gitId":"pyuxiang"},"content":""},{"lineNumber":10,"author":{"gitId":"pyuxiang"},"content":"    @Override"},{"lineNumber":11,"author":{"gitId":"pyuxiang"},"content":"    public String toString() {"},{"lineNumber":12,"author":{"gitId":"pyuxiang"},"content":"        return \"[D]\" + super.toString() + \" (by: \" + by + \")\";"},{"lineNumber":13,"author":{"gitId":"pyuxiang"},"content":"    }"},{"lineNumber":14,"author":{"gitId":"pyuxiang"},"content":"}"}],"authorContributionMap":{"pyuxiang":14}},{"path":"src/main/java/Duke.java","fileType":"java","lines":[{"lineNumber":1,"author":{"gitId":"pyuxiang"},"content":"import java.io.BufferedReader;"},{"lineNumber":2,"author":{"gitId":"pyuxiang"},"content":"import java.io.IOException;"},{"lineNumber":3,"author":{"gitId":"pyuxiang"},"content":"import java.io.InputStreamReader;"},{"lineNumber":4,"author":{"gitId":"pyuxiang"},"content":"import java.util.ArrayList;"},{"lineNumber":5,"author":{"gitId":"pyuxiang"},"content":"import java.util.Arrays;"},{"lineNumber":6,"author":{"gitId":"pyuxiang"},"content":"import java.util.List;"},{"lineNumber":7,"author":{"gitId":"pyuxiang"},"content":""},{"lineNumber":8,"author":{"gitId":"-"},"content":"public class Duke {"},{"lineNumber":9,"author":{"gitId":"pyuxiang"},"content":""},{"lineNumber":10,"author":{"gitId":"pyuxiang"},"content":"    public static void main(String[] args) throws IOException {"},{"lineNumber":11,"author":{"gitId":"-"},"content":"        String logo \u003d \" ____        _        \\n\""},{"lineNumber":12,"author":{"gitId":"-"},"content":"                + \"|  _ \\\\ _   _| | _____ \\n\""},{"lineNumber":13,"author":{"gitId":"-"},"content":"                + \"| | | | | | | |/ / _ \\\\\\n\""},{"lineNumber":14,"author":{"gitId":"-"},"content":"                + \"| |_| | |_| |   \u003c  __/\\n\""},{"lineNumber":15,"author":{"gitId":"-"},"content":"                + \"|____/ \\\\__,_|_|\\\\_\\\\___|\\n\";"},{"lineNumber":16,"author":{"gitId":"-"},"content":"        System.out.println(\"Hello from\\n\" + logo);"},{"lineNumber":17,"author":{"gitId":"pyuxiang"},"content":""},{"lineNumber":18,"author":{"gitId":"pyuxiang"},"content":"        // Print introduction"},{"lineNumber":19,"author":{"gitId":"pyuxiang"},"content":"        Duke.respond(new String[]{"},{"lineNumber":20,"author":{"gitId":"pyuxiang"},"content":"                \"Hello! I\u0027m a customized Duke\","},{"lineNumber":21,"author":{"gitId":"pyuxiang"},"content":"                \"What can I do for you?\","},{"lineNumber":22,"author":{"gitId":"pyuxiang"},"content":"        });"},{"lineNumber":23,"author":{"gitId":"pyuxiang"},"content":""},{"lineNumber":24,"author":{"gitId":"pyuxiang"},"content":"        // REPL"},{"lineNumber":25,"author":{"gitId":"pyuxiang"},"content":"        ArrayList\u003cTask\u003e userData \u003d new ArrayList\u003c\u003e();"},{"lineNumber":26,"author":{"gitId":"pyuxiang"},"content":"        BufferedReader in \u003d new BufferedReader("},{"lineNumber":27,"author":{"gitId":"pyuxiang"},"content":"                new InputStreamReader(System.in));"},{"lineNumber":28,"author":{"gitId":"pyuxiang"},"content":"        while (true) {"},{"lineNumber":29,"author":{"gitId":"pyuxiang"},"content":"            String s \u003d in.readLine();"},{"lineNumber":30,"author":{"gitId":"pyuxiang"},"content":"            if (s.equals(\"bye\")) {"},{"lineNumber":31,"author":{"gitId":"pyuxiang"},"content":"                Duke.respond(\"Bye. Hope to see you again soon!\");"},{"lineNumber":32,"author":{"gitId":"pyuxiang"},"content":"                break;"},{"lineNumber":33,"author":{"gitId":"pyuxiang"},"content":"            } else if (s.equals(\"list\")) {"},{"lineNumber":34,"author":{"gitId":"pyuxiang"},"content":"                Duke.respondList(userData);"},{"lineNumber":35,"author":{"gitId":"pyuxiang"},"content":"            } else if (s.startsWith(\"done\")) {"},{"lineNumber":36,"author":{"gitId":"pyuxiang"},"content":"                int idx \u003d Integer.parseInt(s.substring(5)) - 1;"},{"lineNumber":37,"author":{"gitId":"pyuxiang"},"content":"                Task t \u003d userData.get(idx);"},{"lineNumber":38,"author":{"gitId":"pyuxiang"},"content":"                t.setDone();"},{"lineNumber":39,"author":{"gitId":"pyuxiang"},"content":"                Duke.respondDone(t);"},{"lineNumber":40,"author":{"gitId":"pyuxiang"},"content":"            } else {"},{"lineNumber":41,"author":{"gitId":"pyuxiang"},"content":"                // Task addition"},{"lineNumber":42,"author":{"gitId":"pyuxiang"},"content":"                Task t \u003d new Task(\"\"); // default empty"},{"lineNumber":43,"author":{"gitId":"pyuxiang"},"content":"                if (s.startsWith(\"todo\")) {"},{"lineNumber":44,"author":{"gitId":"pyuxiang"},"content":"                    s \u003d s.substring(5);"},{"lineNumber":45,"author":{"gitId":"pyuxiang"},"content":"                    t \u003d new ToDo(s);"},{"lineNumber":46,"author":{"gitId":"pyuxiang"},"content":"                } else if (s.startsWith(\"deadline\")) {"},{"lineNumber":47,"author":{"gitId":"pyuxiang"},"content":"                    s \u003d s.substring(9);"},{"lineNumber":48,"author":{"gitId":"pyuxiang"},"content":"                    String[] tokens \u003d s.split(\" /by \");"},{"lineNumber":49,"author":{"gitId":"pyuxiang"},"content":"                    t \u003d new Deadline(tokens[0], tokens[1]);"},{"lineNumber":50,"author":{"gitId":"pyuxiang"},"content":"                } else if (s.startsWith(\"event\")) {"},{"lineNumber":51,"author":{"gitId":"pyuxiang"},"content":"                    s \u003d s.substring(6);"},{"lineNumber":52,"author":{"gitId":"pyuxiang"},"content":"                    String[] tokens \u003d s.split(\" /at \");"},{"lineNumber":53,"author":{"gitId":"pyuxiang"},"content":"                    t \u003d new Deadline(tokens[0], tokens[1]);"},{"lineNumber":54,"author":{"gitId":"pyuxiang"},"content":"                } else {"},{"lineNumber":55,"author":{"gitId":"pyuxiang"},"content":"                    ; // unattended case"},{"lineNumber":56,"author":{"gitId":"pyuxiang"},"content":"                }"},{"lineNumber":57,"author":{"gitId":"pyuxiang"},"content":""},{"lineNumber":58,"author":{"gitId":"pyuxiang"},"content":"                userData.add(t);"},{"lineNumber":59,"author":{"gitId":"pyuxiang"},"content":"                Duke.respondAdd(t, userData);"},{"lineNumber":60,"author":{"gitId":"pyuxiang"},"content":"            }"},{"lineNumber":61,"author":{"gitId":"pyuxiang"},"content":"        }"},{"lineNumber":62,"author":{"gitId":"pyuxiang"},"content":"    }"},{"lineNumber":63,"author":{"gitId":"pyuxiang"},"content":""},{"lineNumber":64,"author":{"gitId":"pyuxiang"},"content":"    private static void respondDone(Task t) {"},{"lineNumber":65,"author":{"gitId":"pyuxiang"},"content":"        ArrayList\u003cString\u003e lines \u003d new ArrayList\u003c\u003e();"},{"lineNumber":66,"author":{"gitId":"pyuxiang"},"content":"        lines.add(\"Nice! I\u0027ve marked this task as done:\");"},{"lineNumber":67,"author":{"gitId":"pyuxiang"},"content":"        lines.add(\"  \" + t);"},{"lineNumber":68,"author":{"gitId":"pyuxiang"},"content":"        Duke.respond(lines);"},{"lineNumber":69,"author":{"gitId":"pyuxiang"},"content":"    }"},{"lineNumber":70,"author":{"gitId":"pyuxiang"},"content":""},{"lineNumber":71,"author":{"gitId":"pyuxiang"},"content":"    private static void respondList(ArrayList\u003cTask\u003e tasklist) {"},{"lineNumber":72,"author":{"gitId":"pyuxiang"},"content":"        ArrayList\u003cString\u003e lines \u003d new ArrayList\u003c\u003e();"},{"lineNumber":73,"author":{"gitId":"pyuxiang"},"content":"        for (int i \u003d 0; i \u003c tasklist.size(); i++) {"},{"lineNumber":74,"author":{"gitId":"pyuxiang"},"content":"            Task t \u003d tasklist.get(i);"},{"lineNumber":75,"author":{"gitId":"pyuxiang"},"content":"            lines.add((i+1) + \".\" + t);"},{"lineNumber":76,"author":{"gitId":"pyuxiang"},"content":"        }"},{"lineNumber":77,"author":{"gitId":"pyuxiang"},"content":"        Duke.respond(\"Here are the tasks in your list:\", lines);"},{"lineNumber":78,"author":{"gitId":"pyuxiang"},"content":"    }"},{"lineNumber":79,"author":{"gitId":"pyuxiang"},"content":""},{"lineNumber":80,"author":{"gitId":"pyuxiang"},"content":"    private static void respondAdd(Task t, ArrayList\u003cTask\u003e tasklist) {"},{"lineNumber":81,"author":{"gitId":"pyuxiang"},"content":"        Duke.respond("},{"lineNumber":82,"author":{"gitId":"pyuxiang"},"content":"                \"Got it. I\u0027ve added this task:\","},{"lineNumber":83,"author":{"gitId":"pyuxiang"},"content":"                Arrays.asList(new String[]{\"  \"+String.valueOf(t)}),"},{"lineNumber":84,"author":{"gitId":"pyuxiang"},"content":"                \"Now you have \" + tasklist.size() + \" tasks in the list.\");"},{"lineNumber":85,"author":{"gitId":"pyuxiang"},"content":"    }"},{"lineNumber":86,"author":{"gitId":"pyuxiang"},"content":""},{"lineNumber":87,"author":{"gitId":"pyuxiang"},"content":"    // General method"},{"lineNumber":88,"author":{"gitId":"pyuxiang"},"content":"    private static void respond(String pre, List\u003cString\u003e lines, String post) {"},{"lineNumber":89,"author":{"gitId":"pyuxiang"},"content":"        String border \u003d \"    ____________________________________________________________\";"},{"lineNumber":90,"author":{"gitId":"pyuxiang"},"content":"        String indent \u003d \"     \";"},{"lineNumber":91,"author":{"gitId":"pyuxiang"},"content":""},{"lineNumber":92,"author":{"gitId":"pyuxiang"},"content":"        System.out.println(border);"},{"lineNumber":93,"author":{"gitId":"pyuxiang"},"content":"        if (!pre.isEmpty()) {"},{"lineNumber":94,"author":{"gitId":"pyuxiang"},"content":"            System.out.print(indent);"},{"lineNumber":95,"author":{"gitId":"pyuxiang"},"content":"            System.out.println(pre);"},{"lineNumber":96,"author":{"gitId":"pyuxiang"},"content":"        }"},{"lineNumber":97,"author":{"gitId":"pyuxiang"},"content":"        for (String line: lines) {"},{"lineNumber":98,"author":{"gitId":"pyuxiang"},"content":"            System.out.print(indent);"},{"lineNumber":99,"author":{"gitId":"pyuxiang"},"content":"            System.out.println(line);"},{"lineNumber":100,"author":{"gitId":"pyuxiang"},"content":"        }"},{"lineNumber":101,"author":{"gitId":"pyuxiang"},"content":"        if (!post.isEmpty()) {"},{"lineNumber":102,"author":{"gitId":"pyuxiang"},"content":"            System.out.print(indent);"},{"lineNumber":103,"author":{"gitId":"pyuxiang"},"content":"            System.out.println(post);"},{"lineNumber":104,"author":{"gitId":"pyuxiang"},"content":"        }"},{"lineNumber":105,"author":{"gitId":"pyuxiang"},"content":"        System.out.println(border);"},{"lineNumber":106,"author":{"gitId":"pyuxiang"},"content":"        System.out.println();"},{"lineNumber":107,"author":{"gitId":"-"},"content":"    }"},{"lineNumber":108,"author":{"gitId":"pyuxiang"},"content":""},{"lineNumber":109,"author":{"gitId":"pyuxiang"},"content":"    private static void respond(String pre, List\u003cString\u003e lines) {"},{"lineNumber":110,"author":{"gitId":"pyuxiang"},"content":"        Duke.respond(pre, lines, \"\");"},{"lineNumber":111,"author":{"gitId":"pyuxiang"},"content":"    }"},{"lineNumber":112,"author":{"gitId":"pyuxiang"},"content":""},{"lineNumber":113,"author":{"gitId":"pyuxiang"},"content":"    private static void respond(String line) {"},{"lineNumber":114,"author":{"gitId":"pyuxiang"},"content":"        Duke.respond(line, new ArrayList\u003c\u003e());"},{"lineNumber":115,"author":{"gitId":"pyuxiang"},"content":"    }"},{"lineNumber":116,"author":{"gitId":"pyuxiang"},"content":""},{"lineNumber":117,"author":{"gitId":"pyuxiang"},"content":"    private static void respond(String lines[]) {"},{"lineNumber":118,"author":{"gitId":"pyuxiang"},"content":"        Duke.respond(\"\", Arrays.asList(lines));"},{"lineNumber":119,"author":{"gitId":"pyuxiang"},"content":"    }"},{"lineNumber":120,"author":{"gitId":"pyuxiang"},"content":""},{"lineNumber":121,"author":{"gitId":"pyuxiang"},"content":"    private static void respond(ArrayList\u003cString\u003e lines) {"},{"lineNumber":122,"author":{"gitId":"pyuxiang"},"content":"        Duke.respond(\"\", lines);"},{"lineNumber":123,"author":{"gitId":"-"},"content":"    }"},{"lineNumber":124,"author":{"gitId":"-"},"content":"}"}],"authorContributionMap":{"pyuxiang":114,"-":10}},{"path":"src/main/java/Event.java","fileType":"java","lines":[{"lineNumber":1,"author":{"gitId":"pyuxiang"},"content":"public class Event extends Task {"},{"lineNumber":2,"author":{"gitId":"pyuxiang"},"content":""},{"lineNumber":3,"author":{"gitId":"pyuxiang"},"content":"    protected String at;"},{"lineNumber":4,"author":{"gitId":"pyuxiang"},"content":""},{"lineNumber":5,"author":{"gitId":"pyuxiang"},"content":"    public Event(String description, String at) {"},{"lineNumber":6,"author":{"gitId":"pyuxiang"},"content":"        super(description);"},{"lineNumber":7,"author":{"gitId":"pyuxiang"},"content":"        this.at \u003d at;"},{"lineNumber":8,"author":{"gitId":"pyuxiang"},"content":"    }"},{"lineNumber":9,"author":{"gitId":"pyuxiang"},"content":""},{"lineNumber":10,"author":{"gitId":"pyuxiang"},"content":"    @Override"},{"lineNumber":11,"author":{"gitId":"pyuxiang"},"content":"    public String toString() {"},{"lineNumber":12,"author":{"gitId":"pyuxiang"},"content":"        return \"[D]\" + super.toString() + \" (at: \" + at + \")\";"},{"lineNumber":13,"author":{"gitId":"pyuxiang"},"content":"    }"},{"lineNumber":14,"author":{"gitId":"pyuxiang"},"content":"}"}],"authorContributionMap":{"pyuxiang":14}},{"path":"src/main/java/Task.java","fileType":"java","lines":[{"lineNumber":1,"author":{"gitId":"pyuxiang"},"content":"// Original definition from the webpage of course"},{"lineNumber":2,"author":{"gitId":"pyuxiang"},"content":"// https://nus-cs2103-ay2021s2.github.io/website/schedule/week2/project.html"},{"lineNumber":3,"author":{"gitId":"pyuxiang"},"content":""},{"lineNumber":4,"author":{"gitId":"pyuxiang"},"content":"public class Task {"},{"lineNumber":5,"author":{"gitId":"pyuxiang"},"content":"    protected String description;"},{"lineNumber":6,"author":{"gitId":"pyuxiang"},"content":"    protected boolean isDone;"},{"lineNumber":7,"author":{"gitId":"pyuxiang"},"content":""},{"lineNumber":8,"author":{"gitId":"pyuxiang"},"content":"    public Task(String description) {"},{"lineNumber":9,"author":{"gitId":"pyuxiang"},"content":"        this.description \u003d description;"},{"lineNumber":10,"author":{"gitId":"pyuxiang"},"content":"        this.isDone \u003d false;"},{"lineNumber":11,"author":{"gitId":"pyuxiang"},"content":"    }"},{"lineNumber":12,"author":{"gitId":"pyuxiang"},"content":"    public void setDone() {"},{"lineNumber":13,"author":{"gitId":"pyuxiang"},"content":"        isDone \u003d true;"},{"lineNumber":14,"author":{"gitId":"pyuxiang"},"content":"    }"},{"lineNumber":15,"author":{"gitId":"pyuxiang"},"content":""},{"lineNumber":16,"author":{"gitId":"pyuxiang"},"content":"    public String getDescription() {"},{"lineNumber":17,"author":{"gitId":"pyuxiang"},"content":"        return description;"},{"lineNumber":18,"author":{"gitId":"pyuxiang"},"content":"    }"},{"lineNumber":19,"author":{"gitId":"pyuxiang"},"content":""},{"lineNumber":20,"author":{"gitId":"pyuxiang"},"content":"    public String getDescriptionCheckbox() {"},{"lineNumber":21,"author":{"gitId":"pyuxiang"},"content":"        return toString();"},{"lineNumber":22,"author":{"gitId":"pyuxiang"},"content":"    }"},{"lineNumber":23,"author":{"gitId":"pyuxiang"},"content":""},{"lineNumber":24,"author":{"gitId":"pyuxiang"},"content":"    public String getStatusIcon() {"},{"lineNumber":25,"author":{"gitId":"pyuxiang"},"content":"        return (isDone ? \"\\u2713\": \"\\u2718\");"},{"lineNumber":26,"author":{"gitId":"pyuxiang"},"content":"    }"},{"lineNumber":27,"author":{"gitId":"pyuxiang"},"content":""},{"lineNumber":28,"author":{"gitId":"pyuxiang"},"content":"    @Override"},{"lineNumber":29,"author":{"gitId":"pyuxiang"},"content":"    public String toString() {"},{"lineNumber":30,"author":{"gitId":"pyuxiang"},"content":"        return \"[\" + getStatusIcon() + \"] \" + getDescription();"},{"lineNumber":31,"author":{"gitId":"pyuxiang"},"content":"    }"},{"lineNumber":32,"author":{"gitId":"pyuxiang"},"content":"}"}],"authorContributionMap":{"pyuxiang":32}},{"path":"src/main/java/ToDo.java","fileType":"java","lines":[{"lineNumber":1,"author":{"gitId":"pyuxiang"},"content":"public class ToDo extends Task {"},{"lineNumber":2,"author":{"gitId":"pyuxiang"},"content":"    public ToDo(String description) {"},{"lineNumber":3,"author":{"gitId":"pyuxiang"},"content":"        super(description);"},{"lineNumber":4,"author":{"gitId":"pyuxiang"},"content":"    }"},{"lineNumber":5,"author":{"gitId":"pyuxiang"},"content":""},{"lineNumber":6,"author":{"gitId":"pyuxiang"},"content":"    @Override"},{"lineNumber":7,"author":{"gitId":"pyuxiang"},"content":"    public String toString() {"},{"lineNumber":8,"author":{"gitId":"pyuxiang"},"content":"        return \"[T]\" + super.toString();"},{"lineNumber":9,"author":{"gitId":"pyuxiang"},"content":"    }"},{"lineNumber":10,"author":{"gitId":"pyuxiang"},"content":"}"}],"authorContributionMap":{"pyuxiang":10}},{"path":"text-ui-test/input.txt","fileType":"txt","lines":[{"lineNumber":1,"author":{"gitId":"pyuxiang"},"content":"todo read book"},{"lineNumber":2,"author":{"gitId":"pyuxiang"},"content":"deadline return book /by June 6th"},{"lineNumber":3,"author":{"gitId":"pyuxiang"},"content":"event project meeting /at Aug 6th 2-4pm"},{"lineNumber":4,"author":{"gitId":"pyuxiang"},"content":"todo join sports club"},{"lineNumber":5,"author":{"gitId":"pyuxiang"},"content":"todo borrow book"},{"lineNumber":6,"author":{"gitId":"pyuxiang"},"content":"list"},{"lineNumber":7,"author":{"gitId":"pyuxiang"},"content":"done 1"},{"lineNumber":8,"author":{"gitId":"pyuxiang"},"content":"done 4"},{"lineNumber":9,"author":{"gitId":"pyuxiang"},"content":"list"},{"lineNumber":10,"author":{"gitId":"pyuxiang"},"content":"deadline return book /by Sunday"},{"lineNumber":11,"author":{"gitId":"pyuxiang"},"content":"event project meeting /at Mon 2-4pm"},{"lineNumber":12,"author":{"gitId":"pyuxiang"},"content":"deadline do homework /by no idea :-p"}],"authorContributionMap":{"pyuxiang":12}}]
