{"authorDailyContributionsMap":{"ljhgab":[{"date":"2021-01-18","commitResults":[{"hash":"3e8e46bcf78872aa2cd57f05d6e9349d571e843f","messageTitle":"Level 1 added","messageBody":"","fileTypesAndContributionMap":{"java":{"insertions":22,"deletions":0}}},{"hash":"a2e53392a8712bebd8a7bbbfc167d71d8aa02306","messageTitle":"Level 2 added","messageBody":"","fileTypesAndContributionMap":{"java":{"insertions":11,"deletions":1}}},{"hash":"a1523475132f88ee03815248527d16526cf13ab1","messageTitle":"Level 3 added","messageBody":"","fileTypesAndContributionMap":{"java":{"insertions":55,"deletions":6}}}]},{"date":"2021-01-19","commitResults":[{"hash":"169224533125aa93848f4a75d32c6878e562502d","messageTitle":"Level 3 javadocs added","messageBody":"","fileTypesAndContributionMap":{"java":{"insertions":14,"deletions":0}}},{"hash":"fdca11bfad08954e462d9092b34ddb1a67107962","messageTitle":"Task\u0027s toString() method modified to comply with Level 4","messageBody":"","fileTypesAndContributionMap":{"java":{"insertions":18,"deletions":7}}},{"hash":"caf70826cd6722d037723e522dff19304b1f09cb","messageTitle":"Level 4 basic features achieved","messageBody":"","fileTypesAndContributionMap":{"java":{"insertions":65,"deletions":9}}},{"hash":"27efbd9df43858de70a3dceca2685ea4f4a3f025","messageTitle":"Method isTask() is added to simplify the code","messageBody":"","fileTypesAndContributionMap":{"java":{"insertions":6,"deletions":2}}},{"hash":"b3447fd4eeeabeec8059a6f91e486545575051fb","messageTitle":"Updated and corrected some coding standard","messageBody":"","fileTypesAndContributionMap":{"java":{"insertions":12,"deletions":22}}},{"hash":"95ee94c9fc620f41857a03b0e928371f2118f794","messageTitle":"More helper functions added to improve the readability","messageBody":"","fileTypesAndContributionMap":{"java":{"insertions":69,"deletions":50}}},{"hash":"b9dc8f847117ebf1d81d05070ad9adb640498bce","messageTitle":"Refactored Duke using Enum and included a Parser class","messageBody":"","fileTypesAndContributionMap":{"java":{"insertions":106,"deletions":53}}},{"hash":"d373b9155100a1811541814dc20fd0a5e0d589dc","messageTitle":"Locations updated","messageBody":"","fileTypesAndContributionMap":{"sh":{"insertions":1,"deletions":1}}}]},{"date":"2021-01-20","commitResults":[{"hash":"ee9a8e0e36aaa59f1b23d41ddb40587458d1adc1","messageTitle":"Added the enum class","messageBody":"","fileTypesAndContributionMap":{"java":{"insertions":1,"deletions":1}}},{"hash":"71416d5d4f1b3c696997617b76ad747b7aa70fb9","messageTitle":"Refactored the Duke class to adopt the enum class and rewrite the Parser class and added some Exceptions class accordingly","messageBody":"","tags":["Level-4","A-Enums"],"fileTypesAndContributionMap":{"java":{"insertions":102,"deletions":80}}},{"hash":"fa967cdb0a5db3c565b7cb659c39e9f2d63be1e5","messageTitle":"Removed runtest.bat","messageBody":"","fileTypesAndContributionMap":{"bat":{"insertions":0,"deletions":21}}},{"hash":"a8198a2d917d02105769bdca02ae3f1575d810ec","messageTitle":"Added input and expected outputs","messageBody":"","fileTypesAndContributionMap":{"txt":{"insertions":10,"deletions":0}}},{"hash":"6b957fc37770bc2eea73412fa1f2f8ba45e85e84","messageTitle":"Restored the runtest.bat file","messageBody":"","fileTypesAndContributionMap":{"bat":{"insertions":21,"deletions":0}}}]},{"date":"2021-01-21","commitResults":[{"hash":"b53cf387fd3dae29e0e11619a5c287bc6d9cf892","messageTitle":"New Exception class added to catch invalid task index","messageBody":"","tags":["Level-5"],"fileTypesAndContributionMap":{"java":{"insertions":10,"deletions":3}}},{"hash":"58b5750056987fe0e220dd46ad20d20dbea8476c","messageTitle":"Level 6 \"delete\" function added","messageBody":"","fileTypesAndContributionMap":{"java":{"insertions":26,"deletions":1}}},{"hash":"0e687d1eab92589bb35200b939ee9142a2ac52cb","messageTitle":"Test case for level 6 added","messageBody":"","tags":["A-TextUiTesting"],"fileTypesAndContributionMap":{"txt":{"insertions":4,"deletions":0}}}]},{"date":"2021-01-24","commitResults":[{"hash":"12ad159205e47dfb99fb98c17bbbf1afa67e4d2d","messageTitle":"Add another \"toFileString\" methods to comply with the string in Files","messageBody":"","fileTypesAndContributionMap":{"java":{"insertions":20,"deletions":0}}},{"hash":"968bee0008bd39a5c1e958aed047c254be7e2da6","messageTitle":"Level 7 basic features achieved","messageBody":"","fileTypesAndContributionMap":{"java":{"insertions":18,"deletions":1}}},{"hash":"6835469110c1ee7d29751996bf171108cbb55218","messageTitle":"File path changed a bit in case others do not have data folder","messageBody":"","fileTypesAndContributionMap":{"java":{"insertions":1,"deletions":1}}},{"hash":"a8794a06e52cde3d8ff426b80c8d4e8a0b075457","messageTitle":"Level 7 done, make error message more meaningful","messageBody":"","fileTypesAndContributionMap":{"java":{"insertions":1,"deletions":1}}}]},{"date":"2021-01-25","commitResults":[{"hash":"a4454883b066f10aad7c813ad075e411002a276c","messageTitle":"Add read file feature which was earlier forgotten","messageBody":"","fileTypesAndContributionMap":{"java":{"insertions":45,"deletions":6}}},{"hash":"eda8aa4122115b9b0b5b090476bd162addf93e84","messageTitle":"Change the attribute type in class Deadline and Event","messageBody":"","fileTypesAndContributionMap":{"java":{"insertions":20,"deletions":8}}},{"hash":"6916cb55aa7279576c4184cd0b422edefd877b6b","messageTitle":"Achieve Level 8 basic features","messageBody":"","fileTypesAndContributionMap":{"java":{"insertions":61,"deletions":7}}},{"hash":"0fef901ca0bf9106eb517a73c50ba78fd50bf32e","messageTitle":"Resolve conflicts between Level 7 branch and Level 8 branch","messageBody":"","tags":["Level-8"],"fileTypesAndContributionMap":{"java":{"insertions":13,"deletions":8}}},{"hash":"624af243a834c090a825cefae0ee96627d843808","messageTitle":"Delete useless import statement","messageBody":"","fileTypesAndContributionMap":{"java":{"insertions":4,"deletions":6}}}]},{"date":"2021-01-26","commitResults":[{"hash":"3f1bfe7b83be8c705ac3feb13d97560ef01c3a6e","messageTitle":"Refactor the Duke class to make it more OOP","messageBody":"","fileTypesAndContributionMap":{"java":{"insertions":246,"deletions":194}}},{"hash":"cfd88fb381cdd20b2c96c021679543a88ed535c3","messageTitle":"Adjust the code to comply with the requirement","messageBody":"","fileTypesAndContributionMap":{"java":{"insertions":81,"deletions":43}}},{"hash":"620099bb7b2f14dc5224a2d7fde5e7e78d0ecfe7","messageTitle":"Replace enum commands with \"*Command\" classes","messageBody":"","tags":["A-MoreOOP"],"fileTypesAndContributionMap":{"java":{"insertions":231,"deletions":180}}},{"hash":"d4d5d22bbc7b77ac3fbf69c9659272638d63901a","messageTitle":"Package all the files created, finish A-Packages","messageBody":"","tags":["A-Packages"],"fileTypesAndContributionMap":{"java":{"insertions":159,"deletions":18}}}]},{"date":"2021-01-27","commitResults":[{"hash":"a7fd4311e403ab87988a7f7015dbec2583b8dc15","messageTitle":"Add JUnit tests for class Todo and class Deadline","messageBody":"","tags":["A-JUnit"],"fileTypesAndContributionMap":{"java":{"insertions":41,"deletions":0}}},{"hash":"b483a6149a05d37ec4d4953f7c910c175a932375","messageTitle":"Fix bugs for Level 7","messageBody":"","fileTypesAndContributionMap":{"java":{"insertions":11,"deletions":1}}}]}]},"authorFileTypeContributionMap":{"ljhgab":{"java":767,"md":0,"fxml":0,"sh":0,"bat":0,"gradle":0,"txt":14}},"authorContributionVariance":{"ljhgab":77954.6},"authorDisplayNameMap":{"ljhgab":"CS2103-W16-1 LI J..IAHE"}}
