{"authorDailyContributionsMap":{"frisciliasultan":[{"date":"2021-01-21","commitResults":[{"hash":"2c58bb0e5779311f78585d3c3208d7d78e615b44","messageTitle":"Add grettings, echo and exit","messageBody":"","tags":["Level-1"],"fileTypesAndContributionMap":{"java":{"insertions":26,"deletions":0}}},{"hash":"95aeb9248e0da2e89a72f20c2c8664484ed216d5","messageTitle":"Add user inputs into list","messageBody":"","tags":["Level-2"],"fileTypesAndContributionMap":{"java":{"insertions":11,"deletions":2}}},{"hash":"d88fcd93f288d42ce40c338c34ebb627b901783f","messageTitle":"Add Task class and markAsDone functionality","messageBody":"","tags":["Level-3","A-Classes"],"fileTypesAndContributionMap":{"java":{"insertions":31,"deletions":4}}},{"hash":"93454dc3f8c1b8503a8cef367a214b1da52bcb4b","messageTitle":"Add ToDos, Events and Deadlines classes","messageBody":"","tags":["Level-4","A-Inheritance"],"fileTypesAndContributionMap":{"java":{"insertions":61,"deletions":6}}},{"hash":"e7592507769dcaaeaa586671d3b0fe4e8b07ca17","messageTitle":"Add tests","messageBody":"","tags":["A-TextUiTesting"],"fileTypesAndContributionMap":{"txt":{"insertions":6,"deletions":0}}},{"hash":"cb7e2b1ce14c84cf198d028544e8a236d6270475","messageTitle":"Add error handlers","messageBody":"","tags":["Level-5","A-Exceptions"],"fileTypesAndContributionMap":{"java":{"insertions":65,"deletions":37}}},{"hash":"6bb2d457589dbe646f9b73f3dd33370cc58d7fb3","messageTitle":"Add support for deleting tasks","messageBody":"","tags":["Level-6","A-Collections"],"fileTypesAndContributionMap":{"txt":{"insertions":8,"deletions":1},"java":{"insertions":24,"deletions":12}}},{"hash":"fba8c444437f689c3300d89fbbfa76084cc401eb","messageTitle":"Update README to include user guide","messageBody":"","fileTypesAndContributionMap":{"md":{"insertions":16,"deletions":2}}},{"hash":"41a025e4978ed8c9d27f74df4a9b514c786367c6","messageTitle":"Refactor Duke class by separating code into ListManager class","messageBody":"","fileTypesAndContributionMap":{"java":{"insertions":85,"deletions":53}}},{"hash":"078704b2581a71dc9a8830ba4ad255811cad01c5","messageTitle":"Add Javadocs comments in ListManager methods","messageBody":"","fileTypesAndContributionMap":{"java":{"insertions":25,"deletions":3}}}]},{"date":"2021-01-24","commitResults":[{"hash":"9857c32b0c529b04f3bc866482600f0e7f4c5dab","messageTitle":"Add FileManager to create a new directory and empty file","messageBody":"","fileTypesAndContributionMap":{"java":{"insertions":46,"deletions":0}}},{"hash":"9984b2d3172f587659559800ee86b9695648905f","messageTitle":"Overload constructors in Task and children classes to include isDone argument","messageBody":"","fileTypesAndContributionMap":{"java":{"insertions":23,"deletions":4}}},{"hash":"1e2f3e0d15a02283114c1ab2e1d3f3a7d6704fba","messageTitle":"Add convertFileToList function in FileManager","messageBody":"","fileTypesAndContributionMap":{"java":{"insertions":38,"deletions":12}}}]},{"date":"2021-01-25","commitResults":[{"hash":"c18c39e714c3f45f46b77a065751cce7df064b24","messageTitle":"Add appendToFile function to update file","messageBody":"","fileTypesAndContributionMap":{"java":{"insertions":38,"deletions":11}}},{"hash":"91122d1f93d14a2ec331885b6d94a24ba0a8e116","messageTitle":"Add writeToFile in FileManager","messageBody":"","fileTypesAndContributionMap":{"java":{"insertions":15,"deletions":0}}},{"hash":"eec73528c9c073703f08b9fa40d97e1af9f9f84b","messageTitle":"Change path to use Paths class","messageBody":"","fileTypesAndContributionMap":{"java":{"insertions":2,"deletions":1}}},{"hash":"3d035b19131f0f8e4c65d68cc4ae6739edeef945","messageTitle":"Change date to be stored as LocalDate","messageBody":"","tags":["Level-8"],"fileTypesAndContributionMap":{"java":{"insertions":14,"deletions":8}}},{"hash":"318e5ef69e740fc3885edb7ce0733907150b5ed1","messageTitle":"Change Duke\u0027s name","messageBody":"","fileTypesAndContributionMap":{"java":{"insertions":18,"deletions":8},"md":{"insertions":6,"deletions":2}}}]},{"date":"2021-01-26","commitResults":[{"hash":"cb40ade7b1df64528daa8892690a960e50868c44","messageTitle":"Refactor classes","messageBody":"","fileTypesAndContributionMap":{"java":{"insertions":2,"deletions":0}}},{"hash":"988f770002257f0f5aeeeca14a652f1fc0d2f686","messageTitle":"Refactor Parser class","messageBody":"","fileTypesAndContributionMap":{"java":{"insertions":2,"deletions":0}}},{"hash":"e9e95872335fd4f587bf1c50a53be111f81c4538","messageTitle":"Split main to different classes","messageBody":"","tags":["v0.1","A-MoreOOP"],"fileTypesAndContributionMap":{"java":{"insertions":143,"deletions":102}}},{"hash":"af21f21a11cd76cd0acb0d7eda0d9116de151366","messageTitle":"Add JUnit Test","messageBody":"","tags":["A-Jar","A-JUnit"],"fileTypesAndContributionMap":{"java":{"insertions":79,"deletions":8}}},{"hash":"dba7a3bfeceffa9633b2367c7f8fe2c14ca0cda6","messageTitle":"Add JavaDoc comments","messageBody":"","tags":["A-JavaDoc"],"fileTypesAndContributionMap":{"java":{"insertions":177,"deletions":7}}},{"hash":"bbf45e9a708d8ac9fd0b424dfdb69a2e2a01879b","messageTitle":"Reformat code to comply with standard","messageBody":"","tags":["A-CodingStandard"],"fileTypesAndContributionMap":{"java":{"insertions":40,"deletions":32}}},{"hash":"9b4ae85a3a5ffac1e201d61df900cfeea059737f","messageTitle":"Add search functionality","messageBody":"","tags":["Level-9"],"fileTypesAndContributionMap":{"java":{"insertions":45,"deletions":7}}}]},{"date":"2021-02-02","commitResults":[{"hash":"85bd4e40a3e08a5ec9b0864db83af6a661add9aa","messageTitle":"Set up Gradle","messageBody":"","fileTypesAndContributionMap":{"java":{"insertions":1,"deletions":1}}},{"hash":"44c958ed26f38f5f87b50c0113c612e8248c091e","messageTitle":"Set up Gradle","messageBody":"","fileTypesAndContributionMap":{"gradle":{"insertions":2,"deletions":2}}},{"hash":"1a20481431ba99eb3670a2c16dc7752ab1108606","messageTitle":"Add dependencies in build.gradle on javaFx","messageBody":"","fileTypesAndContributionMap":{"gradle":{"insertions":14,"deletions":0}}},{"hash":"e1234a0b89f15b54a0040686eea259cf78294015","messageTitle":"Change className in build.gradle","messageBody":"","fileTypesAndContributionMap":{"gradle":{"insertions":1,"deletions":1},"java":{"insertions":15,"deletions":1}}},{"hash":"163a188fa9b0143dc5e335373664065ba73b63e3","messageTitle":"Add Launcher","messageBody":"","fileTypesAndContributionMap":{"gradle":{"insertions":1,"deletions":0},"java":{"insertions":30,"deletions":9}}},{"hash":"64e35b043f4d44452d7e0a3de5fc385929aaa81a","messageTitle":"Fix checkstyle error","messageBody":"","fileTypesAndContributionMap":{"java":{"insertions":91,"deletions":65}}},{"hash":"49fe3d10883c74f18439fab0ae9ee030a2f5c27a","messageTitle":"Handle checkstyle errors","messageBody":"","tags":["A-CheckStyle"],"fileTypesAndContributionMap":{"gradle":{"insertions":0,"deletions":15},"java":{"insertions":34,"deletions":33}}},{"hash":"92563658b13c423a56c0c526707b6a727cf84881","messageTitle":"Configure build.gradle to successfully implement javafx","messageBody":"","fileTypesAndContributionMap":{"gradle":{"insertions":6,"deletions":15}}},{"hash":"5d43e2ab852adfb9ad8ea63ff02671c072d04043","messageTitle":"Remove Maya constructor","messageBody":"","fileTypesAndContributionMap":{"gradle":{"insertions":2,"deletions":2},"java":{"insertions":16,"deletions":23}}},{"hash":"6747dd65eb59b9cdec218c6c4cd7cfe6c22cab0e","messageTitle":"Modify start method in Maya","messageBody":"","fileTypesAndContributionMap":{"java":{"insertions":70,"deletions":6}}},{"hash":"546784aacf099efc597fcfd48a0b38cdfa5adbdb","messageTitle":"Modify start method in Maya","messageBody":"","fileTypesAndContributionMap":{"java":{"insertions":2,"deletions":0}}},{"hash":"207dce78ed82859627ebdc16a2883cf23978d881","messageTitle":"Create functional GUI that echoes input","messageBody":"","fileTypesAndContributionMap":{"java":{"insertions":79,"deletions":1}}},{"hash":"af6f49ef5e90c90c21634df7fbe281cf06a85e69","messageTitle":"Refactor code to integrate Maya responses to GUI","messageBody":"","tags":["Level-10"],"fileTypesAndContributionMap":{"java":{"insertions":141,"deletions":141}}}]},{"date":"2021-02-03","commitResults":[{"hash":"492465eafdf870c8a266b83959769c7e36c60028","messageTitle":"Add MainWindow class","messageBody":"","fileTypesAndContributionMap":{"gradle":{"insertions":1,"deletions":1},"java":{"insertions":52,"deletions":0}}},{"hash":"c33dbdddf9568b22dea792e39845e2b3a2139285","messageTitle":"Create controller in DialogBox","messageBody":"","fileTypesAndContributionMap":{"java":{"insertions":77,"deletions":38}}}]}]},"authorFileTypeContributionMap":{"frisciliasultan":{"java":993,"md":20,"fxml":35,"sh":0,"bat":0,"gradle":8,"txt":13}},"authorContributionVariance":{"frisciliasultan":47623.418},"authorDisplayNameMap":{"frisciliasultan":"CS2103-W17-4 FRIS..LTAN"}}
