{"authorDailyContributionsMap":{"ong6":[{"date":"2021-01-19","commitResults":[{"hash":"5595d375f64b15a217ba292833b8db4c0c314a35","messageTitle":"Level-1","messageBody":"","tags":["Level-1"],"fileTypesAndContributionMap":{"java":{"insertions":31,"deletions":6}}}]},{"date":"2021-01-20","commitResults":[{"hash":"2bbab450dca5dddc5c52c472607a4c4b6875b464","messageTitle":"Level-2","messageBody":"","tags":["Level-2"],"fileTypesAndContributionMap":{"java":{"insertions":27,"deletions":15}}},{"hash":"4d145369e67cf93665d3575d175351bda74d5ea4","messageTitle":"Level-3","messageBody":"","tags":["Level-3"],"fileTypesAndContributionMap":{"java":{"insertions":48,"deletions":10}}},{"hash":"0f9285d3c7c5cb7244173eb821a1110c7c296726","messageTitle":"Level-3 Fixed a bug","messageBody":"","fileTypesAndContributionMap":{"java":{"insertions":1,"deletions":1}}},{"hash":"edb527d74c56f84caa11357cb842247fb2b7e053","messageTitle":"Level-4","messageBody":"","tags":["Level-4"],"fileTypesAndContributionMap":{"txt":{"insertions":7,"deletions":0},"java":{"insertions":63,"deletions":1}}},{"hash":"6dfaaee9891a25106595b447382a03ad5b39205d","messageTitle":"A-TextUiTesting","messageBody":"","tags":["A-TextUiTesting"],"fileTypesAndContributionMap":{"txt":{"insertions":0,"deletions":1},"java":{"insertions":1,"deletions":1},"bat":{"insertions":2,"deletions":2}}},{"hash":"b6c32338d057c2e4427b6826f65cb24b5ee420ee","messageTitle":"Level-5","messageBody":"","tags":["Level-5"],"fileTypesAndContributionMap":{"txt":{"insertions":3,"deletions":0},"java":{"insertions":23,"deletions":19}}},{"hash":"8bfe05d264aa822ddf007bb4906d8a15368014a4","messageTitle":"Level-6 and Fixed issues in Level-5","messageBody":"","tags":["Level-6"],"fileTypesAndContributionMap":{"txt":{"insertions":1,"deletions":0},"java":{"insertions":59,"deletions":46},"bat":{"insertions":2,"deletions":2}}}]},{"date":"2021-01-28","commitResults":[{"hash":"6787bf3b6a1b4041d2bfd4985e74b0964f196518","messageTitle":"Add Save Feature","messageBody":"","tags":["Level-7"],"fileTypesAndContributionMap":{"txt":{"insertions":6,"deletions":0},"java":{"insertions":48,"deletions":5}}},{"hash":"5ad600524b459cd3c7971e3a6add4eb24be7c6f7","messageTitle":"Level-8: Add Date and Time","messageBody":"","tags":["Level-8"],"fileTypesAndContributionMap":{"txt":{"insertions":4,"deletions":0},"java":{"insertions":38,"deletions":10}}},{"hash":"2c7bf91c2838383e2190bca447e8f09c137b2ee1","messageTitle":"Add Increments: A-MoreOOP","messageBody":"","tags":["A-MoreOOP"],"fileTypesAndContributionMap":{"txt":{"insertions":13,"deletions":9},"java":{"insertions":377,"deletions":166}}},{"hash":"79a95742479fe9ba2b203f52aba3ca52eee86fb3","messageTitle":"Add Increments: A-Packages","messageBody":"","tags":["A-Packages"],"fileTypesAndContributionMap":{"txt":{"insertions":5,"deletions":2},"java":{"insertions":36,"deletions":18},"bat":{"insertions":1,"deletions":1}}}]},{"date":"2021-01-29","commitResults":[{"hash":"7dd7948c37eb9f0a180d80571dc4210000f4a252","messageTitle":"Add Find","messageBody":"","tags":["Level-9"],"fileTypesAndContributionMap":{"txt":{"insertions":1,"deletions":5},"java":{"insertions":33,"deletions":1}}},{"hash":"37b55d4791ffb2ae4061b51fdc7b0b4130ce5b6c","messageTitle":"Add JavaDocs","messageBody":"","tags":["A-JavaDoc"],"fileTypesAndContributionMap":{"java":{"insertions":84,"deletions":5}}},{"hash":"c55231dabf9964e274c40ea7f679a1166077b08f","messageTitle":"Complete Coding Standard","messageBody":"","tags":["A-CodingStandard"],"fileTypesAndContributionMap":{"java":{"insertions":67,"deletions":71}}}]},{"date":"2021-02-01","commitResults":[{"hash":"3b6676e912a1ba8a44613eb30b3a17838aaa7516","messageTitle":"Change Settings","messageBody":"","fileTypesAndContributionMap":{"java":{"insertions":5,"deletions":0}}}]},{"date":"2021-02-02","commitResults":[{"hash":"9eb3bfeaf0503268a10d76d8d5b4c5d0c2a95b66","messageTitle":"Add Gradle Support","messageBody":"","tags":["A-Gradle"],"fileTypesAndContributionMap":{"gradle":{"insertions":1,"deletions":0},"java":{"insertions":2,"deletions":7}}},{"hash":"140d2eedcf27f561e7759114efcc107e31f430c8","messageTitle":"Fixed Bugs","messageBody":"","fileTypesAndContributionMap":{"java":{"insertions":45,"deletions":34}}}]},{"date":"2021-02-03","commitResults":[{"hash":"96281bce25c675928870b3980bcba7e0d21aac3e","messageTitle":"Change TaskList to extend ArrayList","messageBody":"","fileTypesAndContributionMap":{"java":{"insertions":7,"deletions":28}}},{"hash":"8c1094e3da4ddcb92c022b0c03b3d0d24c41e844","messageTitle":"Fixed Parser Bug","messageBody":"","fileTypesAndContributionMap":{"txt":{"insertions":5,"deletions":0},"java":{"insertions":1,"deletions":1}}},{"hash":"a8947ce113dbcfa7cbfa2c74977ce3fa7d723373","messageTitle":"Add Junit Tests","messageBody":"","tags":["A-JUnit"],"fileTypesAndContributionMap":{"txt":{"insertions":2,"deletions":0},"java":{"insertions":68,"deletions":0}}},{"hash":"93356e33c968a462216c57fce6eaa7a1fc928d18","messageTitle":"Add Jar Files","messageBody":"","fileTypesAndContributionMap":{"gradle":{"insertions":1,"deletions":1}}},{"hash":"36a6db9d264ae466048a0ef5513e8652483b6cac","messageTitle":"Clear Checkstlye","messageBody":"","tags":["A-CheckStyle"],"fileTypesAndContributionMap":{"txt":{"insertions":0,"deletions":1},"java":{"insertions":20,"deletions":45}}},{"hash":"2fc8f8f8e2ee39ea052be9a47949deee31410694","messageTitle":"Add More Junit Tests","messageBody":"","fileTypesAndContributionMap":{"java":{"insertions":16,"deletions":13}}}]},{"date":"2021-02-04","commitResults":[{"hash":"665cb9037e833bacfeb38e6d4c32a033d067f312","messageTitle":"Add JavaFx UI","messageBody":"","tags":["Level-10"],"fileTypesAndContributionMap":{"gradle":{"insertions":16,"deletions":0},"txt":{"insertions":0,"deletions":15},"java":{"insertions":276,"deletions":74}}},{"hash":"273af908695b1cc2b25349bba37a5c756bc7dac4","messageTitle":"Update FIle Structure","messageBody":"","fileTypesAndContributionMap":{"java":{"insertions":5,"deletions":0}}}]}]},"authorFileTypeContributionMap":{"ong6":{"java":808,"md":0,"fxml":0,"sh":0,"bat":2,"gradle":18,"txt":14}},"authorContributionVariance":{"ong6":30429.1},"authorDisplayNameMap":{"ong6":"CS2103T-T12-4 ONG ..IONG"}}
