{"authorDailyContributionsMap":{"tjtanjin":[{"date":"2021-01-16","commitResults":[{"hash":"a4e319a70ce72a6fb06532c93cad438492483f4a","messageTitle":"feat: add greet, echo and exit chat functionalities","messageBody":"","tags":["Level-1"],"fileTypesAndContributionMap":{"java":{"insertions":60,"deletions":1}}},{"hash":"c3409b69d10108935e1a0bb1fe633c95563c1c94","messageTitle":"feat: add list and add functionalities to store and show words entered by user","messageBody":"","tags":["Level-2"],"fileTypesAndContributionMap":{"java":{"insertions":24,"deletions":0}}}]},{"date":"2021-01-17","commitResults":[{"hash":"5419d0d347e16132d9ee95e6e582fedf851a3548","messageTitle":"feat: add done functionality for user to mark a task as complete","messageBody":"","tags":["Level-3","A-Classes"],"fileTypesAndContributionMap":{"java":{"insertions":64,"deletions":9}}},{"hash":"ad39f4cf1b06ace6b67b5f17c2a50ad0a91f42de","messageTitle":"feat: add todo, deadline and event as task types that inherit from the original task class","messageBody":"","tags":["A-Inheritance"],"fileTypesAndContributionMap":{"java":{"insertions":156,"deletions":22}}},{"hash":"dffda4b247a2dada76066e7b277bcd8ef9a627ee","messageTitle":"refactor: remove task id from task details and use loop numbering for listing tasks","messageBody":"","tags":["Level-4"],"fileTypesAndContributionMap":{"java":{"insertions":5,"deletions":4}}}]},{"date":"2021-01-18","commitResults":[{"hash":"94e541a823f8d21e0383af2b3556d833acc1953b","messageTitle":"refactor: replace while true loop with checking scanner for nextline when listening for input","messageBody":"","fileTypesAndContributionMap":{"java":{"insertions":3,"deletions":3}}},{"hash":"33b0743bc58d34366720605ca8b612d9552a3d56","messageTitle":"feat: add testing of current functionalities","messageBody":"","tags":["A-TextUiTesting"],"fileTypesAndContributionMap":{"txt":{"insertions":12,"deletions":0}}}]},{"date":"2021-01-19","commitResults":[{"hash":"3d849c01c756b538cca3efa418ff22ba25408801","messageTitle":"refactor: move all command functions in duke into a separate command class","messageBody":"","fileTypesAndContributionMap":{"java":{"insertions":92,"deletions":86}}},{"hash":"6ca2051f89a7a65404df2cd588000b6f06fc9da9","messageTitle":"feat: add custom exception/improvise existing exception with help commands and minor refactor to command class","messageBody":"","tags":["Level-5","A-Exceptions"],"fileTypesAndContributionMap":{"java":{"insertions":60,"deletions":33}}},{"hash":"b94e4eaa67ca4fe3c6fb6b59354e9741acbea819","messageTitle":"fix: rectify incomplete exception handling for done command and its usage prompt","messageBody":"","fileTypesAndContributionMap":{"java":{"insertions":12,"deletions":4}}},{"hash":"3fd0e65d4ad3c4dc394934e4e0dc8c0703e21f6a","messageTitle":"docs: add missing method description for help command","messageBody":"","fileTypesAndContributionMap":{"java":{"insertions":3,"deletions":0}}},{"hash":"b9286f35685469c17892d2d242051084e69a922e","messageTitle":"feat: add delete functionality for user to remove task","messageBody":"","tags":["Level-6","A-Collections"],"fileTypesAndContributionMap":{"java":{"insertions":27,"deletions":0}}},{"hash":"5fefdf8df91cd8dadece1611affce837fe1151b1","messageTitle":"fix: add missing help usage for delete command","messageBody":"","fileTypesAndContributionMap":{"java":{"insertions":1,"deletions":0}}},{"hash":"a21f8f10c6112da6345a8aedbbe8a6a82d07a53c","messageTitle":"refactor: shift input parsing to command class and use enum for listing commands","messageBody":"","tags":["A-Enums"],"fileTypesAndContributionMap":{"java":{"insertions":57,"deletions":36}}},{"hash":"eb33d033c750c5b5be964ee423572c695ba9a3af","messageTitle":"fix: add additional exceptional handling for done and delete command","messageBody":"","fileTypesAndContributionMap":{"java":{"insertions":6,"deletions":0}}},{"hash":"6e1af670ca5543e8d71579108513074dbb12ae0b","messageTitle":"docs: touch up all outdated method descriptions","messageBody":"","fileTypesAndContributionMap":{"java":{"insertions":14,"deletions":1}}},{"hash":"7042975e51db14e4ddd99179e09cc71189602d60","messageTitle":"refactor: add horizontal line on program launch and empty list message","messageBody":"","fileTypesAndContributionMap":{"java":{"insertions":8,"deletions":3}}}]},{"date":"2021-01-22","commitResults":[{"hash":"b32fc1c202fcc7d3e5755e7cc5babd65bf044d5e","messageTitle":"Feat: add save and load functionalities to user task","messageBody":"","tags":["Level-7"],"fileTypesAndContributionMap":{"java":{"insertions":111,"deletions":1}}},{"hash":"f015413fbfc00ae543e7dd7952e0040e5f97f19a","messageTitle":"Refactor: store deadline as localdate instead of string inside task object","messageBody":"","tags":["Level-8"],"fileTypesAndContributionMap":{"java":{"insertions":15,"deletions":8}}}]},{"date":"2021-01-23","commitResults":[{"hash":"b3ab1cfc096dc87546a14c4ac4f753fd882a698a","messageTitle":"Fix: fix an edge case where tasklist may be null resulting in exception thrown","messageBody":"","fileTypesAndContributionMap":{"java":{"insertions":1,"deletions":1}}},{"hash":"1891238758b753326c6e987cd01ee9f605766547","messageTitle":"Fix: fix tasks not saving and remove duplicate deadline/event creation","messageBody":"","fileTypesAndContributionMap":{"java":{"insertions":10,"deletions":6}}},{"hash":"c8e8407c26f78d2d64928b2bfbf418edc52ea038","messageTitle":"Refactor: add new classes to better adhere to oop principle","messageBody":"","fileTypesAndContributionMap":{"java":{"insertions":52,"deletions":31}}},{"hash":"1fafe9ac6c1d96e6db121497b9dd77df5649716e","messageTitle":"Refactor: move command functions into individual classes and add tasklist class","messageBody":"","tags":["A-MoreOOP"],"fileTypesAndContributionMap":{"java":{"insertions":333,"deletions":200}}},{"hash":"ddc5732606b18b557ef2323d10570fd61dfa3032","messageTitle":"Fix: add handling of parsed out of bounds index","messageBody":"","fileTypesAndContributionMap":{"java":{"insertions":6,"deletions":1}}}]},{"date":"2021-01-24","commitResults":[{"hash":"a7199640c1c44e94c03a80723bfdf52c786336b9","messageTitle":"Fix: rectify incorrect type of exception thrown for out of bounds index","messageBody":"","fileTypesAndContributionMap":{"java":{"insertions":3,"deletions":3}}},{"hash":"2684378d54cb01c6702e6e8e3b9b32edd338b460","messageTitle":"Fix: add handling of index out of bounds exception for task names","messageBody":"","fileTypesAndContributionMap":{"java":{"insertions":25,"deletions":9}}},{"hash":"8c410c40176b1611498f731f398f6da16803c393","messageTitle":"Fix: add handling of index out of bounds exception for task dates","messageBody":"","fileTypesAndContributionMap":{"java":{"insertions":16,"deletions":7}}},{"hash":"fa2b9d85eb33afd6617a46f786094496297c1adb","messageTitle":"Refactor: package all classes under com.tjtanjin.ip","messageBody":"","tags":["A-Packages"],"fileTypesAndContributionMap":{"java":{"insertions":32,"deletions":0}}}]},{"date":"2021-01-25","commitResults":[{"hash":"636bae403a73fce74ed8930496da7074dfb75c2e","messageTitle":"Feat: add junit test cases for ui and task class","messageBody":"","tags":["A-JUnit"],"fileTypesAndContributionMap":{"java":{"insertions":106,"deletions":0}}},{"hash":"1320efc945f9ed16260ec90377a7d54c9680fee6","messageTitle":"Refactor: update build.gradle dependencies and application mainclassname","messageBody":"","tags":["A-Jar","A-Gradle"],"fileTypesAndContributionMap":{"gradle":{"insertions":2,"deletions":1}}}]},{"date":"2021-01-26","commitResults":[{"hash":"757841af8574877f375ba22fa24d6c9b25170c34","messageTitle":"Fix: fix task load/save failure due to missing data directory","messageBody":"","fileTypesAndContributionMap":{"java":{"insertions":12,"deletions":3}}},{"hash":"717ebc6ec8e09c4a6c116b23adc6071badb66a72","messageTitle":"Docs: update and tidy up all header comments","messageBody":"","tags":["A-JavaDoc"],"fileTypesAndContributionMap":{"java":{"insertions":30,"deletions":1}}},{"hash":"f7cf733758663198f4124a5c452045075086b5a4","messageTitle":"Refactor: tidy up code to adhere to coding standards","messageBody":"","tags":["A-CodingStandard"],"fileTypesAndContributionMap":{"java":{"insertions":16,"deletions":9}}},{"hash":"12515a06e0a803a7ee3de4c5bf3800e93b4ee710","messageTitle":"Feat: add find functionality to allow user to find task by name","messageBody":"","tags":["Level-9"],"fileTypesAndContributionMap":{"java":{"insertions":42,"deletions":1}}},{"hash":"8af57fa9267a53f957bb1e9c4dc385f4180dbdba","messageTitle":"Fix: fix prompt message for incorrect use of find command","messageBody":"","fileTypesAndContributionMap":{"java":{"insertions":3,"deletions":3}}},{"hash":"4e5474f637ba158c18439a56c662f04fe92e03b6","messageTitle":"Refactor: tidy up code to adhere to coding standard","messageBody":"","fileTypesAndContributionMap":{"java":{"insertions":43,"deletions":35}}},{"hash":"3fbcef00fca270d4a24fd87baa58b89f2de5ad80","messageTitle":"Fix: fix an issue where event date was parsed the same way as deadline date","messageBody":"","fileTypesAndContributionMap":{"java":{"insertions":69,"deletions":48}}},{"hash":"8d2922a27d23cc9b45c8eaf7db71eaee2c8493d3","messageTitle":"Fix: add handling of datetime exception","messageBody":"","fileTypesAndContributionMap":{"java":{"insertions":2,"deletions":2}}},{"hash":"40f1bb3c1f4f2fb361987da1122656e58483ccac","messageTitle":"Fix: fix import order to adhere to coding standard","messageBody":"","fileTypesAndContributionMap":{"java":{"insertions":1,"deletions":1}}},{"hash":"0bd462fde4342db8b0daed23864e39844df7d683","messageTitle":"Refactor: re-add use of custom exception","messageBody":"","fileTypesAndContributionMap":{"java":{"insertions":8,"deletions":9}}}]},{"date":"2021-01-27","commitResults":[{"hash":"04d325b025b00f9608da639e3662f39aba48125d","messageTitle":"Fix: fix nullpointerexception edge case for done and delete command","messageBody":"","fileTypesAndContributionMap":{"java":{"insertions":3,"deletions":3}}},{"hash":"50283eb533cdca7a62f27710f248e5406018180e","messageTitle":"Refactor: update expected output and modify test script with json-simple","messageBody":"","fileTypesAndContributionMap":{"txt":{"insertions":14,"deletions":1},"sh":{"insertions":12,"deletions":3}}},{"hash":"3bf4782c7c4592f10dbab9bd01e286e9752e14ea","messageTitle":"Refactor: refactor code to better adhere to oop principle","messageBody":"","fileTypesAndContributionMap":{"java":{"insertions":58,"deletions":48}}},{"hash":"f24d4b99ca3c25a872f06f4e910414d51cffe04a","messageTitle":"Docs: add missing javadoc for tasklist","messageBody":"","fileTypesAndContributionMap":{"java":{"insertions":4,"deletions":0}}},{"hash":"22ef892841d1502d74d3b648afa0492f093bab2f","messageTitle":"Refactor: refactor code for command and parser to better adhere to oop principle","messageBody":"","fileTypesAndContributionMap":{"java":{"insertions":22,"deletions":15}}},{"hash":"f956f3b3792e000fb930f338d440162dc55e2327","messageTitle":"Refactor: rename classes and minor code cleanup for clarity","messageBody":"","fileTypesAndContributionMap":{"java":{"insertions":35,"deletions":34}}}]},{"date":"2021-01-28","commitResults":[{"hash":"4a0cc004049b9c0831686b4a8e2d4998a81579a4","messageTitle":"Refactor: refactor code to better adhere to oop principle","messageBody":"","fileTypesAndContributionMap":{"java":{"insertions":163,"deletions":44}}},{"hash":"badc2a7c6bf497d05096a6aee29ce4e0aacaee7d","messageTitle":"Refactor: heavy refactoring to ui to streamline application process","messageBody":"","fileTypesAndContributionMap":{"java":{"insertions":186,"deletions":151}}},{"hash":"6849957933e230c256e7f5bdc5090c9715b2e122","messageTitle":"Refactor: add text colour and rectify error message","messageBody":"","fileTypesAndContributionMap":{"java":{"insertions":10,"deletions":6}}},{"hash":"550d71d9045902e202a27bb5ac9a7f14ee0ba26f","messageTitle":"Docs: tidy up javadocs","messageBody":"","fileTypesAndContributionMap":{"java":{"insertions":32,"deletions":7}}},{"hash":"8e217febd0b0d2d4e7347116c0be06f177aae6d8","messageTitle":"Refactor: change colour of error message to yellow","messageBody":"","fileTypesAndContributionMap":{"java":{"insertions":2,"deletions":1}}},{"hash":"b8c70a757f26b19f96e4cc1d521486098966f3a4","messageTitle":"Docs: update class descriptions","messageBody":"","fileTypesAndContributionMap":{"java":{"insertions":8,"deletions":4}}},{"hash":"4bdfb9b067d0235196e22fa1f43e603cbd3caede","messageTitle":"Refactor: refactor commands","messageBody":"","fileTypesAndContributionMap":{"java":{"insertions":206,"deletions":76}}},{"hash":"0ad76553f37bf6fb8355fb7044746965e2263f20","messageTitle":"Refactor: put classes into sub packages","messageBody":"","fileTypesAndContributionMap":{"java":{"insertions":76,"deletions":27}}},{"hash":"0b1f6016c5e859e86369f8725dad9d7754ed78a1","messageTitle":"Refactor: tidy up custom exceptions","messageBody":"","fileTypesAndContributionMap":{"java":{"insertions":42,"deletions":30}}},{"hash":"ba8d31937cf8c5cd93a13fe62f031e8328f4925e","messageTitle":"Refactor: clean up code and update header comments","messageBody":"","fileTypesAndContributionMap":{"java":{"insertions":17,"deletions":17}}},{"hash":"97159364a93c8efb2d658c80f2b8827873993d20","messageTitle":"Refactor: update gradle build file and runtest script","messageBody":"","fileTypesAndContributionMap":{"gradle":{"insertions":2,"deletions":2},"sh":{"insertions":2,"deletions":2}}},{"hash":"d8dc8170d101fbd17936ca49cbbe3762063093cc","messageTitle":"Refactor: update import statements to adhere to coding standard","messageBody":"","fileTypesAndContributionMap":{"java":{"insertions":11,"deletions":12}}}]},{"date":"2021-01-30","commitResults":[{"hash":"71deeb711b8f70097f66995f75c9e7996f509969","messageTitle":"Feat: add new user interface with javafx","messageBody":"","tags":["Level-10"],"fileTypesAndContributionMap":{"gradle":{"insertions":16,"deletions":1},"java":{"insertions":222,"deletions":75}}},{"hash":"913486d34622b896178d0f2d3bc2572ad8292ea6","messageTitle":"Fix: fix improper initialisation causing launch error","messageBody":"","fileTypesAndContributionMap":{"java":{"insertions":3,"deletions":3}}},{"hash":"62fad9c0613c1538805eefdd4c85aee114f79bed","messageTitle":"Refactor: remove unnecessary main method in steve class","messageBody":"","fileTypesAndContributionMap":{"java":{"insertions":5,"deletions":9}}},{"hash":"f639acb91a5d331a3967495c904068dd29ae992c","messageTitle":"Docs: update header comments to adhere to coding standard","messageBody":"","fileTypesAndContributionMap":{"java":{"insertions":202,"deletions":8}}},{"hash":"c45597fa911658643bfb97a057fb48371a591bc1","messageTitle":"Refactor: rename final variables to adhere to coding standard","messageBody":"","fileTypesAndContributionMap":{"java":{"insertions":175,"deletions":175}}}]},{"date":"2021-02-01","commitResults":[{"hash":"bbb92def0c6dd0fb703566640d746d0e6d3b70ca","messageTitle":"Refactor: refactor code to use fxml files","messageBody":"","fileTypesAndContributionMap":{"java":{"insertions":123,"deletions":143}}},{"hash":"7d9d37d06cbef9366e901c110d8486c09cac888f","messageTitle":"Refactor: minor improvement to gui display","messageBody":"","fileTypesAndContributionMap":{"java":{"insertions":3,"deletions":1}}},{"hash":"cedeb360c8d75a36d2f056afd6e61f62d4555353","messageTitle":"Feat: add multiple word search when finding tasks","messageBody":"","tags":["A-Varargs"],"fileTypesAndContributionMap":{"java":{"insertions":14,"deletions":9}}}]},{"date":"2021-02-02","commitResults":[{"hash":"73f2a1b888ed74cee4c969575548be2f2d112377","messageTitle":"Refactor: tidy up code","messageBody":"","fileTypesAndContributionMap":{"java":{"insertions":32,"deletions":27}}},{"hash":"5dd0d0c73acfbcbb7a45555909c75529d6681c63","messageTitle":"Refactor: tidy up code","messageBody":"","fileTypesAndContributionMap":{"java":{"insertions":7,"deletions":6}}},{"hash":"296ed70a7852f51b1ebc3141d9f96a8dd3247667","messageTitle":"Refactor: capitalise constant variable names","messageBody":"","fileTypesAndContributionMap":{"java":{"insertions":5,"deletions":5}}},{"hash":"5e62e43c6c4cffd06f1a0999459f51eaba0e9561","messageTitle":"Refactor: capitalise constant variable names","messageBody":"","fileTypesAndContributionMap":{"java":{"insertions":7,"deletions":7}}},{"hash":"03955fa0c9b45d28c52e72bc23eb34aee703a77f","messageTitle":"Refactor: capitalise constant variable names","messageBody":"","fileTypesAndContributionMap":{"java":{"insertions":11,"deletions":11}}}]},{"date":"2021-02-03","commitResults":[{"hash":"0b3f3047b09b03ace0e97264c5efd7a4213b9be0","messageTitle":"Refactor: rename method and variable names for clarity","messageBody":"","fileTypesAndContributionMap":{"java":{"insertions":16,"deletions":16}}}]},{"date":"2021-02-04","commitResults":[{"hash":"d2d7ea866dd014af70b44357954cc9ccf25a9045","messageTitle":"Fix: fix missing label for welcome message","messageBody":"","fileTypesAndContributionMap":{"java":{"insertions":1,"deletions":1}}},{"hash":"ae4789c2385f57b1ecad4ab2b4d90592242fc5bf","messageTitle":"Refactor: update variable names and text","messageBody":"","fileTypesAndContributionMap":{"java":{"insertions":11,"deletions":11}}}]},{"date":"2021-02-05","commitResults":[{"hash":"4ea43de54051432cd658f0a2a6aabc048780a34c","messageTitle":"Refactor: refactor code to adhere to coding standard","messageBody":"","fileTypesAndContributionMap":{"java":{"insertions":13,"deletions":3}}}]}]},"authorFileTypeContributionMap":{"tjtanjin":{"java":1699,"md":0,"fxml":35,"sh":11,"bat":0,"gradle":18,"txt":25}},"authorContributionVariance":{"tjtanjin":83507.66},"authorDisplayNameMap":{"tjtanjin":"CS2103T-T12-4 TAN .. JIN"}}
