{"authorDailyContributionsMap":{"DineshMagesvaran":[{"date":"2021-01-20","commitResults":[{"hash":"57bebff71ea1363f1fd49953feb0af6a7c36d162","messageTitle":"Moved Duke.java out of the package","messageBody":"","fileTypesAndContributionMap":{"java":{"insertions":0,"deletions":0}}},{"hash":"f88df235839658b998e35335ecd016a01c8691a5","messageTitle":"Added skeletal version of Duke","messageBody":"","fileTypesAndContributionMap":{"java":{"insertions":27,"deletions":6}}},{"hash":"c233cff460a4627d7ff2a3e687a25bb075f54acd","messageTitle":"Moved Duke.java file location","messageBody":"","tags":["Level-1"],"fileTypesAndContributionMap":{"java":{"insertions":0,"deletions":0}}},{"hash":"143a8bb605bc202e0f9bbb46e77c0b65a3e45dfe","messageTitle":"Added a new list feature and the functionality to add items to the list \u0026 retrieve the list","messageBody":"","fileTypesAndContributionMap":{"java":{"insertions":16,"deletions":3},"md":{"insertions":12,"deletions":13}}},{"hash":"5a3e55530fe0fdb3502f2603a9c985e301c726bc","messageTitle":"Improved the User Guide","messageBody":"","tags":["Level-2"],"fileTypesAndContributionMap":{"md":{"insertions":30,"deletions":12}}},{"hash":"a6b32e5c5ad1a9ef00aca812c15c073ffe890c2f","messageTitle":"Changed list items to tasks and added a new feature to mark tasks as done","messageBody":"","tags":["Level-3"],"fileTypesAndContributionMap":{"java":{"insertions":44,"deletions":4},"md":{"insertions":24,"deletions":6}}}]},{"date":"2021-01-21","commitResults":[{"hash":"892a99f93942777265dbd9385ac661603b035ebe","messageTitle":"Added Task types(Todo, Event \u0026 Deadline)","messageBody":"","tags":["Level-4"],"fileTypesAndContributionMap":{"java":{"insertions":84,"deletions":4},"md":{"insertions":30,"deletions":7}}},{"hash":"190c150401529a1ac09f0df8fda36b4205e7c25d","messageTitle":"Added TextUITesting","messageBody":"","tags":["A-TextUiTesting"],"fileTypesAndContributionMap":{"txt":{"insertions":7,"deletions":0}}},{"hash":"293ac2d4eee36dcfef3aeb4f8f63291b2971be23","messageTitle":"Added error handling for certain types of errors","messageBody":"","tags":["Level-5"],"fileTypesAndContributionMap":{"java":{"insertions":26,"deletions":14}}},{"hash":"65f8a3aad9648e6d5c53712970c9ba1f29683e74","messageTitle":"Added feature to delete tasks from the task list","messageBody":"","tags":["Level-6"],"fileTypesAndContributionMap":{"java":{"insertions":17,"deletions":0},"md":{"insertions":20,"deletions":1}}}]},{"date":"2021-01-26","commitResults":[{"hash":"a27fb4b24614a7f4414542910fea5011f9654df1","messageTitle":"Add ability to save task data in hard disk automatically","messageBody":"","fileTypesAndContributionMap":{"txt":{"insertions":0,"deletions":0},"java":{"insertions":94,"deletions":4}}},{"hash":"125540d936d49a208e3da7e6a76a12acc7c630d1","messageTitle":"Add support for duke to understand time for deadline \u0026 event tasks","messageBody":"","fileTypesAndContributionMap":{"java":{"insertions":43,"deletions":17},"md":{"insertions":4,"deletions":4}}},{"hash":"ae5fd8f5ed3a7ec72d5ba78db042dff5797ed84e","messageTitle":"Fix some errors due to previous merge","messageBody":"","tags":["Level-8"],"fileTypesAndContributionMap":{"java":{"insertions":8,"deletions":5}}},{"hash":"ea330a5ff6762715be2703a948766de9e9bddc24","messageTitle":"Re-orgainse code to include greater use of OOP","messageBody":"","tags":["A-MoreOOP"],"fileTypesAndContributionMap":{"java":{"insertions":262,"deletions":209}}},{"hash":"48dce08269d76e7171dcc4616370e778aeece593","messageTitle":"Add JUnit tests for some of the classes","messageBody":"","tags":["A-JUnit"],"fileTypesAndContributionMap":{"java":{"insertions":52,"deletions":0}}}]},{"date":"2021-01-27","commitResults":[{"hash":"64613266eb12aaf00414e2c64d6d42220a43a646","messageTitle":"Add Javadoc comments to the code","messageBody":"","fileTypesAndContributionMap":{"java":{"insertions":121,"deletions":7}}},{"hash":"43f87da343251f1420e16824b128f6edde7fbdb9","messageTitle":"Make changes to follow coding standard","messageBody":"","fileTypesAndContributionMap":{"java":{"insertions":5,"deletions":5}}},{"hash":"1104409f7a915140fffb0e348e9d167ef8be6b42","messageTitle":"Add feature to find tasks from the task list","messageBody":"","fileTypesAndContributionMap":{"java":{"insertions":30,"deletions":0},"md":{"insertions":20,"deletions":1}}}]},{"date":"2021-01-31","commitResults":[{"hash":"b6fb1db0826e6797f356dc99fd25db6824c5213a","messageTitle":"Add gradle to build and run project","messageBody":"","fileTypesAndContributionMap":{"gradle":{"insertions":1,"deletions":1},"java":{"insertions":1,"deletions":0}}}]},{"date":"2021-02-02","commitResults":[{"hash":"8d9088f3ef00a1d8b7d5a8e5a3ec5fc6fd88d6f9","messageTitle":"Add GUI to the app","messageBody":"","fileTypesAndContributionMap":{"gradle":{"insertions":15,"deletions":0},"java":{"insertions":225,"deletions":106}}}]}]},"authorFileTypeContributionMap":{"DineshMagesvaran":{"java":676,"md":102,"fxml":0,"sh":0,"bat":0,"gradle":16,"txt":7}},"authorContributionVariance":{"DineshMagesvaran":26661.715},"authorDisplayNameMap":{"DineshMagesvaran":"CS2103-T14-2 DINE..ARAN"}}
