[{"path":"src/main/java/Deadline.java","fileType":"java","lines":[{"lineNumber":1,"author":{"gitId":"QY-H00"},"content":"public class Deadline extends Task {"},{"lineNumber":2,"author":{"gitId":"QY-H00"},"content":"    private final String deadline;"},{"lineNumber":3,"author":{"gitId":"QY-H00"},"content":""},{"lineNumber":4,"author":{"gitId":"QY-H00"},"content":"    public Deadline(String description, String deadline) {"},{"lineNumber":5,"author":{"gitId":"QY-H00"},"content":"        super(description);"},{"lineNumber":6,"author":{"gitId":"QY-H00"},"content":"        this.deadline \u003d deadline;"},{"lineNumber":7,"author":{"gitId":"QY-H00"},"content":"    }"},{"lineNumber":8,"author":{"gitId":"QY-H00"},"content":""},{"lineNumber":9,"author":{"gitId":"QY-H00"},"content":"    @Override"},{"lineNumber":10,"author":{"gitId":"QY-H00"},"content":"    public String toString() {"},{"lineNumber":11,"author":{"gitId":"QY-H00"},"content":"        return \"[D]\" + super.toString() + \"(by: \" + this.deadline + \")\";"},{"lineNumber":12,"author":{"gitId":"QY-H00"},"content":"    }"},{"lineNumber":13,"author":{"gitId":"QY-H00"},"content":"}"}],"authorContributionMap":{"QY-H00":13}},{"path":"src/main/java/Duke.java","fileType":"java","lines":[{"lineNumber":1,"author":{"gitId":"QY-H00"},"content":"import java.util.ArrayList;"},{"lineNumber":2,"author":{"gitId":"QY-H00"},"content":"import java.util.Locale;"},{"lineNumber":3,"author":{"gitId":"QY-H00"},"content":"import java.util.Scanner;"},{"lineNumber":4,"author":{"gitId":"QY-H00"},"content":""},{"lineNumber":5,"author":{"gitId":"-"},"content":"public class Duke {"},{"lineNumber":6,"author":{"gitId":"QY-H00"},"content":"    private final StringBuffer boundOfChatBox \u003d new StringBuffer();"},{"lineNumber":7,"author":{"gitId":"QY-H00"},"content":"    private final ArrayList\u003cTask\u003e tasks \u003d new ArrayList\u003c\u003e();"},{"lineNumber":8,"author":{"gitId":"QY-H00"},"content":"    public enum command {"},{"lineNumber":9,"author":{"gitId":"QY-H00"},"content":"        BYE, LIST, DONE, DELETE, TODO, DEADLINE, EVENT"},{"lineNumber":10,"author":{"gitId":"QY-H00"},"content":"    }"},{"lineNumber":11,"author":{"gitId":"QY-H00"},"content":""},{"lineNumber":12,"author":{"gitId":"QY-H00"},"content":"    public void setBoundOfChatBox() {"},{"lineNumber":13,"author":{"gitId":"QY-H00"},"content":"        boundOfChatBox.append(\u0027\\n\u0027);"},{"lineNumber":14,"author":{"gitId":"QY-H00"},"content":"        int lenOfChatBox \u003d 50;"},{"lineNumber":15,"author":{"gitId":"QY-H00"},"content":"        boundOfChatBox.append(\"-\".repeat(lenOfChatBox));"},{"lineNumber":16,"author":{"gitId":"QY-H00"},"content":"        boundOfChatBox.append(\u0027\\n\u0027);"},{"lineNumber":17,"author":{"gitId":"QY-H00"},"content":"    }"},{"lineNumber":18,"author":{"gitId":"QY-H00"},"content":""},{"lineNumber":19,"author":{"gitId":"QY-H00"},"content":"    public void formatInChatBox(String s) {"},{"lineNumber":20,"author":{"gitId":"QY-H00"},"content":"        System.out.println(boundOfChatBox + s + boundOfChatBox);"},{"lineNumber":21,"author":{"gitId":"QY-H00"},"content":"    }"},{"lineNumber":22,"author":{"gitId":"QY-H00"},"content":""},{"lineNumber":23,"author":{"gitId":"QY-H00"},"content":"    public void init() {"},{"lineNumber":24,"author":{"gitId":"QY-H00"},"content":"        setBoundOfChatBox();"},{"lineNumber":25,"author":{"gitId":"QY-H00"},"content":"        String logo \u003d \"    __      __      ____ \\n\" +"},{"lineNumber":26,"author":{"gitId":"QY-H00"},"content":"                      \"   /  \\\\    /  \\\\    / __ \\\\\\n\" +"},{"lineNumber":27,"author":{"gitId":"QY-H00"},"content":"                      \"  / /\\\\ \\\\  / /\\\\ \\\\  | |  | |\\n\" +"},{"lineNumber":28,"author":{"gitId":"QY-H00"},"content":"                      \" / /  \\\\ \\\\/ /  \\\\ \\\\ | |__| |\\n\" +"},{"lineNumber":29,"author":{"gitId":"QY-H00"},"content":"                      \"/_/    \\\\__/    \\\\_\\\\ \\\\____/\";"},{"lineNumber":30,"author":{"gitId":"QY-H00"},"content":"        String greeting \u003d \"Hello! I\u0027m Momo\\nWhat can I do for you?\";"},{"lineNumber":31,"author":{"gitId":"QY-H00"},"content":"        formatInChatBox(logo);"},{"lineNumber":32,"author":{"gitId":"QY-H00"},"content":"        formatInChatBox(greeting + \u0027\\n\u0027);"},{"lineNumber":33,"author":{"gitId":"QY-H00"},"content":"    }"},{"lineNumber":34,"author":{"gitId":"QY-H00"},"content":""},{"lineNumber":35,"author":{"gitId":"QY-H00"},"content":"    public void add(Task task) {"},{"lineNumber":36,"author":{"gitId":"QY-H00"},"content":"        tasks.add(task);"},{"lineNumber":37,"author":{"gitId":"QY-H00"},"content":"        formatInChatBox(\"Got it. I\u0027ve added this task:\" + \u0027\\n\u0027"},{"lineNumber":38,"author":{"gitId":"QY-H00"},"content":"                        + task + \"\\n\""},{"lineNumber":39,"author":{"gitId":"QY-H00"},"content":"                        + \"Now you have \" + tasks.size() + \" tasks in the list.\\n\");"},{"lineNumber":40,"author":{"gitId":"QY-H00"},"content":"    }"},{"lineNumber":41,"author":{"gitId":"QY-H00"},"content":""},{"lineNumber":42,"author":{"gitId":"QY-H00"},"content":"    public void addToDo(String des) throws TextException {"},{"lineNumber":43,"author":{"gitId":"QY-H00"},"content":"        try {"},{"lineNumber":44,"author":{"gitId":"QY-H00"},"content":"            if (des.isEmpty() || des.equals(\" \"))"},{"lineNumber":45,"author":{"gitId":"QY-H00"},"content":"                throw new TextException(\"OOPS!!! The description of a todo cannot be empty.\\n\");"},{"lineNumber":46,"author":{"gitId":"QY-H00"},"content":"            ToDo todo \u003d new ToDo(des);"},{"lineNumber":47,"author":{"gitId":"QY-H00"},"content":"            add(todo);"},{"lineNumber":48,"author":{"gitId":"QY-H00"},"content":"        } catch (TextException e) {"},{"lineNumber":49,"author":{"gitId":"QY-H00"},"content":"            formatInChatBox(e.getMsgDes());"},{"lineNumber":50,"author":{"gitId":"QY-H00"},"content":"        }"},{"lineNumber":51,"author":{"gitId":"QY-H00"},"content":"    }"},{"lineNumber":52,"author":{"gitId":"QY-H00"},"content":""},{"lineNumber":53,"author":{"gitId":"QY-H00"},"content":"    public void addDeadline(String des) throws TextException {"},{"lineNumber":54,"author":{"gitId":"QY-H00"},"content":"        try {"},{"lineNumber":55,"author":{"gitId":"QY-H00"},"content":"            if (des.isEmpty() || des.equals(\" \"))"},{"lineNumber":56,"author":{"gitId":"QY-H00"},"content":"                throw new TextException(\"OOPS!!! The description of a deadline cannot be empty.\\n\");"},{"lineNumber":57,"author":{"gitId":"QY-H00"},"content":"            if (des.contains(\"/by \")) {"},{"lineNumber":58,"author":{"gitId":"QY-H00"},"content":"                int endOfDescription \u003d des.indexOf(\"/by \");"},{"lineNumber":59,"author":{"gitId":"QY-H00"},"content":"                String description \u003d des.substring(0, endOfDescription);"},{"lineNumber":60,"author":{"gitId":"QY-H00"},"content":"                String deadline \u003d des.substring(endOfDescription + 4);"},{"lineNumber":61,"author":{"gitId":"QY-H00"},"content":"                Deadline ddl \u003d new Deadline(description, deadline);"},{"lineNumber":62,"author":{"gitId":"QY-H00"},"content":"                add(ddl);"},{"lineNumber":63,"author":{"gitId":"QY-H00"},"content":"            } else {"},{"lineNumber":64,"author":{"gitId":"QY-H00"},"content":"                throw new TextException(\"OOPS!!! Please enter \u0027/by deadline\u0027 after description\\n\");"},{"lineNumber":65,"author":{"gitId":"QY-H00"},"content":"            }"},{"lineNumber":66,"author":{"gitId":"QY-H00"},"content":"        } catch (TextException e) {"},{"lineNumber":67,"author":{"gitId":"QY-H00"},"content":"            formatInChatBox(e.getMsgDes());"},{"lineNumber":68,"author":{"gitId":"QY-H00"},"content":"        }"},{"lineNumber":69,"author":{"gitId":"QY-H00"},"content":"    }"},{"lineNumber":70,"author":{"gitId":"QY-H00"},"content":""},{"lineNumber":71,"author":{"gitId":"QY-H00"},"content":"    public void addEvent(String des) throws TextException {"},{"lineNumber":72,"author":{"gitId":"QY-H00"},"content":"        try {"},{"lineNumber":73,"author":{"gitId":"QY-H00"},"content":"            if (des.isEmpty() || des.equals(\" \"))"},{"lineNumber":74,"author":{"gitId":"QY-H00"},"content":"                throw new TextException(\"OOPS!!! The description of a event cannot be empty.\\n\");"},{"lineNumber":75,"author":{"gitId":"QY-H00"},"content":"            if (des.contains(\"/at \")) {"},{"lineNumber":76,"author":{"gitId":"QY-H00"},"content":"                int endOfDescription \u003d des.indexOf(\"/at \");"},{"lineNumber":77,"author":{"gitId":"QY-H00"},"content":"                String description \u003d des.substring(0, endOfDescription);"},{"lineNumber":78,"author":{"gitId":"QY-H00"},"content":"                String time \u003d des.substring(endOfDescription + 4);"},{"lineNumber":79,"author":{"gitId":"QY-H00"},"content":"                Event event \u003d new Event(description, time);"},{"lineNumber":80,"author":{"gitId":"QY-H00"},"content":"                add(event);"},{"lineNumber":81,"author":{"gitId":"QY-H00"},"content":"            } else {"},{"lineNumber":82,"author":{"gitId":"QY-H00"},"content":"                throw new TextException(\"OOPS!!! Please enter \u0027/by deadline\u0027 after description\\n\");"},{"lineNumber":83,"author":{"gitId":"QY-H00"},"content":"            }"},{"lineNumber":84,"author":{"gitId":"QY-H00"},"content":"        } catch (TextException e) {"},{"lineNumber":85,"author":{"gitId":"QY-H00"},"content":"            formatInChatBox(e.getMsgDes());"},{"lineNumber":86,"author":{"gitId":"QY-H00"},"content":"        }"},{"lineNumber":87,"author":{"gitId":"QY-H00"},"content":"    }"},{"lineNumber":88,"author":{"gitId":"QY-H00"},"content":""},{"lineNumber":89,"author":{"gitId":"QY-H00"},"content":"    public void error() throws TextException {"},{"lineNumber":90,"author":{"gitId":"QY-H00"},"content":"        try {"},{"lineNumber":91,"author":{"gitId":"QY-H00"},"content":"            throw new TextException(\"OOPS!!! I\u0027m sorry, but I don\u0027t know what that means :-(\\n\");"},{"lineNumber":92,"author":{"gitId":"QY-H00"},"content":"        } catch (TextException e) {"},{"lineNumber":93,"author":{"gitId":"QY-H00"},"content":"            formatInChatBox(e.getMsgDes());"},{"lineNumber":94,"author":{"gitId":"QY-H00"},"content":"        }"},{"lineNumber":95,"author":{"gitId":"QY-H00"},"content":"    }"},{"lineNumber":96,"author":{"gitId":"QY-H00"},"content":""},{"lineNumber":97,"author":{"gitId":"QY-H00"},"content":"    public void list() {"},{"lineNumber":98,"author":{"gitId":"QY-H00"},"content":"        int n \u003d tasks.size();"},{"lineNumber":99,"author":{"gitId":"QY-H00"},"content":"        if (n \u003d\u003d 0) {"},{"lineNumber":100,"author":{"gitId":"QY-H00"},"content":"            formatInChatBox(\"There is no task yet\\n\");"},{"lineNumber":101,"author":{"gitId":"QY-H00"},"content":"            return ;"},{"lineNumber":102,"author":{"gitId":"QY-H00"},"content":"        }"},{"lineNumber":103,"author":{"gitId":"QY-H00"},"content":"        StringBuffer buf \u003d new StringBuffer();"},{"lineNumber":104,"author":{"gitId":"QY-H00"},"content":"        for (int i \u003d 0; i \u003c n; i++)"},{"lineNumber":105,"author":{"gitId":"QY-H00"},"content":"            buf.append(i + 1).append(\". \").append(tasks.get(i)).append(\"\\n\");"},{"lineNumber":106,"author":{"gitId":"QY-H00"},"content":"        String res \u003d new String(buf);"},{"lineNumber":107,"author":{"gitId":"QY-H00"},"content":"        formatInChatBox(\"Here are the tasks in your list:\\n\" + res);"},{"lineNumber":108,"author":{"gitId":"QY-H00"},"content":"    }"},{"lineNumber":109,"author":{"gitId":"QY-H00"},"content":""},{"lineNumber":110,"author":{"gitId":"QY-H00"},"content":"    public void mark(int index) {"},{"lineNumber":111,"author":{"gitId":"QY-H00"},"content":"        Task taskToBeMarked \u003d tasks.get(index - 1);"},{"lineNumber":112,"author":{"gitId":"QY-H00"},"content":"        taskToBeMarked.markedAsDone();"},{"lineNumber":113,"author":{"gitId":"QY-H00"},"content":"        formatInChatBox(\"Nice! I\u0027ve marked this task as done:\\n\" + taskToBeMarked + \"\\n\");"},{"lineNumber":114,"author":{"gitId":"QY-H00"},"content":"    }"},{"lineNumber":115,"author":{"gitId":"QY-H00"},"content":""},{"lineNumber":116,"author":{"gitId":"QY-H00"},"content":"    public void delete(int index) {"},{"lineNumber":117,"author":{"gitId":"QY-H00"},"content":"        Task taskToBeDeleted \u003d tasks.remove(index - 1);"},{"lineNumber":118,"author":{"gitId":"QY-H00"},"content":"        formatInChatBox(\"Got it. I\u0027ve removed this task:\" + \u0027\\n\u0027"},{"lineNumber":119,"author":{"gitId":"QY-H00"},"content":"                + taskToBeDeleted + \"\\n\""},{"lineNumber":120,"author":{"gitId":"QY-H00"},"content":"                + \"Now you have \" + tasks.size() + \" tasks in the list.\\n\");"},{"lineNumber":121,"author":{"gitId":"QY-H00"},"content":"    }"},{"lineNumber":122,"author":{"gitId":"QY-H00"},"content":""},{"lineNumber":123,"author":{"gitId":"QY-H00"},"content":"    public void exit() {"},{"lineNumber":124,"author":{"gitId":"QY-H00"},"content":"        String goodbye \u003d \"Bye. Hope to see you again soon!\\n\";"},{"lineNumber":125,"author":{"gitId":"QY-H00"},"content":"        formatInChatBox(goodbye);"},{"lineNumber":126,"author":{"gitId":"QY-H00"},"content":"    }"},{"lineNumber":127,"author":{"gitId":"QY-H00"},"content":""},{"lineNumber":128,"author":{"gitId":"QY-H00"},"content":"    public static void main(String[] args) throws TextException {"},{"lineNumber":129,"author":{"gitId":"QY-H00"},"content":"        Duke momo \u003d new Duke();"},{"lineNumber":130,"author":{"gitId":"QY-H00"},"content":"        momo.init();"},{"lineNumber":131,"author":{"gitId":"QY-H00"},"content":"        String input;"},{"lineNumber":132,"author":{"gitId":"QY-H00"},"content":"        Scanner sc \u003d new Scanner(System.in);"},{"lineNumber":133,"author":{"gitId":"QY-H00"},"content":"        do {"},{"lineNumber":134,"author":{"gitId":"QY-H00"},"content":"            input \u003d sc.next();"},{"lineNumber":135,"author":{"gitId":"QY-H00"},"content":"            try {"},{"lineNumber":136,"author":{"gitId":"QY-H00"},"content":"                command c \u003d command.valueOf(input.toUpperCase(Locale.ROOT));"},{"lineNumber":137,"author":{"gitId":"QY-H00"},"content":"                switch (c) {"},{"lineNumber":138,"author":{"gitId":"QY-H00"},"content":"                    case BYE:"},{"lineNumber":139,"author":{"gitId":"QY-H00"},"content":"                        momo.exit();"},{"lineNumber":140,"author":{"gitId":"QY-H00"},"content":"                        return;"},{"lineNumber":141,"author":{"gitId":"QY-H00"},"content":"                    case LIST:"},{"lineNumber":142,"author":{"gitId":"QY-H00"},"content":"                        momo.list();"},{"lineNumber":143,"author":{"gitId":"QY-H00"},"content":"                        break;"},{"lineNumber":144,"author":{"gitId":"QY-H00"},"content":"                    case DONE:"},{"lineNumber":145,"author":{"gitId":"QY-H00"},"content":"                        int i \u003d sc.nextInt();"},{"lineNumber":146,"author":{"gitId":"QY-H00"},"content":"                        momo.mark(i);"},{"lineNumber":147,"author":{"gitId":"QY-H00"},"content":"                        break;"},{"lineNumber":148,"author":{"gitId":"QY-H00"},"content":"                    case DELETE:"},{"lineNumber":149,"author":{"gitId":"QY-H00"},"content":"                        int j \u003d sc.nextInt();"},{"lineNumber":150,"author":{"gitId":"QY-H00"},"content":"                        momo.delete(j);"},{"lineNumber":151,"author":{"gitId":"QY-H00"},"content":"                        break;"},{"lineNumber":152,"author":{"gitId":"QY-H00"},"content":"                    case TODO:"},{"lineNumber":153,"author":{"gitId":"QY-H00"},"content":"                        String toDoDes \u003d sc.nextLine();"},{"lineNumber":154,"author":{"gitId":"QY-H00"},"content":"                        momo.addToDo(toDoDes);"},{"lineNumber":155,"author":{"gitId":"QY-H00"},"content":"                        break;"},{"lineNumber":156,"author":{"gitId":"QY-H00"},"content":"                    case DEADLINE:"},{"lineNumber":157,"author":{"gitId":"QY-H00"},"content":"                        String deadlineDes \u003d sc.nextLine();"},{"lineNumber":158,"author":{"gitId":"QY-H00"},"content":"                        momo.addDeadline(deadlineDes);"},{"lineNumber":159,"author":{"gitId":"QY-H00"},"content":"                        break;"},{"lineNumber":160,"author":{"gitId":"QY-H00"},"content":"                    case EVENT:"},{"lineNumber":161,"author":{"gitId":"QY-H00"},"content":"                        String eventDes \u003d sc.nextLine();"},{"lineNumber":162,"author":{"gitId":"QY-H00"},"content":"                        momo.addEvent(eventDes);"},{"lineNumber":163,"author":{"gitId":"QY-H00"},"content":"                        break;"},{"lineNumber":164,"author":{"gitId":"QY-H00"},"content":"                    default:"},{"lineNumber":165,"author":{"gitId":"QY-H00"},"content":"                        momo.error();"},{"lineNumber":166,"author":{"gitId":"QY-H00"},"content":"                }"},{"lineNumber":167,"author":{"gitId":"QY-H00"},"content":"            } catch (IllegalArgumentException e) {"},{"lineNumber":168,"author":{"gitId":"QY-H00"},"content":"                momo.error();"},{"lineNumber":169,"author":{"gitId":"QY-H00"},"content":"            }"},{"lineNumber":170,"author":{"gitId":"QY-H00"},"content":"        } while (true);"},{"lineNumber":171,"author":{"gitId":"-"},"content":"    }"},{"lineNumber":172,"author":{"gitId":"-"},"content":"}"}],"authorContributionMap":{"QY-H00":169,"-":3}},{"path":"src/main/java/Event.java","fileType":"java","lines":[{"lineNumber":1,"author":{"gitId":"QY-H00"},"content":"public class Event extends Task {"},{"lineNumber":2,"author":{"gitId":"QY-H00"},"content":"    private final String time;"},{"lineNumber":3,"author":{"gitId":"QY-H00"},"content":""},{"lineNumber":4,"author":{"gitId":"QY-H00"},"content":"    public Event(String description, String deadline) {"},{"lineNumber":5,"author":{"gitId":"QY-H00"},"content":"        super(description);"},{"lineNumber":6,"author":{"gitId":"QY-H00"},"content":"        this.time \u003d deadline;"},{"lineNumber":7,"author":{"gitId":"QY-H00"},"content":"    }"},{"lineNumber":8,"author":{"gitId":"QY-H00"},"content":""},{"lineNumber":9,"author":{"gitId":"QY-H00"},"content":"    @Override"},{"lineNumber":10,"author":{"gitId":"QY-H00"},"content":"    public String toString() {"},{"lineNumber":11,"author":{"gitId":"QY-H00"},"content":"        return \"[E]\" + super.toString() + \"(at: \" + this.time + \")\";"},{"lineNumber":12,"author":{"gitId":"QY-H00"},"content":"    }"},{"lineNumber":13,"author":{"gitId":"QY-H00"},"content":"}"}],"authorContributionMap":{"QY-H00":13}},{"path":"src/main/java/Task.java","fileType":"java","lines":[{"lineNumber":1,"author":{"gitId":"QY-H00"},"content":"public class Task {"},{"lineNumber":2,"author":{"gitId":"QY-H00"},"content":"    protected String description;"},{"lineNumber":3,"author":{"gitId":"QY-H00"},"content":"    protected boolean isDone;"},{"lineNumber":4,"author":{"gitId":"QY-H00"},"content":""},{"lineNumber":5,"author":{"gitId":"QY-H00"},"content":"    public Task(String description) {"},{"lineNumber":6,"author":{"gitId":"QY-H00"},"content":"        this.description \u003d description;"},{"lineNumber":7,"author":{"gitId":"QY-H00"},"content":"        this.isDone \u003d false;"},{"lineNumber":8,"author":{"gitId":"QY-H00"},"content":"    }"},{"lineNumber":9,"author":{"gitId":"QY-H00"},"content":""},{"lineNumber":10,"author":{"gitId":"QY-H00"},"content":"    public String getStatusIcon() {"},{"lineNumber":11,"author":{"gitId":"QY-H00"},"content":"        return (isDone ? \"X\" : \" \"); //return tick or X symbols"},{"lineNumber":12,"author":{"gitId":"QY-H00"},"content":"    }"},{"lineNumber":13,"author":{"gitId":"QY-H00"},"content":""},{"lineNumber":14,"author":{"gitId":"QY-H00"},"content":"    public String getDescription() {"},{"lineNumber":15,"author":{"gitId":"QY-H00"},"content":"        return this.description;"},{"lineNumber":16,"author":{"gitId":"QY-H00"},"content":"    }"},{"lineNumber":17,"author":{"gitId":"QY-H00"},"content":""},{"lineNumber":18,"author":{"gitId":"QY-H00"},"content":"    public void markedAsDone() {"},{"lineNumber":19,"author":{"gitId":"QY-H00"},"content":"        this.isDone \u003d true;"},{"lineNumber":20,"author":{"gitId":"QY-H00"},"content":"    }"},{"lineNumber":21,"author":{"gitId":"QY-H00"},"content":""},{"lineNumber":22,"author":{"gitId":"QY-H00"},"content":"    @Override"},{"lineNumber":23,"author":{"gitId":"QY-H00"},"content":"    public String toString() {"},{"lineNumber":24,"author":{"gitId":"QY-H00"},"content":"        return \"[\" + getStatusIcon() + \"] \" + getDescription();"},{"lineNumber":25,"author":{"gitId":"QY-H00"},"content":"    }"},{"lineNumber":26,"author":{"gitId":"QY-H00"},"content":"}"}],"authorContributionMap":{"QY-H00":26}},{"path":"src/main/java/TextException.java","fileType":"java","lines":[{"lineNumber":1,"author":{"gitId":"QY-H00"},"content":"public class TextException extends RuntimeException {"},{"lineNumber":2,"author":{"gitId":"QY-H00"},"content":"    private final String msgDes;"},{"lineNumber":3,"author":{"gitId":"QY-H00"},"content":""},{"lineNumber":4,"author":{"gitId":"QY-H00"},"content":"    public TextException(String message) {"},{"lineNumber":5,"author":{"gitId":"QY-H00"},"content":"        super(message);"},{"lineNumber":6,"author":{"gitId":"QY-H00"},"content":"        msgDes \u003d message;"},{"lineNumber":7,"author":{"gitId":"QY-H00"},"content":"    }"},{"lineNumber":8,"author":{"gitId":"QY-H00"},"content":""},{"lineNumber":9,"author":{"gitId":"QY-H00"},"content":"    public String getMsgDes() {"},{"lineNumber":10,"author":{"gitId":"QY-H00"},"content":"        return msgDes;"},{"lineNumber":11,"author":{"gitId":"QY-H00"},"content":"    }"},{"lineNumber":12,"author":{"gitId":"QY-H00"},"content":"}"}],"authorContributionMap":{"QY-H00":12}},{"path":"src/main/java/ToDo.java","fileType":"java","lines":[{"lineNumber":1,"author":{"gitId":"QY-H00"},"content":"public class ToDo extends Task {"},{"lineNumber":2,"author":{"gitId":"QY-H00"},"content":"    public ToDo(String description) {"},{"lineNumber":3,"author":{"gitId":"QY-H00"},"content":"        super(description);"},{"lineNumber":4,"author":{"gitId":"QY-H00"},"content":"    }"},{"lineNumber":5,"author":{"gitId":"QY-H00"},"content":""},{"lineNumber":6,"author":{"gitId":"QY-H00"},"content":"    @Override"},{"lineNumber":7,"author":{"gitId":"QY-H00"},"content":"    public String toString() {"},{"lineNumber":8,"author":{"gitId":"QY-H00"},"content":"        return \"[T]\" + super.toString();"},{"lineNumber":9,"author":{"gitId":"QY-H00"},"content":"    }"},{"lineNumber":10,"author":{"gitId":"QY-H00"},"content":"}"}],"authorContributionMap":{"QY-H00":10}},{"path":"text-ui-test/input.txt","fileType":"txt","lines":[{"lineNumber":1,"author":{"gitId":"QY-H00"},"content":"todo read book"},{"lineNumber":2,"author":{"gitId":"QY-H00"},"content":"deadline return book /by June 6th"},{"lineNumber":3,"author":{"gitId":"QY-H00"},"content":"done 2"},{"lineNumber":4,"author":{"gitId":"QY-H00"},"content":"event project meeting /at Aug 6th 2-4pm"},{"lineNumber":5,"author":{"gitId":"QY-H00"},"content":"todo join sports club"},{"lineNumber":6,"author":{"gitId":"QY-H00"},"content":"done 4"},{"lineNumber":7,"author":{"gitId":"QY-H00"},"content":"todo borrow book"},{"lineNumber":8,"author":{"gitId":"QY-H00"},"content":"list"},{"lineNumber":9,"author":{"gitId":"QY-H00"},"content":"deadline return book /by Sunday"},{"lineNumber":10,"author":{"gitId":"QY-H00"},"content":"event project meeting /at Mon 2-4pm"},{"lineNumber":11,"author":{"gitId":"QY-H00"},"content":"delete 4"},{"lineNumber":12,"author":{"gitId":"QY-H00"},"content":"list"},{"lineNumber":13,"author":{"gitId":"QY-H00"},"content":"todo"},{"lineNumber":14,"author":{"gitId":"QY-H00"},"content":"todo "},{"lineNumber":15,"author":{"gitId":"QY-H00"},"content":"deadline"},{"lineNumber":16,"author":{"gitId":"QY-H00"},"content":"deadline "},{"lineNumber":17,"author":{"gitId":"QY-H00"},"content":"event"},{"lineNumber":18,"author":{"gitId":"QY-H00"},"content":"event "},{"lineNumber":19,"author":{"gitId":"QY-H00"},"content":"blah"},{"lineNumber":20,"author":{"gitId":"QY-H00"},"content":"bye"}],"authorContributionMap":{"QY-H00":20}}]
