[{"path":"src/main/java/Deadline.java","fileType":"java","lines":[{"lineNumber":1,"author":{"gitId":"chenzaza"},"content":"public class Deadline extends Task {"},{"lineNumber":2,"author":{"gitId":"chenzaza"},"content":""},{"lineNumber":3,"author":{"gitId":"chenzaza"},"content":"    protected String by;"},{"lineNumber":4,"author":{"gitId":"chenzaza"},"content":""},{"lineNumber":5,"author":{"gitId":"chenzaza"},"content":"    public Deadline(String description, String by) {"},{"lineNumber":6,"author":{"gitId":"chenzaza"},"content":"        super(description);"},{"lineNumber":7,"author":{"gitId":"chenzaza"},"content":"        this.by \u003d by;"},{"lineNumber":8,"author":{"gitId":"chenzaza"},"content":"    }"},{"lineNumber":9,"author":{"gitId":"chenzaza"},"content":""},{"lineNumber":10,"author":{"gitId":"chenzaza"},"content":"    @Override"},{"lineNumber":11,"author":{"gitId":"chenzaza"},"content":"    public String toString() {"},{"lineNumber":12,"author":{"gitId":"chenzaza"},"content":"        return \"[D]\" + super.toString() + \" (by: \" + by + \")\";"},{"lineNumber":13,"author":{"gitId":"chenzaza"},"content":"    }"},{"lineNumber":14,"author":{"gitId":"chenzaza"},"content":"}"}],"authorContributionMap":{"chenzaza":14}},{"path":"src/main/java/Duke.java","fileType":"java","lines":[{"lineNumber":1,"author":{"gitId":"chenzaza"},"content":"import java.util.ArrayList;"},{"lineNumber":2,"author":{"gitId":"chenzaza"},"content":"import java.util.Scanner;"},{"lineNumber":3,"author":{"gitId":"chenzaza"},"content":""},{"lineNumber":4,"author":{"gitId":"-"},"content":"public class Duke {"},{"lineNumber":5,"author":{"gitId":"chenzaza"},"content":"    public static int toInteger(String toCheck) {"},{"lineNumber":6,"author":{"gitId":"chenzaza"},"content":"        try {"},{"lineNumber":7,"author":{"gitId":"chenzaza"},"content":"            int i \u003d Integer.parseInt(toCheck);"},{"lineNumber":8,"author":{"gitId":"chenzaza"},"content":"            return i;"},{"lineNumber":9,"author":{"gitId":"chenzaza"},"content":"        }"},{"lineNumber":10,"author":{"gitId":"chenzaza"},"content":"        catch(Exception e) {"},{"lineNumber":11,"author":{"gitId":"chenzaza"},"content":"            return 0;"},{"lineNumber":12,"author":{"gitId":"chenzaza"},"content":"        }"},{"lineNumber":13,"author":{"gitId":"chenzaza"},"content":"    }"},{"lineNumber":14,"author":{"gitId":"-"},"content":"    public static void main(String[] args){"},{"lineNumber":15,"author":{"gitId":"-"},"content":"        String logo \u003d \" ____        _        \\n\""},{"lineNumber":16,"author":{"gitId":"-"},"content":"                + \"|  _ \\\\ _   _| | _____ \\n\""},{"lineNumber":17,"author":{"gitId":"-"},"content":"                + \"| | | | | | | |/ / _ \\\\\\n\""},{"lineNumber":18,"author":{"gitId":"-"},"content":"                + \"| |_| | |_| |   \u003c  __/\\n\""},{"lineNumber":19,"author":{"gitId":"-"},"content":"                + \"|____/ \\\\__,_|_|\\\\_\\\\___|\\n\";"},{"lineNumber":20,"author":{"gitId":"-"},"content":"        System.out.println(\"Hello from\\n\" + logo);"},{"lineNumber":21,"author":{"gitId":"chenzaza"},"content":""},{"lineNumber":22,"author":{"gitId":"chenzaza"},"content":"        //starts by greeting the user"},{"lineNumber":23,"author":{"gitId":"chenzaza"},"content":"        System.out.println(\"Hello! I\u0027m Duke.\\nWhat can I do for you?\\n\");"},{"lineNumber":24,"author":{"gitId":"chenzaza"},"content":""},{"lineNumber":25,"author":{"gitId":"chenzaza"},"content":"        Scanner sc \u003d new Scanner(System.in);"},{"lineNumber":26,"author":{"gitId":"chenzaza"},"content":"        String str \u003d sc.nextLine();"},{"lineNumber":27,"author":{"gitId":"chenzaza"},"content":"        ArrayList\u003cTask\u003e list \u003d new ArrayList\u003c\u003e();"},{"lineNumber":28,"author":{"gitId":"chenzaza"},"content":"        int count \u003d 0;"},{"lineNumber":29,"author":{"gitId":"chenzaza"},"content":""},{"lineNumber":30,"author":{"gitId":"chenzaza"},"content":"        //commands entered by the user"},{"lineNumber":31,"author":{"gitId":"chenzaza"},"content":"        while(!str.equals(\"bye\")) {"},{"lineNumber":32,"author":{"gitId":"chenzaza"},"content":""},{"lineNumber":33,"author":{"gitId":"chenzaza"},"content":"            //handle exceptions"},{"lineNumber":34,"author":{"gitId":"chenzaza"},"content":"            try {"},{"lineNumber":35,"author":{"gitId":"chenzaza"},"content":"                String[] strs \u003d str.split(\" \");"},{"lineNumber":36,"author":{"gitId":"chenzaza"},"content":"                if (!strs[0].equals(\"list\") \u0026\u0026 !strs[0].equals(\"done\") \u0026\u0026 !strs[0].equals(\"deadline\")"},{"lineNumber":37,"author":{"gitId":"chenzaza"},"content":"                        \u0026\u0026 !strs[0].equals(\"todo\") \u0026\u0026 !strs[0].equals(\"event\") \u0026\u0026 !strs[0].equals(\"delete\")) {"},{"lineNumber":38,"author":{"gitId":"chenzaza"},"content":"                    throw new DukeException(\"I\u0027m sorry, but I don\u0027t know what that means.\\n\");"},{"lineNumber":39,"author":{"gitId":"chenzaza"},"content":"                } else if (!strs[0].equals(\"list\")\u0026\u0026 !strs[0].equals(\"done\") \u0026\u0026 !strs[0].equals(\"delete\")"},{"lineNumber":40,"author":{"gitId":"chenzaza"},"content":"                        \u0026\u0026 strs.length \u003c 2) {"},{"lineNumber":41,"author":{"gitId":"chenzaza"},"content":"                    throw new DukeException(\"The description of \"+ strs[0] + \" cannot be empty.\\n\");"},{"lineNumber":42,"author":{"gitId":"chenzaza"},"content":"                } else if ((strs[0].equals(\"done\") || strs[0].equals(\"delete\")) \u0026\u0026 strs.length \u003c 2){"},{"lineNumber":43,"author":{"gitId":"chenzaza"},"content":"                    throw new DukeException(\"The task index is missing.\\n\");"},{"lineNumber":44,"author":{"gitId":"chenzaza"},"content":"                }"},{"lineNumber":45,"author":{"gitId":"chenzaza"},"content":"            } catch (DukeException ex) {"},{"lineNumber":46,"author":{"gitId":"chenzaza"},"content":"                System.out.println(ex);"},{"lineNumber":47,"author":{"gitId":"chenzaza"},"content":"                str \u003d sc.nextLine();"},{"lineNumber":48,"author":{"gitId":"chenzaza"},"content":"                continue;"},{"lineNumber":49,"author":{"gitId":"chenzaza"},"content":"            }"},{"lineNumber":50,"author":{"gitId":"chenzaza"},"content":""},{"lineNumber":51,"author":{"gitId":"chenzaza"},"content":"            if (str.equals(\"list\")) {"},{"lineNumber":52,"author":{"gitId":"chenzaza"},"content":"                //display them back to the user when requested"},{"lineNumber":53,"author":{"gitId":"chenzaza"},"content":"                System.out.println(\"Here are the tasks in your list:\");"},{"lineNumber":54,"author":{"gitId":"chenzaza"},"content":"                for (int i \u003d 1; i \u003c\u003d count; i++) {"},{"lineNumber":55,"author":{"gitId":"chenzaza"},"content":"                    System.out.println(i + \". \" + list.get(i - 1));"},{"lineNumber":56,"author":{"gitId":"chenzaza"},"content":"                }"},{"lineNumber":57,"author":{"gitId":"chenzaza"},"content":"                if (count \u003d\u003d 0) {"},{"lineNumber":58,"author":{"gitId":"chenzaza"},"content":"                    System.out.println(\"There is no task in the list.\");"},{"lineNumber":59,"author":{"gitId":"chenzaza"},"content":"                }"},{"lineNumber":60,"author":{"gitId":"chenzaza"},"content":"                System.out.println();"},{"lineNumber":61,"author":{"gitId":"chenzaza"},"content":"                str \u003d sc.nextLine();"},{"lineNumber":62,"author":{"gitId":"chenzaza"},"content":"            } else {"},{"lineNumber":63,"author":{"gitId":"chenzaza"},"content":"                String type \u003d str.substring(0, str.indexOf(\u0027 \u0027));"},{"lineNumber":64,"author":{"gitId":"chenzaza"},"content":"                String detail \u003d str.substring(str.indexOf(\u0027 \u0027) + 1);"},{"lineNumber":65,"author":{"gitId":"chenzaza"},"content":"                if (type.equals(\"done\")) {"},{"lineNumber":66,"author":{"gitId":"chenzaza"},"content":"                    //mark tasks as done"},{"lineNumber":67,"author":{"gitId":"chenzaza"},"content":"                    int number \u003d toInteger(detail);"},{"lineNumber":68,"author":{"gitId":"chenzaza"},"content":"                    try {"},{"lineNumber":69,"author":{"gitId":"chenzaza"},"content":"                        if(number \u003c 1 || number \u003e count){"},{"lineNumber":70,"author":{"gitId":"chenzaza"},"content":"                            throw new DukeException(\"The task index is invalid.\\n\");"},{"lineNumber":71,"author":{"gitId":"chenzaza"},"content":"                        }"},{"lineNumber":72,"author":{"gitId":"chenzaza"},"content":"                    } catch (DukeException ex) {"},{"lineNumber":73,"author":{"gitId":"chenzaza"},"content":"                        System.out.println(ex);"},{"lineNumber":74,"author":{"gitId":"chenzaza"},"content":"                        str \u003d sc.nextLine();"},{"lineNumber":75,"author":{"gitId":"chenzaza"},"content":"                        continue;"},{"lineNumber":76,"author":{"gitId":"chenzaza"},"content":"                    }"},{"lineNumber":77,"author":{"gitId":"chenzaza"},"content":""},{"lineNumber":78,"author":{"gitId":"chenzaza"},"content":"                    list.get(number - 1).markAsDone();"},{"lineNumber":79,"author":{"gitId":"chenzaza"},"content":"                    System.out.println(\"Nice! I\u0027ve marked this task as done: \\n\" + list.get(number - 1) + \"\\n\");"},{"lineNumber":80,"author":{"gitId":"chenzaza"},"content":"                    str \u003d sc.nextLine();"},{"lineNumber":81,"author":{"gitId":"chenzaza"},"content":"                } else if(type.equals(\"delete\")){"},{"lineNumber":82,"author":{"gitId":"chenzaza"},"content":""},{"lineNumber":83,"author":{"gitId":"chenzaza"},"content":"                    int number \u003d toInteger(detail);"},{"lineNumber":84,"author":{"gitId":"chenzaza"},"content":"                    try {"},{"lineNumber":85,"author":{"gitId":"chenzaza"},"content":"                        if(number \u003c 1 || number \u003e count){"},{"lineNumber":86,"author":{"gitId":"chenzaza"},"content":"                            throw new DukeException(\"The task index is invalid.\\n\");"},{"lineNumber":87,"author":{"gitId":"chenzaza"},"content":"                        }"},{"lineNumber":88,"author":{"gitId":"chenzaza"},"content":"                    } catch (DukeException ex) {"},{"lineNumber":89,"author":{"gitId":"chenzaza"},"content":"                        System.out.println(ex);"},{"lineNumber":90,"author":{"gitId":"chenzaza"},"content":"                        str \u003d sc.nextLine();"},{"lineNumber":91,"author":{"gitId":"chenzaza"},"content":"                        continue;"},{"lineNumber":92,"author":{"gitId":"chenzaza"},"content":"                    }"},{"lineNumber":93,"author":{"gitId":"chenzaza"},"content":""},{"lineNumber":94,"author":{"gitId":"chenzaza"},"content":"                    Task removed \u003d list.remove(number-1);"},{"lineNumber":95,"author":{"gitId":"chenzaza"},"content":"                    count--;"},{"lineNumber":96,"author":{"gitId":"chenzaza"},"content":"                    if (count \u003d\u003d 1 || count \u003d\u003d 0) {"},{"lineNumber":97,"author":{"gitId":"chenzaza"},"content":"                        System.out.println(\"Noted. I\u0027ve removed this task:\\n  \" + removed + \"\\n\""},{"lineNumber":98,"author":{"gitId":"chenzaza"},"content":"                                +\"Now you have \" + count + \" task in the list.\\n\");"},{"lineNumber":99,"author":{"gitId":"chenzaza"},"content":"                    }else{"},{"lineNumber":100,"author":{"gitId":"chenzaza"},"content":"                        System.out.println(\"Noted. I\u0027ve removed this task:\\n  \" + removed + \"\\n\""},{"lineNumber":101,"author":{"gitId":"chenzaza"},"content":"                                +\"Now you have \" + count + \" tasks in the list.\\n\");"},{"lineNumber":102,"author":{"gitId":"chenzaza"},"content":"                    }"},{"lineNumber":103,"author":{"gitId":"chenzaza"},"content":"                    str \u003d sc.nextLine();"},{"lineNumber":104,"author":{"gitId":"chenzaza"},"content":"                }else {"},{"lineNumber":105,"author":{"gitId":"chenzaza"},"content":"                    //store task entered by the user"},{"lineNumber":106,"author":{"gitId":"chenzaza"},"content":""},{"lineNumber":107,"author":{"gitId":"chenzaza"},"content":"                    if (type.equals(\"todo\")) {"},{"lineNumber":108,"author":{"gitId":"chenzaza"},"content":"                        list.add(new Todo(detail));"},{"lineNumber":109,"author":{"gitId":"chenzaza"},"content":"                    } else if (type.equals(\"event\")) {"},{"lineNumber":110,"author":{"gitId":"chenzaza"},"content":"                        String name \u003d detail.substring(0, detail.indexOf(\" /at\"));"},{"lineNumber":111,"author":{"gitId":"chenzaza"},"content":"                        String time \u003d detail.substring(detail.indexOf(\" /at\") + 5);"},{"lineNumber":112,"author":{"gitId":"chenzaza"},"content":"                        list.add(new Event(name, time));"},{"lineNumber":113,"author":{"gitId":"chenzaza"},"content":"                    } else if (type.equals(\"deadline\")) {"},{"lineNumber":114,"author":{"gitId":"chenzaza"},"content":"                        String name \u003d detail.substring(0, detail.indexOf(\" /by\"));"},{"lineNumber":115,"author":{"gitId":"chenzaza"},"content":"                        String time \u003d detail.substring(detail.indexOf(\" /by\") + 5);"},{"lineNumber":116,"author":{"gitId":"chenzaza"},"content":"                        list.add(new Deadline(name, time));"},{"lineNumber":117,"author":{"gitId":"chenzaza"},"content":"                    }"},{"lineNumber":118,"author":{"gitId":"chenzaza"},"content":"                    count++;"},{"lineNumber":119,"author":{"gitId":"chenzaza"},"content":"                    if (count \u003d\u003d 1) {"},{"lineNumber":120,"author":{"gitId":"chenzaza"},"content":"                        System.out.println(\"Got it. I\u0027ve added this task:\\n  \" + list.get(0) + \"\\nNow you have \" + count + \" task in the list.\\n\");"},{"lineNumber":121,"author":{"gitId":"chenzaza"},"content":"                    } else {"},{"lineNumber":122,"author":{"gitId":"chenzaza"},"content":"                        System.out.println(\"Got it. I\u0027ve added this task:\\n  \" + list.get(count-1) + \"\\nNow you have \" + count + \" tasks in the list.\\n\");"},{"lineNumber":123,"author":{"gitId":"chenzaza"},"content":"                    }"},{"lineNumber":124,"author":{"gitId":"chenzaza"},"content":"                    str \u003d sc.nextLine();"},{"lineNumber":125,"author":{"gitId":"-"},"content":"                }"},{"lineNumber":126,"author":{"gitId":"chenzaza"},"content":""},{"lineNumber":127,"author":{"gitId":"chenzaza"},"content":"            }"},{"lineNumber":128,"author":{"gitId":"chenzaza"},"content":"        }"},{"lineNumber":129,"author":{"gitId":"chenzaza"},"content":""},{"lineNumber":130,"author":{"gitId":"chenzaza"},"content":"        //exits when the user types bye"},{"lineNumber":131,"author":{"gitId":"chenzaza"},"content":"        System.out.println(\"Bye. Hope to see you again soon!\\n\");"},{"lineNumber":132,"author":{"gitId":"-"},"content":"    }"},{"lineNumber":133,"author":{"gitId":"chenzaza"},"content":""},{"lineNumber":134,"author":{"gitId":"-"},"content":"}"}],"authorContributionMap":{"chenzaza":123,"-":11}},{"path":"src/main/java/DukeException.java","fileType":"java","lines":[{"lineNumber":1,"author":{"gitId":"chenzaza"},"content":"public class DukeException extends Exception{"},{"lineNumber":2,"author":{"gitId":"chenzaza"},"content":"    protected String message;"},{"lineNumber":3,"author":{"gitId":"chenzaza"},"content":""},{"lineNumber":4,"author":{"gitId":"chenzaza"},"content":"    DukeException(String message){"},{"lineNumber":5,"author":{"gitId":"chenzaza"},"content":"        this.message \u003dmessage;"},{"lineNumber":6,"author":{"gitId":"chenzaza"},"content":"    }"},{"lineNumber":7,"author":{"gitId":"chenzaza"},"content":""},{"lineNumber":8,"author":{"gitId":"chenzaza"},"content":"    public String toString(){"},{"lineNumber":9,"author":{"gitId":"chenzaza"},"content":"        return \":\u003c OOPS!!! \" + message;"},{"lineNumber":10,"author":{"gitId":"chenzaza"},"content":"    }"},{"lineNumber":11,"author":{"gitId":"chenzaza"},"content":"}"}],"authorContributionMap":{"chenzaza":11}},{"path":"src/main/java/Event.java","fileType":"java","lines":[{"lineNumber":1,"author":{"gitId":"chenzaza"},"content":"public class Event extends Task {"},{"lineNumber":2,"author":{"gitId":"chenzaza"},"content":"    protected String at;"},{"lineNumber":3,"author":{"gitId":"chenzaza"},"content":""},{"lineNumber":4,"author":{"gitId":"chenzaza"},"content":"    public Event(String description, String at) {"},{"lineNumber":5,"author":{"gitId":"chenzaza"},"content":"        super(description);"},{"lineNumber":6,"author":{"gitId":"chenzaza"},"content":"        this.at \u003d at;"},{"lineNumber":7,"author":{"gitId":"chenzaza"},"content":"    }"},{"lineNumber":8,"author":{"gitId":"chenzaza"},"content":""},{"lineNumber":9,"author":{"gitId":"chenzaza"},"content":"    @Override"},{"lineNumber":10,"author":{"gitId":"chenzaza"},"content":"    public String toString() {"},{"lineNumber":11,"author":{"gitId":"chenzaza"},"content":"        return \"[E]\" + super.toString() + \" (at: \" + at + \")\";"},{"lineNumber":12,"author":{"gitId":"chenzaza"},"content":"    }"},{"lineNumber":13,"author":{"gitId":"chenzaza"},"content":"}"}],"authorContributionMap":{"chenzaza":13}},{"path":"src/main/java/Task.java","fileType":"java","lines":[{"lineNumber":1,"author":{"gitId":"chenzaza"},"content":"public class Task {"},{"lineNumber":2,"author":{"gitId":"chenzaza"},"content":"    protected String description;"},{"lineNumber":3,"author":{"gitId":"chenzaza"},"content":"    protected boolean isDone;"},{"lineNumber":4,"author":{"gitId":"chenzaza"},"content":""},{"lineNumber":5,"author":{"gitId":"chenzaza"},"content":"    public Task(String description) {"},{"lineNumber":6,"author":{"gitId":"chenzaza"},"content":"        this.description \u003d description;"},{"lineNumber":7,"author":{"gitId":"chenzaza"},"content":"        this.isDone \u003d false;"},{"lineNumber":8,"author":{"gitId":"chenzaza"},"content":"    }"},{"lineNumber":9,"author":{"gitId":"chenzaza"},"content":""},{"lineNumber":10,"author":{"gitId":"chenzaza"},"content":"    public String getStatusIcon() {"},{"lineNumber":11,"author":{"gitId":"chenzaza"},"content":"        return (isDone ? \"\\u2713\" : \"\\u2718\"); //return tick or X symbols"},{"lineNumber":12,"author":{"gitId":"chenzaza"},"content":"    }"},{"lineNumber":13,"author":{"gitId":"chenzaza"},"content":""},{"lineNumber":14,"author":{"gitId":"chenzaza"},"content":"    public void markAsDone(){"},{"lineNumber":15,"author":{"gitId":"chenzaza"},"content":"        this.isDone \u003d true;"},{"lineNumber":16,"author":{"gitId":"chenzaza"},"content":"    }"},{"lineNumber":17,"author":{"gitId":"chenzaza"},"content":""},{"lineNumber":18,"author":{"gitId":"chenzaza"},"content":"    public String toString(){"},{"lineNumber":19,"author":{"gitId":"chenzaza"},"content":"        return \"[\" + this.getStatusIcon() + \"] \" + this.description ;"},{"lineNumber":20,"author":{"gitId":"chenzaza"},"content":"    }"},{"lineNumber":21,"author":{"gitId":"chenzaza"},"content":""},{"lineNumber":22,"author":{"gitId":"chenzaza"},"content":"}"}],"authorContributionMap":{"chenzaza":22}},{"path":"src/main/java/Todo.java","fileType":"java","lines":[{"lineNumber":1,"author":{"gitId":"chenzaza"},"content":"public class Todo extends Task {"},{"lineNumber":2,"author":{"gitId":"chenzaza"},"content":""},{"lineNumber":3,"author":{"gitId":"chenzaza"},"content":"    public Todo(String description) {"},{"lineNumber":4,"author":{"gitId":"chenzaza"},"content":"        super(description);"},{"lineNumber":5,"author":{"gitId":"chenzaza"},"content":"    }"},{"lineNumber":6,"author":{"gitId":"chenzaza"},"content":""},{"lineNumber":7,"author":{"gitId":"chenzaza"},"content":"    @Override"},{"lineNumber":8,"author":{"gitId":"chenzaza"},"content":"    public String toString() {"},{"lineNumber":9,"author":{"gitId":"chenzaza"},"content":"        return \"[T]\" + super.toString();"},{"lineNumber":10,"author":{"gitId":"chenzaza"},"content":"    }"},{"lineNumber":11,"author":{"gitId":"chenzaza"},"content":"}"}],"authorContributionMap":{"chenzaza":11}},{"path":"text-ui-test/input.txt","fileType":"txt","lines":[{"lineNumber":1,"author":{"gitId":"chenzaza"},"content":"list"},{"lineNumber":2,"author":{"gitId":"chenzaza"},"content":"event project meeting /at Mon 2-4pm"},{"lineNumber":3,"author":{"gitId":"chenzaza"},"content":"deadline return book /by Sunday"},{"lineNumber":4,"author":{"gitId":"chenzaza"},"content":"todo borrow book"},{"lineNumber":5,"author":{"gitId":"chenzaza"},"content":"list"},{"lineNumber":6,"author":{"gitId":"chenzaza"},"content":"done 2"},{"lineNumber":7,"author":{"gitId":"chenzaza"},"content":"list"},{"lineNumber":8,"author":{"gitId":"chenzaza"},"content":"done 3"},{"lineNumber":9,"author":{"gitId":"chenzaza"},"content":"done 1"},{"lineNumber":10,"author":{"gitId":"chenzaza"},"content":"list"}],"authorContributionMap":{"chenzaza":10}}]
