{"authorDailyContributionsMap":{"SoonKeatNeo":[{"date":"2021-01-19","commitResults":[{"hash":"44e04f9ac51b61381c933733fc990fa0474ef92e","messageTitle":"Add basic greet, echo and exit commands","messageBody":"","tags":["Level-1"],"fileTypesAndContributionMap":{"java":{"insertions":62,"deletions":6}}},{"hash":"1cb4b655ba03b44f3879e116173f56990ef04b21","messageTitle":"Add list functionality with ability to add tasks","messageBody":"","tags":["Level-2","A-Collections"],"fileTypesAndContributionMap":{"java":{"insertions":24,"deletions":8}}},{"hash":"c7328511e02f0213806974e4fea22ffd7517956c","messageTitle":"Add ability to complete and track state of tasks","messageBody":"","tags":["Level-3","A-Classes"],"fileTypesAndContributionMap":{"java":{"insertions":58,"deletions":15}}},{"hash":"6362803c05fae92f8a5e7471a9e18c0768de1808","messageTitle":"Add support for to-dos, events and deadlines","messageBody":"","tags":["Level-4","A-Inheritance"],"fileTypesAndContributionMap":{"java":{"insertions":72,"deletions":10}}},{"hash":"7bb8e67c19b147cdca97e9e37b010cfcd4141f8e","messageTitle":"Update text tests and remove unicode for CLI","messageBody":"","tags":["A-TextUiTesting"],"fileTypesAndContributionMap":{"txt":{"insertions":18,"deletions":0}}}]},{"date":"2021-01-20","commitResults":[{"hash":"35e6aa0402d61c44f3c26faeaf06b56fde87e114","messageTitle":"Create exceptions to handle invalid inputs and errors.","messageBody":"","tags":["Level-5","A-Exceptions"],"fileTypesAndContributionMap":{"java":{"insertions":95,"deletions":41}}},{"hash":"a7498ea142c6ad39d16d7b5ebc95f5a7e2b496dd","messageTitle":"Add ability to delete tasks from the list","messageBody":"","fileTypesAndContributionMap":{"txt":{"insertions":5,"deletions":0},"java":{"insertions":19,"deletions":1}}},{"hash":"4a77566276035d2bf2cbf635ea8850437a09c09d","messageTitle":"Revert \"Add ability to delete tasks from the list\"","messageBody":"This reverts commit a7498ea142c6ad39d16d7b5ebc95f5a7e2b496dd.\n","fileTypesAndContributionMap":{"txt":{"insertions":0,"deletions":5},"java":{"insertions":1,"deletions":19}}},{"hash":"8ca943f7b0a85ea97fe99aa5b4dd773998eb48ab","messageTitle":"Add ability to delete tasks from the list","messageBody":"","fileTypesAndContributionMap":{"java":{"insertions":15,"deletions":0}}},{"hash":"b7b1c572bc9cba2d163472d3159954f4de912556","messageTitle":"Update text tests for new features and errors","messageBody":"","fileTypesAndContributionMap":{"txt":{"insertions":5,"deletions":0}}},{"hash":"ae80e7cce559bf8cec4ef7163ebf7ae5e4605602","messageTitle":"Update text tests and fix problem with task deletion","messageBody":"","tags":["Level-6"],"fileTypesAndContributionMap":{"txt":{"insertions":3,"deletions":0},"java":{"insertions":3,"deletions":1}}},{"hash":"2360a12225f7a111e6a0e733026e7746ce9bbe94","messageTitle":"Clean up using common function","messageBody":"","fileTypesAndContributionMap":{"java":{"insertions":20,"deletions":12}}}]}]},"authorFileTypeContributionMap":{"SoonKeatNeo":{"java":261,"md":0,"fxml":0,"sh":0,"bat":0,"gradle":0,"txt":26}},"authorContributionVariance":{"SoonKeatNeo":10772.16},"authorDisplayNameMap":{"SoonKeatNeo":"NEO ..KEAT"}}
