{"authorDailyContributionsMap":{"SoonKeatNeo":[{"date":"2021-01-19","commitResults":[{"hash":"44e04f9ac51b61381c933733fc990fa0474ef92e","messageTitle":"Add basic greet, echo and exit commands","messageBody":"","tags":["Level-1"],"fileTypesAndContributionMap":{"java":{"insertions":62,"deletions":6}}},{"hash":"1cb4b655ba03b44f3879e116173f56990ef04b21","messageTitle":"Add list functionality with ability to add tasks","messageBody":"","tags":["Level-2","A-Collections"],"fileTypesAndContributionMap":{"java":{"insertions":24,"deletions":8}}},{"hash":"c7328511e02f0213806974e4fea22ffd7517956c","messageTitle":"Add ability to complete and track state of tasks","messageBody":"","tags":["Level-3","A-Classes"],"fileTypesAndContributionMap":{"java":{"insertions":58,"deletions":15}}},{"hash":"6362803c05fae92f8a5e7471a9e18c0768de1808","messageTitle":"Add support for to-dos, events and deadlines","messageBody":"","tags":["Level-4","A-Inheritance"],"fileTypesAndContributionMap":{"java":{"insertions":72,"deletions":10}}},{"hash":"7bb8e67c19b147cdca97e9e37b010cfcd4141f8e","messageTitle":"Update text tests and remove unicode for CLI","messageBody":"","tags":["A-TextUiTesting"],"fileTypesAndContributionMap":{"txt":{"insertions":18,"deletions":0}}}]},{"date":"2021-01-20","commitResults":[{"hash":"35e6aa0402d61c44f3c26faeaf06b56fde87e114","messageTitle":"Create exceptions to handle invalid inputs and errors.","messageBody":"","tags":["Level-5","A-Exceptions"],"fileTypesAndContributionMap":{"java":{"insertions":95,"deletions":41}}},{"hash":"a7498ea142c6ad39d16d7b5ebc95f5a7e2b496dd","messageTitle":"Add ability to delete tasks from the list","messageBody":"","fileTypesAndContributionMap":{"txt":{"insertions":5,"deletions":0},"java":{"insertions":19,"deletions":1}}},{"hash":"4a77566276035d2bf2cbf635ea8850437a09c09d","messageTitle":"Revert \"Add ability to delete tasks from the list\"","messageBody":"This reverts commit a7498ea142c6ad39d16d7b5ebc95f5a7e2b496dd.\n","fileTypesAndContributionMap":{"txt":{"insertions":0,"deletions":5},"java":{"insertions":1,"deletions":19}}},{"hash":"8ca943f7b0a85ea97fe99aa5b4dd773998eb48ab","messageTitle":"Add ability to delete tasks from the list","messageBody":"","fileTypesAndContributionMap":{"java":{"insertions":15,"deletions":0}}},{"hash":"b7b1c572bc9cba2d163472d3159954f4de912556","messageTitle":"Update text tests for new features and errors","messageBody":"","fileTypesAndContributionMap":{"txt":{"insertions":5,"deletions":0}}},{"hash":"ae80e7cce559bf8cec4ef7163ebf7ae5e4605602","messageTitle":"Update text tests and fix problem with task deletion","messageBody":"","tags":["Level-6"],"fileTypesAndContributionMap":{"txt":{"insertions":3,"deletions":0},"java":{"insertions":3,"deletions":1}}},{"hash":"2360a12225f7a111e6a0e733026e7746ce9bbe94","messageTitle":"Clean up using common function","messageBody":"","fileTypesAndContributionMap":{"java":{"insertions":20,"deletions":12}}}]},{"date":"2021-01-24","commitResults":[{"hash":"69b58f4b046448796de85068b428eb9afe6c19a6","messageTitle":"Add support for file operations","messageBody":"","tags":["Level-7"],"fileTypesAndContributionMap":{"java":{"insertions":143,"deletions":11}}},{"hash":"40cae97a68efeb3c669fa681ecfcb95ea3211b4f","messageTitle":"Add support for dates in deadlines and events","messageBody":"","tags":["Level-8"],"fileTypesAndContributionMap":{"java":{"insertions":21,"deletions":10}}},{"hash":"e07e1c4c673f7295ec4a8047fba60a9e7e9ec31c","messageTitle":"Fix bugs with new date format","messageBody":"","fileTypesAndContributionMap":{"java":{"insertions":32,"deletions":15}}},{"hash":"932e5e6af56ed65c64aef2036eb056617c605475","messageTitle":"Update text tests for new date formats","messageBody":"","fileTypesAndContributionMap":{"txt":{"insertions":5,"deletions":5}}},{"hash":"854ce6c207b97822cfe40b8842583f63332706f7","messageTitle":"Refactor to extract UI and task list","messageBody":"","fileTypesAndContributionMap":{"java":{"insertions":211,"deletions":177}}},{"hash":"23fd62c42692959bb9658d2a8f5bffe4f7cdb158","messageTitle":"Refactor to extract Storage","messageBody":"","fileTypesAndContributionMap":{"java":{"insertions":118,"deletions":94}}},{"hash":"dc8b9d2c5ff8f1adebb57bb69a5abda870688432","messageTitle":"Refactor to extract Parser","messageBody":"","tags":["A-MoreOOP"],"fileTypesAndContributionMap":{"java":{"insertions":58,"deletions":53}}},{"hash":"b74f6c5afac439d279cac2787ab9caf90e9e9c8d","messageTitle":"Organize into packages","messageBody":"","tags":["A-Packages","A-Jar"],"fileTypesAndContributionMap":{"java":{"insertions":222,"deletions":187}}}]},{"date":"2021-01-26","commitResults":[{"hash":"c0b1b8169c561f043c048e92fa9bb6a9bebde3ef","messageTitle":"Update Storage to prevent hardcode of file path","messageBody":"","fileTypesAndContributionMap":{"java":{"insertions":10,"deletions":8}}},{"hash":"37f79a189eba9cc68dc18fffdf0bd3fe42c50952","messageTitle":"Remove extraneous imports","messageBody":"","fileTypesAndContributionMap":{"java":{"insertions":0,"deletions":15}}},{"hash":"bbb5feb67c4245a0f29b9ac38b3ab4ccb15ac504","messageTitle":"Clean up exceptions","messageBody":"","fileTypesAndContributionMap":{"java":{"insertions":11,"deletions":7}}}]},{"date":"2021-01-27","commitResults":[{"hash":"50b10e0d5b12e46f785a988f2ed64abb0ae594bd","messageTitle":"Add initial JUnit tests for Ui","messageBody":"","fileTypesAndContributionMap":{"java":{"insertions":47,"deletions":0}}},{"hash":"bc78b8881fce50e590a529fc10f9a6443d215ed2","messageTitle":"Update tasks with dates back to String to facilitate testing","messageBody":"","fileTypesAndContributionMap":{"java":{"insertions":9,"deletions":10}}},{"hash":"1128a8abbed86b76fff5630d9bb21b3b0bca4dda","messageTitle":"Add JUnit tests for Deadlines and Events","messageBody":"","tags":["A-JUnit"],"fileTypesAndContributionMap":{"java":{"insertions":58,"deletions":0}}},{"hash":"00b53d77e67e64788ec71cc3eecf6346374b53f9","messageTitle":"Add JavaDocs for documentation","messageBody":"","fileTypesAndContributionMap":{"java":{"insertions":81,"deletions":5}}},{"hash":"60c8b1be358fc000cbf35c35debe60e000f87959","messageTitle":"Add support for finding tasks matching a given string","messageBody":"","fileTypesAndContributionMap":{"java":{"insertions":34,"deletions":2}}}]},{"date":"2021-01-28","commitResults":[{"hash":"44000cfdf3f23dfd53177d5595234a4d8495418a","messageTitle":"Move into new packages","messageBody":"","fileTypesAndContributionMap":{"java":{"insertions":25,"deletions":25}}},{"hash":"1c9b4257846c2e38045d1a93559f7b27c646562b","messageTitle":"Update gradle main class","messageBody":"","tags":["A-Gradle"],"fileTypesAndContributionMap":{"gradle":{"insertions":1,"deletions":1}}},{"hash":"94527661b7916ef26d30c2b82a35ee94281126b3","messageTitle":"Clean up to ensure compliance with coding standard","messageBody":"","tags":["A-CodingStandard"],"fileTypesAndContributionMap":{"java":{"insertions":0,"deletions":8}}},{"hash":"cf824ff2ec28547cb18766bf9bc0072b966c8542","messageTitle":"Update test descriptions to conform to Junit convention","messageBody":"","fileTypesAndContributionMap":{"java":{"insertions":7,"deletions":7}}},{"hash":"5ad74ac8c1f9a645f4d840fab7865e3cd3e96ff7","messageTitle":"Update naming of unit test","messageBody":"","fileTypesAndContributionMap":{"java":{"insertions":1,"deletions":1}}}]},{"date":"2021-02-03","commitResults":[{"hash":"ed1fe3b13db00dcc0fa04e8d688a296ab736f70b","messageTitle":"Add checkstyle and fix some violations","messageBody":"","tags":["A-CheckStyle"],"fileTypesAndContributionMap":{"java":{"insertions":19,"deletions":12}}},{"hash":"90c6abfd04922316c8cc037733f348d5bd2db8f5","messageTitle":"Add GUI support via javafx","messageBody":"","fileTypesAndContributionMap":{"gradle":{"insertions":15,"deletions":1},"java":{"insertions":296,"deletions":78}}}]}]},"authorFileTypeContributionMap":{"SoonKeatNeo":{"java":945,"md":0,"fxml":35,"sh":0,"bat":0,"gradle":15,"txt":26}},"authorContributionVariance":{"SoonKeatNeo":80741.82},"authorDisplayNameMap":{"SoonKeatNeo":"CS2103T-T12-2 NEO ..KEAT"}}
