{"authorDailyContributionsMap":{"glatiuden":[{"date":"2021-01-17","commitResults":[{"hash":"8860a6860cd44836cc43491468fab3d8ff523145","messageTitle":"Duke class: add echo, greeting and exit","messageBody":"","tags":["Level-1"],"fileTypesAndContributionMap":{"java":{"insertions":36,"deletions":8}}},{"hash":"551dd313e8a391a48121a169ab8413a650c8de62","messageTitle":"Duke class: add add and list methods","messageBody":"","fileTypesAndContributionMap":{"java":{"insertions":2,"deletions":0}}},{"hash":"c6d93a418c2032f8376abbccf37e3be0f77265d7","messageTitle":"Duke class: modify add and list methods","messageBody":"","tags":["Level-2"],"fileTypesAndContributionMap":{"java":{"insertions":18,"deletions":2}}},{"hash":"0b39de03444efad81352026ac2686ab88fe3aa7c","messageTitle":"Add Task.java","messageBody":"","fileTypesAndContributionMap":{"java":{"insertions":22,"deletions":0}}},{"hash":"b8a389637f153215f3e1be644d320fae3c97cf52","messageTitle":"Duke class: add mark as done methods","messageBody":"","tags":["Level-3"],"fileTypesAndContributionMap":{"java":{"insertions":25,"deletions":12}}},{"hash":"82b4e93f143ecd9a14bf36c709bfa561bea10c66","messageTitle":"Add Deadline.java, Event.java, Todo.java","messageBody":"","fileTypesAndContributionMap":{"java":{"insertions":41,"deletions":0}}},{"hash":"f870809f9fa1dbf7143088c6ef4ad04f8ccd74f4","messageTitle":"Duke class: add deadline, event and todo methods","messageBody":"","tags":["Level-4"],"fileTypesAndContributionMap":{"java":{"insertions":49,"deletions":17}}},{"hash":"852f8a0f70498c33b640c22de1932150ee890c16","messageTitle":"Add automated text UI testing","messageBody":"","tags":["A-TextUiTesting"],"fileTypesAndContributionMap":{"txt":{"insertions":8,"deletions":0},"java":{"insertions":4,"deletions":4},"sh":{"insertions":1,"deletions":5}}}]},{"date":"2021-01-19","commitResults":[{"hash":"a1052eaee48f8d35ca1230de8e1eefc94d8050b4","messageTitle":"Add DukeCommand.java and DukeException.java","messageBody":"","fileTypesAndContributionMap":{"java":{"insertions":91,"deletions":0}}},{"hash":"4c8419ea62f8aafe7d422d5e3ba41b8cee2bc242","messageTitle":"Duke class: add error handling","messageBody":"","tags":["Level-5"],"fileTypesAndContributionMap":{"java":{"insertions":34,"deletions":57}}},{"hash":"cc7fa3332e89b327c360a0e8f2a9ffe91cc3c51c","messageTitle":"Duke class: add delete method","messageBody":"","tags":["Level-6"],"fileTypesAndContributionMap":{"java":{"insertions":27,"deletions":2}}},{"hash":"57f355eabd4dad5a6c0a07801d0ba7d69934923b","messageTitle":"Rearrange and fix typos","messageBody":"","fileTypesAndContributionMap":{"java":{"insertions":25,"deletions":26}}}]},{"date":"2021-01-21","commitResults":[{"hash":"bbafab0244492e1c7e1489467150337a08187de2","messageTitle":"Rearrange the execution methods into enum","messageBody":"","tags":["A-Enums"],"fileTypesAndContributionMap":{"java":{"insertions":136,"deletions":59}}}]},{"date":"2021-01-25","commitResults":[{"hash":"8cd446d6b45ecab4210e8732c2d4169d516cf490","messageTitle":"Implement saving to hard disk methods","messageBody":"","fileTypesAndContributionMap":{"txt":{"insertions":2,"deletions":0},"java":{"insertions":114,"deletions":11}}},{"hash":"4b48d28468dfecbf4f1703b3a0b420ce8f5a813a","messageTitle":"Implement LocalDate and query task list by date","messageBody":"","fileTypesAndContributionMap":{"txt":{"insertions":1,"deletions":1},"java":{"insertions":67,"deletions":16}}}]},{"date":"2021-01-26","commitResults":[{"hash":"c4f21db1d979fd693b53088bf30533953bde7c86","messageTitle":"Fix minor typo","messageBody":"","fileTypesAndContributionMap":{"java":{"insertions":5,"deletions":5}}},{"hash":"742c359127f88c9509570d43c2ece330e6d15813","messageTitle":"Fix typo when converting Event to string","messageBody":"","tags":["Level-8"],"fileTypesAndContributionMap":{"java":{"insertions":2,"deletions":3}}},{"hash":"faaa185ad1247840213ea5bf1ad6f998bdb41866","messageTitle":"Remove additional attribute in ToDo","messageBody":"","fileTypesAndContributionMap":{"java":{"insertions":1,"deletions":3}}},{"hash":"56da63493c6b3fddf1da3c4d18b76c83f0958a9d","messageTitle":"Refactor code to be more OOP","messageBody":"","tags":["A-MoreOOP"],"fileTypesAndContributionMap":{"txt":{"insertions":2,"deletions":3},"java":{"insertions":480,"deletions":348}}},{"hash":"3317613f17766d4423b59ca77241986eb51cf611","messageTitle":"Organize into packages","messageBody":"","fileTypesAndContributionMap":{"java":{"insertions":54,"deletions":4},"bat":{"insertions":1,"deletions":1},"md":{"insertions":2,"deletions":2}}},{"hash":"69e2fbbeda7e81b3c3e74aedca3dd9a622f06252","messageTitle":"Organize into packages","messageBody":"","tags":["A-Packages"],"fileTypesAndContributionMap":{"java":{"insertions":44,"deletions":15}}}]},{"date":"2021-01-27","commitResults":[{"hash":"4404d23891b21b845bf011abd2b80d5a2597c102","messageTitle":"Add JUnit testing","messageBody":"","fileTypesAndContributionMap":{"txt":{"insertions":5,"deletions":2},"java":{"insertions":87,"deletions":8},"sh":{"insertions":1,"deletions":1}}},{"hash":"d7357f27b1315e83e09a73eb247ddf5a903f9265","messageTitle":"Fix minor typo mistake","messageBody":"","tags":["A-Jar","A-JUnit"],"fileTypesAndContributionMap":{"java":{"insertions":3,"deletions":3}}},{"hash":"341b9a38f897702bba7c3555923fd54c7ccdb26c","messageTitle":"Add Javadoc to the classes and methods","messageBody":"","fileTypesAndContributionMap":{"txt":{"insertions":0,"deletions":2},"java":{"insertions":372,"deletions":102}}},{"hash":"d6a78568e77e01584cbcc73c9c5a13de1801da30","messageTitle":"Tweak codes to comply coding standard","messageBody":"","fileTypesAndContributionMap":{"java":{"insertions":45,"deletions":42}}},{"hash":"7967bb102d71fa63940051e73dbcc065b8923407","messageTitle":"Implement find feature","messageBody":"","fileTypesAndContributionMap":{"java":{"insertions":66,"deletions":28}}},{"hash":"4ee31486c4084bc3c2d03d1b7ad48e254bcb6659","messageTitle":"Fix minor typo on readme","messageBody":"","fileTypesAndContributionMap":{"md":{"insertions":2,"deletions":2}}}]}]},"authorFileTypeContributionMap":{"glatiuden":{"java":1083,"md":1,"fxml":0,"sh":2,"bat":1,"gradle":0,"txt":10}},"authorContributionVariance":{"glatiuden":78950.7},"authorDisplayNameMap":{"glatiuden":"- KOH ..LEON"}}
